order_id,partner_id,promised_sla_minutes,actual_fulfillment_minutes,is_late
6168884918,DP0041,50.0,43.1,0.0
6170707559,DP0041,45.0,29.7,0.0
6169375019,DP0005,40.0,33.9,0.0
6151677434,DP0029,45.0,30.1,0.0
6167540897,DP0016,45.0,28.8,0.0
6164725184,DP0041,40.0,30.2,0.0
6151460444,DP0041,55.0,36.2,0.0
6167255032,DP0049,45.0,23.3,0.0
6167184688,DP0034,40.0,33.2,0.0
6163081676,DP0041,40.0,22.5,0.0
6164758457,DP0041,55.0,39.2,0.0
6159645418,DP0008,45.0,33.5,0.0
6163201423,DP0041,50.0,37.0,0.0
6161956272,DP0041,50.0,47.0,0.0
6153489136,DP0043,50.0,41.9,0.0
6163049565,DP0024,50.0,44.0,0.0
6155177885,DP0015,55.0,40.4,0.0
6156719166,DP0041,50.0,44.1,0.0
6158533370,DP0041,50.0,29.1,0.0
6152228975,DP0027,55.0,29.9,0.0
6157229636,DP0006,45.0,22.5,0.0
6160420881,DP0044,45.0,28.5,0.0
6158429833,DP0033,55.0,48.9,0.0
6156152215,DP0041,45.0,33.3,0.0
6159249185,DP0043,50.0,49.8,0.0
6159181202,DP0041,50.0,25.0,0.0
6158034744,DP0041,40.0,18.6,0.0
6144978141,DP0015,50.0,29.8,0.0
6155011355,DP0041,65.0,36.5,0.0
6157562143,DP0041,50.0,34.2,0.0
6155576594,DP0015,50.0,22.7,0.0
6149438913,DP0010,40.0,33.4,0.0
6157743878,DP0049,50.0,23.9,0.0
6158241703,DP0041,45.0,33.0,0.0
6156620875,DP0019,50.0,24.4,0.0
6154403375,DP0050,55.0,68.6,1.0
6154147762,DP0048,40.0,56.3,1.0
6150715172,DP0041,50.0,23.3,0.0
6150789630,DP0043,40.0,28.0,0.0
6151158050,DP0013,60.0,58.5,0.0
6155965734,DP0019,50.0,25.9,0.0
6155526018,DP0041,60.0,31.7,0.0
6146261091,DP0043,50.0,37.9,0.0
6155286499,DP0043,65.0,51.2,0.0
6155319009,DP0034,50.0,26.5,0.0
6155343744,DP0043,40.0,19.2,0.0
6151641967,DP0043,45.0,19.1,0.0
6152673880,DP0043,55.0,46.1,0.0
6145690912,DP0041,60.0,41.1,0.0
6152587141,DP0041,70.0,56.2,0.0
6143319424,DP0041,70.0,46.2,0.0
6152649630,DP0029,50.0,27.2,0.0
6146501186,DP0044,65.0,43.1,0.0
6145930056,DP0048,65.0,61.0,0.0
6145885503,DP0019,70.0,50.6,0.0
6153460436,DP0021,70.0,52.3,0.0
6149384788,DP0041,40.0,28.1,0.0
6153295379,DP0039,45.0,31.1,0.0
6151765091,DP0050,50.0,40.2,0.0
6151170863,DP0010,40.0,44.7,1.0
6148418552,DP0003,40.0,29.4,0.0
6151566063,DP0041,45.0,40.2,0.0
6145781285,DP0011,45.0,36.2,0.0
6151947675,DP0028,40.0,26.7,0.0
6149007950,DP0041,50.0,30.8,0.0
6147952636,DP0041,40.0,19.2,0.0
6146517611,DP0021,55.0,31.4,0.0
6147223342,DP0041,50.0,28.5,0.0
6148317461,DP0041,45.0,25.2,0.0
6150575094,DP0041,40.0,44.1,1.0
6147352865,DP0018,50.0,40.3,0.0
6152604746,DP0041,50.0,29.3,0.0
6125480550,DP0048,50.0,33.2,0.0
6147529218,DP0041,40.0,19.9,0.0
6151551465,DP0043,60.0,33.8,0.0
6145952899,DP0039,40.0,23.8,0.0
6152451484,DP0027,50.0,31.6,0.0
6145028896,DP0041,60.0,32.5,0.0
6143017232,DP0041,45.0,18.5,0.0
6146212039,DP0043,60.0,48.0,0.0
6146853616,DP0015,65.0,46.9,0.0
6130555847,DP0041,40.0,25.9,0.0
6151773822,DP0041,45.0,39.9,0.0
6143779367,DP0041,45.0,26.0,0.0
6146106285,DP0005,50.0,38.6,0.0
6146094951,DP0050,60.0,62.8,1.0
6148163639,DP0041,60.0,48.1,0.0
6147899210,DP0019,40.0,22.8,0.0
6150311284,DP0043,40.0,36.2,0.0
6149415596,DP0041,50.0,43.2,0.0
6150898091,DP0047,40.0,45.9,1.0
6143948696,DP0025,40.0,64.1,1.0
6147557942,DP0041,60.0,37.7,0.0
6148529759,DP0041,55.0,46.8,0.0
6150238934,DP0048,65.0,69.6,1.0
6146697877,DP0005,65.0,49.6,0.0
6145306142,DP0021,60.0,47.8,0.0
6149979442,DP0013,50.0,39.8,0.0
6145994013,DP0019,45.0,31.0,0.0
6150183759,DP0041,50.0,40.0,0.0
6144643572,DP0029,50.0,25.1,0.0
6137428219,DP0033,50.0,24.0,0.0
6141943607,DP0043,45.0,25.8,0.0
6145238773,DP0043,65.0,60.2,0.0
6142278831,DP0005,45.0,35.4,0.0
6146100417,DP0015,45.0,48.7,1.0
6147028506,DP0041,55.0,31.0,0.0
6145190300,DP0028,50.0,41.1,0.0
6144881186,DP0019,50.0,36.0,0.0
6145582608,DP0019,65.0,31.8,0.0
6141922791,DP0023,50.0,34.3,0.0
6141318955,DP0043,45.0,27.2,0.0
6145627993,DP0008,40.0,29.3,0.0
6140918262,DP0041,50.0,25.8,0.0
6143587716,DP0041,45.0,25.8,0.0
6141317336,DP0020,40.0,24.8,0.0
6143870258,DP0038,45.0,29.9,0.0
6144280420,DP0019,50.0,26.1,0.0
6144589662,DP0041,50.0,36.2,0.0
6134811002,DP0005,50.0,61.8,1.0
6137221693,DP0002,55.0,54.6,0.0
6143808250,DP0041,50.0,39.1,0.0
6143301652,DP0014,55.0,47.2,0.0
6129647327,DP0005,50.0,24.8,0.0
6129115176,DP0033,60.0,30.1,0.0
6138727282,DP0005,70.0,47.5,0.0
6141878957,DP0043,40.0,28.5,0.0
6128060895,DP0004,45.0,43.9,0.0
6161928381,DP0041,55.0,36.3,0.0
6168218078,DP0039,50.0,24.3,0.0
6168427326,DP0041,45.0,35.6,0.0
6169424336,DP0024,40.0,26.2,0.0
6167121590,DP0008,40.0,26.8,0.0
6167995589,DP0049,60.0,58.5,0.0
6165031782,DP0043,40.0,34.4,0.0
6169113831,DP0043,55.0,41.7,0.0
6168717281,DP0018,45.0,44.3,0.0
6169142809,DP0005,50.0,30.5,0.0
6168242254,DP0021,55.0,31.1,0.0
6167707628,DP0041,45.0,24.5,0.0
6167358098,DP0024,60.0,40.6,0.0
6168418159,DP0042,45.0,34.0,0.0
6167150125,DP0019,50.0,34.3,0.0
6165976485,DP0047,45.0,26.2,0.0
6167194990,DP0041,40.0,37.5,0.0
6148368487,DP0043,40.0,29.9,0.0
6165289639,DP0014,45.0,41.8,0.0
6168262742,DP0036,40.0,22.0,0.0
6162561202,DP0041,55.0,30.4,0.0
6149764916,DP0008,60.0,43.0,0.0
6165679122,DP0008,55.0,51.6,0.0
6164186421,DP0048,40.0,46.8,1.0
6157202737,DP0041,55.0,49.4,0.0
6163180170,DP0005,40.0,21.0,0.0
6167023350,DP0034,50.0,30.8,0.0
6167158612,DP0038,40.0,20.4,0.0
6165776762,DP0041,50.0,37.2,0.0
6161605451,DP0018,45.0,27.0,0.0
6159736208,DP0012,45.0,39.2,0.0
6166770303,DP0005,40.0,30.9,0.0
6166273550,DP0038,45.0,31.3,0.0
6142641525,DP0041,55.0,34.5,0.0
6163750079,DP0005,40.0,28.0,0.0
6160868660,DP0043,45.0,21.2,0.0
6165316229,DP0039,55.0,34.4,0.0
6159382905,DP0016,60.0,68.9,1.0
6162695816,DP0006,55.0,37.2,0.0
6154115588,DP0012,55.0,39.3,0.0
6153386475,DP0043,65.0,41.5,0.0
6162915327,DP0041,45.0,37.5,0.0
6159638533,DP0041,45.0,32.7,0.0
6163915549,DP0041,45.0,27.1,0.0
6160788109,DP0039,40.0,26.9,0.0
6162423875,DP0041,40.0,32.7,0.0
6161067038,DP0005,45.0,75.5,1.0
6162446959,DP0041,45.0,21.0,0.0
6160103241,DP0009,50.0,25.3,0.0
6158591577,DP0007,45.0,29.2,0.0
6155721914,DP0026,50.0,37.1,0.0
6162040119,DP0006,60.0,45.0,0.0
6144261438,DP0006,40.0,15.3,0.0
6152997315,DP0021,40.0,33.6,0.0
6158705130,DP0048,40.0,36.7,0.0
6160482511,DP0010,45.0,30.0,0.0
6160993882,DP0003,50.0,26.2,0.0
6160358854,DP0041,50.0,29.4,0.0
6156507401,DP0041,50.0,38.8,0.0
6151424970,DP0027,55.0,39.7,0.0
6157309260,DP0041,40.0,22.6,0.0
6158100757,DP0041,55.0,31.3,0.0
6156545935,DP0005,55.0,28.2,0.0
6156465093,DP0046,50.0,48.4,0.0
6144397966,DP0043,40.0,20.9,0.0
6157693936,DP0019,50.0,35.9,0.0
6157486866,DP0002,40.0,26.9,0.0
6157315556,DP0043,50.0,48.6,0.0
6153404089,DP0041,55.0,46.0,0.0
6154856104,DP0041,40.0,19.8,0.0
6152814011,DP0041,45.0,22.7,0.0
6154639790,DP0041,65.0,52.3,0.0
6156022422,DP0045,60.0,55.6,0.0
6145345927,DP0045,40.0,19.3,0.0
6147864880,DP0043,55.0,49.0,0.0
6154044874,DP0041,45.0,36.1,0.0
6151738129,DP0041,40.0,30.2,0.0
6153393480,DP0041,50.0,29.3,0.0
6138643839,DP0041,65.0,40.7,0.0
6150251716,DP0008,45.0,24.3,0.0
6149014724,DP0041,50.0,41.0,0.0
6150892954,DP0041,45.0,37.4,0.0
6149657004,DP0041,45.0,31.2,0.0
6152105277,DP0041,60.0,43.3,0.0
6150970356,DP0041,40.0,41.3,1.0
6144728572,DP0015,50.0,29.6,0.0
6151166642,DP0019,40.0,23.6,0.0
6149092297,DP0015,50.0,35.2,0.0
6149205040,DP0030,55.0,33.2,0.0
6144522087,DP0005,50.0,36.5,0.0
6153049929,DP0041,60.0,40.6,0.0
6151789684,DP0026,40.0,54.4,1.0
6151068357,DP0041,65.0,46.1,0.0
6147645546,DP0032,55.0,32.5,0.0
6151110701,DP0041,40.0,20.9,0.0
6151479415,DP0026,55.0,58.3,1.0
6144995554,DP0019,50.0,32.9,0.0
6132905833,DP0041,50.0,35.1,0.0
6150606006,DP0041,65.0,41.9,0.0
6150826612,DP0027,50.0,51.3,1.0
6152991085,DP0044,40.0,29.6,0.0
6149395754,DP0005,40.0,33.8,0.0
6150484698,DP0038,65.0,38.4,0.0
6152492022,DP0048,50.0,43.3,0.0
6152031764,DP0041,40.0,27.5,0.0
6151411937,DP0038,40.0,42.7,1.0
6152103927,DP0041,65.0,54.9,0.0
6145211525,DP0041,40.0,32.3,0.0
6151905669,DP0041,40.0,23.2,0.0
6147752319,DP0008,50.0,30.1,0.0
6151615623,DP0018,50.0,20.9,0.0
6152099460,DP0041,45.0,35.7,0.0
6152129793,DP0043,50.0,27.2,0.0
6148497668,DP0041,55.0,38.8,0.0
6151075924,DP0016,50.0,37.0,0.0
6141955190,DP0041,45.0,25.4,0.0
6144240421,DP0041,40.0,24.7,0.0
6149580829,DP0016,45.0,28.0,0.0
6148946223,DP0030,45.0,36.9,0.0
6149660907,DP0041,50.0,39.5,0.0
6143011766,DP0041,40.0,30.9,0.0
6142542206,DP0033,45.0,40.3,0.0
6143031049,DP0020,45.0,25.3,0.0
6137759430,DP0006,55.0,34.4,0.0
6151542918,DP0005,40.0,25.4,0.0
6148032286,DP0047,50.0,32.6,0.0
6151184755,DP0043,50.0,44.4,0.0
6151212614,DP0028,55.0,45.5,0.0
6150530192,DP0047,45.0,32.7,0.0
6147280588,DP0041,55.0,55.5,1.0
6129754839,DP0041,50.0,31.7,0.0
6150206967,DP0041,45.0,33.0,0.0
6144748788,DP0005,55.0,35.7,0.0
6143383996,DP0006,50.0,41.7,0.0
6147356060,DP0041,45.0,21.8,0.0
6139066441,DP0041,65.0,38.5,0.0
6149292474,DP0015,45.0,43.4,0.0
6147153950,DP0046,45.0,53.7,1.0
6144644656,DP0041,50.0,29.6,0.0
6147135501,DP0007,40.0,27.0,0.0
6145082908,DP0043,50.0,25.4,0.0
6138922698,DP0048,40.0,41.8,1.0
6148352067,DP0050,45.0,40.5,0.0
6148109643,DP0005,45.0,32.4,0.0
6146307177,DP0041,55.0,35.0,0.0
6147558212,DP0041,40.0,23.6,0.0
6147098530,DP0041,55.0,30.8,0.0
6145603662,DP0048,55.0,36.5,0.0
6145559363,DP0041,45.0,19.8,0.0
6146040255,DP0043,60.0,51.4,0.0
6141867628,DP0043,40.0,31.8,0.0
6142740721,DP0043,45.0,27.8,0.0
6144695178,DP0038,40.0,20.7,0.0
6144219290,DP0015,40.0,33.6,0.0
6147231368,DP0033,45.0,25.5,0.0
6141422662,DP0043,45.0,25.5,0.0
6143080225,DP0008,40.0,25.4,0.0
6143624024,DP0041,40.0,41.7,1.0
6136204115,DP0015,50.0,32.3,0.0
6131947787,DP0041,50.0,29.0,0.0
6124801607,DP0043,55.0,38.9,0.0
6144790441,DP0043,40.0,30.0,0.0
6130866834,DP0015,60.0,35.7,0.0
6134999782,DP0043,50.0,33.9,0.0
6143338997,DP0041,40.0,40.7,1.0
6139838375,DP0027,45.0,34.9,0.0
6139795100,DP0041,55.0,29.8,0.0
6143057628,DP0041,45.0,35.2,0.0
6139878163,DP0030,55.0,52.4,0.0
6135961731,DP0041,40.0,30.1,0.0
6128955784,DP0018,40.0,39.3,0.0
6138152630,DP0025,40.0,39.9,0.0
6141450696,DP0039,45.0,27.7,0.0
6168736994,DP0019,50.0,32.7,0.0
6170903653,DP0035,45.0,23.3,0.0
6170009130,DP0041,50.0,25.9,0.0
6170168184,DP0041,45.0,26.2,0.0
6151451438,DP0041,55.0,35.8,0.0
6159343792,DP0041,50.0,30.6,0.0
6170217857,DP0041,45.0,37.1,0.0
6169828720,DP0041,50.0,28.3,0.0
6158730663,DP0016,50.0,26.6,0.0
6168584321,DP0034,55.0,40.7,0.0
6161290353,DP0041,45.0,26.3,0.0
6169133439,DP0005,45.0,31.3,0.0
6160640802,DP0041,45.0,22.1,0.0
6169062392,DP0039,40.0,23.1,0.0
6161292989,DP0041,55.0,38.9,0.0
6163530459,DP0048,45.0,46.1,1.0
6165257699,DP0041,50.0,39.8,0.0
6158682689,DP0023,65.0,41.7,0.0
6168111876,DP0005,55.0,32.3,0.0
6152764316,DP0043,40.0,16.4,0.0
6164225680,DP0043,45.0,19.8,0.0
6166222213,DP0019,50.0,29.4,0.0
6167929031,DP0041,55.0,36.1,0.0
6167293645,DP0005,50.0,32.2,0.0
6167708795,DP0009,45.0,27.2,0.0
6164335141,DP0015,55.0,51.1,0.0
6162702576,DP0019,40.0,31.0,0.0
6158234196,DP0050,60.0,51.8,0.0
6164968885,DP0041,55.0,41.8,0.0
6162225866,DP0032,40.0,24.4,0.0
6163713945,DP0041,50.0,35.4,0.0
6165158289,DP0043,50.0,33.7,0.0
6164234926,DP0047,65.0,43.3,0.0
6161935858,DP0005,50.0,56.3,1.0
6165088077,DP0033,60.0,36.8,0.0
6162143361,DP0007,40.0,27.9,0.0
6159787348,DP0026,55.0,29.7,0.0
6163786461,DP0009,40.0,20.1,0.0
6152361356,DP0041,50.0,34.9,0.0
6163435728,DP0033,40.0,17.2,0.0
6165628053,DP0015,50.0,36.8,0.0
6163731946,DP0019,55.0,53.0,0.0
6150192890,DP0028,45.0,26.8,0.0
6163537755,DP0019,45.0,33.7,0.0
6162421877,DP0040,50.0,26.8,0.0
6159609490,DP0005,40.0,35.6,0.0
6153398838,DP0019,55.0,38.0,0.0
6153743517,DP0036,50.0,38.7,0.0
6164932139,DP0041,65.0,41.9,0.0
6157234824,DP0019,45.0,22.9,0.0
6163072697,DP0008,45.0,23.6,0.0
6162500077,DP0005,45.0,54.3,1.0
6161120321,DP0044,40.0,47.7,1.0
6161838041,DP0037,55.0,33.9,0.0
6163568531,DP0041,45.0,21.8,0.0
6164360070,DP0043,50.0,53.0,1.0
6163932883,DP0005,50.0,26.3,0.0
6162114647,DP0043,50.0,24.0,0.0
6157982087,DP0041,40.0,33.0,0.0
6161349041,DP0009,50.0,44.3,0.0
6162130162,DP0036,65.0,38.7,0.0
6159844875,DP0041,55.0,47.0,0.0
6160912592,DP0041,40.0,17.4,0.0
6158003495,DP0049,50.0,22.6,0.0
6156009900,DP0030,40.0,20.8,0.0
6162378187,DP0041,45.0,23.8,0.0
6156049391,DP0033,40.0,22.8,0.0
6157747165,DP0042,50.0,43.9,0.0
6139963784,DP0041,50.0,28.2,0.0
6143626220,DP0005,60.0,36.4,0.0
6158748811,DP0005,40.0,25.0,0.0
6161077783,DP0008,55.0,37.9,0.0
6160956171,DP0002,45.0,42.5,0.0
6160159038,DP0005,65.0,48.1,0.0
6161238086,DP0041,40.0,27.8,0.0
6145516320,DP0041,40.0,40.7,1.0
6160610514,DP0041,45.0,30.0,0.0
6151952607,DP0043,50.0,47.1,0.0
6159863804,DP0041,40.0,27.8,0.0
6160176733,DP0041,50.0,39.4,0.0
6160402762,DP0041,40.0,25.2,0.0
6157085800,DP0030,45.0,25.7,0.0
6158822918,DP0016,40.0,29.0,0.0
6159422877,DP0015,55.0,27.7,0.0
6160857594,DP0018,40.0,39.8,0.0
6157651604,DP0019,40.0,37.2,0.0
6157507031,DP0015,40.0,24.9,0.0
6159262449,DP0043,55.0,36.2,0.0
6157822311,DP0041,50.0,35.4,0.0
6160160573,DP0005,50.0,33.6,0.0
6160282637,DP0019,40.0,16.2,0.0
6147219186,DP0003,40.0,15.1,0.0
6160284363,DP0041,55.0,34.8,0.0
6155146926,DP0041,50.0,29.0,0.0
6155678531,DP0042,40.0,33.0,0.0
6159019205,DP0021,40.0,20.1,0.0
6159463353,DP0041,55.0,45.2,0.0
6160121918,DP0048,50.0,56.5,1.0
6156920829,DP0005,50.0,47.9,0.0
6158214237,DP0041,45.0,54.5,1.0
6159925862,DP0041,40.0,39.2,0.0
6159401629,DP0041,45.0,26.5,0.0
6158808245,DP0038,50.0,35.1,0.0
6149959826,,,,
6152929731,DP0041,55.0,36.0,0.0
6157368559,DP0041,40.0,23.4,0.0
6158761558,DP0043,45.0,21.5,0.0
6155657305,DP0041,50.0,24.6,0.0
6157237871,DP0048,50.0,47.1,0.0
6151277972,DP0041,55.0,41.0,0.0
6153169636,DP0041,50.0,26.7,0.0
6153451511,DP0041,60.0,45.2,0.0
6143987804,DP0005,55.0,44.3,0.0
6155350052,DP0041,40.0,31.0,0.0
6158263363,DP0041,50.0,31.5,0.0
6149624372,DP0039,50.0,24.2,0.0
6158598587,DP0043,60.0,39.9,0.0
6156801980,DP0020,40.0,23.7,0.0
6156573091,DP0041,50.0,19.1,0.0
6153648505,DP0041,45.0,24.9,0.0
6155857717,DP0041,55.0,65.8,1.0
6157096262,DP0041,55.0,58.6,1.0
6153606977,DP0043,55.0,38.8,0.0
6158376250,DP0041,60.0,37.2,0.0
6157132518,DP0005,50.0,27.6,0.0
6156375039,DP0005,55.0,29.5,0.0
6157612208,DP0041,55.0,28.4,0.0
6152026372,DP0027,45.0,29.3,0.0
6154180675,DP0015,50.0,30.3,0.0
6155477291,DP0041,45.0,28.8,0.0
6157212330,DP0026,50.0,18.4,0.0
6157038464,DP0041,45.0,21.8,0.0
6158347104,DP0041,50.0,39.0,0.0
6156276794,DP0041,50.0,24.6,0.0
6154977511,DP0034,45.0,31.3,0.0
6156274386,DP0041,55.0,72.7,1.0
6157573065,DP0012,55.0,45.4,0.0
6158263215,DP0041,40.0,27.2,0.0
6153151331,DP0036,50.0,34.8,0.0
6151609896,DP0043,55.0,47.9,0.0
6154108616,DP0041,45.0,24.0,0.0
6157255737,DP0048,50.0,42.7,0.0
6152693487,DP0041,50.0,46.1,0.0
6157986102,DP0015,50.0,33.8,0.0
6147148463,DP0041,55.0,37.9,0.0
6157301650,DP0027,50.0,36.1,0.0
6158171360,DP0027,50.0,31.9,0.0
6157576999,DP0005,55.0,36.7,0.0
6157434817,DP0041,55.0,31.7,0.0
6156137876,DP0041,50.0,25.5,0.0
6157707671,DP0028,50.0,31.6,0.0
6156954288,DP0043,50.0,38.5,0.0
6150580042,DP0008,50.0,38.8,0.0
6155784838,DP0025,50.0,33.6,0.0
6157237443,DP0023,55.0,32.1,0.0
6147797943,DP0006,40.0,20.2,0.0
6136609412,DP0041,45.0,39.1,0.0
6157469335,DP0041,55.0,39.4,0.0
6157098262,DP0041,50.0,30.5,0.0
6157713313,DP0008,55.0,33.2,0.0
6157608862,DP0030,40.0,22.9,0.0
6146068850,DP0001,60.0,37.5,0.0
6155683019,DP0043,55.0,43.4,0.0
6147297401,DP0005,50.0,36.5,0.0
6152957107,DP0041,45.0,45.7,1.0
6153423907,DP0049,55.0,51.1,0.0
6154851519,DP0041,50.0,36.5,0.0
6155029420,DP0043,50.0,37.2,0.0
6156991185,DP0015,45.0,37.9,0.0
6145759483,DP0041,55.0,42.5,0.0
6154316507,DP0041,50.0,43.9,0.0
6156480559,DP0041,45.0,21.5,0.0
6152715511,DP0005,50.0,32.6,0.0
6155888113,DP0008,50.0,30.8,0.0
6155245038,DP0008,55.0,45.9,0.0
6153715258,DP0041,50.0,39.8,0.0
6154169545,DP0043,55.0,55.4,1.0
6156498310,DP0041,50.0,51.1,1.0
6154697130,DP0004,50.0,43.7,0.0
6152294825,DP0043,50.0,52.8,1.0
6148126536,DP0028,55.0,34.4,0.0
6134676060,DP0033,40.0,20.2,0.0
6150491884,DP0007,50.0,24.8,0.0
6151679585,DP0041,40.0,18.9,0.0
6154572424,DP0012,45.0,24.2,0.0
6150920479,DP0041,60.0,46.3,0.0
6155216580,DP0043,60.0,39.4,0.0
6150452575,DP0005,50.0,54.9,1.0
6154206036,DP0041,55.0,44.9,0.0
6152871387,DP0015,55.0,29.9,0.0
6152094047,DP0026,50.0,25.3,0.0
6142704348,DP0041,40.0,29.3,0.0
6154591094,DP0028,50.0,30.1,0.0
6154454759,DP0041,45.0,33.1,0.0
6153711178,DP0041,45.0,30.5,0.0
6143043026,DP0041,45.0,26.8,0.0
6153344387,DP0041,45.0,34.2,0.0
6147262832,DP0041,50.0,36.2,0.0
6145948765,DP0041,40.0,13.8,0.0
6143729932,DP0041,45.0,33.3,0.0
6149407185,DP0031,50.0,23.1,0.0
6145971901,DP0026,40.0,23.5,0.0
6137335800,DP0043,50.0,35.1,0.0
6152057401,DP0041,65.0,48.3,0.0
6148410281,DP0017,50.0,26.4,0.0
6147700876,DP0041,50.0,29.6,0.0
6150685362,DP0025,40.0,29.3,0.0
6148187356,DP0043,40.0,32.3,0.0
6148406709,DP0002,40.0,18.7,0.0
6145542847,DP0015,40.0,23.5,0.0
6145870624,DP0028,50.0,15.9,0.0
6150656830,DP0041,45.0,21.4,0.0
6149351158,DP0043,60.0,37.7,0.0
6139655209,DP0005,40.0,21.5,0.0
6148701495,DP0041,45.0,29.3,0.0
6144237051,DP0005,50.0,33.9,0.0
6146257055,DP0043,55.0,34.7,0.0
6148828514,DP0005,55.0,33.5,0.0
6148792325,DP0003,55.0,33.4,0.0
6130548562,DP0041,40.0,29.0,0.0
6144878881,DP0050,40.0,37.1,0.0
6147360368,DP0043,55.0,37.2,0.0
6146873330,DP0041,55.0,21.0,0.0
6146137483,DP0043,50.0,29.9,0.0
6147309369,DP0002,45.0,28.6,0.0
6145855027,DP0048,50.0,47.1,0.0
6147183914,DP0041,45.0,22.3,0.0
6145197136,DP0041,50.0,32.1,0.0
6141496357,DP0041,45.0,28.2,0.0
6144792076,DP0041,55.0,28.3,0.0
6141100415,DP0041,40.0,25.6,0.0
6147861495,DP0041,55.0,32.8,0.0
6145309239,DP0043,40.0,22.0,0.0
6136823409,DP0015,40.0,19.3,0.0
6144627263,DP0048,60.0,51.1,0.0
6146352103,DP0041,55.0,27.1,0.0
6135885301,DP0015,65.0,42.2,0.0
6146958428,DP0041,40.0,23.2,0.0
6138265515,DP0041,65.0,46.2,0.0
6134909646,DP0041,40.0,27.1,0.0
6134476938,DP0041,45.0,33.3,0.0
6142920452,DP0005,55.0,35.4,0.0
6144985098,DP0041,55.0,38.6,0.0
6146570159,DP0043,55.0,32.3,0.0
6144529589,DP0023,40.0,16.3,0.0
6127758442,DP0041,45.0,33.7,0.0
6143837783,DP0029,45.0,21.8,0.0
6145536692,DP0040,45.0,18.5,0.0
6135212660,DP0041,40.0,20.8,0.0
6133001525,DP0041,50.0,28.1,0.0
6144805377,DP0015,40.0,17.9,0.0
6141941054,DP0041,40.0,18.5,0.0
6143675625,DP0005,50.0,35.5,0.0
6144923863,DP0008,50.0,36.8,0.0
6144497421,DP0001,55.0,32.0,0.0
6143603517,DP0007,40.0,17.9,0.0
6140813532,DP0041,45.0,23.8,0.0
6139426270,DP0041,50.0,29.6,0.0
6135654753,DP0041,40.0,25.8,0.0
6137984994,DP0007,40.0,23.5,0.0
6133713890,DP0043,40.0,25.4,0.0
6143853978,DP0041,55.0,40.0,0.0
6143745233,DP0036,50.0,29.7,0.0
6144101844,DP0043,50.0,49.5,0.0
6141546989,DP0049,50.0,35.8,0.0
6140100070,DP0015,65.0,56.8,0.0
6135139514,DP0031,40.0,24.1,0.0
6142775797,DP0043,40.0,37.3,0.0
6137278723,DP0041,40.0,32.9,0.0
6137640331,DP0005,40.0,34.0,0.0
6137767241,DP0041,40.0,25.7,0.0
6137474162,DP0042,45.0,36.1,0.0
6138567103,DP0041,45.0,37.4,0.0
6142040743,DP0041,40.0,25.7,0.0
6125475382,DP0041,40.0,35.7,0.0
6140836708,DP0012,50.0,48.6,0.0
6142712051,DP0015,45.0,46.6,1.0
6140867285,DP0041,50.0,41.0,0.0
6139031104,DP0043,55.0,40.3,0.0
6134036522,DP0022,55.0,45.2,0.0
6129870754,DP0041,55.0,35.2,0.0
6137094698,DP0041,50.0,35.9,0.0
6132713125,DP0040,55.0,30.2,0.0
6139801139,DP0041,50.0,33.1,0.0
6166712490,DP0043,40.0,19.6,0.0
6169663570,DP0041,50.0,28.0,0.0
6169358683,DP0041,75.0,51.6,0.0
6169114743,DP0039,50.0,36.6,0.0
6166885944,DP0041,65.0,36.3,0.0
6169207702,DP0028,50.0,25.4,0.0
6159787130,DP0033,50.0,35.3,0.0
6167008227,DP0041,40.0,22.7,0.0
6157900606,DP0005,45.0,29.0,0.0
6161695316,DP0015,55.0,38.3,0.0
6162026842,DP0041,65.0,51.0,0.0
6165269156,DP0038,40.0,28.6,0.0
6163183752,DP0025,50.0,39.2,0.0
6162194598,DP0041,55.0,32.9,0.0
6168350302,DP0041,50.0,29.4,0.0
6162376097,DP0009,55.0,32.1,0.0
6150880903,DP0043,55.0,32.1,0.0
6162006019,DP0041,65.0,41.8,0.0
6165265530,DP0041,60.0,45.6,0.0
6155583544,DP0041,50.0,28.4,0.0
6166339678,DP0050,55.0,33.0,0.0
6153881701,DP0041,45.0,27.5,0.0
6164782310,DP0041,55.0,40.9,0.0
6166525023,DP0041,45.0,24.9,0.0
6166071939,DP0008,45.0,25.6,0.0
6159836280,DP0015,50.0,46.9,0.0
6155620833,DP0041,50.0,23.0,0.0
6161623499,DP0041,60.0,37.8,0.0
6163530450,DP0041,45.0,21.3,0.0
6162932796,DP0006,50.0,35.1,0.0
6161550557,DP0041,60.0,30.6,0.0
6165617555,DP0031,50.0,29.5,0.0
6158600924,DP0041,65.0,40.1,0.0
6164094551,DP0041,45.0,34.0,0.0
6155725744,DP0041,40.0,22.2,0.0
6164827078,DP0041,50.0,23.0,0.0
6155977905,DP0041,45.0,22.2,0.0
6160703843,DP0036,65.0,36.6,0.0
6164626402,DP0041,55.0,37.7,0.0
6158482824,DP0002,40.0,31.1,0.0
6160467244,DP0041,45.0,36.1,0.0
6164229882,DP0041,55.0,40.3,0.0
6163681118,DP0041,50.0,26.1,0.0
6155294723,DP0041,50.0,30.0,0.0
6162403859,DP0042,40.0,25.8,0.0
6163959914,DP0047,40.0,31.6,0.0
6161101922,DP0026,65.0,43.0,0.0
6154028112,DP0015,45.0,66.3,1.0
6160858824,DP0038,45.0,44.0,0.0
6161357699,DP0019,65.0,58.5,0.0
6154853718,DP0041,55.0,27.3,0.0
6163571277,DP0043,50.0,22.1,0.0
6156651018,DP0008,70.0,65.5,0.0
6160765669,DP0006,65.0,54.9,0.0
6154149121,DP0019,55.0,35.4,0.0
6157876412,DP0041,55.0,38.0,0.0
6159119301,DP0041,90.0,62.1,0.0
6159327536,DP0006,55.0,31.5,0.0
6161282941,DP0043,55.0,33.5,0.0
6157420311,DP0041,65.0,56.3,0.0
6161000508,DP0003,65.0,41.3,0.0
6161811306,DP0041,50.0,31.8,0.0
6161316114,DP0041,60.0,33.2,0.0
6161374321,DP0030,55.0,36.7,0.0
6161404529,DP0005,45.0,41.9,0.0
6116926909,DP0005,55.0,43.8,0.0
6160047379,DP0007,85.0,56.1,0.0
6142218831,DP0043,65.0,52.4,0.0
6154816966,DP0043,50.0,35.5,0.0
6158097723,DP0008,65.0,46.1,0.0
6150413153,DP0015,85.0,45.3,0.0
6150136047,DP0009,65.0,35.1,0.0
6159301692,DP0012,50.0,25.5,0.0
6160273960,DP0043,50.0,24.3,0.0
6160437235,DP0025,55.0,28.3,0.0
6156324403,DP0021,55.0,36.7,0.0
6155942730,DP0015,45.0,30.7,0.0
6159784422,DP0041,55.0,24.1,0.0
6143127917,DP0031,60.0,30.2,0.0
6159662294,DP0041,50.0,45.9,0.0
6158183791,DP0015,75.0,69.9,0.0
6152210972,DP0041,45.0,26.6,0.0
6155510355,DP0041,40.0,20.4,0.0
6158202468,DP0007,65.0,42.6,0.0
6158030420,DP0037,50.0,39.3,0.0
6150530160,DP0043,65.0,55.0,0.0
6159247113,DP0043,60.0,35.5,0.0
6158784179,DP0041,60.0,38.9,0.0
6156717316,DP0041,60.0,57.7,0.0
6154538126,DP0043,55.0,43.3,0.0
6154988034,DP0041,40.0,28.2,0.0
6157843767,DP0005,45.0,25.1,0.0
6159460572,DP0043,65.0,35.9,0.0
6157130683,DP0018,50.0,43.2,0.0
6151118233,DP0041,50.0,50.6,1.0
6159040669,DP0009,50.0,45.9,0.0
6157559503,DP0005,50.0,71.4,1.0
6158830583,DP0021,45.0,21.0,0.0
6149051350,DP0041,90.0,85.9,0.0
6153001073,,,,
6152129400,DP0015,50.0,26.5,0.0
6156211599,DP0015,50.0,26.5,0.0
6158502923,DP0041,40.0,26.3,0.0
6158120379,DP0048,40.0,41.1,1.0
6155506197,DP0041,40.0,21.6,0.0
6157889609,DP0041,65.0,69.2,1.0
6153562449,DP0043,65.0,50.5,0.0
6159283828,DP0041,55.0,41.0,0.0
6151440278,DP0012,45.0,22.9,0.0
6157702653,DP0020,50.0,34.5,0.0
6147705170,DP0021,60.0,52.3,0.0
6154139062,DP0033,70.0,39.2,0.0
6135517401,DP0038,45.0,28.2,0.0
6158731942,DP0041,50.0,47.3,0.0
6158977933,DP0027,55.0,45.0,0.0
6157409175,DP0041,50.0,30.3,0.0
6155304878,DP0041,85.0,59.4,0.0
6158607210,DP0030,90.0,57.6,0.0
6149367369,DP0043,55.0,35.1,0.0
6157819273,DP0041,45.0,28.8,0.0
6153361337,DP0019,55.0,47.3,0.0
6155554755,DP0041,60.0,39.3,0.0
6153019576,DP0041,50.0,25.8,0.0
6158410138,DP0041,45.0,16.6,0.0
6150215890,DP0041,55.0,27.3,0.0
6153387658,DP0041,50.0,28.2,0.0
6156284244,DP0041,40.0,23.5,0.0
6158253858,DP0006,45.0,26.2,0.0
6155463346,DP0026,65.0,41.2,0.0
6157981028,DP0005,50.0,30.1,0.0
6154762589,DP0041,65.0,40.7,0.0
6156373628,DP0019,50.0,26.2,0.0
6156933374,DP0043,55.0,35.6,0.0
6151885564,DP0041,55.0,43.1,0.0
6156991841,DP0041,55.0,38.6,0.0
6153107628,DP0048,55.0,52.2,0.0
6157464456,DP0043,50.0,31.8,0.0
6154234985,DP0043,50.0,36.4,0.0
6156008255,DP0036,50.0,25.8,0.0
6154385034,DP0041,40.0,29.2,0.0
6151715537,DP0019,65.0,36.8,0.0
6150002514,DP0014,55.0,41.0,0.0
6148810807,DP0041,50.0,37.7,0.0
6148734051,DP0041,70.0,33.3,0.0
6150984748,DP0026,55.0,38.9,0.0
6157274012,DP0041,55.0,49.1,0.0
6156796178,DP0043,60.0,43.2,0.0
6156626218,DP0041,60.0,48.9,0.0
6155121271,DP0041,45.0,35.7,0.0
6156960958,DP0041,60.0,33.9,0.0
6152389874,DP0049,65.0,41.5,0.0
6151841178,DP0041,45.0,27.1,0.0
6156208665,DP0041,55.0,39.8,0.0
6155761099,DP0047,65.0,43.8,0.0
6150382280,DP0045,50.0,35.5,0.0
6154234994,DP0008,50.0,37.5,0.0
6151001017,DP0035,65.0,32.5,0.0
6152609932,DP0024,40.0,32.4,0.0
6153838131,DP0005,50.0,28.5,0.0
6146067432,DP0041,40.0,42.2,1.0
6145664475,DP0041,50.0,40.1,0.0
6150009171,DP0043,65.0,47.1,0.0
6152362218,DP0008,45.0,40.5,0.0
6148280541,DP0043,75.0,61.2,0.0
6153085673,DP0041,55.0,34.5,0.0
6150003009,DP0041,50.0,42.0,0.0
6152157124,DP0043,65.0,48.4,0.0
6151576246,DP0041,60.0,43.6,0.0
6149989544,DP0026,55.0,22.6,0.0
6151503349,DP0041,65.0,34.1,0.0
6151857253,DP0028,40.0,25.7,0.0
6150313357,DP0005,60.0,32.5,0.0
6147134816,DP0042,50.0,27.7,0.0
6148975344,DP0027,50.0,46.2,0.0
6151921371,DP0041,40.0,28.1,0.0
6150862881,DP0028,85.0,68.0,0.0
6139276970,DP0043,40.0,22.9,0.0
6145029688,DP0015,60.0,38.2,0.0
6145515643,DP0048,50.0,47.6,0.0
6149170811,DP0041,45.0,24.6,0.0
6149804544,,,,
6136926473,DP0041,55.0,37.2,0.0
6149298141,DP0049,55.0,42.0,0.0
6140695020,DP0041,55.0,47.8,0.0
6148256247,DP0012,45.0,38.1,0.0
6150102906,DP0041,50.0,74.4,1.0
6148499432,DP0041,50.0,40.5,0.0
6150034246,DP0041,50.0,34.9,0.0
6148985556,DP0041,50.0,56.5,1.0
6149443339,DP0034,90.0,68.8,0.0
6147138093,DP0015,50.0,22.2,0.0
6148304949,DP0041,45.0,32.2,0.0
6148181140,DP0038,55.0,32.5,0.0
6145787781,DP0008,45.0,41.5,0.0
6131693661,DP0043,45.0,33.2,0.0
6145069906,DP0041,40.0,19.8,0.0
6140386019,DP0041,65.0,47.0,0.0
6148607901,DP0041,45.0,37.6,0.0
6142288860,DP0041,50.0,28.1,0.0
6141742311,DP0041,50.0,25.4,0.0
6147592132,DP0041,55.0,37.2,0.0
6146328575,DP0005,65.0,39.0,0.0
6144868371,DP0035,55.0,30.1,0.0
6144433386,DP0041,45.0,29.4,0.0
6146959848,DP0041,45.0,19.7,0.0
6146867326,DP0007,65.0,47.6,0.0
6147327612,DP0008,45.0,49.1,1.0
6146354103,DP0019,45.0,27.5,0.0
6146674053,DP0019,50.0,31.1,0.0
6145661764,DP0041,70.0,46.8,0.0
6146515099,DP0018,45.0,25.4,0.0
6145803940,DP0041,45.0,24.1,0.0
6144456656,DP0041,50.0,53.0,1.0
6142923963,DP0041,40.0,57.6,1.0
6138482449,DP0043,65.0,48.4,0.0
6145521453,DP0034,90.0,58.3,0.0
6138919661,DP0041,50.0,32.7,0.0
6136377713,DP0038,45.0,29.7,0.0
6144099558,DP0028,60.0,46.4,0.0
6143830176,DP0047,75.0,43.6,0.0
6144773131,DP0012,45.0,25.8,0.0
6142239387,DP0005,55.0,35.8,0.0
6141783380,DP0041,55.0,34.5,0.0
6137630539,DP0005,60.0,42.1,0.0
6143750861,DP0043,65.0,43.2,0.0
6140972196,DP0039,65.0,40.7,0.0
6141520327,DP0043,40.0,21.7,0.0
6130413070,DP0041,50.0,29.1,0.0
6142788045,DP0041,50.0,22.0,0.0
6143359764,DP0046,50.0,46.9,0.0
6144323375,DP0033,65.0,68.3,1.0
6143779718,DP0047,70.0,51.9,0.0
6143102415,DP0008,70.0,43.6,0.0
6142635782,DP0041,45.0,35.5,0.0
6139352118,DP0019,45.0,24.2,0.0
6142034944,DP0041,45.0,17.2,0.0
6127726598,DP0009,55.0,35.0,0.0
6135578111,DP0043,55.0,45.7,0.0
6139096338,DP0043,65.0,35.1,0.0
6142091832,DP0047,45.0,28.7,0.0
6142942007,DP0008,50.0,25.3,0.0
6117745852,DP0041,40.0,33.5,0.0
6140198228,DP0041,60.0,53.2,0.0
6135442028,DP0027,75.0,55.4,0.0
6139312152,DP0027,50.0,21.4,0.0
6136731426,DP0037,55.0,30.1,0.0
6142111594,DP0041,50.0,39.0,0.0
6138829998,DP0041,65.0,34.4,0.0
6139906104,DP0041,55.0,30.7,0.0
6140763362,DP0005,65.0,41.8,0.0
6134954975,DP0005,45.0,23.2,0.0
6169412678,,,,
6165256795,DP0048,50.0,39.3,0.0
6169891256,DP0002,50.0,37.8,0.0
6163152250,DP0006,65.0,48.2,0.0
6144988424,DP0021,65.0,49.6,0.0
6167422313,DP0041,45.0,43.7,0.0
6167471007,DP0047,55.0,41.6,0.0
6165927208,DP0041,65.0,50.0,0.0
6167213481,DP0041,85.0,57.2,0.0
6157389224,DP0041,50.0,44.8,0.0
6166129326,DP0005,50.0,69.2,1.0
6165081058,DP0047,55.0,40.7,0.0
6141560470,DP0041,55.0,35.3,0.0
6165129065,DP0041,60.0,55.6,0.0
6163416776,DP0041,65.0,49.4,0.0
6161671750,DP0041,40.0,25.2,0.0
6163450126,DP0041,55.0,28.8,0.0
6158056528,DP0048,60.0,47.6,0.0
6129464316,DP0043,40.0,28.3,0.0
6161630844,DP0041,50.0,40.3,0.0
6159051534,DP0041,50.0,44.3,0.0
6161268518,DP0005,85.0,74.5,0.0
6161592024,DP0041,65.0,49.1,0.0
6162124163,DP0005,45.0,54.9,1.0
6148664220,DP0041,55.0,46.7,0.0
6160396218,DP0050,55.0,49.8,0.0
6161246519,DP0041,50.0,43.6,0.0
6161421357,DP0041,60.0,47.7,0.0
6157984368,DP0021,50.0,51.2,1.0
6159595422,DP0007,40.0,43.1,1.0
6159634231,DP0041,50.0,36.9,0.0
6158929672,DP0014,50.0,38.2,0.0
6159201059,DP0007,50.0,55.7,1.0
6153588315,DP0038,50.0,39.5,0.0
6159374016,DP0041,45.0,34.7,0.0
6156457717,DP0041,50.0,31.4,0.0
6158915195,DP0005,55.0,46.8,0.0
6141175929,DP0041,65.0,45.0,0.0
6159004163,DP0041,55.0,46.9,0.0
6159112303,DP0041,65.0,46.5,0.0
6157510535,DP0041,55.0,41.0,0.0
6157125657,DP0028,50.0,50.6,1.0
6144768466,DP0041,50.0,42.4,0.0
6145536525,DP0041,60.0,53.7,0.0
6152306637,DP0043,50.0,40.9,0.0
6145896062,DP0041,55.0,41.9,0.0
6157113220,DP0039,50.0,44.8,0.0
6158494972,DP0034,55.0,41.7,0.0
6156063629,DP0041,50.0,37.8,0.0
6151505016,DP0041,50.0,49.3,0.0
6158542307,DP0041,75.0,100.5,1.0
6152768390,DP0041,65.0,51.5,0.0
6158238823,DP0041,45.0,51.4,1.0
6154044782,DP0041,55.0,48.1,0.0
6152906079,DP0038,60.0,43.4,0.0
6155762768,DP0043,50.0,49.7,0.0
6156586190,DP0038,55.0,47.6,0.0
6157163618,DP0041,45.0,44.2,0.0
6156847145,DP0049,50.0,48.0,0.0
6156742238,DP0001,45.0,44.9,0.0
6156178189,DP0012,70.0,50.5,0.0
6150083924,DP0032,75.0,60.1,0.0
6153824943,DP0043,60.0,49.4,0.0
6156297363,DP0005,55.0,58.3,1.0
6157290687,DP0002,55.0,51.1,0.0
6150962489,DP0005,65.0,59.3,0.0
6155284382,DP0005,65.0,47.2,0.0
6144425000,DP0005,45.0,29.4,0.0
6147212314,DP0041,55.0,34.1,0.0
6156565224,DP0041,55.0,38.3,0.0
6155784850,DP0019,50.0,36.1,0.0
6151254242,DP0034,65.0,66.1,1.0
6148018881,DP0006,60.0,51.3,0.0
6155808461,DP0026,40.0,40.8,1.0
6153073028,DP0041,60.0,66.1,1.0
6147347436,DP0041,60.0,48.3,0.0
6148828600,DP0002,50.0,48.0,0.0
6151237410,,,,
6154836423,DP0020,70.0,91.6,1.0
6138486370,DP0043,55.0,72.0,1.0
6155785935,DP0041,55.0,114.1,1.0
6154353342,DP0041,45.0,25.2,0.0
6153206002,DP0019,55.0,41.8,0.0
6155238797,DP0043,50.0,41.6,0.0
6130393740,DP0005,40.0,36.1,0.0
6151866808,DP0007,45.0,26.7,0.0
6149691499,DP0033,50.0,50.5,1.0
6140038482,DP0008,45.0,29.5,0.0
6145841051,DP0047,45.0,51.4,1.0
6146530247,DP0041,55.0,63.4,1.0
6148095258,DP0019,45.0,44.3,0.0
6149950177,DP0041,55.0,27.0,0.0
6148122985,DP0049,60.0,46.7,0.0
6148538274,DP0043,65.0,49.1,0.0
6149741531,DP0041,55.0,33.6,0.0
6149330523,DP0043,65.0,59.3,0.0
6136829571,DP0049,50.0,41.0,0.0
6147850010,DP0041,55.0,65.6,1.0
6141731187,DP0005,55.0,52.0,0.0
6144953249,DP0034,55.0,35.7,0.0
6145276713,DP0043,50.0,45.6,0.0
6146569813,DP0015,85.0,62.7,0.0
6139627209,DP0042,40.0,27.6,0.0
6147233556,DP0007,70.0,52.2,0.0
6145268388,DP0005,65.0,53.6,0.0
6143762267,DP0032,50.0,29.5,0.0
6147278398,DP0005,75.0,60.1,0.0
6145794131,DP0047,50.0,44.1,0.0
6130614779,DP0041,45.0,35.4,0.0
6140815834,DP0041,50.0,35.6,0.0
6146470153,DP0041,75.0,46.6,0.0
6146712441,DP0015,55.0,34.1,0.0
6142209572,DP0041,50.0,48.2,0.0
6143396377,DP0041,45.0,30.8,0.0
6133768932,DP0041,50.0,34.5,0.0
6135456760,DP0019,60.0,51.8,0.0
6141722287,DP0041,45.0,33.6,0.0
6143353268,DP0041,60.0,45.3,0.0
6141489751,DP0050,65.0,49.9,0.0
6142807671,DP0043,65.0,56.3,0.0
6128781913,DP0041,95.0,72.1,0.0
6164933438,DP0041,65.0,53.8,0.0
6168460547,DP0041,40.0,23.5,0.0
6163390947,DP0005,60.0,58.7,0.0
6168054575,DP0043,50.0,23.9,0.0
6166042191,DP0043,50.0,33.8,0.0
6166572654,DP0041,50.0,47.3,0.0
6162531285,DP0033,45.0,20.7,0.0
6156424505,DP0019,60.0,42.1,0.0
6161955169,DP0041,50.0,29.9,0.0
6150365221,DP0005,60.0,57.5,0.0
6152039815,DP0043,55.0,66.6,1.0
6155894512,DP0005,40.0,35.5,0.0
6154635977,DP0024,45.0,50.3,1.0
6156213299,DP0043,50.0,48.1,0.0
6144967319,DP0041,50.0,48.6,0.0
6147746951,DP0019,50.0,34.0,0.0
6152262122,DP0019,45.0,24.6,0.0
6152229861,DP0002,55.0,44.9,0.0
6127509959,DP0041,55.0,62.6,1.0
6150410081,DP0005,50.0,36.9,0.0
6146842240,DP0041,50.0,38.2,0.0
6151354140,DP0047,50.0,30.2,0.0
6150996658,DP0007,50.0,38.8,0.0
6149442844,DP0043,55.0,42.3,0.0
6150473400,DP0049,45.0,34.5,0.0
6150828992,DP0005,55.0,49.2,0.0
6149635152,DP0043,60.0,52.5,0.0
6143375895,DP0041,50.0,40.8,0.0
6150109902,DP0043,40.0,29.2,0.0
6146748184,DP0041,50.0,26.5,0.0
6148958389,DP0041,65.0,86.3,1.0
6145052165,DP0041,55.0,51.8,0.0
6148322817,DP0043,50.0,44.9,0.0
6135844564,DP0041,65.0,50.4,0.0
6135720678,DP0041,50.0,32.0,0.0
6147538498,DP0043,65.0,35.2,0.0
6145538309,DP0017,45.0,38.4,0.0
6142969913,DP0008,50.0,52.2,1.0
6146088816,DP0009,40.0,29.3,0.0
6141484544,DP0026,40.0,25.7,0.0
6144523335,DP0016,45.0,30.7,0.0
6143711389,DP0043,65.0,40.5,0.0
6152134405,DP0007,40.0,27.1,0.0
6156460123,,,,
6146949553,DP0013,45.0,42.0,0.0
6170308182,DP0043,55.0,32.5,0.0
6169285766,DP0047,40.0,27.0,0.0
6163227290,DP0041,45.0,24.3,0.0
6168940043,DP0043,40.0,20.2,0.0
6156674289,DP0002,40.0,21.6,0.0
6169919108,DP0041,50.0,30.5,0.0
6167097169,DP0015,50.0,31.8,0.0
6166342445,DP0043,90.0,71.4,0.0
6169204886,DP0001,50.0,31.9,0.0
6168635070,DP0041,40.0,24.4,0.0
6164800078,DP0041,40.0,26.1,0.0
6167460343,DP0019,40.0,38.1,0.0
6167178643,DP0014,50.0,43.5,0.0
6164998351,DP0005,75.0,44.7,0.0
6162660034,DP0024,40.0,33.1,0.0
6164536266,DP0041,50.0,32.3,0.0
6155722197,DP0007,50.0,39.9,0.0
6163728161,DP0030,55.0,49.1,0.0
6165511035,DP0002,40.0,38.1,0.0
6164845491,DP0041,65.0,42.1,0.0
6153066731,DP0008,40.0,24.6,0.0
6148197862,DP0019,55.0,43.0,0.0
6159370061,DP0003,55.0,38.0,0.0
6163973797,DP0038,40.0,42.6,1.0
6163809129,DP0043,55.0,32.6,0.0
6155425192,DP0033,50.0,38.6,0.0
6151253709,DP0012,40.0,22.2,0.0
6164099713,DP0041,55.0,33.9,0.0
6161718426,DP0041,55.0,33.6,0.0
6157354106,DP0010,50.0,30.7,0.0
6161695630,DP0041,40.0,26.2,0.0
6151653057,DP0046,45.0,54.1,1.0
6158222795,DP0009,50.0,43.5,0.0
6156672538,DP0041,55.0,51.4,0.0
6162072537,DP0041,55.0,41.4,0.0
6160847434,DP0041,40.0,27.6,0.0
6161246496,DP0005,50.0,30.8,0.0
6161461466,DP0005,55.0,39.4,0.0
6152951072,DP0043,40.0,20.4,0.0
6160918696,DP0049,50.0,35.6,0.0
6158836631,DP0041,40.0,23.0,0.0
6161372784,DP0039,50.0,31.3,0.0
6150261728,DP0041,55.0,46.5,0.0
6159357348,DP0041,55.0,42.6,0.0
6159434441,DP0032,40.0,34.0,0.0
6159038191,DP0005,45.0,33.9,0.0
6158438595,DP0041,40.0,31.9,0.0
6159283976,DP0029,40.0,32.0,0.0
6159900082,DP0041,40.0,32.1,0.0
6151134793,DP0019,50.0,35.1,0.0
6157947443,DP0001,40.0,25.3,0.0
6159207891,DP0009,40.0,22.9,0.0
6158051520,DP0041,45.0,22.2,0.0
6158615531,DP0045,50.0,27.6,0.0
6158385225,DP0006,45.0,29.0,0.0
6155126529,DP0043,40.0,18.7,0.0
6156108644,DP0041,40.0,15.5,0.0
6158131322,DP0041,45.0,21.1,0.0
6154775151,DP0020,45.0,22.1,0.0
6151218062,DP0043,55.0,31.0,0.0
6154710971,DP0041,50.0,22.9,0.0
6157073349,DP0015,55.0,40.4,0.0
6151799255,DP0008,40.0,24.7,0.0
6147470264,DP0043,40.0,25.5,0.0
6149647931,DP0047,40.0,25.4,0.0
6156938479,DP0005,40.0,20.2,0.0
6156635652,DP0041,40.0,20.1,0.0
6152409930,DP0043,40.0,20.4,0.0
6154449177,DP0043,50.0,30.5,0.0
6156336406,DP0047,70.0,38.6,0.0
6150161583,DP0041,55.0,32.5,0.0
6153257490,DP0039,50.0,29.5,0.0
6155819631,DP0021,45.0,23.6,0.0
6156431302,DP0023,45.0,17.3,0.0
6148647544,DP0041,65.0,41.6,0.0
6149472676,DP0041,40.0,21.4,0.0
6148324321,DP0015,45.0,38.4,0.0
6149805846,DP0043,45.0,36.9,0.0
6156476283,DP0041,45.0,27.9,0.0
6156526887,DP0041,45.0,34.1,0.0
6156712011,DP0041,45.0,34.5,0.0
6156707518,DP0041,50.0,41.9,0.0
6153009554,DP0009,45.0,35.4,0.0
6154348233,DP0015,55.0,54.0,0.0
6154967509,DP0005,50.0,26.7,0.0
6154988458,DP0008,75.0,48.3,0.0
6153512757,DP0040,55.0,45.3,0.0
6154378250,DP0041,55.0,33.3,0.0
6154859579,DP0003,55.0,29.3,0.0
6152830219,DP0041,40.0,27.8,0.0
6154241382,DP0019,40.0,46.4,1.0
6148809484,DP0043,45.0,28.4,0.0
6154079532,DP0048,40.0,48.8,1.0
6146379293,DP0012,45.0,33.6,0.0
6151353772,DP0041,50.0,37.2,0.0
6145150054,DP0001,45.0,26.4,0.0
6152222829,DP0041,45.0,33.6,0.0
6149463775,DP0041,50.0,34.4,0.0
6136233017,DP0018,40.0,20.5,0.0
6152360680,DP0041,40.0,24.1,0.0
6149328487,DP0015,55.0,39.1,0.0
6150303834,DP0009,50.0,31.6,0.0
6149979575,DP0041,50.0,37.9,0.0
6146981646,DP0024,50.0,37.4,0.0
6124094196,DP0041,40.0,25.4,0.0
6148966709,DP0038,40.0,41.8,1.0
6140458090,DP0049,40.0,31.0,0.0
6148674541,DP0008,40.0,24.3,0.0
6148636645,DP0041,55.0,33.9,0.0
6145832916,DP0041,50.0,31.4,0.0
6148290969,DP0033,50.0,40.4,0.0
6148753597,DP0048,55.0,54.2,0.0
6142570833,DP0041,50.0,29.7,0.0
6149581007,DP0041,45.0,30.7,0.0
6146179179,DP0041,50.0,41.7,0.0
6138896835,DP0047,50.0,44.1,0.0
6148327471,DP0043,50.0,30.2,0.0
6147490470,DP0041,85.0,55.8,0.0
6144384297,DP0041,50.0,30.4,0.0
6145335486,DP0008,50.0,34.0,0.0
6148967715,DP0006,55.0,35.4,0.0
6142080099,DP0041,40.0,32.7,0.0
6149008599,DP0003,50.0,32.3,0.0
6147423523,DP0041,65.0,47.3,0.0
6142778483,DP0015,40.0,45.0,1.0
6147242462,DP0027,55.0,34.7,0.0
6142934034,DP0041,45.0,30.3,0.0
6145807716,DP0044,50.0,32.1,0.0
6138384047,DP0005,45.0,30.6,0.0
6143083216,DP0041,55.0,37.6,0.0
6144024574,DP0043,50.0,31.3,0.0
6140282306,DP0005,45.0,20.5,0.0
6121426551,DP0041,50.0,34.2,0.0
6138813702,DP0028,45.0,40.4,0.0
6138409215,DP0023,50.0,37.6,0.0
6140569311,DP0048,55.0,65.0,1.0
6142270452,DP0015,55.0,32.5,0.0
6139217739,DP0041,65.0,55.5,0.0
6137698882,DP0041,40.0,27.1,0.0
6143913035,DP0005,45.0,25.4,0.0
6144606839,DP0041,50.0,30.5,0.0
6139696668,DP0047,80.0,44.0,0.0
6142827959,DP0008,40.0,18.2,0.0
6144428089,DP0043,50.0,21.3,0.0
6129239557,DP0041,55.0,34.9,0.0
6141030392,DP0041,55.0,39.5,0.0
6143164180,DP0041,50.0,25.6,0.0
6142797781,DP0020,75.0,49.3,0.0
6141037375,DP0043,40.0,19.3,0.0
6143656673,DP0046,55.0,48.5,0.0
6142790214,DP0041,55.0,52.5,0.0
6126307677,DP0041,70.0,51.0,0.0
6141187234,DP0041,50.0,31.3,0.0
6137126193,DP0041,90.0,76.9,0.0
6134963230,DP0041,55.0,45.7,0.0
6165659414,DP0041,50.0,42.5,0.0
6150499368,DP0041,65.0,63.3,0.0
6141713642,DP0041,75.0,83.8,1.0
6170526814,DP0041,55.0,32.3,0.0
6169971633,DP0005,50.0,24.3,0.0
6169069021,DP0009,45.0,26.4,0.0
6168687319,DP0039,65.0,43.9,0.0
6168292271,DP0041,45.0,38.1,0.0
6162036795,DP0041,50.0,33.2,0.0
6163045652,DP0041,45.0,29.1,0.0
6167170421,DP0041,65.0,47.4,0.0
6163308987,DP0041,60.0,39.9,0.0
6165879201,DP0024,50.0,41.5,0.0
6162986942,DP0041,60.0,34.0,0.0
6162765106,DP0041,45.0,39.0,0.0
6160186831,DP0043,40.0,30.0,0.0
6160981259,,,,
6161485474,DP0005,50.0,40.1,0.0
6161484289,DP0009,45.0,28.7,0.0
6160591952,DP0003,45.0,22.9,0.0
6146687253,DP0041,40.0,24.6,0.0
6158172712,DP0025,40.0,23.2,0.0
6148547348,DP0041,50.0,40.0,0.0
6156476532,DP0041,75.0,45.7,0.0
6143490173,DP0005,70.0,45.3,0.0
6155987512,DP0034,45.0,28.5,0.0
6149743654,DP0015,50.0,31.3,0.0
6152498469,DP0038,40.0,33.7,0.0
6156322950,DP0015,40.0,24.4,0.0
6157056833,DP0043,40.0,24.7,0.0
6154878070,DP0010,45.0,29.7,0.0
6158322944,DP0047,40.0,24.5,0.0
6157801295,DP0037,65.0,45.5,0.0
6154935863,DP0043,60.0,44.4,0.0
6154240778,DP0041,40.0,21.8,0.0
6156901431,DP0041,55.0,33.0,0.0
6153313672,DP0041,40.0,29.6,0.0
6156914044,DP0041,45.0,36.0,0.0
6156502704,DP0041,45.0,23.9,0.0
6152488916,DP0041,65.0,44.3,0.0
6155570275,DP0041,45.0,30.3,0.0
6153402137,DP0004,55.0,47.2,0.0
6149142625,DP0033,60.0,39.6,0.0
6142212551,DP0041,65.0,46.5,0.0
6151325180,DP0041,50.0,31.9,0.0
6120064321,DP0041,55.0,53.0,0.0
6143299726,,,,
6149821125,DP0050,60.0,60.9,1.0
6142768157,DP0019,65.0,41.9,0.0
6145134943,DP0028,60.0,36.9,0.0
6145643385,DP0032,40.0,18.9,0.0
6138161887,DP0041,65.0,41.8,0.0
6146462554,DP0043,60.0,40.0,0.0
6146184572,DP0015,55.0,60.5,1.0
6144147668,DP0041,50.0,37.3,0.0
6141848777,DP0035,50.0,28.6,0.0
6141588798,DP0041,55.0,41.5,0.0
6142429620,DP0041,45.0,28.2,0.0
6143166291,DP0029,45.0,29.4,0.0
6139495038,DP0041,65.0,41.5,0.0
6143281804,DP0037,50.0,33.7,0.0
6140292407,DP0005,45.0,51.4,1.0
6136280279,DP0039,55.0,37.4,0.0
6168428103,DP0006,40.0,26.8,0.0
6167842228,DP0035,60.0,40.9,0.0
6165896524,DP0041,40.0,22.2,0.0
6165956157,DP0041,50.0,53.4,1.0
6167332292,DP0041,50.0,32.6,0.0
6166743256,DP0006,40.0,26.7,0.0
6164391423,DP0041,60.0,42.6,0.0
6163404296,DP0021,55.0,42.9,0.0
6158264402,DP0034,90.0,98.3,1.0
6161583411,DP0043,40.0,30.7,0.0
6161856802,DP0002,50.0,56.2,1.0
6151782250,DP0041,55.0,41.3,0.0
6157235443,DP0041,50.0,38.1,0.0
6158356452,DP0033,50.0,39.4,0.0
6157519664,DP0016,50.0,25.0,0.0
6156819443,DP0015,40.0,21.3,0.0
6157757788,DP0043,60.0,40.2,0.0
6156671113,DP0039,40.0,26.6,0.0
6149843177,DP0025,50.0,38.1,0.0
6147338676,DP0039,75.0,51.6,0.0
6149256729,DP0041,40.0,32.7,0.0
6150030850,DP0008,55.0,32.9,0.0
6151024451,DP0039,65.0,52.6,0.0
6151958791,DP0041,45.0,36.5,0.0
6150701935,DP0046,40.0,44.0,1.0
6149665246,DP0019,40.0,37.1,0.0
6147191081,DP0028,55.0,45.6,0.0
6141558912,DP0031,45.0,36.3,0.0
6145766318,DP0041,45.0,38.1,0.0
6134590968,DP0028,50.0,37.6,0.0
6149821860,DP0041,40.0,66.3,1.0
6143494285,DP0041,55.0,57.4,1.0
6142692951,DP0041,50.0,35.5,0.0
6148274929,DP0039,40.0,28.4,0.0
6143616057,DP0043,40.0,37.4,0.0
6142753577,DP0041,40.0,33.5,0.0
6145348947,DP0041,45.0,53.4,1.0
6127082663,DP0005,50.0,68.9,1.0
6127685902,DP0049,40.0,34.3,0.0
6144092693,DP0008,40.0,43.0,1.0
6137596376,DP0015,55.0,30.9,0.0
6143590415,DP0005,60.0,34.7,0.0
6136593584,DP0041,45.0,39.3,0.0
6143768437,DP0015,50.0,53.9,1.0
6157873958,DP0012,70.0,66.7,0.0
6197033568,DP0005,55.0,42.0,0.0
6181962325,DP0006,50.0,39.8,0.0
6194768726,DP0041,65.0,45.3,0.0
6197158646,DP0041,55.0,31.0,0.0
6198045819,DP0033,55.0,39.5,0.0
6194853904,DP0041,40.0,23.8,0.0
6194977635,DP0041,65.0,56.9,0.0
6195180959,DP0003,65.0,45.4,0.0
6194142656,DP0023,40.0,36.4,0.0
6185307097,DP0048,55.0,63.0,1.0
6196739997,DP0041,45.0,24.1,0.0
6195462753,DP0019,45.0,33.7,0.0
6195133524,DP0041,65.0,56.9,0.0
6190931693,DP0026,50.0,45.0,0.0
6189066675,DP0041,50.0,49.3,0.0
6194381511,DP0008,50.0,33.8,0.0
6193191931,DP0008,55.0,37.4,0.0
6194609561,DP0008,65.0,48.8,0.0
6194691297,DP0044,50.0,35.8,0.0
6190206924,DP0041,40.0,41.2,1.0
6191768404,DP0009,40.0,17.7,0.0
6192781526,DP0013,70.0,62.7,0.0
6192007030,DP0041,65.0,62.1,0.0
6174837411,DP0008,45.0,26.2,0.0
6192259790,DP0015,55.0,50.3,0.0
6191030025,DP0047,50.0,23.4,0.0
6191163437,DP0019,50.0,29.5,0.0
6189701830,DP0041,55.0,38.5,0.0
6188551530,DP0048,60.0,49.2,0.0
6191428185,DP0030,65.0,54.2,0.0
6189496883,DP0003,55.0,28.8,0.0
6181221319,DP0017,55.0,32.4,0.0
6187404833,DP0042,50.0,35.3,0.0
6190283615,DP0043,40.0,39.2,0.0
6189604036,DP0041,55.0,41.1,0.0
6190228770,DP0007,75.0,52.4,0.0
6184515693,DP0041,45.0,27.3,0.0
6190032540,DP0043,45.0,20.6,0.0
6189888680,,,,
6191507588,DP0044,50.0,25.7,0.0
6181561067,DP0042,45.0,26.6,0.0
6189140054,DP0041,45.0,30.7,0.0
6186178925,DP0041,65.0,39.9,0.0
6188127997,DP0027,40.0,25.8,0.0
6176544832,DP0009,55.0,43.4,0.0
6185367056,DP0041,40.0,20.1,0.0
6187093411,DP0023,55.0,44.2,0.0
6184908303,DP0043,55.0,48.1,0.0
6171700326,DP0050,40.0,27.8,0.0
6184567426,DP0041,40.0,24.4,0.0
6182848303,DP0005,60.0,38.0,0.0
6179740205,DP0019,55.0,37.6,0.0
6183559198,DP0007,50.0,36.9,0.0
6181535648,DP0041,40.0,22.2,0.0
6182167504,DP0041,45.0,28.4,0.0
6181298181,DP0043,60.0,40.2,0.0
6174686991,DP0039,45.0,36.2,0.0
6174771561,DP0043,50.0,36.8,0.0
6171998886,DP0043,60.0,45.8,0.0
6179213740,DP0022,45.0,23.6,0.0
6175920400,DP0043,40.0,25.3,0.0
6179375247,DP0030,40.0,13.1,0.0
6174654692,DP0020,45.0,28.9,0.0
6176996329,DP0041,65.0,36.7,0.0
6166860376,DP0024,40.0,25.4,0.0
6163413537,DP0041,40.0,25.1,0.0
6176607278,DP0041,40.0,29.8,0.0
6167292196,DP0041,50.0,28.6,0.0
6172171750,,,,
6171268954,DP0041,55.0,30.4,0.0
6168726121,DP0041,50.0,42.5,0.0
6174931058,DP0041,50.0,41.2,0.0
6170436342,DP0039,65.0,46.3,0.0
6173620308,DP0002,45.0,41.5,0.0
6168470727,DP0041,55.0,36.6,0.0
6173481416,DP0009,65.0,57.4,0.0
6171428860,DP0041,45.0,35.0,0.0
6164583577,DP0041,45.0,20.6,0.0
6174002477,DP0041,50.0,32.7,0.0
6167845013,DP0041,40.0,27.1,0.0
6166823024,DP0047,45.0,20.4,0.0
6171583372,DP0043,70.0,49.3,0.0
6171137953,DP0043,60.0,46.6,0.0
6167528888,DP0041,50.0,28.5,0.0
6173727380,DP0007,50.0,32.7,0.0
6167910840,DP0008,50.0,35.2,0.0
6167315553,DP0041,45.0,53.7,1.0
6173411814,DP0018,50.0,56.5,1.0
6171258349,DP0041,40.0,27.3,0.0
6172276578,DP0033,45.0,40.2,0.0
6164147850,DP0041,45.0,36.8,0.0
6167807348,DP0041,55.0,46.1,0.0
6171589973,DP0041,60.0,36.1,0.0
6160474321,DP0041,50.0,41.3,0.0
6169640431,DP0041,55.0,38.3,0.0
6168574082,DP0038,55.0,40.0,0.0
6172183937,DP0043,50.0,35.1,0.0
6167030928,DP0005,40.0,19.5,0.0
6168543373,DP0047,50.0,37.5,0.0
6164783045,DP0041,55.0,36.7,0.0
6166101623,DP0031,55.0,40.0,0.0
6171722602,DP0014,55.0,43.5,0.0
6165280499,DP0041,45.0,28.8,0.0
6167962438,DP0014,55.0,38.2,0.0
6160455354,DP0009,55.0,32.1,0.0
6171020313,DP0041,55.0,40.4,0.0
6172035702,DP0041,45.0,37.8,0.0
6170975195,DP0041,55.0,35.2,0.0
6171306106,DP0043,60.0,45.8,0.0
6169543449,DP0041,60.0,56.1,0.0
6167343782,DP0041,65.0,55.8,0.0
6170715459,DP0005,55.0,49.7,0.0
6170260996,DP0041,40.0,75.4,1.0
6170475075,DP0034,50.0,41.1,0.0
6160104669,DP0048,45.0,49.3,1.0
6170413498,DP0041,60.0,45.6,0.0
6171227358,DP0041,40.0,21.4,0.0
6163388984,DP0008,55.0,31.3,0.0
6170799104,DP0043,45.0,22.3,0.0
6170195863,DP0041,55.0,37.4,0.0
6170107571,DP0012,55.0,34.7,0.0
6197257765,DP0019,40.0,26.3,0.0
6197938829,DP0041,50.0,30.6,0.0
6189434836,DP0012,40.0,26.5,0.0
6199196729,DP0043,50.0,29.2,0.0
6189771104,DP0038,45.0,31.7,0.0
6198674266,DP0005,55.0,38.7,0.0
6188686132,DP0041,50.0,24.7,0.0
6192888920,DP0029,45.0,42.0,0.0
6180420396,DP0041,55.0,48.4,0.0
6189999343,DP0007,40.0,27.9,0.0
6196979917,DP0001,40.0,27.9,0.0
6195115602,DP0041,50.0,34.3,0.0
6194539181,DP0041,40.0,37.6,0.0
6195914326,DP0041,40.0,39.5,0.0
6196631194,DP0041,45.0,25.8,0.0
6183916849,DP0041,50.0,32.9,0.0
6187255879,DP0010,55.0,30.5,0.0
6193413545,DP0028,55.0,35.7,0.0
6195427963,DP0043,45.0,25.3,0.0
6196797402,DP0041,40.0,20.5,0.0
6196593460,DP0041,55.0,42.9,0.0
6196158910,DP0019,55.0,29.7,0.0
6189123489,DP0021,50.0,30.0,0.0
6187987083,DP0041,45.0,28.8,0.0
6191082433,DP0043,40.0,41.1,1.0
6192726419,DP0041,50.0,29.9,0.0
6190359217,DP0041,40.0,21.1,0.0
6194211283,DP0041,40.0,18.6,0.0
6188397100,DP0008,40.0,19.8,0.0
6166984999,DP0038,45.0,32.2,0.0
6187874304,DP0008,45.0,31.4,0.0
6188696141,DP0015,45.0,32.6,0.0
6192673319,DP0043,45.0,24.0,0.0
6181699418,DP0041,50.0,27.9,0.0
6190488616,DP0041,40.0,24.5,0.0
6188279843,DP0011,45.0,25.9,0.0
6170674392,DP0021,40.0,28.1,0.0
6191302853,DP0015,45.0,27.2,0.0
6188843057,DP0015,50.0,29.5,0.0
6190783113,DP0041,50.0,27.7,0.0
6188737032,DP0019,40.0,31.6,0.0
6189316327,DP0041,40.0,23.1,0.0
6173410591,DP0005,40.0,25.7,0.0
6190051040,DP0008,40.0,19.5,0.0
6190083242,DP0019,40.0,26.7,0.0
6185653293,DP0041,40.0,25.8,0.0
6182147570,DP0041,55.0,32.9,0.0
6187675593,,,,
6179848743,DP0039,55.0,29.1,0.0
6184407883,DP0041,45.0,30.5,0.0
6187652446,DP0002,55.0,34.8,0.0
6187543826,DP0026,45.0,25.1,0.0
6188750813,DP0041,40.0,17.1,0.0
6186827345,DP0041,40.0,21.0,0.0
6179275042,DP0026,40.0,35.7,0.0
6186910347,DP0043,55.0,49.6,0.0
6185981668,DP0041,55.0,48.6,0.0
6168306632,DP0019,50.0,41.6,0.0
6184433698,DP0041,55.0,41.1,0.0
6177988762,DP0041,40.0,24.6,0.0
6181824047,DP0034,50.0,28.7,0.0
6185558535,DP0028,45.0,20.0,0.0
6168992241,DP0027,55.0,35.5,0.0
6177713631,DP0041,45.0,23.6,0.0
6185087757,DP0039,45.0,21.2,0.0
6183401078,DP0043,40.0,34.6,0.0
6175726042,DP0041,45.0,28.6,0.0
6185067651,DP0005,55.0,40.5,0.0
6181528571,DP0041,55.0,41.1,0.0
6179900703,DP0019,40.0,31.1,0.0
6184212931,DP0041,55.0,39.1,0.0
6182325325,DP0041,75.0,43.9,0.0
6180302012,DP0015,45.0,35.5,0.0
6184223571,DP0041,45.0,36.2,0.0
6178838476,DP0013,45.0,33.5,0.0
6150612665,DP0005,40.0,19.7,0.0
6178893947,DP0030,40.0,31.2,0.0
6178519951,DP0028,40.0,21.7,0.0
6181141799,DP0050,50.0,39.1,0.0
6172440952,DP0039,40.0,21.1,0.0
6182391866,DP0026,50.0,33.8,0.0
6181224870,DP0041,40.0,24.2,0.0
6176994752,DP0005,50.0,36.4,0.0
6171785490,DP0047,40.0,47.4,1.0
6172105432,DP0041,45.0,24.4,0.0
6180890894,DP0041,40.0,22.3,0.0
6179483190,DP0009,40.0,28.5,0.0
6180963114,DP0036,40.0,29.4,0.0
6169332123,DP0038,40.0,26.8,0.0
6175603494,DP0041,75.0,42.9,0.0
6176982609,DP0001,45.0,33.0,0.0
6178929358,DP0020,55.0,48.2,0.0
6177027043,DP0048,40.0,50.4,1.0
6170430788,DP0041,55.0,37.2,0.0
6176034027,DP0032,50.0,34.5,0.0
6176994802,DP0007,40.0,17.7,0.0
6177460623,DP0048,40.0,48.6,1.0
6178495535,DP0003,40.0,19.7,0.0
6164797822,DP0041,50.0,27.2,0.0
6177358544,DP0041,40.0,35.7,0.0
6178136592,DP0017,40.0,25.1,0.0
6176092023,DP0041,50.0,29.4,0.0
6152392292,DP0006,40.0,28.6,0.0
6172572674,DP0019,50.0,25.2,0.0
6169519556,DP0041,45.0,21.9,0.0
6175979501,DP0043,40.0,37.0,0.0
6172738903,DP0041,45.0,14.9,0.0
6173997638,DP0041,65.0,47.9,0.0
6172610005,DP0009,50.0,25.7,0.0
6174623835,DP0005,40.0,35.1,0.0
6152181457,DP0007,40.0,43.6,1.0
6174645500,DP0015,40.0,37.9,0.0
6173360612,DP0026,50.0,55.0,1.0
6173656934,DP0031,60.0,40.9,0.0
6173620316,DP0027,65.0,61.0,0.0
6157530146,DP0016,65.0,64.8,0.0
6173123352,DP0041,40.0,64.8,1.0
6168720949,DP0041,40.0,38.9,0.0
6169740440,DP0019,55.0,55.5,1.0
6173988333,DP0044,55.0,48.3,0.0
6167538020,DP0043,55.0,40.6,0.0
6170228790,DP0009,65.0,55.3,0.0
6163958537,DP0041,50.0,49.6,0.0
6171011401,DP0041,50.0,30.8,0.0
6172019018,DP0041,50.0,29.3,0.0
6173905570,DP0033,45.0,37.2,0.0
6163551094,DP0041,55.0,38.2,0.0
6171251007,,,,
6151112662,DP0041,50.0,31.1,0.0
6173415262,DP0041,55.0,30.2,0.0
6167448113,DP0041,70.0,54.5,0.0
6172251816,DP0041,40.0,26.4,0.0
6169623367,DP0041,55.0,42.5,0.0
6169651928,DP0008,50.0,27.8,0.0
6168329490,DP0015,40.0,23.6,0.0
6172701118,DP0041,40.0,24.3,0.0
6171593681,DP0023,50.0,32.4,0.0
6166313680,DP0003,50.0,33.2,0.0
6166195076,DP0008,50.0,31.0,0.0
6156999798,DP0015,55.0,39.5,0.0
6170578086,DP0047,45.0,35.5,0.0
6173149773,DP0041,55.0,41.5,0.0
6169967215,DP0043,45.0,25.6,0.0
6172320765,DP0041,55.0,38.6,0.0
6168042121,DP0041,40.0,24.7,0.0
6172194442,DP0021,45.0,25.9,0.0
6171926080,DP0041,50.0,49.6,0.0
6170426101,DP0008,40.0,19.1,0.0
6164068222,DP0043,40.0,22.4,0.0
6172279488,DP0042,50.0,24.8,0.0
6172255415,DP0023,55.0,51.8,0.0
6167973208,DP0047,55.0,60.2,1.0
6170026174,DP0041,45.0,39.8,0.0
6171312741,DP0041,55.0,64.0,1.0
6163640048,DP0008,75.0,52.0,0.0
6168432266,DP0041,40.0,21.1,0.0
6171930724,DP0041,40.0,30.2,0.0
6169856997,DP0015,50.0,29.9,0.0
6169440352,DP0005,45.0,36.3,0.0
6169946576,DP0041,50.0,33.2,0.0
6171713983,DP0008,50.0,20.1,0.0
6172569900,DP0041,50.0,66.7,1.0
6171317424,DP0044,40.0,41.9,1.0
6170396361,DP0043,60.0,47.0,0.0
6171889496,DP0019,50.0,35.3,0.0
6171673623,DP0043,50.0,49.7,0.0
6170685015,DP0001,45.0,51.4,1.0
6172460927,,,,
6171834204,DP0041,55.0,35.1,0.0
6140288229,DP0028,55.0,62.8,1.0
6163268941,DP0032,60.0,51.5,0.0
6168739637,DP0041,50.0,46.5,0.0
6171425982,DP0013,55.0,42.4,0.0
6164157278,DP0015,65.0,77.2,1.0
6167074397,DP0041,45.0,31.4,0.0
6169149020,DP0041,50.0,36.1,0.0
6164653653,DP0041,55.0,68.8,1.0
6168141067,DP0020,55.0,62.0,1.0
6171634868,DP0038,50.0,46.8,0.0
6150645386,DP0009,55.0,40.4,0.0
6170558219,DP0005,70.0,62.2,0.0
6169704105,DP0041,40.0,38.1,0.0
6167441923,DP0019,45.0,30.0,0.0
6171786458,DP0011,50.0,37.1,0.0
6169296521,DP0041,45.0,43.3,0.0
6160222978,DP0041,45.0,15.5,0.0
6149515744,DP0041,50.0,38.3,0.0
6167556623,DP0015,40.0,37.9,0.0
6198174849,DP0015,45.0,19.0,0.0
6198576406,DP0015,45.0,37.0,0.0
6196862835,DP0010,55.0,39.4,0.0
6194006609,DP0041,45.0,18.9,0.0
6190807196,DP0043,45.0,30.8,0.0
6199274789,DP0041,60.0,39.4,0.0
6198610654,DP0041,40.0,24.9,0.0
6190854370,DP0034,50.0,43.2,0.0
6198443838,DP0041,65.0,45.6,0.0
6196503210,DP0028,55.0,29.9,0.0
6197942186,DP0041,40.0,24.6,0.0
6197113697,DP0041,50.0,27.4,0.0
6197354633,DP0011,45.0,25.6,0.0
6198200207,DP0033,60.0,44.2,0.0
6189665537,DP0047,50.0,56.1,1.0
6198098195,DP0018,65.0,45.5,0.0
6197752356,DP0008,40.0,48.7,1.0
6191812596,DP0038,50.0,44.5,0.0
6197869697,DP0041,50.0,40.1,0.0
6194772993,DP0041,55.0,38.9,0.0
6186049620,DP0041,40.0,19.4,0.0
6194154020,DP0013,50.0,23.1,0.0
6196034851,DP0041,50.0,27.6,0.0
6196314821,DP0023,50.0,22.4,0.0
6193084497,DP0043,55.0,34.0,0.0
6196610014,DP0041,55.0,36.5,0.0
6196320980,DP0014,50.0,32.8,0.0
6179767213,DP0005,65.0,54.8,0.0
6193839774,DP0005,55.0,41.9,0.0
6187490559,DP0029,50.0,26.7,0.0
6193559146,DP0019,60.0,51.0,0.0
6193689019,DP0041,50.0,46.6,0.0
6189539360,DP0041,45.0,58.4,1.0
6195597309,DP0019,45.0,57.5,1.0
6192517245,DP0008,55.0,67.5,1.0
6193741368,DP0008,40.0,32.7,0.0
6162242327,DP0043,50.0,32.3,0.0
6178115990,DP0017,40.0,61.3,1.0
6181950423,DP0041,45.0,62.3,1.0
6196199713,DP0041,55.0,94.3,1.0
6173855228,DP0041,50.0,39.3,0.0
6195217040,DP0043,50.0,54.9,1.0
6193377518,DP0033,50.0,49.4,0.0
6196010645,DP0047,40.0,39.7,0.0
6190947991,DP0008,40.0,42.8,1.0
6193867095,DP0006,40.0,34.2,0.0
6194887436,DP0041,50.0,40.0,0.0
6192936158,DP0044,45.0,28.9,0.0
6194093945,DP0041,50.0,37.2,0.0
6192072207,DP0005,55.0,49.8,0.0
6192528815,DP0019,40.0,29.2,0.0
6193656255,DP0043,50.0,39.8,0.0
6195770822,DP0019,50.0,40.6,0.0
6181316805,DP0041,50.0,42.9,0.0
6195056410,DP0041,55.0,32.6,0.0
6195186154,DP0041,60.0,42.3,0.0
6195417167,DP0032,50.0,34.8,0.0
6194370086,DP0039,40.0,43.3,1.0
6189825636,DP0015,70.0,42.3,0.0
6195412349,DP0043,50.0,40.9,0.0
6191101487,DP0039,55.0,42.5,0.0
6194217326,DP0043,40.0,56.5,1.0
6187781664,DP0007,55.0,43.9,0.0
6194058051,DP0049,45.0,56.5,1.0
6190230404,DP0039,45.0,64.4,1.0
6186251414,DP0005,55.0,48.0,0.0
6194140293,DP0005,55.0,36.7,0.0
6190638540,DP0041,60.0,50.0,0.0
6190680135,DP0041,55.0,28.0,0.0
6193952616,DP0041,65.0,51.0,0.0
6194882945,DP0007,40.0,40.5,1.0
6194314789,DP0005,55.0,43.2,0.0
6190837363,DP0041,50.0,31.4,0.0
6194427920,DP0033,55.0,34.8,0.0
6194823159,DP0041,50.0,46.0,0.0
6193105865,DP0049,55.0,37.0,0.0
6192191257,DP0048,60.0,59.6,0.0
6190559536,DP0044,50.0,47.7,0.0
6192732848,DP0041,45.0,38.3,0.0
6192657387,DP0028,50.0,49.7,0.0
6193602901,DP0036,85.0,78.9,0.0
6188620925,DP0041,55.0,60.7,1.0
6187288454,DP0042,45.0,80.4,1.0
6161891388,DP0005,40.0,21.1,0.0
6192364377,DP0038,50.0,26.4,0.0
6192991756,DP0005,40.0,34.4,0.0
6189859339,DP0041,55.0,36.8,0.0
6193949806,DP0043,40.0,31.3,0.0
6192196478,DP0041,50.0,30.2,0.0
6192647036,DP0015,40.0,33.5,0.0
6183185625,DP0048,50.0,60.2,1.0
6191590781,DP0041,50.0,30.1,0.0
6188297452,DP0002,65.0,49.8,0.0
6187469775,DP0019,50.0,33.4,0.0
6180280202,DP0019,55.0,36.7,0.0
6178713176,DP0005,50.0,22.7,0.0
6186979234,DP0047,65.0,40.1,0.0
6188397791,,,,
6188430606,DP0043,55.0,23.0,0.0
6190007942,DP0023,55.0,31.2,0.0
6191269757,DP0008,40.0,29.0,0.0
6188889252,DP0041,50.0,42.7,0.0
6190490428,DP0007,50.0,41.3,0.0
6183473223,DP0041,60.0,39.4,0.0
6186394517,DP0043,40.0,22.0,0.0
6188023614,DP0041,45.0,24.1,0.0
6184564208,DP0041,50.0,26.0,0.0
6187819401,DP0008,55.0,25.6,0.0
6185147057,DP0005,40.0,44.7,1.0
6186495215,DP0007,45.0,26.4,0.0
6179918760,DP0041,55.0,39.1,0.0
6188435828,DP0006,50.0,30.5,0.0
6188228276,DP0030,40.0,23.6,0.0
6187218667,DP0041,55.0,35.5,0.0
6186623183,DP0033,45.0,21.0,0.0
6182188391,DP0009,50.0,22.9,0.0
6187459831,DP0019,45.0,46.6,1.0
6185615199,DP0043,50.0,27.3,0.0
6185034289,DP0041,50.0,51.2,1.0
6171144316,DP0041,55.0,34.1,0.0
6174678950,DP0002,60.0,36.1,0.0
6183551179,DP0050,55.0,44.9,0.0
6179464219,DP0041,50.0,22.4,0.0
6179436078,DP0022,45.0,39.6,0.0
6181294483,DP0043,45.0,35.7,0.0
6184333019,DP0019,40.0,20.3,0.0
6186205597,DP0041,50.0,26.3,0.0
6178617677,DP0041,40.0,20.7,0.0
6182807601,DP0015,50.0,37.5,0.0
6185479788,DP0048,40.0,55.3,1.0
6162825950,DP0041,45.0,33.7,0.0
6171933622,DP0041,50.0,43.0,0.0
6185308303,DP0012,50.0,26.4,0.0
6183593863,DP0005,45.0,26.0,0.0
6173524447,DP0023,50.0,28.9,0.0
6180963397,DP0041,50.0,35.8,0.0
6184267086,DP0019,55.0,37.5,0.0
6181757060,DP0041,40.0,23.2,0.0
6180764068,DP0041,50.0,37.3,0.0
6174132464,DP0007,40.0,28.6,0.0
6176711433,DP0041,60.0,31.6,0.0
6183667524,DP0006,50.0,23.5,0.0
6159677270,DP0047,50.0,36.2,0.0
6176322278,DP0041,50.0,21.0,0.0
6182901667,DP0008,40.0,27.9,0.0
6181429043,DP0026,50.0,39.7,0.0
6179147311,DP0037,40.0,44.0,1.0
6179853085,DP0041,50.0,40.6,0.0
6172182137,DP0041,50.0,41.4,0.0
6182110547,DP0041,40.0,29.7,0.0
6135720742,DP0007,55.0,37.1,0.0
6178694018,DP0008,55.0,37.3,0.0
6179258280,DP0006,55.0,62.1,1.0
6172133328,DP0041,50.0,29.9,0.0
6182685892,DP0043,45.0,19.4,0.0
6179701735,DP0039,40.0,19.3,0.0
6181620742,DP0009,40.0,24.6,0.0
6181175058,DP0041,45.0,23.7,0.0
6179816093,DP0041,45.0,25.7,0.0
6179199337,DP0041,45.0,23.8,0.0
6160967032,DP0043,50.0,30.4,0.0
6181156506,DP0019,55.0,33.4,0.0
6182333869,DP0014,55.0,36.3,0.0
6158332472,DP0043,55.0,25.7,0.0
6172107174,DP0041,50.0,29.5,0.0
6178752040,DP0021,55.0,44.2,0.0
6182184391,DP0041,50.0,25.1,0.0
6156491117,DP0041,40.0,28.3,0.0
6180115873,DP0041,55.0,63.2,1.0
6172397695,DP0041,50.0,34.5,0.0
6181262821,DP0030,55.0,36.2,0.0
6181047651,DP0041,50.0,38.5,0.0
6175930690,DP0041,55.0,44.1,0.0
6177895014,DP0043,55.0,42.6,0.0
6176491307,DP0043,50.0,45.5,0.0
6182061681,DP0043,55.0,67.8,1.0
6159574374,DP0002,50.0,49.4,0.0
6169633742,DP0041,40.0,59.0,1.0
6180362058,DP0041,50.0,52.3,1.0
6181981787,DP0041,50.0,34.3,0.0
6180840509,DP0041,50.0,50.9,1.0
6180004885,DP0043,45.0,33.6,0.0
6180822643,DP0041,50.0,40.4,0.0
6176485550,DP0041,45.0,25.7,0.0
6172617861,DP0008,55.0,53.6,0.0
6181822842,DP0032,60.0,37.6,0.0
6181252082,DP0041,55.0,34.6,0.0
6180059426,DP0041,55.0,37.7,0.0
6170621577,DP0015,50.0,34.7,0.0
6177426333,DP0008,40.0,23.7,0.0
6169722964,DP0041,50.0,33.2,0.0
6181586332,DP0001,40.0,27.7,0.0
6176877303,DP0011,45.0,36.3,0.0
6181417632,DP0004,50.0,55.1,1.0
6178620544,DP0009,50.0,39.0,0.0
6178565442,DP0012,50.0,43.1,0.0
6172002182,DP0033,55.0,43.3,0.0
6178807762,DP0034,50.0,35.4,0.0
6180998781,DP0043,50.0,31.4,0.0
6181176019,DP0041,55.0,37.9,0.0
6177306391,DP0041,40.0,38.9,0.0
6176227805,DP0007,50.0,25.0,0.0
6180918075,DP0015,55.0,34.4,0.0
6171950768,DP0041,55.0,39.8,0.0
6178633828,DP0005,50.0,36.9,0.0
6177492448,DP0041,55.0,32.6,0.0
6158130351,DP0041,55.0,38.6,0.0
6180389288,DP0041,55.0,39.8,0.0
6159479461,DP0003,45.0,24.3,0.0
6167410492,DP0023,50.0,31.6,0.0
6179461800,DP0041,50.0,31.0,0.0
6176081990,DP0008,50.0,29.6,0.0
6180631047,DP0041,60.0,43.4,0.0
6173593327,DP0041,55.0,36.7,0.0
6173819477,DP0049,55.0,30.4,0.0
6179487512,DP0015,40.0,15.5,0.0
6169957114,DP0041,45.0,22.8,0.0
6157219655,DP0041,50.0,33.5,0.0
6178471049,DP0029,65.0,41.8,0.0
6177872705,DP0008,65.0,33.9,0.0
6178498651,DP0041,45.0,38.5,0.0
6176762641,DP0015,50.0,46.9,0.0
6178314020,DP0029,50.0,25.8,0.0
6180889374,DP0005,65.0,43.9,0.0
6178796023,DP0041,40.0,34.0,0.0
6180403130,DP0041,55.0,40.3,0.0
6180189381,DP0041,40.0,32.5,0.0
6168513325,DP0020,40.0,35.4,0.0
6180377418,DP0010,50.0,53.9,1.0
6177769989,DP0041,40.0,54.6,1.0
6174331394,DP0041,55.0,50.4,0.0
6174631704,DP0011,50.0,37.3,0.0
6174303931,DP0041,50.0,32.6,0.0
6172803403,DP0049,40.0,64.5,1.0
6177667797,DP0041,50.0,64.1,1.0
6180067459,DP0041,50.0,26.5,0.0
6178855805,DP0046,55.0,47.5,0.0
6175386093,DP0015,50.0,38.1,0.0
6180100934,DP0041,50.0,28.0,0.0
6172257952,DP0048,55.0,61.7,1.0
6179062286,DP0009,60.0,44.0,0.0
6172983517,DP0041,55.0,44.2,0.0
6170033099,DP0041,40.0,50.2,1.0
6169913279,DP0041,50.0,52.0,1.0
6175868015,DP0041,45.0,48.5,1.0
6175099507,DP0043,50.0,63.7,1.0
6176970749,DP0041,45.0,65.8,1.0
6177913015,DP0005,45.0,38.0,0.0
6178023931,DP0043,55.0,41.1,0.0
6179262630,DP0015,55.0,56.0,1.0
6165006493,DP0030,45.0,45.8,1.0
6177545140,,,,
6176255500,DP0041,40.0,33.5,0.0
6155906421,DP0039,45.0,25.7,0.0
6179349707,DP0044,50.0,34.5,0.0
6179082312,DP0041,50.0,30.1,0.0
6178483290,DP0041,55.0,38.0,0.0
6177420267,DP0005,40.0,48.9,1.0
6174189832,DP0043,40.0,25.7,0.0
6177771380,DP0043,40.0,17.2,0.0
6177276429,DP0041,40.0,30.3,0.0
6178176183,DP0002,40.0,33.8,0.0
6178706313,DP0005,40.0,36.8,0.0
6178241277,DP0015,40.0,22.4,0.0
6163474536,DP0008,40.0,28.8,0.0
6177435486,DP0034,40.0,26.4,0.0
6172746408,DP0043,40.0,35.1,0.0
6178109135,DP0041,55.0,31.5,0.0
6176838531,DP0002,40.0,19.6,0.0
6165755872,DP0019,45.0,29.4,0.0
6174598933,DP0005,45.0,46.6,1.0
6174135349,DP0005,45.0,44.7,0.0
6161560931,DP0019,40.0,36.4,0.0
6170046597,DP0019,50.0,36.1,0.0
6165422813,DP0041,50.0,28.7,0.0
6174560263,DP0048,40.0,43.8,1.0
6174810449,DP0029,40.0,22.4,0.0
6172670703,DP0038,45.0,38.5,0.0
6174516541,DP0043,45.0,32.7,0.0
6173482455,DP0019,55.0,32.6,0.0
6139358380,DP0008,40.0,19.8,0.0
6161551037,DP0043,45.0,27.0,0.0
6175300724,DP0005,55.0,47.3,0.0
6173669888,DP0041,55.0,30.5,0.0
6166606848,DP0041,50.0,20.3,0.0
6173630884,DP0027,45.0,23.6,0.0
6174235851,DP0021,45.0,25.6,0.0
6172291232,DP0041,50.0,42.3,0.0
6162620760,DP0005,40.0,25.7,0.0
6172736866,DP0015,50.0,35.4,0.0
6155552667,DP0041,60.0,34.9,0.0
6171135636,DP0041,50.0,28.5,0.0
6168472130,DP0008,40.0,33.4,0.0
6167787133,DP0043,40.0,22.8,0.0
6171356607,DP0033,40.0,19.6,0.0
6161308804,DP0042,50.0,70.8,1.0
6171121571,DP0041,50.0,64.6,1.0
6170454316,DP0041,50.0,48.0,0.0
6170961989,DP0041,40.0,26.2,0.0
6163517473,DP0048,65.0,59.3,0.0
6170468285,DP0008,40.0,29.9,0.0
6170663249,DP0041,40.0,17.2,0.0
6196217118,DP0013,50.0,26.4,0.0
6194709336,DP0026,65.0,39.9,0.0
6196000255,DP0021,85.0,67.4,0.0
6198997701,DP0046,45.0,51.8,1.0
6197969749,DP0048,75.0,57.6,0.0
6194918120,DP0012,55.0,42.5,0.0
6198100388,DP0003,45.0,18.4,0.0
6198882857,DP0041,50.0,45.8,0.0
6193766070,DP0038,65.0,62.9,0.0
6196056422,DP0005,50.0,29.0,0.0
6193184461,DP0041,65.0,54.8,0.0
6198490533,DP0041,55.0,46.5,0.0
6198294949,DP0048,65.0,58.5,0.0
6198484988,DP0015,50.0,25.8,0.0
6181284510,DP0034,75.0,56.1,0.0
6197707202,DP0041,55.0,34.1,0.0
6194287835,DP0041,45.0,41.3,0.0
6196169556,DP0041,40.0,41.9,1.0
6196665460,DP0041,40.0,18.5,0.0
6198114545,DP0015,85.0,51.8,0.0
6196792322,DP0043,55.0,34.3,0.0
6196963271,DP0038,45.0,24.9,0.0
6193090864,DP0008,65.0,71.5,1.0
6192301957,DP0041,55.0,44.3,0.0
6196821821,DP0015,45.0,30.6,0.0
6197170671,DP0006,45.0,35.2,0.0
6172156013,DP0043,40.0,36.9,0.0
6194914672,DP0041,60.0,49.2,0.0
6165254882,DP0041,40.0,26.9,0.0
6191018849,DP0019,50.0,41.7,0.0
6188442840,DP0041,65.0,38.6,0.0
6194589506,DP0007,65.0,52.2,0.0
6195374070,DP0028,50.0,55.1,1.0
6195861934,DP0048,45.0,41.1,0.0
6196112484,DP0041,55.0,38.4,0.0
6193550746,DP0041,70.0,59.6,0.0
6195321558,DP0026,40.0,40.2,1.0
6195089929,DP0043,55.0,28.2,0.0
6196992484,DP0041,55.0,31.8,0.0
6194965002,DP0041,50.0,31.0,0.0
6178641661,DP0041,40.0,27.1,0.0
6187093735,DP0003,60.0,41.5,0.0
6191871375,DP0008,45.0,27.3,0.0
6194177509,DP0041,40.0,21.2,0.0
6195127881,DP0009,50.0,31.7,0.0
6192552183,DP0019,85.0,60.8,0.0
6193302384,DP0046,55.0,57.4,1.0
6188603031,DP0041,65.0,37.1,0.0
6184891968,DP0041,40.0,22.9,0.0
6196761677,DP0041,45.0,42.3,0.0
6195844096,DP0041,50.0,32.2,0.0
6194420151,DP0006,65.0,49.2,0.0
6190789345,DP0027,40.0,26.0,0.0
6188516934,DP0019,50.0,45.6,0.0
6195890106,DP0033,50.0,28.2,0.0
6187436352,DP0041,50.0,32.6,0.0
6173130155,DP0029,60.0,37.5,0.0
6194007434,DP0040,65.0,45.5,0.0
6191346177,DP0033,70.0,45.8,0.0
6187308505,DP0006,55.0,47.5,0.0
6195916086,DP0039,55.0,33.5,0.0
6189104214,DP0014,45.0,44.0,0.0
6192597535,DP0012,55.0,38.1,0.0
6193387204,DP0006,50.0,33.6,0.0
6196064546,DP0028,45.0,30.2,0.0
6178897299,DP0041,45.0,36.7,0.0
6191556834,DP0019,45.0,39.9,0.0
6186183121,DP0021,65.0,64.0,0.0
6188366787,DP0041,55.0,49.2,0.0
6189509363,DP0014,50.0,41.4,0.0
6195161537,DP0043,65.0,60.3,0.0
6177594339,DP0041,55.0,34.0,0.0
6195386650,DP0039,45.0,57.1,1.0
6194950012,,,,
6194656670,DP0009,85.0,65.4,0.0
6188937192,DP0041,40.0,28.2,0.0
6194662226,DP0028,60.0,58.7,0.0
6195768720,DP0043,85.0,77.9,0.0
6188554487,DP0009,50.0,35.0,0.0
6192421207,DP0041,50.0,55.0,1.0
6195378261,DP0041,100.0,92.9,0.0
6194208746,DP0005,45.0,29.5,0.0
6180758657,DP0028,65.0,44.8,0.0
6192720558,DP0041,70.0,50.0,0.0
6193781368,DP0041,75.0,68.4,0.0
6191767461,DP0021,40.0,35.2,0.0
6185818719,DP0041,40.0,28.6,0.0
6194948928,DP0048,40.0,48.3,1.0
6193588912,DP0043,40.0,21.2,0.0
6189338634,DP0007,50.0,52.4,1.0
6191515713,DP0041,65.0,46.1,0.0
6180531049,DP0023,45.0,20.9,0.0
6190978412,DP0049,55.0,32.0,0.0
6187040761,DP0041,40.0,27.1,0.0
6189770561,DP0008,50.0,40.9,0.0
6191588768,DP0041,45.0,22.7,0.0
6190192489,DP0023,45.0,28.9,0.0
6190168442,DP0050,40.0,49.1,1.0
6193883003,DP0048,55.0,52.5,0.0
6191136240,DP0041,55.0,33.9,0.0
6194267599,DP0008,40.0,10.5,0.0
6192703099,DP0041,40.0,23.3,0.0
6192043608,DP0006,40.0,38.2,0.0
6188487492,DP0004,40.0,37.6,0.0
6183174351,DP0041,40.0,19.6,0.0
6193418651,DP0015,60.0,35.6,0.0
6193711133,DP0031,55.0,29.5,0.0
6192218189,DP0048,55.0,49.0,0.0
6182497471,DP0026,50.0,27.9,0.0
6188520890,DP0020,40.0,27.0,0.0
6179595247,DP0043,45.0,40.8,0.0
6185334995,DP0007,50.0,24.8,0.0
6182947838,DP0041,65.0,38.6,0.0
6192646515,DP0049,50.0,40.6,0.0
6184684945,DP0043,50.0,28.9,0.0
6184829755,DP0041,55.0,37.1,0.0
6191919123,DP0021,45.0,18.7,0.0
6189016901,DP0019,55.0,25.3,0.0
6179541815,DP0041,105.0,61.1,0.0
6193205217,DP0043,50.0,21.7,0.0
6191202431,DP0041,55.0,32.2,0.0
6154858291,DP0017,40.0,27.7,0.0
6180205767,DP0007,40.0,20.4,0.0
6190619629,DP0005,50.0,38.9,0.0
6183408493,DP0041,40.0,24.7,0.0
6181749632,DP0038,40.0,27.8,0.0
6192883246,DP0043,40.0,26.3,0.0
6185277183,DP0041,40.0,23.8,0.0
6188322377,DP0013,40.0,38.1,0.0
6191713062,DP0041,65.0,28.6,0.0
6190924300,DP0039,65.0,39.3,0.0
6187526938,DP0041,50.0,16.7,0.0
6189183993,DP0041,50.0,28.4,0.0
6186178447,DP0041,55.0,31.8,0.0
6178316796,DP0043,50.0,21.8,0.0
6188670661,DP0019,70.0,67.2,0.0
6181965667,DP0005,50.0,20.2,0.0
6190393486,DP0041,50.0,34.1,0.0
6182600442,DP0007,45.0,18.9,0.0
6186735444,DP0021,55.0,22.7,0.0
6185097645,DP0002,50.0,25.7,0.0
6180350230,DP0041,45.0,32.4,0.0
6170610505,DP0009,50.0,32.7,0.0
6185995822,DP0041,45.0,35.8,0.0
6190313561,DP0049,50.0,30.9,0.0
6190407658,DP0005,50.0,45.4,0.0
6189066354,DP0005,55.0,41.3,0.0
6187322120,DP0026,60.0,51.2,0.0
6189330197,DP0043,45.0,28.3,0.0
6186169076,DP0015,55.0,25.6,0.0
6179243630,DP0028,45.0,22.5,0.0
6186905601,DP0005,55.0,42.2,0.0
6175531899,DP0041,65.0,52.1,0.0
6165658994,DP0036,55.0,37.8,0.0
6188153532,DP0041,55.0,46.4,0.0
6183077521,DP0043,40.0,25.3,0.0
6188897319,DP0015,65.0,84.6,1.0
6185113758,DP0041,50.0,44.1,0.0
6184012792,DP0005,45.0,52.1,1.0
6186490374,DP0043,65.0,51.0,0.0
6188211279,DP0041,55.0,45.7,0.0
6183084926,DP0043,60.0,36.2,0.0
6176274446,DP0001,60.0,36.7,0.0
6184468060,DP0009,70.0,65.2,0.0
6167159112,DP0033,45.0,50.8,1.0
6183143906,DP0031,55.0,51.4,0.0
6182356876,DP0015,55.0,47.9,0.0
6177812426,DP0031,55.0,45.2,0.0
6180099703,DP0008,55.0,48.1,0.0
6184626447,DP0037,60.0,36.4,0.0
6184228557,DP0041,45.0,31.2,0.0
6158002675,DP0041,45.0,40.0,0.0
6187492578,DP0003,40.0,13.0,0.0
6181977699,DP0038,45.0,44.0,0.0
6180311857,DP0004,60.0,100.0,1.0
6187158677,DP0048,40.0,41.6,1.0
6176931236,DP0008,50.0,17.6,0.0
6187266694,DP0041,40.0,33.6,0.0
6184448623,DP0048,40.0,33.9,0.0
6171491779,DP0041,65.0,50.4,0.0
6185592408,DP0041,55.0,46.9,0.0
6185802621,DP0043,55.0,34.0,0.0
6181234098,DP0049,45.0,19.8,0.0
6176108348,DP0041,55.0,47.7,0.0
6186352901,DP0041,40.0,32.9,0.0
6184184158,DP0041,50.0,34.3,0.0
6185056169,DP0041,60.0,41.3,0.0
6183784200,DP0041,45.0,34.7,0.0
6183263997,DP0039,40.0,14.9,0.0
6169289471,DP0015,40.0,33.8,0.0
6178959408,DP0007,60.0,39.4,0.0
6185032559,DP0005,40.0,28.2,0.0
6184553413,DP0019,45.0,39.3,0.0
6175659119,DP0005,65.0,47.6,0.0
6180186151,DP0041,55.0,34.3,0.0
6185229582,DP0019,50.0,47.3,0.0
6183404857,DP0041,90.0,68.9,0.0
6184696666,DP0005,45.0,33.7,0.0
6184337905,DP0015,50.0,33.9,0.0
6183513425,DP0041,60.0,39.6,0.0
6176404493,DP0041,55.0,31.6,0.0
6180642248,DP0005,55.0,39.0,0.0
6173004305,DP0043,75.0,50.9,0.0
6184285765,DP0043,65.0,47.3,0.0
6181422030,DP0025,50.0,25.3,0.0
6172852829,DP0026,50.0,31.4,0.0
6172061289,DP0049,50.0,36.5,0.0
6180384066,DP0041,65.0,52.6,0.0
6180958313,DP0041,50.0,36.4,0.0
6182407311,DP0043,40.0,22.6,0.0
6182786550,DP0019,55.0,22.6,0.0
6182580800,DP0038,40.0,14.5,0.0
6176576697,DP0019,45.0,35.7,0.0
6182496012,DP0041,50.0,30.4,0.0
6182681339,DP0041,50.0,37.2,0.0
6179239662,DP0041,45.0,20.6,0.0
6175721267,DP0019,60.0,39.1,0.0
6181788798,DP0015,55.0,38.2,0.0
6178546159,DP0041,75.0,43.0,0.0
6173049528,DP0041,55.0,47.2,0.0
6169320812,DP0041,50.0,22.6,0.0
6182311153,DP0005,40.0,24.6,0.0
6174502909,DP0043,45.0,37.5,0.0
6179151381,DP0005,70.0,52.4,0.0
6182289459,DP0047,60.0,31.7,0.0
6177082197,DP0003,55.0,46.4,0.0
6182442050,DP0041,50.0,37.2,0.0
6176132618,DP0005,65.0,53.8,0.0
6181630320,DP0043,40.0,42.6,1.0
6180880919,DP0041,70.0,89.7,1.0
6176313995,DP0008,50.0,49.7,0.0
6180418706,DP0026,45.0,56.1,1.0
6177525046,DP0009,55.0,65.9,1.0
6179702105,DP0009,50.0,98.5,1.0
6175315049,DP0046,50.0,64.4,1.0
6179285060,DP0039,45.0,50.0,1.0
6173935906,DP0041,50.0,52.2,1.0
6181282325,DP0041,65.0,48.9,0.0
6180373874,DP0041,75.0,80.5,1.0
6179682538,DP0008,65.0,68.4,1.0
6176669282,DP0015,55.0,75.8,1.0
6179902419,DP0041,50.0,70.1,1.0
6176934759,DP0048,55.0,94.8,1.0
6176499814,DP0019,55.0,77.7,1.0
6181458900,DP0019,45.0,54.6,1.0
6180154834,DP0041,45.0,70.9,1.0
6177851088,DP0049,45.0,61.5,1.0
6181365395,DP0019,60.0,85.8,1.0
6175210958,DP0035,50.0,61.9,1.0
6140424106,DP0043,55.0,76.5,1.0
6177432540,DP0001,45.0,45.1,1.0
6160128263,DP0005,50.0,51.2,1.0
6180415440,DP0041,45.0,49.8,1.0
6181126237,DP0043,40.0,36.3,0.0
6180038985,DP0016,45.0,27.6,0.0
6176695317,DP0041,55.0,37.5,0.0
6177173409,DP0039,65.0,66.2,1.0
6170074300,DP0041,55.0,61.0,1.0
6180525997,DP0041,55.0,49.3,0.0
6172558477,DP0041,55.0,48.2,0.0
6178468983,DP0039,55.0,37.4,0.0
6178408294,DP0041,40.0,33.1,0.0
6171571958,DP0041,50.0,38.6,0.0
6178898382,DP0041,75.0,48.8,0.0
6180858101,DP0043,55.0,33.0,0.0
6175141332,DP0005,50.0,33.7,0.0
6179031786,DP0043,55.0,28.2,0.0
6178848923,DP0043,45.0,35.9,0.0
6178860301,DP0019,75.0,61.1,0.0
6179596821,DP0041,55.0,36.5,0.0
6180928595,DP0039,75.0,47.8,0.0
6181034844,DP0015,55.0,50.9,0.0
6180845512,DP0033,55.0,48.0,0.0
6174474927,DP0005,40.0,31.5,0.0
6176242099,DP0019,60.0,46.6,0.0
6175685589,DP0041,40.0,24.9,0.0
6173718044,DP0019,65.0,47.1,0.0
6179691414,DP0041,65.0,51.6,0.0
6180144155,DP0041,45.0,37.3,0.0
6178642393,DP0043,55.0,33.9,0.0
6168991682,DP0041,40.0,28.2,0.0
6178231935,DP0004,50.0,45.8,0.0
6176610006,DP0041,60.0,37.1,0.0
6169850734,DP0005,40.0,21.4,0.0
6177377392,DP0039,55.0,39.4,0.0
6178161252,DP0043,50.0,34.6,0.0
6179772082,DP0009,75.0,35.6,0.0
6178652882,DP0033,65.0,35.2,0.0
6176175095,DP0041,45.0,21.0,0.0
6175256701,DP0043,40.0,15.3,0.0
6179878505,DP0041,40.0,22.8,0.0
6174266972,DP0019,40.0,30.5,0.0
6177851615,DP0041,50.0,29.5,0.0
6167461984,DP0020,65.0,48.5,0.0
6165555362,DP0041,50.0,41.8,0.0
6177061949,DP0047,50.0,29.5,0.0
6178736557,DP0041,50.0,16.6,0.0
6174520662,DP0043,50.0,27.3,0.0
6171281962,DP0001,45.0,21.9,0.0
6143088246,DP0041,55.0,43.9,0.0
6176040646,DP0042,45.0,41.8,0.0
6160280266,DP0005,40.0,29.0,0.0
6177619269,DP0043,55.0,30.4,0.0
6177528786,,,,
6175932238,DP0041,45.0,27.8,0.0
6175766713,DP0041,50.0,28.8,0.0
6172162570,DP0041,45.0,46.3,1.0
6175780567,DP0006,45.0,42.4,0.0
6171993989,DP0041,45.0,30.3,0.0
6174347463,DP0041,55.0,41.4,0.0
6175184802,DP0043,45.0,73.4,1.0
6172081578,DP0034,45.0,66.4,1.0
6172328462,DP0023,50.0,48.3,0.0
6176524407,DP0041,45.0,35.6,0.0
6175532932,DP0037,55.0,43.8,0.0
6174177010,DP0041,50.0,31.9,0.0
6174959605,DP0041,40.0,23.6,0.0
6175668652,DP0043,50.0,25.4,0.0
6173644667,DP0041,50.0,26.4,0.0
6175978294,DP0041,60.0,36.5,0.0
6172834757,DP0008,45.0,34.8,0.0
6171144282,DP0007,40.0,31.0,0.0
6173961376,DP0008,55.0,26.1,0.0
6172639441,DP0010,50.0,24.3,0.0
6172769427,DP0041,55.0,30.3,0.0
6157500246,DP0041,40.0,27.8,0.0
6174198054,DP0041,40.0,25.8,0.0
6173827214,DP0042,55.0,50.9,0.0
6174314507,DP0049,45.0,23.1,0.0
6173457125,DP0041,60.0,49.7,0.0
6169909890,DP0041,50.0,32.6,0.0
6174867723,DP0041,45.0,26.0,0.0
6172760436,DP0039,50.0,34.6,0.0
6174122306,DP0005,40.0,31.6,0.0
6164744156,DP0034,55.0,35.9,0.0
6160119251,DP0043,65.0,37.4,0.0
6164162160,DP0041,50.0,30.0,0.0
6161886849,DP0015,55.0,79.4,1.0
6170930357,DP0041,55.0,70.1,1.0
6170217954,DP0041,60.0,39.4,0.0
6166261184,DP0005,50.0,31.3,0.0
6168191492,DP0033,40.0,32.0,0.0
6173803705,DP0043,50.0,31.7,0.0
6173347082,DP0034,55.0,33.9,0.0
6170347313,DP0005,60.0,41.1,0.0
6167942448,DP0041,75.0,57.0,0.0
6173612354,DP0043,50.0,27.7,0.0
6167406099,DP0041,55.0,32.1,0.0
6169167427,DP0015,55.0,36.0,0.0
6160196640,DP0032,55.0,35.0,0.0
6164507567,DP0039,55.0,33.2,0.0
6168290211,DP0041,50.0,31.2,0.0
6170554198,DP0041,45.0,27.8,0.0
6170699757,DP0006,60.0,34.3,0.0
6172389772,DP0043,55.0,36.3,0.0
6172040323,DP0002,65.0,44.8,0.0
6171298632,DP0029,65.0,44.6,0.0
6165374667,DP0004,50.0,36.9,0.0
6172027147,DP0033,65.0,48.4,0.0
6164739511,DP0041,50.0,34.5,0.0
6171517985,DP0041,55.0,35.4,0.0
6169897308,DP0009,65.0,59.0,0.0
6167278936,DP0041,55.0,42.3,0.0
6170222522,DP0005,60.0,32.5,0.0
6161964081,DP0041,65.0,61.8,0.0
6170646205,DP0046,65.0,53.7,0.0
6161105223,DP0026,50.0,30.6,0.0
6170665734,DP0041,75.0,46.2,0.0
6160895945,DP0031,55.0,19.0,0.0
6158392881,DP0002,55.0,35.1,0.0
6166911962,DP0032,65.0,32.9,0.0
6192132556,DP0041,75.0,67.3,0.0
6197648303,DP0041,45.0,48.8,1.0
6189818000,DP0006,50.0,41.0,0.0
6190084339,DP0043,55.0,41.5,0.0
6191529282,DP0041,50.0,30.8,0.0
6196828319,DP0043,50.0,52.2,1.0
6178280655,DP0041,65.0,39.4,0.0
6191345004,DP0041,50.0,28.3,0.0
6195912742,DP0007,55.0,38.2,0.0
6193377699,DP0009,75.0,82.9,1.0
6187834366,DP0048,45.0,64.3,1.0
6192268631,DP0015,65.0,53.0,0.0
6191208278,DP0048,45.0,52.0,1.0
6192303685,DP0041,60.0,44.6,0.0
6196494106,DP0008,60.0,38.9,0.0
6189671788,DP0006,70.0,63.0,0.0
6176293613,DP0015,55.0,31.2,0.0
6186421102,DP0043,50.0,23.8,0.0
6196422400,DP0037,40.0,35.0,0.0
6195646126,DP0033,85.0,73.8,0.0
6189045385,DP0021,65.0,54.7,0.0
6187787388,DP0008,60.0,37.5,0.0
6194318616,DP0041,65.0,53.4,0.0
6191160238,DP0008,70.0,56.8,0.0
6192047831,DP0043,65.0,49.9,0.0
6189425117,DP0029,50.0,44.7,0.0
6193557663,DP0030,45.0,36.2,0.0
6178908671,DP0041,50.0,35.8,0.0
6190632459,DP0039,70.0,53.8,0.0
6190404785,DP0050,65.0,76.4,1.0
6193352696,DP0041,40.0,39.5,0.0
6195301032,DP0005,60.0,54.3,0.0
6195046840,DP0041,50.0,39.5,0.0
6193305059,DP0008,55.0,42.9,0.0
6188929337,DP0005,45.0,50.4,1.0
6190825038,DP0048,60.0,72.9,1.0
6194140164,DP0041,60.0,41.3,0.0
6192598917,DP0048,55.0,101.2,1.0
6187616462,DP0041,60.0,51.4,0.0
6194881328,DP0041,55.0,41.6,0.0
6189070391,DP0009,50.0,37.4,0.0
6191650326,DP0018,55.0,48.7,0.0
6191849395,DP0043,65.0,53.2,0.0
6193375369,DP0028,55.0,35.2,0.0
6192371981,DP0042,55.0,40.8,0.0
6189540298,DP0041,40.0,36.9,0.0
6187700674,DP0011,55.0,44.5,0.0
6191907662,DP0041,50.0,42.8,0.0
6191236027,DP0041,50.0,30.3,0.0
6189885872,DP0015,50.0,30.3,0.0
6190153402,DP0042,45.0,32.1,0.0
6186357261,DP0041,40.0,21.2,0.0
6183867788,DP0009,60.0,50.6,0.0
6190374306,DP0041,45.0,32.9,0.0
6188253247,DP0050,45.0,26.0,0.0
6188245533,DP0008,50.0,33.0,0.0
6181213665,DP0041,45.0,26.4,0.0
6190018033,DP0015,55.0,34.4,0.0
6184623962,DP0041,65.0,42.3,0.0
6182439203,DP0041,65.0,39.7,0.0
6185553650,DP0020,50.0,25.9,0.0
6173555071,DP0024,70.0,63.9,0.0
6183188203,DP0041,40.0,22.1,0.0
6186800797,DP0041,45.0,35.0,0.0
6186082035,DP0041,45.0,33.1,0.0
6175153775,DP0008,40.0,51.0,1.0
6185294017,DP0043,65.0,54.2,0.0
6177972740,DP0041,45.0,29.0,0.0
6182783622,DP0043,50.0,44.7,0.0
6178369114,DP0008,50.0,31.3,0.0
6183993324,DP0041,65.0,60.1,0.0
6183393845,DP0041,50.0,44.0,0.0
6185360907,DP0028,45.0,37.6,0.0
6184579567,DP0041,40.0,41.5,1.0
6182748830,DP0005,50.0,47.7,0.0
6176325624,DP0041,50.0,35.6,0.0
6183283365,DP0041,50.0,32.5,0.0
6184046477,DP0005,75.0,53.2,0.0
6178712860,DP0041,45.0,28.3,0.0
6184801908,DP0041,55.0,29.9,0.0
6180838740,DP0005,40.0,24.9,0.0
6181367331,DP0048,65.0,82.0,1.0
6183049002,DP0046,45.0,44.5,0.0
6184422638,DP0041,75.0,79.7,1.0
6182131964,DP0006,50.0,37.4,0.0
6181361899,DP0041,50.0,40.2,0.0
6184000619,DP0041,45.0,38.2,0.0
6182472328,DP0021,50.0,60.1,1.0
6174712751,DP0041,55.0,32.9,0.0
6182279992,DP0041,50.0,29.7,0.0
6180719286,DP0041,50.0,34.1,0.0
6182490198,DP0039,55.0,48.0,0.0
6166933253,DP0041,45.0,26.0,0.0
6180806764,DP0043,55.0,40.8,0.0
6181333003,DP0028,55.0,36.9,0.0
6179956658,DP0041,55.0,41.2,0.0
6180210949,DP0043,60.0,48.1,0.0
6179376329,DP0041,50.0,41.8,0.0
6162645515,DP0039,65.0,44.6,0.0
6170201964,DP0041,40.0,33.2,0.0
6179478440,DP0041,55.0,34.9,0.0
6180819744,DP0041,50.0,42.8,0.0
6173620708,DP0041,65.0,47.1,0.0
6181363065,DP0050,55.0,67.4,1.0
6177546812,DP0005,50.0,55.2,1.0
6170593019,DP0001,90.0,65.8,0.0
6181691698,DP0041,60.0,41.2,0.0
6179879305,DP0020,60.0,42.4,0.0
6173320581,DP0016,65.0,43.5,0.0
6177143315,DP0021,40.0,30.8,0.0
6176833600,DP0019,45.0,26.6,0.0
6179388140,DP0005,40.0,23.4,0.0
6180906759,DP0048,55.0,56.6,1.0
6181210180,DP0015,65.0,64.8,0.0
6175358505,DP0041,50.0,31.7,0.0
6181050254,DP0041,70.0,72.0,1.0
6179801279,DP0043,45.0,33.6,0.0
6178081018,DP0004,45.0,48.6,1.0
6179859548,DP0043,60.0,34.4,0.0
6170955242,DP0041,65.0,55.0,0.0
6179030421,DP0041,60.0,41.9,0.0
6178517674,DP0041,50.0,35.9,0.0
6164498834,DP0041,55.0,38.9,0.0
6180100878,DP0026,55.0,60.6,1.0
6161630910,DP0041,45.0,28.6,0.0
6174328437,DP0041,50.0,47.4,0.0
6175158144,DP0041,55.0,37.4,0.0
6179036377,DP0049,65.0,53.5,0.0
6175868858,DP0015,70.0,69.6,0.0
6180083728,DP0050,55.0,52.7,0.0
6177296489,DP0005,55.0,49.5,0.0
6153588524,DP0001,45.0,38.5,0.0
6168863888,DP0005,55.0,52.5,0.0
6173228867,DP0026,40.0,44.5,1.0
6176545172,DP0041,55.0,53.9,0.0
6174538800,DP0005,55.0,35.6,0.0
6179981927,DP0002,60.0,41.8,0.0
6173250134,DP0044,50.0,39.1,0.0
6177947997,DP0041,40.0,62.4,1.0
6179709528,DP0041,45.0,52.2,1.0
6086766700,DP0043,50.0,86.0,1.0
6172349680,DP0041,45.0,50.9,1.0
6177192707,DP0007,45.0,78.9,1.0
6170444952,DP0034,50.0,112.9,1.0
6177900943,DP0041,50.0,96.3,1.0
6179075754,DP0019,50.0,131.7,1.0
6168448908,DP0041,55.0,82.6,1.0
6176632419,DP0003,55.0,61.0,1.0
6173947543,DP0021,50.0,57.3,1.0
6179324925,DP0041,45.0,63.1,1.0
6169055234,DP0041,45.0,67.0,1.0
6172803548,DP0041,65.0,63.5,0.0
6171616982,DP0041,50.0,63.6,1.0
6166412153,DP0002,50.0,74.6,1.0
6152742785,DP0006,55.0,80.2,1.0
6178737057,DP0043,50.0,88.0,1.0
6159872575,DP0041,50.0,48.9,0.0
6178656619,DP0007,55.0,57.3,1.0
6177165395,DP0043,55.0,58.9,1.0
6178899347,DP0016,55.0,76.7,1.0
6177905427,DP0041,45.0,38.2,0.0
6179464440,DP0008,40.0,62.9,1.0
6177644928,DP0041,50.0,49.8,0.0
6172196995,DP0041,50.0,50.5,1.0
6173030104,DP0015,40.0,60.6,1.0
6178620137,DP0043,45.0,65.8,1.0
6175930816,DP0034,55.0,51.4,0.0
6175542324,DP0019,60.0,65.4,1.0
6175594643,DP0008,45.0,52.5,1.0
6176646316,DP0019,60.0,65.4,1.0
6176466603,DP0003,45.0,40.5,0.0
6173764595,DP0041,55.0,66.1,1.0
6178196099,DP0043,50.0,59.5,1.0
6168451326,DP0041,40.0,34.5,0.0
6168747163,DP0015,40.0,65.5,1.0
6175749910,DP0005,45.0,43.3,0.0
6169157062,DP0015,40.0,30.9,0.0
6175052597,DP0037,50.0,57.6,1.0
6173924572,DP0041,50.0,60.6,1.0
6176431379,DP0013,40.0,55.1,1.0
6176429250,DP0041,45.0,33.9,0.0
6164526156,DP0043,45.0,39.4,0.0
6175691356,DP0040,40.0,34.4,0.0
6170028209,DP0041,55.0,42.9,0.0
6175214005,DP0041,50.0,27.0,0.0
6169816307,DP0041,40.0,36.9,0.0
6169348235,DP0041,45.0,21.2,0.0
6174504557,DP0041,50.0,41.1,0.0
6171967524,DP0015,50.0,32.9,0.0
6164412913,DP0021,50.0,40.4,0.0
6169494928,DP0019,55.0,39.8,0.0
6171669390,DP0041,50.0,38.6,0.0
6173475886,DP0007,50.0,36.3,0.0
6171086580,DP0043,55.0,33.3,0.0
6171962090,DP0041,40.0,58.2,1.0
6168984363,DP0034,45.0,29.1,0.0
6171670433,DP0009,55.0,47.0,0.0
6167884153,DP0043,70.0,55.0,0.0
6169445008,DP0041,65.0,53.9,0.0
6150914518,DP0041,50.0,33.4,0.0
6171865708,DP0019,50.0,38.9,0.0
6170091281,DP0034,45.0,31.4,0.0
6171337475,DP0006,60.0,64.4,1.0
6167374391,DP0013,50.0,46.9,0.0
6170079896,DP0041,50.0,48.5,0.0
6199300180,DP0041,40.0,53.9,1.0
6195880692,DP0041,50.0,39.3,0.0
6196950518,DP0043,60.0,44.8,0.0
6195619078,DP0041,50.0,54.6,1.0
6194214623,DP0041,50.0,38.6,0.0
6192090892,DP0026,40.0,42.9,1.0
6180757886,DP0044,50.0,34.3,0.0
6192032304,DP0005,50.0,34.2,0.0
6188474720,DP0043,45.0,24.8,0.0
6190345090,DP0042,50.0,33.3,0.0
6188871801,DP0008,50.0,38.5,0.0
6188020541,DP0041,45.0,30.4,0.0
6184892723,DP0043,50.0,29.7,0.0
6186599206,DP0041,45.0,32.5,0.0
6186538695,DP0043,40.0,40.2,1.0
6183619340,DP0044,45.0,31.4,0.0
6181609269,DP0038,50.0,37.1,0.0
6183973282,DP0030,55.0,49.0,0.0
6181006852,DP0044,55.0,37.9,0.0
6179526142,DP0041,55.0,90.2,1.0
6178511506,,,,
6173093197,DP0005,50.0,96.9,1.0
6176018686,,,,
6175888748,DP0043,50.0,62.2,1.0
6176183830,DP0043,60.0,84.4,1.0
6178801238,DP0041,50.0,66.8,1.0
6173665290,DP0008,50.0,83.4,1.0
6178743835,DP0019,50.0,66.0,1.0
6179116865,DP0043,55.0,46.1,0.0
6179036417,DP0012,45.0,41.4,0.0
6158606568,DP0019,50.0,33.9,0.0
6177382442,DP0008,50.0,33.2,0.0
6176245022,DP0041,55.0,77.4,1.0
6162738906,DP0045,55.0,55.2,1.0
6175357028,DP0019,50.0,33.6,0.0
6171931266,DP0041,65.0,45.3,0.0
6176986624,DP0041,50.0,45.9,0.0
6176805040,DP0050,55.0,47.3,0.0
6171527532,DP0007,50.0,24.3,0.0
6169893373,DP0041,40.0,30.5,0.0
6161311270,DP0032,55.0,36.6,0.0
6172516561,DP0043,55.0,31.2,0.0
6157754363,DP0041,55.0,32.4,0.0
6171632477,DP0007,55.0,44.3,0.0
6163011183,DP0041,50.0,56.9,1.0
6153623116,DP0041,45.0,51.8,1.0
6169707610,DP0001,50.0,34.4,0.0
6172443660,DP0043,55.0,41.2,0.0
6162776181,DP0012,50.0,30.2,0.0
6170123173,DP0041,65.0,45.6,0.0
6171011982,DP0037,55.0,36.5,0.0
6171894603,DP0041,50.0,34.6,0.0
6171371140,DP0029,50.0,34.0,0.0
6170209446,DP0043,50.0,28.2,0.0
6170558879,DP0041,65.0,38.5,0.0
6171239165,DP0041,50.0,37.7,0.0
6166000623,DP0041,70.0,63.5,0.0
6159184379,DP0041,50.0,59.9,1.0
6170741873,DP0005,60.0,57.3,0.0
6170247794,DP0033,50.0,51.9,1.0
6157524799,DP0043,45.0,28.1,0.0
6194302259,DP0008,40.0,37.1,0.0
6192540219,DP0041,40.0,32.2,0.0
6193901436,DP0048,40.0,48.1,1.0
6197728201,DP0005,65.0,43.3,0.0
6189078720,DP0041,50.0,24.6,0.0
6196423151,DP0041,50.0,38.8,0.0
6198125582,DP0041,70.0,50.7,0.0
6197392688,DP0005,50.0,40.2,0.0
6194298733,DP0005,40.0,25.9,0.0
6195722149,DP0041,55.0,52.7,0.0
6193313826,DP0041,40.0,46.6,1.0
6187949769,DP0041,75.0,43.4,0.0
6192789870,DP0041,50.0,24.7,0.0
6193655194,DP0006,40.0,22.6,0.0
6196417399,DP0041,50.0,40.0,0.0
6192340494,DP0016,40.0,34.9,0.0
6188614100,DP0043,40.0,23.2,0.0
6166125709,DP0043,55.0,54.1,0.0
6196358754,DP0041,40.0,22.3,0.0
6179788077,DP0046,55.0,47.8,0.0
6192131224,DP0005,50.0,22.3,0.0
6189839711,DP0041,45.0,23.0,0.0
6183121050,DP0025,60.0,38.5,0.0
6189425062,DP0043,40.0,24.5,0.0
6194631723,DP0019,70.0,48.5,0.0
6192309517,DP0041,50.0,28.2,0.0
6187333914,DP0043,75.0,48.9,0.0
6183991741,DP0005,40.0,26.1,0.0
6195153137,DP0033,55.0,37.3,0.0
6184295077,DP0041,45.0,31.4,0.0
6164304576,DP0040,55.0,47.9,0.0
6193895255,DP0019,45.0,25.4,0.0
6193690140,DP0015,40.0,23.4,0.0
6191209042,DP0008,55.0,47.7,0.0
6187275291,DP0043,40.0,23.5,0.0
6195018078,DP0041,45.0,25.2,0.0
6195270846,DP0005,60.0,38.6,0.0
6193728395,DP0032,50.0,28.3,0.0
6193570075,DP0028,40.0,25.3,0.0
6190542750,DP0012,50.0,37.2,0.0
6195218420,DP0039,45.0,38.0,0.0
6194227745,DP0025,40.0,33.5,0.0
6193370892,DP0026,40.0,22.4,0.0
6189047327,DP0041,40.0,18.7,0.0
6161310935,DP0015,45.0,25.8,0.0
6192589904,,,,
6181254214,DP0041,55.0,69.7,1.0
6185866362,DP0041,55.0,35.0,0.0
6188946506,DP0041,40.0,25.9,0.0
6187940798,DP0041,40.0,24.7,0.0
6193247696,DP0043,40.0,19.2,0.0
6177279337,DP0041,40.0,17.9,0.0
6191126196,DP0041,50.0,26.8,0.0
6192403161,DP0042,40.0,23.4,0.0
6190844289,DP0041,45.0,54.3,1.0
6191011970,DP0019,45.0,37.9,0.0
6190999540,DP0015,50.0,20.0,0.0
6184062371,DP0008,105.0,71.4,0.0
6186307701,DP0043,45.0,30.1,0.0
6182883586,DP0041,40.0,59.6,1.0
6183691132,DP0044,55.0,43.6,0.0
6188749638,DP0041,45.0,22.4,0.0
6187823572,DP0041,40.0,39.0,0.0
6185792712,DP0005,45.0,28.2,0.0
6187215100,DP0041,55.0,45.8,0.0
6181907772,DP0041,50.0,32.9,0.0
6181398600,DP0049,55.0,35.4,0.0
6180959459,DP0016,50.0,43.9,0.0
6183215266,DP0041,45.0,30.4,0.0
6167700954,DP0041,40.0,24.5,0.0
6185783127,DP0041,45.0,32.7,0.0
6184329517,DP0041,40.0,21.6,0.0
6182397914,DP0041,50.0,28.9,0.0
6180429984,DP0015,40.0,27.2,0.0
6185030417,DP0041,45.0,28.9,0.0
6181885395,DP0041,70.0,50.8,0.0
6181362376,DP0043,50.0,33.7,0.0
6177828905,DP0043,45.0,29.3,0.0
6184597529,DP0021,50.0,31.7,0.0
6179722896,DP0019,50.0,31.1,0.0
6174927558,DP0049,65.0,39.4,0.0
6169935162,DP0041,40.0,31.0,0.0
6151343296,DP0043,45.0,29.6,0.0
6182387851,DP0009,45.0,40.5,0.0
6182353976,DP0041,55.0,32.9,0.0
6176371434,DP0041,75.0,52.1,0.0
6180480937,DP0046,70.0,64.0,0.0
6176581058,DP0026,50.0,22.4,0.0
6177094994,DP0041,50.0,33.9,0.0
6174143140,DP0041,45.0,29.7,0.0
6170946556,DP0005,70.0,42.2,0.0
6158688462,DP0041,75.0,41.0,0.0
6182001735,DP0041,60.0,32.8,0.0
6169939785,DP0043,50.0,25.7,0.0
6181101038,DP0041,50.0,32.6,0.0
6171831134,DP0015,50.0,32.3,0.0
6177410930,DP0005,40.0,21.0,0.0
6177956209,DP0037,45.0,27.5,0.0
6180771829,DP0021,55.0,30.2,0.0
6173346711,DP0041,50.0,27.8,0.0
6181476872,DP0028,55.0,35.5,0.0
6170352432,DP0046,50.0,47.9,0.0
6180974078,DP0047,55.0,38.8,0.0
6178538716,DP0041,45.0,24.7,0.0
6180612605,DP0043,55.0,31.9,0.0
6178608319,DP0041,75.0,47.7,0.0
6179130984,DP0041,40.0,23.4,0.0
6180957346,DP0012,40.0,28.3,0.0
6176850731,DP0041,45.0,26.2,0.0
6159833829,DP0041,45.0,21.0,0.0
6179316148,DP0043,50.0,22.4,0.0
6180640607,DP0041,70.0,47.9,0.0
6180538610,DP0043,40.0,27.0,0.0
6178193574,DP0041,45.0,39.0,0.0
6172979746,DP0008,40.0,24.0,0.0
6173375634,DP0050,40.0,49.2,1.0
6175441305,DP0041,45.0,25.5,0.0
6177218723,DP0033,45.0,28.0,0.0
6175388314,DP0041,50.0,28.7,0.0
6180395346,DP0007,45.0,26.9,0.0
6178618263,DP0041,45.0,20.6,0.0
6176665809,DP0041,40.0,32.2,0.0
6176200517,DP0035,40.0,30.0,0.0
6169263339,DP0047,50.0,48.2,0.0
6173470822,DP0041,50.0,24.6,0.0
6178577898,DP0015,60.0,50.7,0.0
6177523740,DP0041,55.0,31.5,0.0
6171705610,DP0043,50.0,29.8,0.0
6174367649,DP0010,50.0,41.4,0.0
6175759176,DP0015,45.0,30.1,0.0
6167133972,DP0002,40.0,21.4,0.0
6162716669,DP0002,40.0,22.0,0.0
6178289592,DP0042,40.0,19.3,0.0
6164027253,DP0041,40.0,25.1,0.0
6178283627,DP0028,40.0,31.7,0.0
6176720945,DP0041,55.0,35.9,0.0
6177636384,DP0033,40.0,21.0,0.0
6153474735,DP0047,50.0,32.1,0.0
6164570661,DP0048,40.0,47.9,1.0
6167981836,DP0033,70.0,45.7,0.0
6171429629,DP0043,40.0,20.6,0.0
6176671135,DP0041,55.0,32.4,0.0
6172900431,DP0021,50.0,26.1,0.0
6177263287,DP0015,40.0,22.5,0.0
6169925228,,,,
6174509419,DP0041,45.0,18.9,0.0
6173562548,DP0047,40.0,27.9,0.0
6174587182,DP0041,85.0,58.8,0.0
6175160095,DP0043,40.0,28.4,0.0
6172335776,DP0041,45.0,19.2,0.0
6169818219,DP0043,50.0,28.8,0.0
6171401267,DP0041,40.0,21.1,0.0
6174513027,DP0030,50.0,25.5,0.0
6174582715,DP0041,55.0,43.5,0.0
6173251427,DP0041,50.0,35.5,0.0
6173383681,DP0005,40.0,30.1,0.0
6171435061,DP0041,40.0,26.2,0.0
6153897523,DP0011,45.0,21.7,0.0
6169396347,DP0041,50.0,23.2,0.0
6171392401,DP0041,40.0,28.5,0.0
6163296350,DP0019,50.0,49.0,0.0
6172469478,DP0018,45.0,31.9,0.0
6171895305,DP0034,55.0,39.8,0.0
6155995936,DP0043,40.0,28.3,0.0
6167227451,DP0001,45.0,20.4,0.0
6164729070,DP0043,40.0,18.3,0.0
6171950329,DP0008,55.0,41.0,0.0
6164991808,DP0049,65.0,58.8,0.0
6166735927,DP0047,45.0,25.2,0.0
6170838702,DP0041,70.0,41.4,0.0
6170520208,DP0041,45.0,48.8,1.0
6169513840,DP0041,60.0,38.3,0.0
6171140962,DP0041,45.0,31.0,0.0
6169739382,DP0005,60.0,42.1,0.0
6164509570,DP0005,45.0,39.6,0.0
6189206809,DP0005,45.0,31.9,0.0
6178584892,DP0039,45.0,33.2,0.0
6175765366,DP0019,40.0,65.9,1.0
6165831486,DP0041,55.0,29.2,0.0
6193467594,DP0050,40.0,37.5,0.0
6187475645,DP0032,50.0,25.5,0.0
6193551334,DP0041,55.0,61.5,1.0
6190987400,DP0037,55.0,60.8,1.0
6190771610,DP0043,50.0,41.6,0.0
6192263630,DP0043,50.0,29.3,0.0
6195820246,DP0043,55.0,35.7,0.0
6194808976,DP0048,55.0,42.1,0.0
6190440431,DP0004,40.0,46.8,1.0
6188564457,DP0043,40.0,17.7,0.0
6193998787,DP0041,50.0,28.6,0.0
6192451842,DP0015,60.0,32.5,0.0
6192913517,DP0047,55.0,38.3,0.0
6194678084,DP0008,50.0,34.6,0.0
6190936645,DP0041,50.0,37.3,0.0
6194269084,DP0015,50.0,32.9,0.0
6189807130,DP0038,45.0,43.0,0.0
6194240925,DP0041,55.0,46.1,0.0
6193633480,DP0041,40.0,19.8,0.0
6194623172,DP0038,40.0,27.6,0.0
6186114497,DP0024,50.0,30.6,0.0
6187309811,DP0043,55.0,34.2,0.0
6187688774,DP0008,45.0,36.6,0.0
6185277055,DP0038,50.0,24.6,0.0
6191440285,DP0043,50.0,32.2,0.0
6186908163,DP0043,60.0,40.3,0.0
6186398389,DP0034,50.0,28.7,0.0
6185572040,DP0041,50.0,29.1,0.0
6177928897,DP0041,50.0,36.2,0.0
6186170864,DP0043,50.0,43.4,0.0
6186500294,DP0041,50.0,33.4,0.0
6178592638,DP0015,55.0,35.2,0.0
6174143682,DP0019,45.0,48.9,1.0
6174807322,DP0019,40.0,31.5,0.0
6181776994,DP0041,45.0,23.1,0.0
6182540814,DP0005,55.0,43.2,0.0
6182071413,DP0041,45.0,52.7,1.0
6176486274,DP0028,65.0,43.6,0.0
6183249945,DP0019,40.0,38.0,0.0
6183306384,DP0043,55.0,36.0,0.0
6173923604,DP0041,55.0,40.6,0.0
6176504343,DP0006,65.0,36.8,0.0
6181333826,DP0042,45.0,32.1,0.0
6178923627,DP0005,45.0,38.3,0.0
6173483268,DP0041,55.0,39.9,0.0
6176337274,DP0041,50.0,28.1,0.0
6176383948,DP0028,50.0,37.9,0.0
6180869098,DP0041,45.0,24.9,0.0
6180759991,DP0041,40.0,30.0,0.0
6179945640,DP0041,40.0,22.6,0.0
6177098516,DP0005,50.0,32.9,0.0
6173699084,DP0019,40.0,25.4,0.0
6174010856,DP0043,40.0,32.3,0.0
6181113158,DP0033,65.0,55.2,0.0
6180860660,DP0041,50.0,40.2,0.0
6181151854,DP0041,55.0,25.6,0.0
6175326683,DP0041,65.0,49.8,0.0
6178130612,DP0005,75.0,61.2,0.0
6172545297,,,,
6175843656,DP0041,60.0,50.8,0.0
6170026112,DP0015,50.0,39.8,0.0
6174639240,DP0015,50.0,24.9,0.0
6161716199,DP0002,55.0,34.1,0.0
6176115695,DP0039,60.0,36.9,0.0
6176744201,DP0043,40.0,26.2,0.0
6174441975,DP0005,40.0,41.4,1.0
6170232152,DP0013,45.0,29.1,0.0
6170523212,DP0021,40.0,35.5,0.0
6169889246,DP0041,40.0,33.3,0.0
6171513064,DP0041,50.0,39.9,0.0
6172006089,DP0037,45.0,27.7,0.0
6191691650,DP0041,40.0,27.4,0.0
6196999855,DP0041,60.0,54.6,0.0
6194025409,DP0043,65.0,49.1,0.0
6195338647,DP0041,45.0,43.6,0.0
6189751961,DP0019,50.0,40.8,0.0
6188470637,DP0019,60.0,41.3,0.0
6190897746,DP0008,40.0,27.3,0.0
6183830648,DP0026,50.0,34.7,0.0
6186794576,DP0050,40.0,48.7,1.0
6187098057,DP0035,50.0,40.9,0.0
6184841276,DP0015,40.0,50.1,1.0
6184284218,DP0041,50.0,48.9,0.0
6174141128,DP0041,50.0,52.6,1.0
6181515014,DP0008,40.0,36.2,0.0
6177894736,DP0031,60.0,40.2,0.0
6181316333,DP0037,50.0,37.1,0.0
6174798038,DP0041,55.0,47.9,0.0
6174778597,DP0003,40.0,30.5,0.0
6175256083,DP0019,55.0,41.7,0.0
6166146592,DP0041,50.0,40.2,0.0
6173995316,DP0019,40.0,26.4,0.0
6175266575,DP0041,40.0,25.0,0.0
6172390937,DP0041,40.0,24.7,0.0
6162987484,DP0028,55.0,35.0,0.0
6174457742,DP0046,45.0,56.8,1.0
6172409551,DP0041,40.0,26.0,0.0
6173031011,DP0008,50.0,33.1,0.0
6171727037,DP0041,90.0,70.4,0.0
6167632594,DP0041,40.0,25.1,0.0
6167674467,DP0041,60.0,48.0,0.0
6170561677,DP0010,50.0,52.4,1.0
6161312611,DP0048,45.0,42.7,0.0
6168477938,DP0039,40.0,36.6,0.0
6174367221,,,,
6176445953,DP0012,55.0,117.8,1.0
6221451261,DP0006,45.0,28.6,0.0
6228361576,DP0041,40.0,35.8,0.0
6225311895,DP0008,40.0,33.1,0.0
6220325963,DP0008,50.0,33.1,0.0
6223532563,,,,
6226261679,DP0027,55.0,24.3,0.0
6219998639,DP0005,50.0,42.0,0.0
6223389637,DP0005,50.0,44.7,0.0
6224457506,DP0008,40.0,27.3,0.0
6223274014,DP0015,50.0,36.3,0.0
6225115560,DP0041,55.0,38.4,0.0
6220439350,DP0008,50.0,39.6,0.0
6218607803,DP0007,45.0,23.7,0.0
6225026243,DP0041,50.0,30.8,0.0
6224652653,DP0041,45.0,20.4,0.0
6219156896,DP0039,65.0,42.8,0.0
6224902671,DP0041,55.0,50.1,0.0
6220889033,DP0021,45.0,40.7,0.0
6207413426,DP0041,40.0,46.2,1.0
6225144990,DP0041,55.0,35.4,0.0
6224982786,DP0033,50.0,29.3,0.0
6224794746,DP0043,50.0,37.7,0.0
6217510691,DP0003,50.0,37.5,0.0
6221970985,DP0041,50.0,27.5,0.0
6220146268,DP0008,55.0,32.9,0.0
6214277407,DP0041,75.0,52.5,0.0
6217876955,DP0041,50.0,33.5,0.0
6220882924,DP0043,45.0,22.1,0.0
6212096346,DP0006,45.0,30.7,0.0
6220787508,DP0041,55.0,36.4,0.0
6214798432,DP0041,45.0,32.9,0.0
6221466318,DP0041,50.0,33.3,0.0
6214694634,DP0041,50.0,39.5,0.0
6210712342,DP0041,45.0,24.6,0.0
6214632243,DP0038,45.0,42.8,0.0
6220656727,DP0021,40.0,27.1,0.0
6220074304,DP0041,50.0,27.8,0.0
6220040232,DP0007,50.0,32.0,0.0
6219061762,DP0047,65.0,44.4,0.0
6209431017,DP0041,50.0,20.9,0.0
6207426810,DP0047,75.0,66.2,0.0
6219249992,DP0015,50.0,26.7,0.0
6215356169,DP0043,45.0,30.8,0.0
6217236358,DP0041,55.0,36.6,0.0
6212483588,DP0041,50.0,35.7,0.0
6206924479,DP0041,60.0,56.0,0.0
6216934060,DP0022,55.0,49.1,0.0
6205912184,DP0041,45.0,35.5,0.0
6214273932,DP0041,50.0,38.2,0.0
6210035251,DP0005,45.0,27.1,0.0
6215699177,DP0021,55.0,59.2,1.0
6213444641,DP0043,55.0,33.3,0.0
6211266618,DP0043,55.0,47.4,0.0
6212295616,DP0049,45.0,36.9,0.0
6197845736,DP0041,50.0,35.4,0.0
6206305312,DP0018,70.0,44.3,0.0
6208769169,DP0009,50.0,31.9,0.0
6206914231,DP0012,60.0,57.1,0.0
6207655847,DP0003,40.0,24.1,0.0
6204380420,DP0033,45.0,66.2,1.0
6213169119,DP0013,55.0,47.6,0.0
6207891307,DP0036,55.0,49.9,0.0
6212070654,DP0043,55.0,40.5,0.0
6210184892,DP0038,50.0,35.5,0.0
6212256038,DP0043,50.0,28.3,0.0
6207763024,DP0041,50.0,46.3,0.0
6211807688,DP0018,45.0,44.9,0.0
6206620187,DP0028,65.0,42.6,0.0
6209640767,DP0005,40.0,20.9,0.0
6203362601,DP0026,55.0,34.5,0.0
6207992461,DP0041,55.0,37.3,0.0
6204992177,DP0005,55.0,40.4,0.0
6209150253,DP0015,55.0,54.8,0.0
6209662596,DP0031,40.0,23.3,0.0
6210602932,DP0049,50.0,20.9,0.0
6206956889,DP0041,65.0,50.6,0.0
6210639416,DP0041,50.0,36.3,0.0
6210834239,DP0007,65.0,58.8,0.0
6203583820,DP0041,75.0,66.9,0.0
6206361631,DP0041,50.0,35.3,0.0
6209509486,DP0041,70.0,41.1,0.0
6205234388,DP0049,50.0,53.2,1.0
6208952391,DP0024,45.0,34.1,0.0
6200281420,DP0044,55.0,42.0,0.0
6202410241,DP0043,50.0,49.1,0.0
6193400017,,,,
6206332248,DP0039,65.0,60.7,0.0
6201014743,DP0048,45.0,61.2,1.0
6208940488,DP0006,40.0,29.3,0.0
6202936519,DP0041,50.0,42.2,0.0
6206095704,DP0048,50.0,37.4,0.0
6204862083,DP0041,45.0,46.0,1.0
6207605239,DP0013,50.0,28.0,0.0
6198266659,DP0041,65.0,44.8,0.0
6207570675,DP0015,40.0,30.5,0.0
6182705353,DP0041,55.0,28.3,0.0
6204194649,DP0005,50.0,60.1,1.0
6206427002,DP0041,65.0,43.4,0.0
6203987825,DP0041,40.0,41.3,1.0
6200793882,DP0041,50.0,56.3,1.0
6204471766,DP0041,50.0,38.3,0.0
6202913694,DP0041,65.0,67.7,1.0
6200751061,DP0041,50.0,31.6,0.0
6199237811,DP0008,50.0,22.2,0.0
6203232688,DP0041,55.0,47.1,0.0
6193292792,DP0010,75.0,66.7,0.0
6202145809,DP0043,45.0,29.7,0.0
6201105699,DP0005,45.0,33.9,0.0
6193312922,DP0038,65.0,45.1,0.0
6200148793,DP0041,55.0,35.5,0.0
6194359691,DP0041,45.0,37.9,0.0
6195931643,DP0006,60.0,45.2,0.0
6195925054,DP0041,70.0,58.4,0.0
6193047710,DP0041,50.0,38.1,0.0
6196122911,DP0041,50.0,37.3,0.0
6198738975,DP0029,45.0,34.5,0.0
6193894597,DP0041,50.0,37.5,0.0
6197459363,DP0039,65.0,60.9,0.0
6197927767,DP0041,55.0,42.0,0.0
6195036124,DP0041,45.0,34.6,0.0
6191207395,DP0041,40.0,44.0,1.0
6200017587,DP0018,50.0,29.2,0.0
6200690859,DP0001,55.0,44.8,0.0
6198259554,DP0010,50.0,36.0,0.0
6200553910,DP0007,50.0,38.8,0.0
6195503387,DP0039,65.0,60.8,0.0
6188146587,DP0041,60.0,61.3,1.0
6195384123,DP0015,60.0,48.9,0.0
6198161592,DP0044,45.0,23.5,0.0
6198905730,DP0002,75.0,49.9,0.0
6198366615,DP0041,50.0,45.0,0.0
6199061396,DP0041,50.0,38.7,0.0
6199331668,DP0029,45.0,38.3,0.0
6193517117,DP0005,45.0,17.8,0.0
6220535950,DP0041,55.0,44.3,0.0
6227296314,DP0032,40.0,25.9,0.0
6225708148,DP0044,40.0,24.1,0.0
6227664094,DP0041,45.0,26.0,0.0
6225240584,DP0044,50.0,35.2,0.0
6224408506,DP0015,55.0,41.8,0.0
6224061886,DP0041,40.0,37.8,0.0
6226290354,DP0041,50.0,25.6,0.0
6221663829,DP0041,60.0,48.3,0.0
6223369880,DP0015,50.0,23.3,0.0
6198030469,DP0041,55.0,33.7,0.0
6213509579,DP0041,50.0,29.7,0.0
6222766082,DP0041,50.0,24.9,0.0
6225612409,DP0024,50.0,29.5,0.0
6224238954,DP0043,45.0,27.6,0.0
6222131170,DP0005,50.0,37.2,0.0
6225262476,DP0041,40.0,26.2,0.0
6221253068,DP0043,55.0,35.8,0.0
6219405937,DP0041,65.0,41.3,0.0
6224033012,DP0041,40.0,25.5,0.0
6224546088,DP0039,45.0,31.6,0.0
6214777267,DP0050,50.0,71.7,1.0
6221180205,DP0015,40.0,41.1,1.0
6222720287,DP0041,45.0,48.8,1.0
6222581665,DP0041,45.0,33.9,0.0
6219837552,DP0041,60.0,62.1,1.0
6223018698,DP0015,60.0,39.0,0.0
6221721173,DP0041,55.0,38.4,0.0
6221822202,DP0041,50.0,29.4,0.0
6212477053,DP0005,55.0,44.9,0.0
6218536711,DP0043,45.0,32.5,0.0
6221652831,DP0004,55.0,59.3,1.0
6213128151,DP0028,45.0,31.9,0.0
6219742771,DP0002,40.0,23.4,0.0
6209690465,DP0005,45.0,30.7,0.0
6221737201,DP0043,40.0,17.0,0.0
6220702584,DP0028,55.0,31.2,0.0
6218999192,DP0038,40.0,23.5,0.0
6219610705,DP0015,40.0,33.5,0.0
6220763207,DP0041,50.0,44.2,0.0
6200657605,DP0041,50.0,38.8,0.0
6201150314,DP0029,55.0,39.3,0.0
6218269740,DP0026,55.0,31.3,0.0
6217492938,DP0043,45.0,32.6,0.0
6217075732,DP0032,55.0,39.0,0.0
6216861385,DP0041,40.0,29.1,0.0
6215811807,DP0019,45.0,29.5,0.0
6218905909,DP0041,40.0,26.6,0.0
6213510292,DP0033,50.0,27.5,0.0
6218793650,DP0041,50.0,34.1,0.0
6213851724,DP0019,40.0,41.2,1.0
6213771153,DP0049,45.0,23.7,0.0
6215613036,DP0019,50.0,34.2,0.0
6204679328,DP0041,50.0,40.8,0.0
6213127073,DP0038,40.0,26.0,0.0
6210154399,DP0015,40.0,25.0,0.0
6213324797,DP0041,55.0,37.5,0.0
6213515415,DP0026,40.0,25.7,0.0
6216304361,DP0043,60.0,46.8,0.0
6180598144,DP0043,55.0,43.6,0.0
6212261352,DP0043,45.0,27.8,0.0
6215293215,DP0005,40.0,23.2,0.0
6211658782,DP0041,55.0,47.4,0.0
6209767090,DP0036,50.0,36.1,0.0
6214878262,DP0043,45.0,36.7,0.0
6211111075,DP0041,40.0,31.4,0.0
6215687778,DP0043,40.0,25.7,0.0
6214934714,DP0041,40.0,22.1,0.0
6213154147,DP0041,40.0,58.0,1.0
6199270551,DP0008,55.0,27.5,0.0
6212860085,DP0041,55.0,37.8,0.0
6212951988,DP0038,50.0,29.8,0.0
6210673061,DP0041,45.0,28.2,0.0
6198553105,DP0041,55.0,44.9,0.0
6210504481,DP0041,40.0,30.4,0.0
6213981352,DP0015,55.0,42.8,0.0
6210041407,DP0041,50.0,32.4,0.0
6211362035,DP0036,55.0,53.5,0.0
6212721369,DP0041,50.0,34.7,0.0
6213518912,DP0004,55.0,54.3,0.0
6206963350,DP0015,55.0,36.9,0.0
6180940166,DP0019,50.0,29.1,0.0
6212844824,DP0041,45.0,32.2,0.0
6212706496,DP0002,45.0,21.4,0.0
6209498713,DP0036,45.0,33.3,0.0
6206149318,DP0043,40.0,37.7,0.0
6206747458,DP0007,45.0,32.5,0.0
6206987448,DP0041,65.0,50.7,0.0
6209987886,DP0041,50.0,40.0,0.0
6208333433,DP0044,50.0,33.8,0.0
6212583721,DP0041,50.0,26.9,0.0
6211205430,DP0041,50.0,34.5,0.0
6208722695,DP0041,55.0,33.0,0.0
6210805394,DP0039,55.0,57.9,1.0
6210052295,DP0041,40.0,28.7,0.0
6211434051,DP0002,50.0,35.1,0.0
6196797643,DP0043,55.0,47.6,0.0
6206835463,DP0039,40.0,29.5,0.0
6210364903,DP0041,50.0,42.2,0.0
6209384900,DP0019,60.0,49.6,0.0
6210860638,DP0041,50.0,37.4,0.0
6209922219,DP0005,40.0,17.0,0.0
6209215144,DP0043,50.0,25.3,0.0
6206065772,DP0042,40.0,33.6,0.0
6209308633,DP0015,50.0,19.2,0.0
6207097139,DP0041,45.0,32.4,0.0
6210193601,DP0041,40.0,52.0,1.0
6208908733,DP0041,45.0,24.3,0.0
6210284386,DP0029,50.0,25.8,0.0
6209432582,DP0019,55.0,38.4,0.0
6206459217,DP0015,40.0,27.4,0.0
6201245303,DP0023,55.0,36.0,0.0
6209738399,DP0043,50.0,18.4,0.0
6205817331,DP0005,40.0,16.0,0.0
6208445193,DP0042,40.0,31.2,0.0
6199853243,DP0027,55.0,34.3,0.0
6203182556,DP0041,55.0,37.1,0.0
6206481621,DP0041,60.0,47.2,0.0
6200850797,DP0043,55.0,47.2,0.0
6208944650,DP0027,55.0,35.0,0.0
6203533966,DP0041,40.0,50.3,1.0
6206161979,DP0037,50.0,30.2,0.0
6203367627,DP0002,45.0,45.0,1.0
6182745797,DP0019,55.0,41.6,0.0
6201329747,DP0041,70.0,46.6,0.0
6208134450,DP0036,40.0,26.1,0.0
6207778167,DP0041,50.0,25.0,0.0
6201200389,DP0032,50.0,25.8,0.0
6204007359,DP0041,40.0,32.0,0.0
6206391647,DP0038,50.0,28.6,0.0
6206329467,DP0041,55.0,36.3,0.0
6202880095,DP0043,40.0,35.6,0.0
6201492520,DP0041,45.0,25.1,0.0
6202064057,DP0041,50.0,25.6,0.0
6204352794,DP0020,50.0,27.8,0.0
6202965945,DP0041,55.0,27.5,0.0
6201542495,DP0027,55.0,37.8,0.0
6201384278,DP0037,40.0,21.3,0.0
6202995763,DP0041,45.0,30.7,0.0
6201556838,DP0043,45.0,46.9,1.0
6199852476,DP0008,40.0,45.5,1.0
6197060531,DP0041,50.0,32.2,0.0
6202290816,DP0041,55.0,38.3,0.0
6201640547,DP0007,55.0,37.6,0.0
6195731269,DP0015,40.0,26.9,0.0
6197409901,DP0021,40.0,24.3,0.0
6192956440,DP0009,45.0,33.9,0.0
6195476475,DP0017,45.0,36.6,0.0
6202697152,DP0019,40.0,28.7,0.0
6198953097,DP0026,55.0,37.3,0.0
6199804268,DP0041,50.0,32.9,0.0
6198014075,DP0041,40.0,35.2,0.0
6202429240,DP0049,50.0,28.9,0.0
6199204300,DP0037,50.0,26.0,0.0
6199652999,DP0041,50.0,39.4,0.0
6202159766,DP0043,50.0,26.0,0.0
6200559902,DP0041,40.0,34.3,0.0
6199893837,DP0036,45.0,37.5,0.0
6196075357,DP0041,40.0,26.5,0.0
6177359130,DP0015,50.0,36.1,0.0
6200451385,DP0024,50.0,29.8,0.0
6201474850,DP0041,40.0,22.9,0.0
6195859761,DP0041,45.0,36.9,0.0
6202048498,DP0003,50.0,29.2,0.0
6200245713,DP0045,50.0,38.1,0.0
6192721583,DP0041,55.0,36.0,0.0
6200793331,DP0041,45.0,29.1,0.0
6200179856,DP0043,50.0,24.7,0.0
6198839234,DP0039,55.0,38.8,0.0
6200989424,DP0048,50.0,55.3,1.0
6193224594,DP0041,40.0,49.0,1.0
6197118961,DP0007,40.0,29.2,0.0
6201708840,DP0041,55.0,33.6,0.0
6201399703,DP0041,45.0,35.0,0.0
6190825648,DP0041,45.0,31.8,0.0
6196330818,DP0046,50.0,51.8,1.0
6201482106,DP0041,60.0,40.7,0.0
6200920557,DP0041,40.0,20.9,0.0
6197202611,DP0043,50.0,31.8,0.0
6198546421,DP0041,65.0,53.7,0.0
6200623749,DP0036,40.0,33.6,0.0
6197570075,DP0043,55.0,45.3,0.0
6171515281,DP0015,50.0,31.3,0.0
6201279848,DP0041,50.0,35.2,0.0
6197167221,DP0043,45.0,36.4,0.0
6199895516,DP0041,50.0,33.2,0.0
6187933151,DP0041,40.0,27.4,0.0
6200749634,DP0041,40.0,35.6,0.0
6195865717,DP0041,55.0,43.2,0.0
6198697342,DP0043,40.0,28.3,0.0
6194369512,DP0015,60.0,55.5,0.0
6192550219,DP0008,50.0,35.3,0.0
6195232243,DP0019,40.0,39.5,0.0
6200298421,DP0041,50.0,25.7,0.0
6194410058,DP0041,55.0,60.8,1.0
6198537360,DP0041,45.0,51.2,1.0
6190679260,DP0034,50.0,39.1,0.0
6191379103,DP0041,45.0,27.3,0.0
6199418441,DP0002,55.0,40.5,0.0
6194494661,DP0036,45.0,29.6,0.0
6198510939,DP0041,55.0,28.2,0.0
6197024060,DP0002,45.0,29.4,0.0
6189851772,DP0019,50.0,24.2,0.0
6228200475,DP0015,40.0,24.3,0.0
6226499156,DP0005,55.0,26.2,0.0
6225960987,DP0041,40.0,21.9,0.0
6228210604,DP0012,45.0,19.9,0.0
6228103507,DP0041,40.0,15.4,0.0
6226532770,DP0043,55.0,32.7,0.0
6222351414,DP0041,55.0,39.8,0.0
6219840840,DP0049,50.0,28.0,0.0
6218299256,DP0039,40.0,16.6,0.0
6224912465,DP0041,55.0,35.6,0.0
6226566235,DP0049,40.0,15.8,0.0
6203611356,DP0015,50.0,23.1,0.0
6227495138,DP0044,65.0,44.8,0.0
6224978934,DP0005,50.0,24.4,0.0
6226457091,DP0039,55.0,51.9,0.0
6224567843,DP0005,55.0,42.0,0.0
6219126480,DP0041,55.0,35.0,0.0
6226054052,DP0041,40.0,20.8,0.0
6225747208,DP0041,50.0,29.6,0.0
6213754933,DP0030,40.0,32.0,0.0
6219632999,DP0029,50.0,28.3,0.0
6219585548,DP0005,60.0,35.0,0.0
6218812192,DP0027,50.0,32.1,0.0
6225159799,DP0043,50.0,34.5,0.0
6214979255,DP0031,40.0,37.1,0.0
6217911251,DP0042,45.0,32.1,0.0
6221142893,DP0043,45.0,24.0,0.0
6220490514,DP0029,50.0,34.8,0.0
6221783430,DP0041,55.0,40.6,0.0
6220078054,DP0006,40.0,29.3,0.0
6224076308,DP0006,55.0,43.7,0.0
6214240397,DP0005,50.0,42.6,0.0
6221335435,DP0041,50.0,39.1,0.0
6222388763,DP0038,45.0,31.4,0.0
6221525849,DP0041,50.0,37.9,0.0
6224424696,DP0041,40.0,22.9,0.0
6223175039,DP0027,40.0,36.0,0.0
6220635300,DP0041,50.0,22.2,0.0
6222718781,DP0041,50.0,26.9,0.0
6216300942,DP0002,40.0,32.0,0.0
6217679199,DP0015,50.0,37.9,0.0
6220193755,DP0041,65.0,34.6,0.0
6214259671,DP0033,40.0,13.2,0.0
6217251060,DP0041,40.0,36.0,0.0
6218908802,DP0027,45.0,28.7,0.0
6219664457,DP0033,55.0,26.5,0.0
6207483963,DP0009,40.0,23.1,0.0
6221259941,DP0019,40.0,23.3,0.0
6220571197,DP0041,50.0,34.9,0.0
6213037340,DP0038,50.0,25.8,0.0
6202453737,DP0041,50.0,20.3,0.0
6214883791,DP0043,50.0,23.5,0.0
6220867130,DP0041,50.0,26.2,0.0
6220148678,DP0041,65.0,46.1,0.0
6219127736,DP0021,55.0,30.8,0.0
6213074050,DP0037,55.0,32.1,0.0
6219848937,DP0041,45.0,33.5,0.0
6213144246,DP0032,40.0,33.4,0.0
6220617461,DP0041,40.0,30.4,0.0
6217476195,DP0012,40.0,19.7,0.0
6217459157,DP0041,55.0,29.3,0.0
6216527501,DP0043,55.0,32.1,0.0
6213711698,DP0043,50.0,50.8,1.0
6219191261,DP0041,45.0,28.3,0.0
6191661948,DP0041,40.0,15.3,0.0
6196928542,DP0041,45.0,40.7,0.0
6213330345,DP0041,40.0,19.5,0.0
6219184985,DP0008,55.0,26.1,0.0
6218763787,DP0039,50.0,37.7,0.0
6206354409,DP0039,50.0,26.6,0.0
6219480125,DP0047,55.0,34.7,0.0
6218285957,DP0038,40.0,20.3,0.0
6219145130,DP0041,50.0,28.4,0.0
6216263312,DP0041,40.0,24.5,0.0
6216548296,DP0041,55.0,28.8,0.0
6212453022,DP0041,40.0,19.2,0.0
6217379957,DP0015,45.0,23.3,0.0
6215462497,DP0041,50.0,30.9,0.0
6213734540,DP0041,50.0,32.2,0.0
6215585546,DP0041,55.0,34.8,0.0
6217699188,DP0019,55.0,44.3,0.0
6218196811,DP0041,50.0,49.8,0.0
6210538389,DP0041,65.0,40.6,0.0
6215060125,DP0005,60.0,47.5,0.0
6211499635,DP0041,50.0,23.1,0.0
6216355162,DP0041,50.0,29.0,0.0
6207522113,DP0041,55.0,29.7,0.0
6216726098,DP0049,65.0,53.0,0.0
6215487066,DP0041,55.0,40.0,0.0
6212771241,DP0041,40.0,23.8,0.0
6216603857,DP0041,40.0,37.7,0.0
6207238686,DP0008,50.0,33.1,0.0
6216429152,DP0015,40.0,31.8,0.0
6214944464,DP0041,50.0,22.8,0.0
6212045263,DP0019,50.0,38.6,0.0
6215035887,DP0037,50.0,50.2,1.0
6207571436,DP0043,55.0,33.6,0.0
6212034201,DP0041,40.0,49.9,1.0
6173257814,DP0041,40.0,25.0,0.0
6213634926,DP0043,55.0,29.2,0.0
6212855080,DP0041,40.0,27.9,0.0
6203795066,DP0038,55.0,42.6,0.0
6212710905,DP0015,45.0,37.6,0.0
6211040359,DP0041,40.0,20.8,0.0
6205452537,DP0041,40.0,31.3,0.0
6202499548,DP0039,40.0,15.1,0.0
6213445165,DP0041,45.0,35.1,0.0
6211594508,DP0006,50.0,32.7,0.0
6213957892,DP0041,50.0,25.9,0.0
6213052196,DP0041,50.0,33.0,0.0
6210011983,DP0041,50.0,22.9,0.0
6193164114,DP0048,45.0,46.2,1.0
6211995946,DP0042,40.0,17.2,0.0
6212007687,DP0043,55.0,50.1,0.0
6212071919,DP0043,55.0,34.9,0.0
6209589756,DP0041,50.0,34.9,0.0
6194587778,DP0041,40.0,23.7,0.0
6211693014,DP0002,55.0,34.0,0.0
6207502209,DP0041,40.0,12.5,0.0
6207591554,DP0041,50.0,24.1,0.0
6209508424,DP0021,50.0,30.1,0.0
6210668230,DP0023,40.0,29.0,0.0
6210288238,DP0047,55.0,51.7,0.0
6210552341,DP0043,50.0,35.7,0.0
6198017528,DP0043,40.0,44.6,1.0
6206291970,DP0035,60.0,57.8,0.0
6204663895,DP0002,40.0,24.8,0.0
6206923016,DP0005,40.0,19.5,0.0
6211102149,DP0021,55.0,33.9,0.0
6200454692,DP0002,65.0,39.2,0.0
6196292702,DP0003,65.0,42.7,0.0
6211029529,DP0043,50.0,38.0,0.0
6206771865,DP0041,50.0,40.4,0.0
6208182451,DP0021,45.0,30.9,0.0
6208044533,DP0008,50.0,39.5,0.0
6204730447,DP0041,55.0,66.8,1.0
6210788135,DP0002,55.0,57.0,1.0
6209526576,DP0044,55.0,56.7,1.0
6201016398,DP0037,55.0,52.2,0.0
6210122744,DP0034,45.0,57.5,1.0
6210570191,DP0033,65.0,61.8,0.0
6210213484,DP0005,50.0,50.6,1.0
6209347318,DP0041,40.0,36.1,0.0
6209683178,DP0041,50.0,37.1,0.0
6210116404,DP0041,50.0,36.3,0.0
6208223700,DP0008,65.0,45.8,0.0
6208399289,DP0041,65.0,38.2,0.0
6199432385,DP0041,50.0,35.4,0.0
6200342567,DP0043,55.0,32.9,0.0
6206099615,DP0031,55.0,39.1,0.0
6188706226,DP0029,45.0,36.8,0.0
6210422281,DP0041,40.0,29.0,0.0
6201750911,DP0041,40.0,22.1,0.0
6209195192,DP0041,45.0,35.5,0.0
6207902762,DP0039,50.0,29.8,0.0
6210211865,DP0041,50.0,29.6,0.0
6193069653,DP0043,40.0,21.8,0.0
6207177369,DP0041,40.0,25.7,0.0
6201217450,DP0044,50.0,39.4,0.0
6203123865,DP0041,45.0,25.3,0.0
6209252231,DP0046,60.0,65.5,1.0
6208414804,DP0043,40.0,40.3,1.0
6206662216,DP0028,50.0,29.7,0.0
6206450872,DP0043,65.0,34.6,0.0
6207144056,DP0007,40.0,39.5,0.0
6206956055,DP0043,50.0,67.7,1.0
6204129028,DP0041,40.0,43.6,1.0
6209583456,DP0005,40.0,29.4,0.0
6206680628,DP0041,40.0,35.6,0.0
6210010526,DP0048,40.0,53.6,1.0
6206034201,DP0005,45.0,32.8,0.0
6200692827,DP0041,50.0,33.1,0.0
6205319506,,,,
6207542532,,,,
6206540130,,,,
6209156834,,,,
6208308565,DP0005,55.0,44.2,0.0
6191172730,DP0041,50.0,35.7,0.0
6208176599,DP0040,55.0,38.2,0.0
6208803951,DP0046,50.0,36.7,0.0
6198053461,DP0005,50.0,30.1,0.0
6207936532,DP0041,45.0,26.3,0.0
6201619264,DP0003,45.0,37.7,0.0
6207057680,DP0010,45.0,17.5,0.0
6204526643,DP0040,45.0,26.6,0.0
6203409465,DP0040,50.0,34.0,0.0
6208301999,DP0041,50.0,20.6,0.0
6208218906,DP0043,45.0,22.3,0.0
6196323767,DP0041,55.0,32.3,0.0
6208618934,DP0047,55.0,40.2,0.0
6207818775,DP0043,40.0,18.5,0.0
6204743266,DP0041,45.0,31.5,0.0
6204130225,DP0043,55.0,27.1,0.0
6203470150,DP0041,55.0,29.4,0.0
6207154726,DP0005,40.0,24.4,0.0
6206053278,DP0041,50.0,21.5,0.0
6205476786,DP0006,50.0,30.1,0.0
6201479723,DP0041,50.0,30.9,0.0
6206598024,DP0041,55.0,51.9,0.0
6202883283,DP0005,45.0,25.9,0.0
6206776817,DP0015,60.0,56.1,0.0
6205493802,DP0043,55.0,46.1,0.0
6203120441,DP0041,75.0,50.4,0.0
6198671006,DP0018,40.0,21.2,0.0
6190242136,DP0041,55.0,31.0,0.0
6206357149,DP0041,45.0,20.2,0.0
6195763440,DP0041,50.0,31.0,0.0
6192125372,DP0048,50.0,38.7,0.0
6192358856,DP0041,50.0,32.1,0.0
6190511207,DP0030,50.0,46.6,0.0
6193501476,DP0041,45.0,42.9,0.0
6196848104,DP0043,40.0,21.3,0.0
6203002877,DP0008,55.0,34.4,0.0
6199377404,DP0015,65.0,40.7,0.0
6205085987,DP0015,55.0,31.8,0.0
6202961770,DP0041,55.0,30.4,0.0
6203166043,DP0041,40.0,20.1,0.0
6191952936,DP0041,45.0,36.4,0.0
6204692477,DP0044,45.0,29.4,0.0
6202037852,DP0041,40.0,45.5,1.0
6200745126,DP0008,55.0,30.2,0.0
6196451549,DP0027,50.0,26.5,0.0
6184097725,DP0039,45.0,30.3,0.0
6194584147,DP0033,50.0,23.6,0.0
6200142747,DP0041,45.0,27.8,0.0
6200175715,DP0043,55.0,30.5,0.0
6196356647,DP0021,65.0,44.7,0.0
6199360636,DP0041,55.0,37.3,0.0
6199586802,DP0041,50.0,33.4,0.0
6197225336,DP0037,40.0,51.9,1.0
6182410574,DP0009,45.0,25.7,0.0
6201746724,DP0041,65.0,54.6,0.0
6196033347,DP0005,40.0,26.5,0.0
6197100163,DP0044,45.0,28.7,0.0
6201506928,DP0005,65.0,57.9,0.0
6198152050,DP0039,45.0,31.4,0.0
6194900935,DP0041,45.0,26.7,0.0
6200220868,DP0049,45.0,25.4,0.0
6192553644,DP0009,50.0,29.4,0.0
6195246520,DP0007,45.0,48.9,1.0
6200577353,DP0002,40.0,30.5,0.0
6196481605,DP0008,50.0,40.8,0.0
6200338460,DP0015,55.0,40.5,0.0
6193420544,DP0041,45.0,41.9,0.0
6195450622,DP0015,45.0,23.8,0.0
6195795435,DP0003,55.0,51.8,0.0
6191705211,DP0041,45.0,74.9,1.0
6193645833,DP0028,50.0,34.3,0.0
6192337507,DP0028,45.0,30.1,0.0
6197651791,DP0021,40.0,22.8,0.0
6228898323,DP0048,50.0,59.4,1.0
6223635623,DP0009,60.0,41.3,0.0
6222023688,DP0043,55.0,42.8,0.0
6228504330,DP0041,55.0,46.8,0.0
6227719606,DP0005,55.0,53.2,0.0
6227587997,DP0049,40.0,18.7,0.0
6224863115,DP0019,65.0,45.7,0.0
6211110682,DP0006,55.0,21.2,0.0
6224629306,DP0042,90.0,73.2,0.0
6200419138,DP0041,40.0,34.9,0.0
6227354736,DP0041,45.0,23.7,0.0
6221603078,DP0008,40.0,49.7,1.0
6221960722,DP0041,85.0,61.8,0.0
6226419779,DP0041,55.0,55.2,1.0
6223774276,DP0021,55.0,38.6,0.0
6225648636,DP0021,60.0,41.0,0.0
6226207301,DP0001,65.0,67.6,1.0
6224608996,DP0010,55.0,34.5,0.0
6215285718,DP0043,65.0,46.5,0.0
6215954300,DP0039,55.0,38.8,0.0
6218136550,DP0049,55.0,53.1,0.0
6211177286,DP0033,50.0,30.4,0.0
6216534868,DP0041,60.0,41.3,0.0
6225275639,DP0019,60.0,43.4,0.0
6224123391,DP0028,55.0,44.2,0.0
6225533326,DP0013,65.0,42.2,0.0
6218669778,DP0027,65.0,48.5,0.0
6223188337,DP0041,50.0,28.5,0.0
6226101207,DP0049,75.0,42.0,0.0
6220905371,DP0041,50.0,33.4,0.0
6225257322,DP0014,55.0,53.6,0.0
6217489180,DP0005,40.0,39.5,0.0
6224755250,DP0008,70.0,56.3,0.0
6225000903,DP0041,60.0,88.2,1.0
6211454210,DP0041,50.0,42.9,0.0
6222428833,DP0044,50.0,58.9,1.0
6221929782,DP0002,55.0,90.6,1.0
6223768138,DP0041,45.0,54.5,1.0
6222070337,DP0041,50.0,31.7,0.0
6212307447,DP0041,40.0,88.5,1.0
6220817970,DP0041,50.0,40.7,0.0
6221261079,DP0041,55.0,54.0,0.0
6224315709,DP0041,55.0,33.8,0.0
6212385329,DP0007,55.0,48.7,0.0
6219434717,DP0041,45.0,38.6,0.0
6223943315,DP0008,55.0,61.2,1.0
6221131531,DP0041,45.0,30.9,0.0
6201012116,DP0037,40.0,24.8,0.0
6221263331,DP0041,55.0,30.1,0.0
6215912363,DP0043,50.0,42.4,0.0
6222060664,,,,
6217689775,DP0041,65.0,37.6,0.0
6222281319,DP0041,60.0,49.6,0.0
6218938111,DP0041,70.0,53.0,0.0
6211124454,DP0041,40.0,22.1,0.0
6219880276,DP0043,40.0,51.9,1.0
6219663709,DP0034,55.0,65.0,1.0
6220077821,DP0048,60.0,97.5,1.0
6220528045,DP0043,65.0,48.9,0.0
6218831734,DP0041,60.0,51.6,0.0
6213354497,DP0019,40.0,21.6,0.0
6219867976,DP0008,50.0,28.6,0.0
6220786991,DP0043,60.0,35.5,0.0
6219062485,DP0009,65.0,47.5,0.0
6217625762,DP0043,55.0,44.6,0.0
6219320411,DP0041,45.0,44.4,0.0
6219743519,DP0035,50.0,48.0,0.0
6212306879,DP0043,50.0,54.2,1.0
6218877854,DP0041,50.0,37.4,0.0
6216566476,DP0041,50.0,34.9,0.0
6216127602,DP0041,50.0,48.6,0.0
6215303586,DP0029,40.0,33.8,0.0
6212992151,DP0041,50.0,21.7,0.0
6215075151,DP0019,50.0,46.1,0.0
6216920320,DP0044,45.0,44.5,0.0
6218673617,DP0043,40.0,30.8,0.0
6197569483,DP0026,55.0,58.6,1.0
6209307912,DP0041,60.0,35.8,0.0
6218034857,DP0041,55.0,42.6,0.0
6219611827,DP0026,50.0,25.1,0.0
6218156366,DP0049,40.0,33.8,0.0
6219868928,DP0003,45.0,41.2,0.0
6220005388,DP0019,45.0,36.5,0.0
6215531512,DP0041,45.0,37.8,0.0
6213193491,DP0041,65.0,40.0,0.0
6217888338,DP0041,85.0,81.5,0.0
6214706358,DP0041,55.0,46.8,0.0
6211970364,DP0041,45.0,41.7,0.0
6216499821,DP0041,55.0,69.4,1.0
6215372847,DP0005,90.0,90.4,1.0
6214824902,DP0030,50.0,47.0,0.0
6219168559,DP0015,55.0,38.3,0.0
6218779347,DP0019,75.0,59.5,0.0
6216027365,DP0041,65.0,61.6,0.0
6217474662,DP0015,60.0,38.6,0.0
6211464247,DP0019,65.0,64.1,0.0
6216728492,DP0016,55.0,37.8,0.0
6208988431,DP0046,45.0,56.5,1.0
6209837372,DP0045,50.0,37.5,0.0
6211832442,DP0041,45.0,35.6,0.0
6216842696,DP0043,40.0,46.0,1.0
6215154829,DP0041,65.0,58.7,0.0
6214592006,DP0041,40.0,47.1,1.0
6185180222,DP0002,40.0,28.2,0.0
6213207189,DP0041,45.0,27.4,0.0
6216957266,DP0041,55.0,47.2,0.0
6215486572,DP0041,50.0,32.3,0.0
6213495600,DP0041,55.0,32.2,0.0
6208845527,DP0041,40.0,24.1,0.0
6214171681,DP0041,45.0,38.5,0.0
6214086275,DP0043,40.0,30.0,0.0
6216040583,DP0030,50.0,37.8,0.0
6207918122,DP0041,55.0,43.6,0.0
6215993914,DP0041,55.0,39.2,0.0
6210726199,DP0041,100.0,66.5,0.0
6216657562,DP0041,60.0,52.0,0.0
6186064548,DP0005,55.0,44.8,0.0
6201639586,DP0041,65.0,53.5,0.0
6215661566,DP0015,40.0,26.7,0.0
6215470852,,,,
6216656981,DP0041,50.0,14.8,0.0
6216136861,DP0041,55.0,43.6,0.0
6212695818,DP0008,45.0,23.1,0.0
6207960327,DP0041,75.0,50.7,0.0
6215393079,DP0019,45.0,20.4,0.0
6214400228,DP0043,50.0,34.9,0.0
6207725026,DP0043,45.0,28.5,0.0
6201167872,DP0050,45.0,55.6,1.0
6209329523,DP0041,65.0,44.1,0.0
6208610625,DP0041,45.0,24.9,0.0
6207133211,DP0015,55.0,30.0,0.0
6214545901,DP0026,45.0,22.2,0.0
6214492138,DP0041,50.0,32.0,0.0
6210812572,DP0041,45.0,24.7,0.0
6215496681,DP0043,55.0,26.6,0.0
6193705515,DP0013,45.0,35.9,0.0
6206186957,DP0043,65.0,54.9,0.0
6214835730,DP0041,55.0,48.6,0.0
6212145588,DP0041,45.0,40.9,0.0
6214159068,DP0015,50.0,43.3,0.0
6211400907,DP0005,65.0,47.7,0.0
6207981632,DP0041,45.0,32.9,0.0
6212396557,DP0041,50.0,47.0,0.0
6196387131,DP0015,70.0,64.4,0.0
6212653155,DP0041,50.0,36.9,0.0
6202485311,DP0043,50.0,33.7,0.0
6213866059,DP0043,50.0,43.9,0.0
6203922983,DP0043,55.0,29.0,0.0
6206763598,DP0028,65.0,43.3,0.0
6187844198,DP0023,55.0,31.2,0.0
6208542887,DP0041,45.0,43.5,0.0
6212589180,DP0038,45.0,18.0,0.0
6213276936,DP0005,60.0,30.9,0.0
6206115309,DP0019,40.0,30.0,0.0
6212965120,DP0038,55.0,31.5,0.0
6213234781,DP0019,50.0,21.4,0.0
6211851977,DP0025,50.0,34.9,0.0
6208908654,DP0019,55.0,34.9,0.0
6201904541,DP0005,45.0,29.1,0.0
6206246496,DP0041,65.0,62.2,0.0
6195789653,DP0041,50.0,29.2,0.0
6205269141,DP0041,60.0,39.5,0.0
6211246733,DP0014,50.0,48.5,0.0
6211795755,DP0019,45.0,48.0,1.0
6201472178,,,,
6209290525,DP0041,40.0,23.4,0.0
6192645833,DP0041,45.0,21.9,0.0
6211379720,DP0027,40.0,25.6,0.0
6199050907,DP0043,45.0,29.8,0.0
6202085320,DP0026,55.0,37.8,0.0
6203016291,DP0041,65.0,62.6,0.0
6208101907,DP0041,65.0,46.1,0.0
6208772312,DP0041,45.0,17.2,0.0
6202367328,DP0027,55.0,32.4,0.0
6204300686,DP0039,55.0,46.6,0.0
6201403048,DP0041,45.0,35.8,0.0
6210244054,DP0019,45.0,34.7,0.0
6205944761,DP0008,50.0,37.7,0.0
6198715345,DP0021,55.0,35.3,0.0
6205809698,DP0043,50.0,33.8,0.0
6199312498,DP0005,65.0,42.5,0.0
6207744109,DP0049,45.0,30.6,0.0
6201348635,DP0041,60.0,34.4,0.0
6211085887,DP0049,60.0,49.5,0.0
6205123210,DP0044,55.0,38.0,0.0
6207806258,DP0040,40.0,17.5,0.0
6207249499,DP0014,60.0,48.3,0.0
6205770226,DP0009,45.0,35.1,0.0
6209628178,DP0016,55.0,35.1,0.0
6210346597,DP0041,70.0,51.7,0.0
6203679062,DP0019,60.0,39.8,0.0
6207698623,DP0026,50.0,29.7,0.0
6208448804,DP0039,45.0,49.4,1.0
6210020988,DP0043,55.0,37.6,0.0
6210396774,DP0013,70.0,51.0,0.0
6198108945,DP0002,75.0,62.8,0.0
6194647395,DP0005,50.0,38.6,0.0
6179959265,DP0043,50.0,27.5,0.0
6210735316,DP0041,40.0,27.2,0.0
6196553150,DP0019,50.0,26.5,0.0
6207495403,DP0011,45.0,41.8,0.0
6206718112,DP0019,40.0,18.9,0.0
6208684690,DP0007,65.0,37.4,0.0
6210348158,DP0044,65.0,53.2,0.0
6209897740,DP0041,65.0,56.3,0.0
6209455302,DP0041,60.0,34.6,0.0
6207198814,DP0043,45.0,27.1,0.0
6210376552,DP0018,75.0,55.9,0.0
6209534264,DP0041,60.0,60.0,1.0
6209889109,DP0043,45.0,24.9,0.0
6208627639,DP0028,65.0,41.4,0.0
6210092063,DP0041,50.0,25.9,0.0
6209952320,DP0019,55.0,34.8,0.0
6205715889,DP0020,55.0,37.0,0.0
6204678526,DP0007,60.0,51.8,0.0
6205824963,DP0039,65.0,47.3,0.0
6200547724,DP0041,50.0,32.6,0.0
6199055240,DP0044,50.0,42.1,0.0
6195949362,DP0041,40.0,16.8,0.0
6209719235,DP0043,50.0,44.1,0.0
6207766830,DP0041,55.0,53.4,0.0
6206549386,DP0010,50.0,45.0,0.0
6203621510,DP0041,50.0,38.8,0.0
6196871443,DP0007,40.0,24.8,0.0
6198368327,DP0041,50.0,36.9,0.0
6206279676,DP0046,40.0,34.6,0.0
6194191526,DP0008,70.0,46.0,0.0
6208279107,DP0041,60.0,46.6,0.0
6207107925,DP0041,65.0,51.7,0.0
6199522211,DP0041,65.0,63.9,0.0
6204876624,DP0033,50.0,46.9,0.0
6202772485,DP0028,55.0,41.7,0.0
6209227997,DP0005,50.0,57.8,1.0
6207708465,DP0015,50.0,23.5,0.0
6205638284,DP0002,50.0,38.4,0.0
6204613385,DP0041,60.0,43.0,0.0
6208866288,DP0007,45.0,20.2,0.0
6206314291,DP0043,45.0,42.0,0.0
6207821738,DP0041,50.0,35.0,0.0
6208483939,DP0041,70.0,58.7,0.0
6208564302,DP0036,60.0,41.8,0.0
6208587662,DP0041,55.0,43.5,0.0
6205165865,DP0044,50.0,23.1,0.0
6206498093,DP0005,45.0,36.5,0.0
6207518668,DP0019,65.0,50.0,0.0
6207743861,DP0041,50.0,34.4,0.0
6201531345,DP0006,65.0,66.0,1.0
6202856297,DP0005,45.0,34.0,0.0
6205855744,DP0028,55.0,30.8,0.0
6207485627,DP0006,55.0,33.1,0.0
6195894885,DP0041,80.0,54.6,0.0
6206469256,DP0015,60.0,41.6,0.0
6205469133,DP0043,65.0,49.0,0.0
6196233141,DP0041,45.0,37.7,0.0
6205032467,DP0041,50.0,31.4,0.0
6203045874,DP0041,65.0,51.9,0.0
6205180159,DP0043,55.0,33.4,0.0
6199742850,DP0015,45.0,24.2,0.0
6206677209,DP0043,55.0,52.5,0.0
6205627223,DP0041,55.0,45.6,0.0
6205752912,DP0041,50.0,25.4,0.0
6191602679,DP0041,65.0,39.2,0.0
6206275371,DP0018,45.0,23.2,0.0
6204485568,DP0038,75.0,81.2,1.0
6204824538,DP0041,75.0,85.4,1.0
6202500648,DP0005,40.0,20.9,0.0
6204969601,DP0041,50.0,29.7,0.0
6202978335,DP0016,60.0,51.9,0.0
6196172620,DP0008,75.0,85.1,1.0
6205095128,DP0007,65.0,66.1,1.0
6204493311,DP0004,65.0,89.0,1.0
6203803170,DP0041,55.0,42.7,0.0
6202594633,DP0015,50.0,37.5,0.0
6204313681,DP0049,45.0,34.0,0.0
6193615616,DP0041,55.0,35.8,0.0
6205158929,DP0008,55.0,47.8,0.0
6197716384,DP0041,65.0,49.3,0.0
6197675439,DP0043,50.0,66.8,1.0
6204121596,DP0041,50.0,44.7,0.0
6204792542,DP0005,50.0,55.1,1.0
6199044563,DP0043,45.0,28.4,0.0
6198439291,DP0041,40.0,47.3,1.0
6203743769,DP0009,45.0,39.2,0.0
6202463109,DP0005,45.0,41.5,0.0
6204644000,DP0041,65.0,48.8,0.0
6201531129,DP0008,60.0,44.7,0.0
6204457485,DP0043,50.0,32.8,0.0
6190236776,DP0028,45.0,29.0,0.0
6204204453,DP0043,50.0,29.5,0.0
6201118457,DP0041,50.0,28.2,0.0
6200986262,DP0012,40.0,42.0,1.0
6198086345,DP0008,40.0,35.5,0.0
6202020370,DP0041,45.0,44.2,0.0
6195720211,DP0041,40.0,39.9,0.0
6201533431,DP0041,60.0,58.5,0.0
6202282984,DP0019,45.0,35.3,0.0
6199549450,DP0015,50.0,31.0,0.0
6199591736,DP0003,50.0,36.9,0.0
6202527004,DP0041,50.0,32.5,0.0
6202343977,DP0005,50.0,39.7,0.0
6198267339,DP0038,50.0,37.3,0.0
6199855232,DP0041,95.0,71.9,0.0
6186419603,DP0044,60.0,37.4,0.0
6194205639,DP0021,50.0,32.3,0.0
6187878298,DP0018,50.0,31.1,0.0
6201994087,DP0041,65.0,42.9,0.0
6197258469,DP0041,40.0,22.2,0.0
6201989930,DP0025,55.0,39.5,0.0
6201151910,DP0043,45.0,34.1,0.0
6201378390,DP0043,60.0,44.9,0.0
6171149650,DP0015,55.0,58.4,1.0
6199717610,DP0016,50.0,42.8,0.0
6200394322,DP0041,55.0,32.9,0.0
6198453360,DP0041,70.0,40.6,0.0
6201976941,DP0005,85.0,76.1,0.0
6192611512,DP0041,65.0,63.7,0.0
6198877523,DP0041,55.0,55.0,0.0
6201495598,DP0015,50.0,46.1,0.0
6197823732,DP0041,50.0,37.1,0.0
6198047538,DP0044,50.0,49.4,0.0
6193577738,DP0005,65.0,61.1,0.0
6193718434,DP0023,50.0,24.5,0.0
6199437776,DP0039,45.0,28.3,0.0
6199259334,DP0043,40.0,24.6,0.0
6188058571,DP0047,65.0,41.6,0.0
6186245887,DP0039,55.0,67.4,1.0
6200166731,DP0041,65.0,49.9,0.0
6200554268,DP0041,55.0,54.6,0.0
6192241664,DP0041,55.0,33.8,0.0
6199416076,DP0019,55.0,33.6,0.0
6200093947,DP0015,55.0,40.3,0.0
6193359122,DP0019,40.0,47.7,1.0
6193606149,DP0041,55.0,27.5,0.0
6192347697,DP0004,40.0,33.2,0.0
6187017125,DP0043,50.0,36.6,0.0
6226900665,DP0008,85.0,70.1,0.0
6227403125,DP0015,40.0,22.3,0.0
6227486337,DP0041,45.0,28.1,0.0
6227738782,DP0041,60.0,62.3,1.0
6227213698,DP0006,50.0,38.4,0.0
6227212817,DP0023,45.0,34.2,0.0
6227277309,DP0048,50.0,57.0,1.0
6214314326,DP0019,50.0,33.0,0.0
6215461234,DP0021,50.0,30.0,0.0
6225923757,DP0043,45.0,36.7,0.0
6225155290,DP0005,50.0,62.4,1.0
6225455628,DP0041,60.0,44.5,0.0
6224595124,DP0031,75.0,64.0,0.0
6219892689,DP0022,60.0,38.4,0.0
6219439278,DP0019,85.0,66.3,0.0
6217457519,DP0006,85.0,59.8,0.0
6210736682,DP0021,65.0,76.9,1.0
6219466242,DP0005,65.0,48.1,0.0
6207187460,DP0041,55.0,48.9,0.0
6212818257,DP0034,50.0,37.9,0.0
6186288528,DP0039,55.0,59.5,1.0
6214600722,DP0043,40.0,40.8,1.0
6195008960,DP0041,65.0,37.2,0.0
6216016344,DP0002,65.0,44.9,0.0
6199674792,DP0045,50.0,25.4,0.0
6211490428,DP0016,65.0,45.0,0.0
6199954718,DP0007,55.0,36.5,0.0
6218901586,DP0041,55.0,42.7,0.0
6215560467,DP0041,50.0,52.8,1.0
6214392979,DP0039,45.0,48.3,1.0
6219436759,DP0018,50.0,59.4,1.0
6218123763,DP0041,65.0,45.9,0.0
6204764503,DP0019,65.0,51.1,0.0
6207575968,DP0043,70.0,50.5,0.0
6214872651,DP0015,50.0,35.9,0.0
6216663956,DP0043,40.0,29.6,0.0
6215363095,DP0041,65.0,38.4,0.0
6212402898,DP0042,55.0,48.0,0.0
6212466826,DP0041,50.0,38.3,0.0
6216793897,DP0041,50.0,34.0,0.0
6212940033,DP0024,45.0,26.6,0.0
6216466281,DP0015,55.0,46.3,0.0
6216016532,DP0015,45.0,55.0,1.0
6208139046,DP0043,45.0,40.4,0.0
6215440962,DP0041,50.0,34.9,0.0
6208639834,DP0039,55.0,43.4,0.0
6207565181,DP0008,60.0,68.8,1.0
6215913041,DP0031,45.0,33.1,0.0
6213671617,DP0041,55.0,46.8,0.0
6208186089,DP0040,50.0,42.9,0.0
6205329355,DP0041,60.0,50.1,0.0
6208886174,DP0050,55.0,58.2,1.0
6212005089,DP0013,70.0,65.2,0.0
6198534480,DP0041,60.0,47.4,0.0
6212531465,DP0038,50.0,33.4,0.0
6210071255,DP0021,55.0,46.0,0.0
6213339140,DP0014,50.0,40.5,0.0
6209356869,DP0005,50.0,57.1,1.0
6209985193,DP0043,50.0,47.3,0.0
6213723165,DP0038,60.0,52.5,0.0
6210752572,DP0041,55.0,53.4,0.0
6212056081,DP0043,45.0,29.1,0.0
6213413454,DP0041,50.0,25.5,0.0
6213091135,DP0008,70.0,51.6,0.0
6200918508,DP0041,40.0,29.6,0.0
6210394348,DP0039,50.0,37.2,0.0
6209245242,DP0041,45.0,36.0,0.0
6209317594,DP0041,45.0,28.6,0.0
6212044338,DP0041,65.0,76.8,1.0
6211419415,DP0026,50.0,49.1,0.0
6210057570,DP0041,65.0,53.2,0.0
6210461103,DP0005,45.0,32.9,0.0
6208598021,DP0009,45.0,36.1,0.0
6211394408,DP0026,50.0,37.6,0.0
6194934593,DP0005,50.0,35.5,0.0
6209844405,DP0015,55.0,46.4,0.0
6208540042,DP0042,60.0,57.9,0.0
6209765036,DP0046,70.0,63.3,0.0
6198350432,DP0021,55.0,48.4,0.0
6210582648,DP0019,50.0,34.2,0.0
6209793472,DP0019,60.0,50.6,0.0
6204644828,DP0019,60.0,43.8,0.0
6190783473,DP0005,50.0,71.1,1.0
6209275958,DP0043,50.0,47.9,0.0
6210984555,DP0015,55.0,55.5,1.0
6206182160,DP0038,50.0,48.9,0.0
6207141767,DP0002,55.0,49.1,0.0
6206785776,DP0043,50.0,41.0,0.0
6210294004,DP0041,55.0,42.6,0.0
6209833012,DP0046,55.0,63.8,1.0
6203774530,DP0041,50.0,43.5,0.0
6210412237,DP0021,50.0,44.4,0.0
6205918030,DP0018,40.0,33.5,0.0
6209781274,DP0041,50.0,39.2,0.0
6207637907,DP0028,75.0,60.9,0.0
6191860729,DP0041,50.0,45.4,0.0
6210036699,DP0002,50.0,49.0,0.0
6199940213,DP0005,55.0,49.8,0.0
6210440556,DP0041,45.0,39.6,0.0
6208023770,DP0041,65.0,47.3,0.0
6197256008,DP0041,45.0,23.3,0.0
6204313487,DP0008,50.0,38.6,0.0
6205940263,DP0041,50.0,31.1,0.0
6195570031,DP0014,55.0,27.9,0.0
6208620039,DP0006,50.0,36.9,0.0
6209230720,DP0036,60.0,33.5,0.0
6209923832,DP0009,55.0,32.2,0.0
6208663290,DP0015,60.0,52.0,0.0
6202831460,DP0023,50.0,34.9,0.0
6208672212,DP0019,55.0,36.2,0.0
6209631584,DP0005,70.0,52.1,0.0
6203588645,DP0005,50.0,61.7,1.0
6207863652,DP0014,60.0,70.4,1.0
6209239804,DP0005,55.0,54.6,0.0
6157196327,DP0041,55.0,52.3,0.0
6197775128,DP0019,45.0,38.2,0.0
6196557236,DP0019,50.0,40.8,0.0
6204242256,DP0025,50.0,29.5,0.0
6206154742,DP0041,55.0,42.4,0.0
6200878219,DP0043,65.0,51.8,0.0
6202046007,DP0041,50.0,34.3,0.0
6197899149,DP0041,50.0,39.0,0.0
6208750488,DP0041,45.0,41.4,0.0
6194287988,DP0041,50.0,47.0,0.0
6207970125,DP0041,55.0,40.0,0.0
6199043881,DP0015,50.0,35.0,0.0
6203470663,DP0015,45.0,25.4,0.0
6198323147,DP0020,55.0,44.1,0.0
6205847702,DP0043,55.0,41.0,0.0
6200885145,DP0041,55.0,31.6,0.0
6199526671,DP0041,60.0,46.4,0.0
6202182162,DP0027,75.0,56.6,0.0
6200828423,DP0036,40.0,34.0,0.0
6204216494,DP0008,45.0,37.4,0.0
6187094493,DP0010,50.0,38.1,0.0
6203711326,DP0042,50.0,48.4,0.0
6195228644,DP0041,50.0,44.1,0.0
6195236986,DP0026,50.0,31.8,0.0
6202296768,DP0041,45.0,35.9,0.0
6198142165,DP0018,55.0,36.0,0.0
6188341197,DP0048,45.0,42.6,0.0
6201973881,DP0027,40.0,35.2,0.0
6172985246,DP0026,50.0,29.1,0.0
6197120234,DP0021,75.0,55.8,0.0
6195919461,DP0008,40.0,46.9,1.0
6198490694,DP0007,45.0,52.3,1.0
6197196439,DP0041,55.0,35.1,0.0
6200442016,DP0043,50.0,41.0,0.0
6196167486,DP0041,45.0,39.8,0.0
6199142135,DP0008,40.0,24.2,0.0
6197198515,DP0041,45.0,37.3,0.0
6200435416,DP0007,50.0,47.6,0.0
6194227936,DP0005,55.0,40.7,0.0
6193510503,DP0041,45.0,41.9,0.0
6199408130,DP0041,40.0,41.7,1.0
6197732903,DP0005,55.0,44.0,0.0
6198507227,DP0005,55.0,52.6,0.0
6226909744,DP0049,60.0,35.2,0.0
6225187650,DP0004,50.0,44.1,0.0
6227375881,DP0039,65.0,39.4,0.0
6226999209,DP0041,55.0,49.3,0.0
6221059137,DP0007,55.0,46.7,0.0
6223363995,DP0009,60.0,48.4,0.0
6222507741,DP0027,65.0,39.1,0.0
6223149639,DP0041,40.0,34.8,0.0
6221654438,DP0041,60.0,51.5,0.0
6216163919,DP0041,40.0,27.0,0.0
6218326978,DP0049,65.0,52.0,0.0
6220038834,DP0041,45.0,33.5,0.0
6219288574,DP0039,55.0,47.1,0.0
6211091391,DP0039,45.0,33.7,0.0
6198356936,DP0041,65.0,55.8,0.0
6210025518,DP0041,65.0,52.7,0.0
6214249366,DP0041,55.0,36.6,0.0
6209886213,DP0041,50.0,27.3,0.0
6200424610,DP0003,45.0,30.4,0.0
6213256459,DP0038,50.0,26.3,0.0
6213358992,DP0019,50.0,32.0,0.0
6213308521,DP0008,50.0,29.3,0.0
6174792904,DP0006,45.0,27.3,0.0
6212492250,DP0041,45.0,40.0,0.0
6212582649,DP0041,60.0,55.3,0.0
6211893518,DP0019,50.0,33.3,0.0
6212108134,DP0041,50.0,31.5,0.0
6212880647,DP0041,50.0,32.2,0.0
6209924737,DP0014,55.0,44.4,0.0
6212728336,,,,
6208100405,DP0041,50.0,40.7,0.0
6200954671,DP0041,50.0,45.2,0.0
6212060790,DP0041,40.0,31.7,0.0
6211161817,DP0041,45.0,34.5,0.0
6211860344,DP0005,55.0,38.1,0.0
6184624161,DP0019,55.0,47.2,0.0
6211021278,DP0006,40.0,59.3,1.0
6208455092,DP0047,55.0,57.9,1.0
6203010410,DP0008,70.0,58.4,0.0
6209658061,DP0008,45.0,57.8,1.0
6204800148,DP0043,55.0,45.5,0.0
6209163549,DP0045,45.0,34.0,0.0
6209151306,DP0041,50.0,36.1,0.0
6206753924,DP0002,50.0,40.3,0.0
6205374095,DP0001,45.0,28.9,0.0
6203873923,DP0030,50.0,46.8,0.0
6198901582,DP0008,65.0,56.2,0.0
6204232420,DP0003,50.0,42.2,0.0
6187581984,DP0041,50.0,36.5,0.0
6201307551,DP0044,45.0,28.0,0.0
6198875037,DP0024,50.0,40.4,0.0
6198670846,DP0041,65.0,37.1,0.0
6193115361,DP0041,50.0,34.6,0.0
6193063313,DP0018,40.0,26.7,0.0
6191484654,DP0041,45.0,34.9,0.0
6195737339,DP0015,60.0,41.5,0.0
6201920239,DP0008,65.0,63.7,0.0
6201488917,DP0041,45.0,53.2,1.0
6195896298,DP0007,40.0,41.5,1.0
6189834383,DP0050,65.0,66.4,1.0
6193873128,DP0012,60.0,53.8,0.0
6200395606,DP0041,45.0,41.6,0.0
6200359224,DP0036,50.0,34.9,0.0
6193807160,DP0008,50.0,31.4,0.0
6197394061,DP0004,60.0,74.3,1.0
6201211259,DP0041,45.0,34.5,0.0
6201028968,DP0041,60.0,49.9,0.0
6199510867,DP0043,55.0,52.6,0.0
6197942932,DP0041,40.0,37.6,0.0
6196383510,DP0041,50.0,40.1,0.0
6199485255,DP0041,55.0,43.8,0.0
6193594922,DP0041,55.0,44.7,0.0
6222338101,DP0041,45.0,27.3,0.0
6198831167,DP0041,75.0,72.5,0.0
6219158608,DP0041,40.0,35.7,0.0
6221497479,DP0034,55.0,50.4,0.0
6207969241,DP0041,40.0,46.5,1.0
6199553154,DP0041,55.0,45.2,0.0
6228431222,DP0009,50.0,27.8,0.0
6211968392,DP0003,55.0,44.9,0.0
6218855218,DP0028,40.0,27.3,0.0
6227938661,DP0041,40.0,24.2,0.0
6224073995,DP0043,40.0,18.2,0.0
6220013073,DP0008,40.0,25.1,0.0
6215598799,DP0041,60.0,56.7,0.0
6218815644,DP0043,50.0,40.3,0.0
6215787738,DP0008,45.0,33.3,0.0
6220608279,DP0043,40.0,20.3,0.0
6222322210,DP0049,55.0,29.7,0.0
6225279283,DP0041,55.0,54.2,0.0
6218006489,DP0041,55.0,48.3,0.0
6224551534,DP0050,40.0,46.1,1.0
6220700013,DP0041,40.0,28.9,0.0
6220945948,DP0021,55.0,43.2,0.0
6204522497,DP0043,40.0,27.0,0.0
6223097504,DP0041,60.0,53.0,0.0
6213186022,DP0041,70.0,53.3,0.0
6223049887,DP0019,50.0,33.2,0.0
6210469049,DP0041,60.0,49.0,0.0
6195549459,DP0005,40.0,26.9,0.0
6203955701,DP0043,40.0,26.0,0.0
6220259070,DP0024,40.0,25.6,0.0
6220754617,DP0008,50.0,24.4,0.0
6211761468,DP0039,55.0,32.8,0.0
6221009504,DP0005,70.0,48.8,0.0
6214793661,DP0041,50.0,27.5,0.0
6218064974,DP0043,45.0,24.5,0.0
6214688320,DP0043,40.0,22.6,0.0
6212514767,DP0008,50.0,37.9,0.0
6221074052,DP0008,40.0,25.3,0.0
6220466498,DP0041,45.0,23.5,0.0
6218208033,DP0043,55.0,39.3,0.0
6218517365,DP0041,60.0,26.4,0.0
6219411125,DP0041,40.0,26.0,0.0
6219771329,DP0023,40.0,39.9,0.0
6217532067,DP0043,50.0,41.5,0.0
6213936069,DP0041,55.0,45.6,0.0
6218866925,DP0019,40.0,35.3,0.0
6209946569,DP0020,40.0,16.9,0.0
6217381158,DP0043,45.0,31.0,0.0
6214686780,DP0002,70.0,56.3,0.0
6216959526,DP0023,50.0,30.7,0.0
6218148299,DP0041,60.0,44.4,0.0
6217894369,DP0008,50.0,28.8,0.0
6218622464,DP0006,45.0,18.3,0.0
6215004608,DP0041,55.0,35.2,0.0
6217445864,DP0043,40.0,32.8,0.0
6218565292,DP0041,40.0,23.6,0.0
6210342545,DP0043,40.0,32.0,0.0
6211337415,DP0041,45.0,45.3,1.0
6217361871,DP0041,50.0,26.6,0.0
6216947042,DP0032,40.0,23.5,0.0
6216371091,DP0041,40.0,35.2,0.0
6214801370,DP0049,55.0,35.7,0.0
6217084778,DP0015,55.0,37.9,0.0
6202050697,DP0033,40.0,33.2,0.0
6213608917,DP0041,50.0,31.5,0.0
6212719308,DP0008,40.0,27.3,0.0
6210196110,DP0005,45.0,37.7,0.0
6213129573,DP0042,50.0,40.0,0.0
6212029578,DP0048,45.0,27.8,0.0
6214652745,DP0034,40.0,25.1,0.0
6214523438,DP0005,80.0,56.2,0.0
6212406037,DP0005,45.0,40.4,0.0
6214276981,,,,
6213656323,DP0041,40.0,25.4,0.0
6213022716,DP0023,40.0,21.4,0.0
6213312159,DP0041,40.0,35.1,0.0
6209909553,DP0023,50.0,42.7,0.0
6207083322,DP0041,40.0,25.6,0.0
6213300879,DP0043,45.0,31.8,0.0
6209094439,DP0041,50.0,44.9,0.0
6198169933,DP0041,60.0,36.2,0.0
6212632712,DP0028,40.0,24.1,0.0
6210222168,DP0041,60.0,45.7,0.0
6211389771,DP0041,55.0,44.1,0.0
6211046658,DP0007,50.0,31.7,0.0
6211946744,DP0041,40.0,20.3,0.0
6209991751,DP0019,45.0,34.3,0.0
6211148119,DP0041,45.0,43.1,0.0
6211474654,DP0038,45.0,59.7,1.0
6209347460,DP0050,55.0,73.8,1.0
6207781297,DP0006,55.0,45.6,0.0
6210273910,DP0041,40.0,29.9,0.0
6196170928,DP0041,45.0,31.1,0.0
6192569814,DP0041,45.0,31.9,0.0
6209593120,DP0021,55.0,34.6,0.0
6205133567,DP0041,45.0,24.7,0.0
6207987469,DP0041,40.0,21.2,0.0
6206805401,DP0015,55.0,31.6,0.0
6206190582,DP0015,50.0,25.6,0.0
6205330809,DP0041,55.0,32.9,0.0
6205791171,DP0041,60.0,34.8,0.0
6208067377,DP0019,55.0,43.2,0.0
6209478242,DP0020,40.0,20.9,0.0
6209058009,DP0019,45.0,25.4,0.0
6204037405,DP0041,85.0,53.9,0.0
6205854080,DP0041,40.0,17.5,0.0
6208199896,DP0043,50.0,35.4,0.0
6199913948,DP0048,50.0,35.1,0.0
6205621694,DP0041,65.0,46.7,0.0
6208210506,DP0005,45.0,46.4,1.0
6209636047,DP0005,50.0,36.6,0.0
6207255839,DP0019,40.0,42.8,1.0
6202681493,DP0043,45.0,32.6,0.0
6205214905,DP0041,40.0,14.7,0.0
6202735280,DP0019,100.0,57.1,0.0
6206913437,DP0034,45.0,29.1,0.0
6204210277,DP0041,40.0,30.9,0.0
6195550038,DP0041,55.0,45.4,0.0
6200732681,DP0008,45.0,27.3,0.0
6202736660,DP0048,50.0,49.7,0.0
6205454599,DP0041,50.0,36.3,0.0
6205595778,DP0008,45.0,27.4,0.0
6202720002,DP0043,55.0,35.4,0.0
6204962787,DP0005,70.0,44.2,0.0
6203787207,DP0043,40.0,24.1,0.0
6192137254,DP0050,40.0,32.1,0.0
6204268610,DP0041,40.0,28.2,0.0
6197881809,DP0041,55.0,26.7,0.0
6200728686,DP0026,40.0,30.4,0.0
6202495405,DP0044,60.0,63.4,1.0
6200384939,DP0041,75.0,61.6,0.0
6200440618,DP0041,50.0,38.5,0.0
6199066056,DP0043,40.0,16.5,0.0
6198214794,DP0048,45.0,41.2,0.0
6202203207,DP0043,40.0,15.4,0.0
6198646607,DP0021,40.0,28.7,0.0
6185892368,DP0048,65.0,56.5,0.0
6202199447,DP0041,40.0,28.0,0.0
6200569923,DP0043,45.0,22.9,0.0
6201566216,DP0041,40.0,27.7,0.0
6191289024,DP0021,50.0,34.1,0.0
6196515918,DP0029,55.0,36.7,0.0
6201595271,DP0041,55.0,32.5,0.0
6196902783,DP0041,40.0,20.1,0.0
6191924769,DP0023,55.0,32.3,0.0
6196634275,DP0041,40.0,27.1,0.0
6198802134,DP0027,40.0,19.6,0.0
6200951412,DP0041,45.0,35.9,0.0
6201209080,DP0041,40.0,21.8,0.0
6199954638,DP0005,45.0,34.0,0.0
6201244063,DP0009,45.0,21.4,0.0
6194205998,DP0005,50.0,37.3,0.0
6198124011,DP0041,55.0,36.4,0.0
6187706929,DP0007,40.0,28.4,0.0
6198281173,DP0007,60.0,35.8,0.0
6198356904,DP0044,50.0,41.0,0.0
6188172046,DP0043,40.0,27.9,0.0
6200490936,DP0040,40.0,30.1,0.0
6199450340,DP0049,45.0,52.5,1.0
6217919611,DP0001,65.0,45.2,0.0
6211006974,DP0041,40.0,58.9,1.0
6204134694,DP0041,65.0,78.6,1.0
6204415109,DP0041,65.0,70.6,1.0
6201156921,DP0033,65.0,53.2,0.0
6194165466,DP0041,75.0,82.2,1.0
6226071262,DP0037,55.0,40.5,0.0
6222875755,DP0041,45.0,36.2,0.0
6223237075,DP0008,40.0,27.4,0.0
6225270159,DP0014,70.0,44.8,0.0
6218983419,DP0012,40.0,21.2,0.0
6223650654,DP0019,40.0,24.6,0.0
6218147686,DP0041,60.0,48.2,0.0
6223338240,DP0007,50.0,27.5,0.0
6223262282,DP0043,50.0,28.8,0.0
6222785991,DP0020,40.0,30.9,0.0
6219668236,DP0009,50.0,36.3,0.0
6218898690,DP0041,50.0,42.9,0.0
6221553571,DP0005,45.0,19.5,0.0
6221651265,DP0041,50.0,38.4,0.0
6205024593,DP0041,55.0,41.1,0.0
6221597328,DP0015,50.0,34.2,0.0
6219530275,DP0005,50.0,34.0,0.0
6218794484,DP0028,40.0,26.6,0.0
6220374160,DP0006,45.0,26.4,0.0
6204351430,DP0007,45.0,31.2,0.0
6205269120,DP0019,50.0,36.0,0.0
6217551370,DP0019,40.0,38.0,0.0
6217009157,DP0041,50.0,53.7,1.0
6217389346,DP0041,55.0,34.7,0.0
6214160474,DP0041,50.0,28.7,0.0
6213220207,DP0008,40.0,38.3,0.0
6213358828,DP0010,50.0,35.6,0.0
6209567996,DP0043,55.0,37.6,0.0
6212052204,DP0041,50.0,25.0,0.0
6207941993,DP0043,55.0,47.4,0.0
6211982696,DP0029,50.0,27.8,0.0
6211490559,DP0041,60.0,75.4,1.0
6211117494,DP0041,50.0,28.7,0.0
6209294456,DP0023,75.0,43.2,0.0
6197425410,DP0041,40.0,36.0,0.0
6203231414,DP0041,65.0,52.8,0.0
6206390922,DP0015,45.0,36.7,0.0
6208671275,DP0021,60.0,52.4,0.0
6209238748,DP0041,45.0,40.5,0.0
6200126938,DP0043,50.0,31.6,0.0
6210576493,DP0028,55.0,44.1,0.0
6197668024,DP0021,50.0,32.1,0.0
6210380248,DP0014,40.0,55.3,1.0
6209387593,DP0041,70.0,74.3,1.0
6207154182,DP0023,55.0,38.3,0.0
6209262629,DP0049,45.0,25.2,0.0
6208050780,DP0024,50.0,28.0,0.0
6209947966,DP0033,45.0,28.4,0.0
6201242475,DP0041,50.0,28.6,0.0
6204322552,DP0041,85.0,58.7,0.0
6207839175,DP0041,50.0,39.7,0.0
6205698452,DP0038,40.0,31.3,0.0
6208904731,DP0050,45.0,44.8,0.0
6209284327,DP0002,40.0,29.5,0.0
6203752563,DP0043,45.0,22.2,0.0
6208853313,DP0008,55.0,52.6,0.0
6207125557,DP0041,45.0,26.3,0.0
6205806142,DP0041,45.0,29.4,0.0
6204656195,DP0026,50.0,31.8,0.0
6201742020,DP0043,45.0,31.9,0.0
6204509979,DP0002,45.0,26.1,0.0
6204414442,DP0015,45.0,22.2,0.0
6205199396,DP0041,50.0,24.3,0.0
6202642668,DP0027,50.0,38.5,0.0
6195885069,DP0041,40.0,21.6,0.0
6193076577,DP0003,40.0,35.7,0.0
6200047897,DP0007,45.0,30.9,0.0
6197062884,DP0008,65.0,45.2,0.0
6200379607,DP0013,65.0,55.8,0.0
6186074876,DP0041,50.0,50.9,1.0
6197180411,DP0041,60.0,64.2,1.0
6225101747,DP0043,50.0,45.4,0.0
6227538618,DP0043,50.0,25.6,0.0
6226063451,DP0014,45.0,23.1,0.0
6220665585,DP0039,45.0,22.7,0.0
6220668308,DP0014,45.0,34.3,0.0
6226384679,DP0019,40.0,26.4,0.0
6224440415,DP0041,45.0,29.3,0.0
6224882342,DP0005,40.0,44.3,1.0
6221022576,DP0015,55.0,34.9,0.0
6224402112,DP0043,85.0,61.6,0.0
6219982407,DP0041,40.0,37.4,0.0
6216187216,DP0039,50.0,22.3,0.0
6217439541,DP0002,45.0,37.5,0.0
6211313927,DP0018,55.0,45.1,0.0
6211068689,DP0043,50.0,50.0,1.0
6212733766,DP0009,50.0,30.4,0.0
6216508099,DP0037,45.0,39.0,0.0
6210174924,DP0002,45.0,32.1,0.0
6216323443,DP0041,40.0,30.5,0.0
6215550861,DP0003,50.0,26.1,0.0
6211907860,DP0041,50.0,40.2,0.0
6213335303,DP0041,60.0,48.3,0.0
6209557700,DP0041,40.0,31.5,0.0
6204725190,DP0019,45.0,30.6,0.0
6212113481,DP0043,40.0,16.9,0.0
6207961284,DP0041,40.0,29.8,0.0
6211215694,DP0029,40.0,24.4,0.0
6209081127,DP0041,40.0,23.4,0.0
6208834998,DP0002,40.0,42.1,1.0
6212062507,DP0008,40.0,53.0,1.0
6207729216,DP0041,45.0,36.6,0.0
6208115546,DP0017,40.0,22.7,0.0
6206946304,DP0041,100.0,64.8,0.0
6206759263,DP0032,40.0,34.1,0.0
6196648635,DP0043,45.0,33.6,0.0
6180318335,DP0047,40.0,29.5,0.0
6205217290,DP0043,45.0,34.6,0.0
6204826134,DP0019,40.0,21.2,0.0
6205101236,DP0014,50.0,32.6,0.0
6198787948,DP0041,70.0,60.3,0.0
6200341956,DP0002,50.0,32.8,0.0
6199951753,DP0003,50.0,46.4,0.0
6200433581,DP0041,60.0,49.4,0.0
6161388715,DP0041,50.0,34.4,0.0
6196665837,DP0050,70.0,56.3,0.0
6197504038,DP0015,45.0,27.3,0.0
6195081548,DP0019,50.0,32.8,0.0
6197784180,DP0007,50.0,36.3,0.0
6200163921,DP0043,50.0,32.3,0.0
6199094871,DP0041,40.0,28.3,0.0
6197836260,DP0041,40.0,25.5,0.0
6200111555,DP0043,40.0,28.0,0.0
6227166204,DP0041,50.0,48.0,0.0
6205164116,DP0039,40.0,16.9,0.0
6195286820,DP0025,50.0,25.9,0.0
6193756006,DP0041,50.0,40.7,0.0
6253032228,DP0040,55.0,43.0,0.0
6215456619,DP0040,55.0,45.0,0.0
6251173237,DP0044,50.0,37.8,0.0
6253225359,DP0049,50.0,35.5,0.0
6252734540,DP0041,60.0,37.4,0.0
6242525456,DP0041,50.0,37.7,0.0
6236111994,DP0041,45.0,30.8,0.0
6246096451,DP0009,55.0,51.0,0.0
6240429270,DP0005,45.0,32.8,0.0
6244376548,DP0041,45.0,35.0,0.0
6250829002,DP0041,60.0,41.7,0.0
6251395551,DP0005,50.0,32.7,0.0
6246189759,DP0043,45.0,33.9,0.0
6241369345,DP0005,65.0,48.9,0.0
6249282402,DP0019,40.0,24.1,0.0
6248461788,DP0041,60.0,40.2,0.0
6242042000,DP0009,50.0,29.5,0.0
6245684685,DP0005,55.0,31.5,0.0
6226456967,DP0025,55.0,38.2,0.0
6244586328,DP0041,50.0,31.0,0.0
6244570645,DP0037,55.0,40.2,0.0
6246607212,DP0041,50.0,31.9,0.0
6241946555,DP0041,45.0,41.9,0.0
6242046564,DP0003,55.0,43.4,0.0
6244597155,DP0049,50.0,22.3,0.0
6244258705,DP0005,50.0,47.4,0.0
6243083249,DP0048,50.0,61.1,1.0
6237780321,DP0041,50.0,33.1,0.0
6237879774,DP0047,45.0,41.8,0.0
6242829358,DP0007,45.0,30.5,0.0
6240035659,DP0041,50.0,46.9,0.0
6228783654,DP0009,45.0,36.0,0.0
6238370638,DP0005,45.0,24.0,0.0
6235087070,DP0041,40.0,25.8,0.0
6240358904,DP0015,70.0,50.4,0.0
6230897384,DP0041,45.0,33.9,0.0
6236608269,DP0007,75.0,68.3,0.0
6236867521,DP0025,65.0,46.1,0.0
6238902950,DP0041,55.0,46.5,0.0
6219454056,DP0039,60.0,52.2,0.0
6237777210,DP0041,55.0,50.0,0.0
6236143641,DP0041,45.0,37.4,0.0
6234359737,DP0043,45.0,40.7,0.0
6235505302,DP0024,45.0,28.7,0.0
6235224090,DP0041,40.0,19.1,0.0
6232703206,DP0047,40.0,24.8,0.0
6235442520,DP0041,65.0,49.8,0.0
6232373357,DP0041,50.0,26.7,0.0
6232544626,DP0041,50.0,25.6,0.0
6229288879,DP0041,55.0,38.9,0.0
6233711388,DP0041,45.0,31.0,0.0
6231948726,DP0003,50.0,44.8,0.0
6232414274,DP0014,60.0,38.9,0.0
6232673841,DP0041,50.0,43.6,0.0
6221090803,DP0019,55.0,21.5,0.0
6230810104,DP0041,65.0,48.7,0.0
6231638174,DP0029,50.0,32.3,0.0
6230015935,DP0041,70.0,46.1,0.0
6222268001,DP0005,65.0,58.0,0.0
6230114871,DP0012,50.0,43.5,0.0
6229215459,DP0047,55.0,48.3,0.0
6227447081,DP0043,65.0,50.2,0.0
6229235113,DP0041,45.0,28.5,0.0
6222206063,DP0041,55.0,35.2,0.0
6256906312,DP0041,40.0,24.7,0.0
6250654869,DP0041,50.0,28.1,0.0
6255607059,DP0041,50.0,31.2,0.0
6255907328,DP0005,40.0,29.8,0.0
6251128064,DP0041,55.0,30.3,0.0
6245366868,DP0041,50.0,36.7,0.0
6255055741,DP0050,55.0,49.2,0.0
6254310953,DP0002,60.0,40.7,0.0
6241656910,DP0041,45.0,27.7,0.0
6251463588,DP0041,50.0,29.6,0.0
6254870687,DP0039,50.0,26.9,0.0
6244309656,DP0008,55.0,41.3,0.0
6237168476,DP0036,55.0,57.5,1.0
6242470170,DP0028,40.0,33.6,0.0
6238010846,DP0021,40.0,29.9,0.0
6235497133,DP0041,55.0,44.9,0.0
6248996097,DP0041,55.0,37.8,0.0
6250793780,DP0041,55.0,30.2,0.0
6250430033,DP0044,55.0,28.0,0.0
6251921389,DP0027,55.0,32.6,0.0
6249289135,DP0017,55.0,27.0,0.0
6250063689,DP0041,40.0,32.7,0.0
6246757358,DP0014,65.0,42.2,0.0
6236586006,DP0021,55.0,32.5,0.0
6248922409,DP0015,55.0,38.4,0.0
6248174721,DP0005,45.0,52.6,1.0
6249293803,DP0042,50.0,39.5,0.0
6246678726,DP0019,40.0,35.2,0.0
6241312324,DP0041,45.0,44.6,0.0
6241342414,DP0005,55.0,38.4,0.0
6224561486,DP0041,55.0,41.1,0.0
6246698143,DP0025,55.0,30.3,0.0
6246247278,DP0041,75.0,49.4,0.0
6246398856,DP0037,40.0,31.5,0.0
6244291184,DP0014,50.0,46.5,0.0
6243757458,DP0041,50.0,30.1,0.0
6229496117,DP0008,45.0,33.4,0.0
6244908066,DP0039,55.0,43.2,0.0
6242514101,DP0022,50.0,42.3,0.0
6233158157,DP0043,50.0,35.0,0.0
6242513989,DP0005,55.0,33.3,0.0
6240343007,DP0041,40.0,22.7,0.0
6228612472,DP0012,55.0,36.0,0.0
6241765823,DP0023,50.0,73.5,1.0
6240862426,DP0037,55.0,69.3,1.0
6239511434,DP0043,40.0,34.0,0.0
6240223170,DP0016,40.0,35.1,0.0
6217494530,DP0006,60.0,35.2,0.0
6240277192,DP0023,40.0,21.5,0.0
6233545881,DP0007,45.0,38.6,0.0
6238596069,DP0008,40.0,33.2,0.0
6226411499,DP0041,40.0,32.9,0.0
6235204980,DP0005,50.0,30.1,0.0
6238284507,DP0005,40.0,29.2,0.0
6232157144,DP0041,40.0,32.9,0.0
6236309620,DP0028,45.0,20.4,0.0
6236768525,DP0008,55.0,37.7,0.0
6234456926,DP0019,40.0,27.1,0.0
6237428255,DP0041,45.0,28.3,0.0
6230996288,DP0019,50.0,28.4,0.0
6236738622,DP0041,40.0,26.5,0.0
6229392277,DP0008,45.0,41.7,0.0
6235501710,DP0041,45.0,46.0,1.0
6230044245,DP0022,40.0,25.1,0.0
6233124857,DP0041,40.0,25.3,0.0
6227279967,DP0041,40.0,38.0,0.0
6234469734,DP0041,40.0,25.3,0.0
6232801179,DP0019,45.0,38.0,0.0
6231567898,DP0019,55.0,41.9,0.0
6232036019,DP0024,50.0,27.7,0.0
6224661635,DP0009,45.0,42.1,0.0
6233632799,DP0012,50.0,29.9,0.0
6233603254,DP0041,40.0,40.7,1.0
6233066678,DP0032,40.0,56.4,1.0
6217736166,DP0039,65.0,40.6,0.0
6232098632,DP0041,65.0,45.2,0.0
6231049141,DP0041,45.0,34.2,0.0
6230679509,DP0005,40.0,26.5,0.0
6231542122,DP0042,45.0,25.2,0.0
6230740392,DP0011,45.0,36.8,0.0
6229259266,DP0041,40.0,38.6,0.0
6230435855,DP0041,50.0,26.8,0.0
6227275395,DP0041,40.0,39.6,0.0
6220823382,DP0041,55.0,33.0,0.0
6229101584,DP0002,50.0,46.5,0.0
6228401134,DP0028,65.0,49.0,0.0
6228948533,DP0041,50.0,30.6,0.0
6257382491,DP0033,40.0,21.7,0.0
6247697856,DP0043,45.0,25.7,0.0
6252958999,DP0021,45.0,24.9,0.0
6251913347,DP0019,55.0,33.7,0.0
6256333865,DP0019,65.0,73.2,1.0
6240940178,DP0025,50.0,33.0,0.0
6251127061,DP0041,45.0,18.8,0.0
6255702494,DP0041,40.0,24.2,0.0
6250460368,DP0041,50.0,37.0,0.0
6251111117,DP0041,55.0,37.7,0.0
6256330567,,,,
6254443820,DP0041,40.0,37.1,0.0
6254699335,DP0003,45.0,30.9,0.0
6254675317,DP0041,65.0,36.7,0.0
6253297079,DP0015,50.0,51.2,1.0
6254519208,DP0008,40.0,27.7,0.0
6254752128,DP0041,50.0,36.3,0.0
6242744252,DP0023,45.0,21.7,0.0
6253837588,DP0005,40.0,15.7,0.0
6254970712,DP0008,60.0,34.9,0.0
6252479384,DP0001,50.0,29.6,0.0
6253092144,DP0043,50.0,32.0,0.0
6248228674,DP0003,50.0,29.6,0.0
6254469685,DP0015,50.0,36.1,0.0
6246992102,DP0037,55.0,33.0,0.0
6252060618,DP0028,45.0,17.5,0.0
6250196732,DP0043,50.0,38.6,0.0
6250718464,DP0005,40.0,17.6,0.0
6247392643,DP0041,45.0,20.7,0.0
6254090339,DP0041,50.0,32.8,0.0
6226353324,DP0043,45.0,27.7,0.0
6245988361,DP0041,55.0,32.2,0.0
6252469407,DP0041,55.0,60.9,1.0
6253623927,DP0005,50.0,45.6,0.0
6254048458,DP0032,40.0,22.0,0.0
6240881932,DP0029,40.0,24.6,0.0
6249345379,DP0043,50.0,24.7,0.0
6250922677,DP0008,50.0,27.1,0.0
6253700164,DP0008,50.0,34.3,0.0
6248936686,DP0024,50.0,31.5,0.0
6249888888,DP0005,55.0,32.1,0.0
6252828789,DP0012,50.0,28.2,0.0
6253690031,DP0047,50.0,25.8,0.0
6247645490,DP0038,55.0,33.9,0.0
6254065657,DP0041,55.0,33.8,0.0
6250978980,DP0041,50.0,26.1,0.0
6249108852,DP0028,65.0,43.6,0.0
6249533099,DP0008,55.0,35.5,0.0
6247202519,DP0015,45.0,34.4,0.0
6252452467,DP0021,50.0,38.5,0.0
6251271611,DP0041,55.0,39.8,0.0
6251207146,DP0034,50.0,25.9,0.0
6253610713,DP0002,50.0,39.4,0.0
6251438909,DP0041,50.0,29.1,0.0
6253745653,DP0043,60.0,39.0,0.0
6240694921,DP0041,50.0,34.1,0.0
6232805884,DP0041,40.0,31.7,0.0
6246884145,DP0041,40.0,16.6,0.0
6250892117,DP0024,55.0,35.6,0.0
6252492768,DP0041,55.0,40.1,0.0
6250440918,DP0008,50.0,48.1,0.0
6253291611,DP0041,40.0,26.6,0.0
6251654116,DP0041,40.0,19.2,0.0
6252664160,DP0003,55.0,43.4,0.0
6250005547,DP0041,65.0,52.0,0.0
6252064485,DP0043,60.0,43.3,0.0
6246487504,DP0019,60.0,51.2,0.0
6249361581,DP0041,45.0,30.6,0.0
6250244644,DP0005,40.0,21.1,0.0
6244647119,DP0041,40.0,23.6,0.0
6249887881,DP0041,40.0,42.1,1.0
6243332440,DP0041,45.0,29.7,0.0
6246538923,DP0043,40.0,16.6,0.0
6236752160,DP0043,40.0,18.0,0.0
6233236852,DP0041,50.0,48.1,0.0
6244613533,DP0019,75.0,62.6,0.0
6245759928,DP0043,40.0,23.8,0.0
6244606021,DP0006,55.0,47.7,0.0
6248312436,DP0043,50.0,32.0,0.0
6246580693,DP0024,45.0,48.9,1.0
6246620909,DP0005,50.0,33.4,0.0
6231552395,DP0041,50.0,35.9,0.0
6242765753,DP0015,45.0,37.8,0.0
6247006150,DP0017,40.0,36.9,0.0
6241620493,DP0021,50.0,31.8,0.0
6242570166,DP0005,50.0,38.2,0.0
6242135434,DP0011,55.0,38.1,0.0
6236481634,DP0002,40.0,32.1,0.0
6241434637,DP0039,55.0,59.2,1.0
6243279209,DP0005,50.0,33.0,0.0
6239085086,DP0041,45.0,23.5,0.0
6245636782,DP0015,55.0,39.4,0.0
6234675476,DP0045,55.0,50.4,0.0
6240995824,DP0043,55.0,32.4,0.0
6234249213,DP0019,70.0,48.7,0.0
6245012226,DP0041,45.0,71.3,1.0
6241501128,DP0041,45.0,45.2,1.0
6241183083,DP0049,40.0,40.0,0.0
6244300488,DP0041,60.0,45.9,0.0
6236746238,DP0005,55.0,46.3,0.0
6238263734,DP0041,50.0,29.2,0.0
6240068870,DP0041,40.0,22.3,0.0
6241339316,DP0041,50.0,43.1,0.0
6244075525,DP0021,40.0,32.9,0.0
6240847688,DP0043,55.0,50.8,0.0
6233184968,DP0047,55.0,25.4,0.0
6242223471,DP0015,40.0,34.0,0.0
6236393981,DP0005,40.0,34.9,0.0
6239850697,DP0014,50.0,41.6,0.0
6243812413,DP0041,45.0,32.4,0.0
6238138765,DP0041,50.0,29.9,0.0
6241479117,DP0041,55.0,52.7,0.0
6225503991,DP0034,55.0,35.1,0.0
6241766131,DP0041,40.0,26.0,0.0
6234541908,DP0021,65.0,48.8,0.0
6228460416,DP0041,60.0,34.2,0.0
6243057595,DP0041,55.0,33.9,0.0
6243413679,DP0048,40.0,41.4,1.0
6242652324,DP0043,60.0,40.1,0.0
6242920985,DP0043,45.0,37.9,0.0
6241660764,DP0034,40.0,36.6,0.0
6238230736,DP0041,55.0,62.3,1.0
6243072188,DP0041,65.0,65.1,1.0
6237534549,DP0043,60.0,56.8,0.0
6235480510,DP0008,45.0,34.9,0.0
6243347342,DP0021,50.0,28.3,0.0
6236557713,DP0008,50.0,35.8,0.0
6242703688,DP0041,55.0,29.4,0.0
6229378025,DP0021,55.0,38.8,0.0
6241873705,DP0024,60.0,47.7,0.0
6234552341,DP0005,55.0,62.2,1.0
6239971334,DP0027,65.0,82.2,1.0
6236721530,DP0043,50.0,100.9,1.0
6226784391,DP0015,40.0,50.8,1.0
6228574130,DP0041,45.0,41.2,0.0
6240998013,DP0041,45.0,55.1,1.0
6238176425,DP0043,40.0,85.9,1.0
6241642173,DP0008,55.0,46.5,0.0
6240723396,DP0048,40.0,76.1,1.0
6242845418,DP0041,45.0,61.8,1.0
6241133690,DP0050,50.0,85.5,1.0
6239283644,DP0043,45.0,74.3,1.0
6242394462,DP0015,55.0,80.9,1.0
6240697787,DP0005,40.0,71.6,1.0
6239807569,DP0019,55.0,75.0,1.0
6242547969,DP0041,55.0,78.6,1.0
6232558613,DP0010,40.0,54.1,1.0
6242192855,DP0009,55.0,40.0,0.0
6239937095,DP0041,55.0,43.3,0.0
6242209560,DP0005,45.0,23.1,0.0
6242623618,DP0008,45.0,25.7,0.0
6233547068,DP0037,50.0,45.4,0.0
6242038727,DP0005,50.0,34.7,0.0
6241693183,DP0033,50.0,43.8,0.0
6241256205,DP0041,50.0,29.0,0.0
6240915278,DP0039,55.0,37.9,0.0
6240035582,DP0043,40.0,33.6,0.0
6241484748,DP0041,55.0,30.7,0.0
6241967911,DP0041,50.0,32.4,0.0
6240296854,DP0036,40.0,44.9,1.0
6233757622,DP0041,55.0,58.6,1.0
6234822736,DP0043,50.0,42.1,0.0
6242197930,DP0043,50.0,35.9,0.0
6240645666,DP0041,50.0,31.3,0.0
6231107332,DP0008,50.0,45.7,0.0
6240903266,DP0019,40.0,21.0,0.0
6239793409,DP0005,50.0,27.1,0.0
6241257818,DP0043,40.0,22.0,0.0
6240870296,DP0041,50.0,39.7,0.0
6239698070,DP0041,55.0,40.2,0.0
6240655596,DP0021,40.0,29.6,0.0
6236979620,DP0043,55.0,30.6,0.0
6240848945,DP0019,50.0,34.6,0.0
6240396857,DP0001,40.0,37.5,0.0
6233734945,DP0030,55.0,35.7,0.0
6241177991,DP0041,50.0,36.8,0.0
6236124979,DP0041,55.0,36.1,0.0
6238982037,DP0043,65.0,53.0,0.0
6240566735,DP0007,50.0,42.1,0.0
6238790784,DP0041,45.0,19.3,0.0
6225657544,DP0041,50.0,28.0,0.0
6238649328,DP0019,50.0,28.7,0.0
6237885207,DP0041,50.0,28.4,0.0
6239619504,DP0041,45.0,28.5,0.0
6239262123,DP0041,40.0,22.1,0.0
6239668658,DP0043,50.0,30.7,0.0
6236963462,DP0041,40.0,13.7,0.0
6229865469,DP0015,65.0,39.0,0.0
6231651258,DP0041,40.0,30.8,0.0
6238969505,DP0021,50.0,28.4,0.0
6237087836,DP0016,45.0,25.8,0.0
6239782252,DP0005,40.0,31.8,0.0
6238558617,DP0041,45.0,28.8,0.0
6236888665,DP0041,50.0,41.6,0.0
6238192189,DP0015,55.0,36.0,0.0
6230777206,DP0041,40.0,31.1,0.0
6239024905,DP0043,40.0,14.5,0.0
6229534837,DP0007,55.0,28.4,0.0
6234702103,DP0015,55.0,42.1,0.0
6232342677,DP0041,40.0,26.3,0.0
6237468261,DP0019,50.0,40.0,0.0
6237410149,DP0041,50.0,42.2,0.0
6236398535,DP0005,50.0,27.3,0.0
6235257523,DP0040,45.0,27.9,0.0
6234639602,DP0041,50.0,51.0,1.0
6235258176,DP0041,40.0,37.3,0.0
6233822191,DP0041,55.0,41.2,0.0
6229510352,DP0043,80.0,44.2,0.0
6234883506,DP0041,50.0,33.6,0.0
6233755467,DP0041,50.0,42.8,0.0
6233642227,DP0005,40.0,45.7,1.0
6230137573,DP0041,45.0,23.8,0.0
6234361360,DP0005,40.0,31.1,0.0
6232596598,DP0041,50.0,25.4,0.0
6232589717,DP0023,40.0,38.8,0.0
6225559545,DP0041,45.0,29.1,0.0
6232990860,DP0019,55.0,30.7,0.0
6235317041,DP0041,40.0,25.7,0.0
6233520431,DP0043,45.0,24.5,0.0
6226926835,DP0034,50.0,38.1,0.0
6231960659,DP0043,50.0,39.8,0.0
6229788315,DP0019,45.0,17.4,0.0
6229793986,DP0041,50.0,52.7,1.0
6230016615,DP0043,50.0,33.5,0.0
6226802174,DP0024,50.0,36.7,0.0
6218748243,DP0047,55.0,53.8,0.0
6230649401,DP0008,65.0,56.2,0.0
6220831115,DP0003,55.0,51.0,0.0
6229230530,DP0043,40.0,30.4,0.0
6233384348,DP0005,45.0,26.0,0.0
6229471011,DP0050,55.0,50.1,0.0
6226380330,DP0046,50.0,42.1,0.0
6227423607,DP0008,55.0,32.2,0.0
6216378917,DP0041,50.0,41.2,0.0
6230659770,DP0012,40.0,32.4,0.0
6222229985,DP0038,40.0,25.1,0.0
6231339126,DP0005,40.0,17.3,0.0
6229617444,DP0015,55.0,26.6,0.0
6222704789,DP0028,45.0,27.0,0.0
6229014173,DP0039,50.0,41.8,0.0
6227988873,DP0048,40.0,46.2,1.0
6228888787,DP0041,50.0,31.0,0.0
6229759870,DP0041,40.0,26.1,0.0
6230147035,DP0041,40.0,25.6,0.0
6229524812,DP0043,50.0,27.1,0.0
6226901998,DP0026,45.0,32.3,0.0
6229717239,DP0041,50.0,29.4,0.0
6185449055,DP0050,50.0,34.0,0.0
6229498723,DP0021,55.0,34.8,0.0
6229964848,DP0041,40.0,19.7,0.0
6225301349,DP0043,55.0,68.0,1.0
6229086810,DP0043,40.0,14.6,0.0
6225166563,DP0041,40.0,20.3,0.0
6227806888,DP0019,45.0,17.0,0.0
6256520625,DP0024,50.0,26.1,0.0
6254526874,DP0003,60.0,31.0,0.0
6241222134,DP0041,55.0,30.3,0.0
6254842896,DP0005,50.0,32.5,0.0
6250061121,DP0043,50.0,23.7,0.0
6255752090,DP0007,55.0,40.6,0.0
6250266455,DP0010,55.0,33.0,0.0
6253752878,DP0041,55.0,31.6,0.0
6256680361,DP0041,50.0,29.2,0.0
6256168416,DP0008,70.0,48.9,0.0
6252876829,DP0039,65.0,39.1,0.0
6252811085,DP0041,65.0,56.8,0.0
6254953246,DP0015,45.0,18.7,0.0
6255867531,DP0007,65.0,55.1,0.0
6255892588,DP0043,55.0,34.5,0.0
6255807747,DP0041,50.0,37.5,0.0
6252232269,DP0002,50.0,31.4,0.0
6248712127,DP0041,50.0,34.8,0.0
6255025471,DP0048,55.0,55.4,1.0
6253611282,DP0041,70.0,39.1,0.0
6254265622,DP0041,65.0,31.7,0.0
6253646697,DP0043,65.0,36.2,0.0
6253104335,DP0047,65.0,53.3,0.0
6248993347,DP0041,40.0,27.2,0.0
6252707271,DP0039,70.0,61.1,0.0
6248124303,DP0041,45.0,31.3,0.0
6254859539,DP0041,80.0,75.3,0.0
6253105563,DP0014,50.0,30.0,0.0
6254545777,DP0039,50.0,26.3,0.0
6244737717,DP0042,65.0,45.0,0.0
6240674239,DP0041,65.0,41.2,0.0
6253822948,DP0036,55.0,40.3,0.0
6250179728,DP0041,60.0,35.9,0.0
6252337797,DP0007,45.0,46.9,1.0
6248903585,DP0034,65.0,47.1,0.0
6249629139,DP0041,50.0,40.2,0.0
6239008224,DP0015,45.0,42.1,0.0
6244521421,DP0012,45.0,38.6,0.0
6252677231,DP0046,45.0,50.6,1.0
6251812405,DP0015,55.0,37.2,0.0
6248991408,DP0019,75.0,50.5,0.0
6244531929,DP0048,45.0,35.8,0.0
6252278422,DP0041,40.0,24.8,0.0
6250725680,DP0041,55.0,37.8,0.0
6247009774,DP0043,55.0,35.9,0.0
6253166064,DP0007,55.0,51.6,0.0
6252444009,DP0041,55.0,35.6,0.0
6252226912,DP0041,45.0,30.8,0.0
6252505738,DP0042,55.0,53.1,0.0
6245992712,DP0041,60.0,48.7,0.0
6251767974,DP0041,45.0,41.4,0.0
6252034063,DP0041,55.0,47.6,0.0
6247692030,DP0041,65.0,61.6,0.0
6251382922,DP0041,50.0,33.6,0.0
6247461281,DP0041,50.0,53.8,1.0
6249533774,DP0041,45.0,25.5,0.0
6228851499,DP0039,40.0,30.5,0.0
6236684106,DP0041,65.0,63.4,0.0
6242209309,DP0041,50.0,44.5,0.0
6249352685,DP0041,65.0,46.8,0.0
6247097533,DP0041,45.0,36.5,0.0
6249355463,DP0043,40.0,25.6,0.0
6244532304,DP0041,55.0,28.2,0.0
6249437762,DP0041,55.0,55.6,1.0
6251295116,DP0041,55.0,29.4,0.0
6240498329,DP0043,50.0,42.6,0.0
6251190238,DP0041,45.0,45.0,0.0
6226420580,DP0041,55.0,42.6,0.0
6241753947,DP0041,40.0,20.4,0.0
6248736558,DP0041,55.0,35.0,0.0
6244647973,DP0016,65.0,37.3,0.0
6249645212,DP0038,55.0,45.2,0.0
6249144841,DP0048,50.0,35.2,0.0
6249593542,DP0041,60.0,43.3,0.0
6238570982,DP0041,50.0,31.0,0.0
6248577686,DP0043,50.0,28.4,0.0
6248976135,DP0041,60.0,42.7,0.0
6249194286,DP0041,50.0,37.3,0.0
6244560035,DP0041,55.0,39.0,0.0
6248469556,DP0041,40.0,26.1,0.0
6244935593,DP0014,55.0,38.1,0.0
6248821444,DP0041,55.0,31.3,0.0
6248463984,DP0041,50.0,36.9,0.0
6249464874,DP0030,50.0,31.3,0.0
6245637986,DP0041,75.0,42.3,0.0
6247215082,DP0037,45.0,36.8,0.0
6245635813,DP0014,45.0,31.4,0.0
6235530073,DP0037,50.0,19.9,0.0
6240568306,DP0005,75.0,47.2,0.0
6242551834,DP0041,50.0,38.8,0.0
6241853712,DP0043,55.0,27.8,0.0
6234792379,DP0041,65.0,50.3,0.0
6244527101,DP0028,50.0,28.1,0.0
6244669863,DP0005,50.0,24.5,0.0
6247966143,DP0015,40.0,24.9,0.0
6247209148,DP0041,40.0,28.2,0.0
6239178475,,,,
6246236377,DP0041,50.0,42.9,0.0
6236750662,DP0015,50.0,34.1,0.0
6244707598,DP0043,85.0,52.6,0.0
6246173777,DP0033,60.0,26.2,0.0
6247090008,DP0017,90.0,84.9,0.0
6245543107,DP0041,60.0,57.4,0.0
6246647778,DP0026,50.0,44.7,0.0
6240709569,DP0007,55.0,38.8,0.0
6246064973,DP0041,50.0,45.9,0.0
6237479869,DP0041,50.0,37.6,0.0
6228654064,DP0041,50.0,29.4,0.0
6243256014,DP0016,50.0,33.9,0.0
6239467417,DP0039,50.0,27.5,0.0
6238523362,DP0019,70.0,48.5,0.0
6245634391,DP0005,55.0,41.3,0.0
6238616260,DP0043,90.0,60.6,0.0
6234319378,DP0041,60.0,44.7,0.0
6236235249,DP0021,50.0,33.9,0.0
6243272542,DP0041,50.0,36.4,0.0
6244619385,DP0015,55.0,49.8,0.0
6245058231,DP0043,50.0,45.4,0.0
6242720869,DP0007,55.0,50.9,0.0
6244203061,DP0002,55.0,34.5,0.0
6230610634,DP0041,45.0,33.8,0.0
6244442119,DP0041,50.0,39.3,0.0
6240986473,DP0041,50.0,46.7,0.0
6233948447,DP0005,55.0,55.1,1.0
6244363274,DP0021,40.0,69.6,1.0
6241939242,DP0041,65.0,72.3,1.0
6243801853,DP0015,55.0,36.8,0.0
6243711433,DP0043,45.0,49.5,1.0
6242550525,DP0005,90.0,88.3,0.0
6241519553,DP0041,40.0,41.7,1.0
6235798924,DP0041,50.0,27.2,0.0
6242808430,DP0019,55.0,44.3,0.0
6238992920,DP0041,50.0,28.6,0.0
6243763887,DP0042,60.0,44.7,0.0
6234424605,DP0013,40.0,19.3,0.0
6242836880,DP0043,60.0,45.2,0.0
6242742614,DP0041,50.0,34.8,0.0
6242514553,DP0020,60.0,41.5,0.0
6234665704,DP0038,75.0,55.5,0.0
6230159406,DP0021,40.0,25.1,0.0
6233367347,DP0041,45.0,32.9,0.0
6243330631,DP0041,55.0,43.4,0.0
6242624930,DP0043,65.0,44.3,0.0
6239545163,DP0049,70.0,50.2,0.0
6235829492,DP0041,55.0,44.8,0.0
6241737980,DP0041,55.0,43.5,0.0
6242940841,DP0026,45.0,34.9,0.0
6241240888,DP0041,65.0,40.3,0.0
6242070949,DP0005,55.0,34.4,0.0
6214845936,DP0041,45.0,19.5,0.0
6242564257,DP0039,85.0,56.6,0.0
6242866578,DP0003,65.0,60.1,0.0
6237299949,DP0005,60.0,45.1,0.0
6242827221,DP0033,65.0,67.7,1.0
6221485706,DP0041,40.0,57.6,1.0
6238801730,DP0041,60.0,36.5,0.0
6240445300,DP0041,50.0,60.7,1.0
6230437997,DP0041,55.0,45.1,0.0
6213173128,DP0041,55.0,31.2,0.0
6227009600,DP0015,55.0,35.7,0.0
6242841079,DP0007,55.0,41.2,0.0
6233756368,DP0041,55.0,45.2,0.0
6225738791,DP0041,40.0,26.2,0.0
6238339407,DP0004,55.0,45.0,0.0
6226004364,DP0031,40.0,42.5,1.0
6240099498,DP0007,40.0,17.1,0.0
6231775519,DP0041,55.0,33.4,0.0
6240223634,DP0033,55.0,23.8,0.0
6241999792,DP0041,55.0,46.7,0.0
6240801546,DP0041,65.0,54.8,0.0
6235314505,DP0020,65.0,40.7,0.0
6239775461,DP0047,55.0,55.1,1.0
6240783261,DP0041,45.0,28.9,0.0
6238928531,DP0041,40.0,30.0,0.0
6227162234,DP0041,45.0,20.5,0.0
6239623037,DP0041,55.0,35.2,0.0
6237971406,DP0041,50.0,40.5,0.0
6242367934,DP0038,55.0,34.6,0.0
6238622465,DP0005,55.0,39.0,0.0
6236728211,DP0003,50.0,37.7,0.0
6239348842,DP0028,40.0,20.9,0.0
6237104672,DP0026,45.0,27.3,0.0
6241615224,DP0033,45.0,21.5,0.0
6233364758,DP0008,50.0,35.9,0.0
6240555934,DP0041,65.0,47.6,0.0
6236764161,DP0043,60.0,42.8,0.0
6212444210,DP0044,65.0,44.5,0.0
6235027152,DP0041,75.0,56.5,0.0
6241506294,DP0041,40.0,32.8,0.0
6238791062,DP0043,50.0,31.7,0.0
6235953421,DP0038,65.0,61.1,0.0
6240910038,DP0021,55.0,46.9,0.0
6219755257,DP0044,50.0,37.2,0.0
6236464304,DP0041,50.0,30.2,0.0
6239524622,DP0041,50.0,32.5,0.0
6240842068,DP0011,50.0,35.8,0.0
6240239165,DP0007,60.0,64.1,1.0
6240479823,DP0043,55.0,36.3,0.0
6230224367,DP0041,70.0,47.6,0.0
6237339885,DP0024,40.0,26.6,0.0
6239319873,DP0013,45.0,26.1,0.0
6239377832,DP0041,70.0,40.7,0.0
6239325541,DP0041,70.0,49.3,0.0
6239383106,DP0015,85.0,57.6,0.0
6239725213,DP0043,65.0,33.5,0.0
6236126854,DP0005,50.0,24.5,0.0
6238849585,DP0028,45.0,25.6,0.0
6239683121,DP0041,40.0,25.4,0.0
6238018995,DP0019,70.0,51.5,0.0
6238816414,DP0042,65.0,49.4,0.0
6229901376,DP0041,50.0,42.1,0.0
6236857380,DP0041,55.0,71.3,1.0
6239088776,DP0007,65.0,51.0,0.0
6238594319,DP0008,40.0,13.1,0.0
6236991934,DP0019,70.0,43.9,0.0
6238422092,DP0041,50.0,40.2,0.0
6238510820,DP0041,55.0,42.0,0.0
6216674452,DP0043,55.0,38.7,0.0
6237152634,DP0041,55.0,34.2,0.0
6236852441,DP0043,50.0,35.4,0.0
6237134950,DP0041,55.0,44.2,0.0
6232705731,DP0021,65.0,51.7,0.0
6235827896,DP0019,50.0,31.2,0.0
6230602500,DP0041,60.0,47.4,0.0
6232462983,DP0014,55.0,40.9,0.0
6232760920,DP0006,55.0,19.6,0.0
6233013540,DP0041,50.0,24.2,0.0
6234918891,DP0041,70.0,38.2,0.0
6225630680,DP0006,50.0,24.2,0.0
6235425680,DP0041,50.0,43.3,0.0
6233661337,DP0041,55.0,36.3,0.0
6236910079,DP0041,55.0,31.2,0.0
6220284975,DP0005,65.0,49.2,0.0
6228069675,DP0010,55.0,39.4,0.0
6228582934,DP0041,60.0,42.2,0.0
6229009964,DP0041,65.0,39.9,0.0
6232704001,DP0043,40.0,26.8,0.0
6235341910,DP0041,45.0,39.6,0.0
6235191998,DP0008,50.0,25.7,0.0
6229162987,DP0008,60.0,23.4,0.0
6231333139,DP0041,65.0,46.0,0.0
6232877598,DP0012,55.0,42.8,0.0
6233751963,DP0024,50.0,32.3,0.0
6234138645,DP0041,65.0,41.2,0.0
6233570751,DP0003,60.0,34.1,0.0
6231711203,DP0018,50.0,17.1,0.0
6222723663,DP0036,50.0,35.8,0.0
6234443862,,,,
6230581691,DP0008,50.0,37.2,0.0
6220191150,DP0041,55.0,29.5,0.0
6214779859,DP0041,55.0,28.0,0.0
6231405016,DP0019,50.0,24.6,0.0
6233394986,DP0041,45.0,52.6,1.0
6213899577,DP0032,55.0,37.1,0.0
6219450600,DP0041,55.0,40.4,0.0
6228338481,DP0043,55.0,36.0,0.0
6230036896,DP0041,50.0,45.5,0.0
6233174493,DP0041,55.0,44.7,0.0
6229083872,DP0008,65.0,45.2,0.0
6228888873,DP0005,45.0,52.7,1.0
6225104393,DP0043,65.0,75.6,1.0
6228241494,DP0033,60.0,39.4,0.0
6231732820,DP0019,40.0,20.8,0.0
6226727446,DP0041,55.0,49.6,0.0
6225638558,DP0043,60.0,55.6,0.0
6220532654,DP0043,55.0,46.5,0.0
6231836360,DP0022,60.0,34.8,0.0
6226973745,DP0043,65.0,47.1,0.0
6223988433,DP0005,50.0,31.5,0.0
6224886199,DP0005,55.0,44.1,0.0
6218788648,DP0041,55.0,32.8,0.0
6230364885,DP0005,65.0,52.6,0.0
6228006094,DP0024,60.0,32.1,0.0
6231681251,DP0041,45.0,33.1,0.0
6226800135,DP0026,55.0,31.3,0.0
6228529298,DP0012,45.0,23.5,0.0
6231047637,DP0019,45.0,31.8,0.0
6230080467,DP0041,40.0,35.1,0.0
6221024814,DP0041,55.0,31.0,0.0
6222162126,DP0041,65.0,47.4,0.0
6228773837,DP0041,55.0,48.2,0.0
6230783226,DP0041,65.0,37.8,0.0
6228980163,DP0043,75.0,57.6,0.0
6230063251,DP0007,75.0,64.3,0.0
6228782069,DP0019,55.0,49.1,0.0
6224060274,DP0042,55.0,37.3,0.0
6219880592,DP0030,55.0,24.0,0.0
6226409310,DP0048,55.0,54.9,0.0
6225972371,DP0041,40.0,27.2,0.0
6222174081,DP0041,50.0,38.5,0.0
6226111652,DP0034,65.0,46.4,0.0
6222599781,DP0038,50.0,45.7,0.0
6229762028,DP0032,70.0,53.5,0.0
6228769653,DP0041,45.0,29.4,0.0
6229060018,DP0041,55.0,53.1,0.0
6226987693,DP0045,50.0,27.0,0.0
6222349966,DP0018,55.0,46.5,0.0
6229057364,DP0006,45.0,36.7,0.0
6248336046,DP0033,55.0,45.1,0.0
6248552328,DP0041,40.0,34.3,0.0
6256375124,DP0043,60.0,41.3,0.0
6254045993,DP0027,55.0,46.8,0.0
6248490843,DP0041,85.0,61.5,0.0
6252020915,DP0027,45.0,26.7,0.0
6253742406,DP0041,50.0,33.9,0.0
6252387402,DP0043,50.0,40.9,0.0
6252453209,DP0015,65.0,60.1,0.0
6254199636,DP0034,55.0,48.0,0.0
6249556641,DP0050,65.0,64.2,0.0
6235718019,DP0043,60.0,42.9,0.0
6248114620,DP0041,55.0,46.5,0.0
6252890984,DP0041,55.0,41.9,0.0
6253980018,DP0019,45.0,38.1,0.0
6247412650,DP0041,55.0,36.3,0.0
6254085737,DP0043,45.0,39.6,0.0
6245005434,DP0041,55.0,37.6,0.0
6252384944,DP0019,60.0,60.7,1.0
6250797953,DP0015,55.0,46.3,0.0
6244556604,DP0019,55.0,32.5,0.0
6238013236,DP0009,55.0,56.7,1.0
6226148040,DP0006,65.0,48.7,0.0
6253490768,DP0038,60.0,63.5,1.0
6245530715,DP0007,60.0,50.8,0.0
6250718153,DP0010,50.0,37.7,0.0
6252912130,DP0041,55.0,35.3,0.0
6252493898,DP0009,55.0,45.0,0.0
6252354082,DP0005,50.0,32.5,0.0
6247872775,DP0023,40.0,38.3,0.0
6253366705,DP0015,50.0,52.8,1.0
6246662929,DP0041,45.0,37.0,0.0
6252657926,DP0006,45.0,30.3,0.0
6252103364,DP0041,40.0,32.0,0.0
6252258547,DP0043,50.0,36.9,0.0
6251633489,DP0041,55.0,48.8,0.0
6245714490,DP0041,50.0,32.4,0.0
6250076707,DP0043,55.0,46.3,0.0
6251006313,DP0041,70.0,52.1,0.0
6250382494,DP0002,60.0,52.8,0.0
6251272062,DP0033,50.0,42.9,0.0
6239503213,DP0043,50.0,41.6,0.0
6243784792,DP0027,40.0,33.6,0.0
6239960330,DP0005,50.0,41.6,0.0
6245807110,DP0041,40.0,24.9,0.0
6241212801,DP0041,55.0,39.6,0.0
6247230467,DP0009,50.0,44.2,0.0
6248833311,DP0041,50.0,41.0,0.0
6242151038,DP0014,60.0,39.7,0.0
6248141555,DP0041,40.0,25.8,0.0
6248145966,DP0019,55.0,37.8,0.0
6246063765,DP0022,85.0,62.9,0.0
6246068426,DP0043,55.0,34.2,0.0
6238200069,DP0041,55.0,42.5,0.0
6232533103,DP0041,55.0,33.1,0.0
6244754996,DP0034,60.0,36.9,0.0
6246026667,DP0020,55.0,31.6,0.0
6243164876,DP0041,60.0,46.2,0.0
6240177323,DP0008,55.0,59.9,1.0
6235905235,DP0029,65.0,39.0,0.0
6243807463,DP0015,50.0,45.2,0.0
6238860698,DP0041,55.0,50.1,0.0
6243497136,DP0045,45.0,49.1,1.0
6227722515,DP0050,60.0,61.7,1.0
6239102157,DP0039,55.0,52.1,0.0
6231936463,DP0019,40.0,41.4,1.0
6240609698,DP0039,45.0,40.1,0.0
6242425122,DP0043,45.0,33.0,0.0
6236928264,DP0015,50.0,25.8,0.0
6243260484,DP0047,55.0,49.5,0.0
6237365285,DP0026,65.0,53.3,0.0
6241881147,DP0049,65.0,53.6,0.0
6242973043,DP0043,50.0,62.0,1.0
6240676400,DP0041,50.0,39.4,0.0
6243154646,DP0023,55.0,41.3,0.0
6239965060,DP0002,50.0,36.7,0.0
6241836536,DP0031,65.0,72.4,1.0
6240808171,DP0021,65.0,46.8,0.0
6242559523,DP0005,50.0,36.5,0.0
6242270824,DP0041,40.0,39.5,0.0
6242382936,DP0034,55.0,44.4,0.0
6236811436,DP0041,70.0,57.5,0.0
6225621204,DP0041,50.0,30.9,0.0
6239798675,DP0008,45.0,39.2,0.0
6234180363,DP0048,45.0,64.6,1.0
6240835134,DP0012,60.0,41.8,0.0
6236747132,DP0039,55.0,61.9,1.0
6239056261,DP0041,50.0,33.6,0.0
6238752268,DP0041,60.0,49.9,0.0
6241903577,DP0006,50.0,37.2,0.0
6239589291,DP0038,60.0,55.8,0.0
6239447482,DP0041,50.0,36.3,0.0
6239523102,DP0015,50.0,41.2,0.0
6234372812,DP0041,45.0,34.1,0.0
6221519608,DP0043,50.0,53.2,1.0
6225577490,DP0050,70.0,82.3,1.0
6234014140,DP0005,50.0,47.6,0.0
6231176643,DP0015,55.0,57.7,1.0
6240101905,DP0021,65.0,53.1,0.0
6239138668,DP0034,40.0,45.4,1.0
6239762588,DP0016,60.0,51.4,0.0
6217453705,DP0015,40.0,41.8,1.0
6236082712,DP0047,55.0,49.5,0.0
6240931624,DP0043,60.0,57.9,0.0
6240407837,DP0005,60.0,38.1,0.0
6238059686,DP0026,40.0,25.7,0.0
6231428302,DP0035,40.0,26.7,0.0
6238172188,DP0016,45.0,36.7,0.0
6238326465,DP0041,55.0,45.6,0.0
6230827575,DP0041,60.0,50.0,0.0
6239869631,DP0043,50.0,34.2,0.0
6231728679,DP0041,50.0,31.3,0.0
6237114765,DP0041,50.0,42.6,0.0
6237113323,DP0041,55.0,37.9,0.0
6238208366,DP0019,60.0,39.7,0.0
6224534177,DP0041,50.0,30.6,0.0
6199363575,DP0041,50.0,29.2,0.0
6237666273,DP0008,45.0,32.1,0.0
6235985354,DP0016,45.0,26.3,0.0
6235030769,DP0019,60.0,42.9,0.0
6231252453,DP0043,50.0,40.7,0.0
6237406430,DP0015,55.0,50.5,0.0
6224082534,DP0019,55.0,44.3,0.0
6235349622,DP0029,45.0,41.8,0.0
6235140488,DP0041,45.0,27.4,0.0
6234995169,DP0007,55.0,35.6,0.0
6210568462,DP0047,65.0,60.2,0.0
6235680272,DP0043,45.0,39.8,0.0
6232910960,DP0041,40.0,37.1,0.0
6232374283,DP0041,50.0,32.3,0.0
6226146838,DP0003,65.0,53.5,0.0
6228855743,DP0026,50.0,34.7,0.0
6232209689,DP0041,50.0,47.6,0.0
6225218436,DP0005,55.0,35.3,0.0
6233288993,DP0019,45.0,26.7,0.0
6233190220,DP0041,55.0,29.0,0.0
6234431938,DP0019,45.0,40.7,0.0
6230498094,DP0043,55.0,45.3,0.0
6231923311,DP0008,50.0,43.0,0.0
6230953481,DP0041,45.0,42.9,0.0
6228845259,DP0041,70.0,50.9,0.0
6230566668,DP0041,45.0,31.6,0.0
6229250360,DP0021,50.0,37.7,0.0
6211596007,DP0041,85.0,65.9,0.0
6232099705,DP0043,65.0,58.6,0.0
6228036291,,,,
6211767465,DP0028,80.0,59.5,0.0
6211810547,DP0041,45.0,36.2,0.0
6230651869,DP0041,50.0,25.9,0.0
6222488493,DP0039,70.0,47.3,0.0
6219235451,DP0044,80.0,52.8,0.0
6230078759,DP0019,55.0,47.3,0.0
6226761098,DP0041,40.0,37.1,0.0
6230705891,DP0041,55.0,34.7,0.0
6230156608,DP0041,50.0,21.7,0.0
6230015614,DP0043,75.0,58.3,0.0
6229835677,DP0050,70.0,60.4,0.0
6230685075,DP0038,50.0,42.0,0.0
6227973903,DP0007,50.0,35.4,0.0
6229741136,DP0004,50.0,62.9,1.0
6228645148,DP0041,40.0,29.8,0.0
6221368721,DP0043,50.0,37.3,0.0
6227793522,DP0015,50.0,25.9,0.0
6228421253,DP0009,50.0,34.8,0.0
6225678414,DP0005,50.0,40.3,0.0
6256648967,DP0041,50.0,36.7,0.0
6251545144,DP0021,55.0,50.6,0.0
6254280641,DP0034,45.0,41.3,0.0
6247589576,DP0041,50.0,47.0,0.0
6248676676,DP0043,55.0,42.7,0.0
6242097804,DP0041,50.0,35.1,0.0
6247634992,DP0041,50.0,32.2,0.0
6243175192,DP0010,50.0,35.6,0.0
6249164862,DP0041,60.0,39.1,0.0
6246790656,DP0041,50.0,41.2,0.0
6247011549,DP0048,50.0,59.3,1.0
6236327370,DP0015,40.0,30.3,0.0
6245701013,DP0002,45.0,42.2,0.0
6244326177,DP0005,55.0,47.0,0.0
6226823343,DP0030,45.0,49.2,1.0
6237366995,DP0041,55.0,45.9,0.0
6239742890,DP0002,50.0,45.0,0.0
6239585638,DP0041,45.0,55.1,1.0
6237731789,DP0024,40.0,41.1,1.0
6237516978,DP0005,50.0,36.0,0.0
6236832218,DP0039,65.0,44.9,0.0
6237956886,DP0019,50.0,36.4,0.0
6235244237,DP0027,50.0,33.6,0.0
6238776197,DP0041,50.0,36.3,0.0
6227094123,DP0041,50.0,35.3,0.0
6235694744,DP0008,50.0,36.2,0.0
6228389587,DP0047,50.0,34.5,0.0
6234871699,DP0041,50.0,34.5,0.0
6233922847,DP0041,60.0,42.8,0.0
6225334062,DP0005,50.0,47.3,0.0
6220263553,DP0005,55.0,45.3,0.0
6223463292,DP0003,50.0,31.5,0.0
6230385368,DP0013,55.0,43.5,0.0
6222476573,DP0037,45.0,35.0,0.0
6227438505,DP0044,40.0,23.8,0.0
6221874757,DP0041,45.0,33.8,0.0
6228260858,DP0019,45.0,16.7,0.0
6225617282,DP0041,40.0,29.2,0.0
6227215639,DP0007,45.0,66.2,1.0
6243722784,DP0041,50.0,58.7,1.0
6238548426,DP0041,50.0,57.2,1.0
6249009282,DP0041,50.0,24.4,0.0
6249693807,DP0049,50.0,31.3,0.0
6255779170,DP0018,40.0,31.3,0.0
6256472601,DP0041,40.0,23.3,0.0
6256140633,DP0043,55.0,42.6,0.0
6252865992,DP0041,60.0,36.2,0.0
6254395884,DP0041,40.0,29.8,0.0
6225059075,DP0046,40.0,49.4,1.0
6247971490,DP0005,45.0,26.6,0.0
6252670834,DP0043,45.0,35.1,0.0
6254445468,DP0005,45.0,25.5,0.0
6249360160,DP0041,50.0,31.5,0.0
6254250320,DP0043,50.0,29.8,0.0
6253522170,DP0019,50.0,28.1,0.0
6253809221,DP0041,40.0,33.9,0.0
6250359531,DP0024,40.0,32.7,0.0
6253825975,DP0047,40.0,25.2,0.0
6245067875,DP0041,50.0,25.9,0.0
6249804735,DP0041,40.0,18.9,0.0
6244461502,DP0041,60.0,39.3,0.0
6246413902,DP0041,40.0,17.5,0.0
6243045382,DP0033,55.0,31.5,0.0
6248072206,DP0039,55.0,37.8,0.0
6214805302,DP0041,40.0,31.3,0.0
6249926855,DP0028,45.0,24.3,0.0
6249667265,DP0005,55.0,29.3,0.0
6244539610,DP0005,45.0,29.6,0.0
6250330133,DP0007,40.0,25.2,0.0
6253427719,DP0043,40.0,15.0,0.0
6239198481,DP0041,40.0,26.3,0.0
6249755828,DP0041,40.0,31.0,0.0
6249480139,DP0033,40.0,41.5,1.0
6247899072,DP0019,50.0,45.4,0.0
6249624300,DP0027,60.0,40.2,0.0
6249645982,DP0041,45.0,37.0,0.0
6250081257,DP0041,40.0,24.0,0.0
6244244632,DP0044,40.0,29.8,0.0
6248756909,DP0041,55.0,84.1,1.0
6245478674,DP0041,100.0,82.1,0.0
6248379317,DP0041,45.0,22.7,0.0
6247449434,DP0044,40.0,24.4,0.0
6247058439,DP0041,50.0,43.1,0.0
6247512669,DP0003,60.0,54.1,0.0
6244333031,DP0041,55.0,35.1,0.0
6244100899,DP0041,45.0,32.3,0.0
6247597536,DP0041,65.0,43.2,0.0
6246806959,DP0015,70.0,61.6,0.0
6238291461,DP0043,40.0,28.0,0.0
6244337601,DP0047,45.0,36.1,0.0
6239282079,DP0015,90.0,65.9,0.0
6226385209,DP0043,40.0,20.9,0.0
6242459104,DP0006,45.0,24.5,0.0
6245579387,DP0005,50.0,28.6,0.0
6242340545,DP0008,55.0,40.4,0.0
6242552671,DP0005,45.0,27.6,0.0
6244412948,DP0043,70.0,52.6,0.0
6242424780,DP0005,40.0,30.2,0.0
6237565419,DP0019,60.0,40.8,0.0
6238738258,DP0006,55.0,51.9,0.0
6221034831,DP0019,75.0,46.1,0.0
6243247620,DP0005,40.0,24.1,0.0
6240927140,DP0041,85.0,77.3,0.0
6242843997,DP0008,50.0,36.4,0.0
6240213653,DP0043,40.0,11.9,0.0
6229169911,,,,
6240784099,DP0002,55.0,32.4,0.0
6237471346,DP0043,45.0,30.3,0.0
6240263050,DP0004,85.0,65.6,0.0
6241687117,DP0016,40.0,33.0,0.0
6227669939,DP0005,50.0,16.0,0.0
6237064979,DP0026,45.0,26.9,0.0
6239394521,DP0041,50.0,31.4,0.0
6242341975,DP0041,55.0,45.3,0.0
6239351164,DP0026,40.0,23.1,0.0
6219707824,DP0041,55.0,33.3,0.0
6241620534,DP0012,60.0,42.4,0.0
6242574472,DP0041,45.0,32.3,0.0
6242707013,DP0015,40.0,17.3,0.0
6239566451,DP0008,55.0,42.1,0.0
6240240183,DP0012,45.0,25.6,0.0
6242112495,DP0012,70.0,51.4,0.0
6241413640,DP0041,50.0,31.3,0.0
6241502235,DP0043,55.0,27.1,0.0
6241305700,DP0005,40.0,37.4,0.0
6241717545,DP0041,50.0,27.9,0.0
6241396582,DP0041,55.0,36.1,0.0
6233831201,DP0043,50.0,48.0,0.0
6233237539,DP0017,50.0,39.7,0.0
6240135727,DP0039,45.0,21.7,0.0
6241740109,DP0043,40.0,25.8,0.0
6232274349,DP0041,50.0,19.5,0.0
6215150533,DP0033,40.0,25.0,0.0
6225422726,DP0008,40.0,34.6,0.0
6240134560,DP0019,40.0,21.5,0.0
6224051838,DP0041,45.0,25.9,0.0
6240529029,DP0041,40.0,46.5,1.0
6238814411,DP0008,60.0,68.6,1.0
6237542115,DP0041,45.0,49.8,1.0
6235539443,DP0041,70.0,48.1,0.0
6238553736,DP0041,45.0,36.3,0.0
6241189428,DP0041,45.0,36.1,0.0
6238244665,DP0043,80.0,56.7,0.0
6228484558,DP0023,65.0,53.3,0.0
6236668480,DP0043,40.0,30.2,0.0
6230206878,DP0009,40.0,17.4,0.0
6223053923,DP0010,40.0,22.2,0.0
6237068387,DP0019,40.0,37.3,0.0
6237691588,DP0007,45.0,30.2,0.0
6231155780,DP0015,85.0,63.4,0.0
6236719532,DP0007,55.0,34.3,0.0
6235004522,DP0041,55.0,34.4,0.0
6235267427,DP0008,45.0,31.7,0.0
6224878513,DP0041,50.0,34.7,0.0
6234497264,DP0005,50.0,55.2,1.0
6235726903,DP0046,50.0,42.5,0.0
6236288548,DP0041,45.0,29.3,0.0
6236264985,DP0002,45.0,39.2,0.0
6228812694,DP0041,45.0,33.0,0.0
6232614784,DP0041,45.0,31.3,0.0
6227132689,DP0041,40.0,21.2,0.0
6229623264,DP0041,55.0,41.3,0.0
6231523921,DP0041,45.0,27.2,0.0
6234843357,DP0041,40.0,22.3,0.0
6226920797,DP0035,40.0,14.7,0.0
6233300562,DP0001,40.0,21.8,0.0
6228364438,DP0043,40.0,15.7,0.0
6231782602,DP0031,40.0,27.0,0.0
6231056998,DP0041,55.0,29.4,0.0
6233092699,DP0002,45.0,18.8,0.0
6228537627,DP0041,60.0,29.1,0.0
6226487802,DP0049,50.0,24.0,0.0
6231946234,DP0019,50.0,50.1,1.0
6230188139,DP0033,55.0,39.9,0.0
6227113501,DP0041,50.0,27.9,0.0
6233755647,DP0041,45.0,22.6,0.0
6231430209,DP0038,55.0,36.7,0.0
6231568819,DP0021,55.0,34.0,0.0
6233424580,DP0044,40.0,20.7,0.0
6217662841,DP0041,50.0,31.5,0.0
6233242460,DP0007,50.0,33.8,0.0
6231762903,DP0005,50.0,35.9,0.0
6231707939,DP0041,70.0,45.9,0.0
6220215892,DP0015,55.0,37.6,0.0
6221596987,DP0019,50.0,31.1,0.0
6230020312,DP0043,45.0,40.7,0.0
6224346392,DP0005,55.0,34.2,0.0
6226096710,DP0041,45.0,30.4,0.0
6223450005,DP0019,45.0,35.3,0.0
6230649795,DP0041,55.0,39.6,0.0
6222690231,DP0041,40.0,36.6,0.0
6230337391,DP0002,50.0,24.4,0.0
6223456378,DP0041,40.0,31.0,0.0
6230503673,DP0008,40.0,20.3,0.0
6206468689,DP0043,70.0,45.2,0.0
6230042688,DP0043,45.0,29.6,0.0
6229057692,DP0038,50.0,27.3,0.0
6226803700,DP0039,45.0,30.2,0.0
6225752306,DP0021,85.0,63.9,0.0
6226181657,DP0041,60.0,33.9,0.0
6233935382,DP0028,50.0,32.8,0.0
6249733667,DP0019,40.0,25.9,0.0
6238852706,DP0038,65.0,49.8,0.0
6240870064,DP0006,40.0,37.5,0.0
6245035312,DP0041,45.0,38.6,0.0
6240518205,DP0002,45.0,41.1,0.0
6219887321,DP0041,65.0,41.2,0.0
6255799581,DP0012,50.0,34.4,0.0
6242560678,DP0015,50.0,44.8,0.0
6244388091,DP0041,60.0,36.8,0.0
6248447807,DP0050,45.0,38.7,0.0
6250949323,DP0041,55.0,37.0,0.0
6245418705,DP0015,40.0,30.1,0.0
6249311246,DP0010,95.0,62.0,0.0
6254310607,DP0043,40.0,24.9,0.0
6247987032,DP0039,55.0,46.7,0.0
6245138665,DP0008,70.0,50.7,0.0
6246751407,DP0043,45.0,24.2,0.0
6253361751,DP0041,50.0,28.8,0.0
6253252321,DP0049,50.0,38.4,0.0
6237242240,DP0043,45.0,25.0,0.0
6252699601,DP0043,55.0,51.5,0.0
6252227921,DP0005,40.0,26.9,0.0
6252182844,DP0007,50.0,49.1,0.0
6249453525,DP0041,65.0,46.4,0.0
6245192327,DP0041,50.0,33.5,0.0
6249774755,DP0041,45.0,28.9,0.0
6245697087,DP0033,40.0,23.2,0.0
6246546604,DP0038,85.0,77.9,0.0
6246176384,DP0041,65.0,47.1,0.0
6235173949,DP0001,60.0,51.9,0.0
6246265333,DP0019,40.0,25.7,0.0
6246959314,DP0041,40.0,33.5,0.0
6239476053,DP0041,65.0,50.8,0.0
6238127098,DP0010,45.0,39.1,0.0
6239208114,DP0041,40.0,44.7,1.0
6242251932,DP0041,55.0,43.2,0.0
6245241985,DP0039,55.0,38.4,0.0
6242378231,DP0004,40.0,47.2,1.0
6244221550,DP0039,50.0,63.8,1.0
6239782577,DP0020,50.0,43.9,0.0
6242894433,DP0043,45.0,35.4,0.0
6240196915,DP0008,45.0,27.6,0.0
6236951924,DP0041,45.0,23.8,0.0
6233799467,DP0005,55.0,35.5,0.0
6241965093,DP0039,45.0,29.2,0.0
6239163341,DP0041,50.0,40.5,0.0
6219459657,DP0020,55.0,40.2,0.0
6241188951,DP0041,55.0,33.8,0.0
6241716602,DP0009,55.0,38.5,0.0
6242678780,DP0021,50.0,33.8,0.0
6238827076,DP0041,60.0,50.8,0.0
6231776068,DP0021,40.0,23.7,0.0
6234149501,DP0043,40.0,30.6,0.0
6239684628,DP0041,40.0,24.9,0.0
6241724818,DP0039,50.0,28.3,0.0
6238109542,DP0005,95.0,73.3,0.0
6241870567,DP0041,45.0,24.0,0.0
6242033231,DP0041,50.0,32.7,0.0
6240862663,DP0019,45.0,19.2,0.0
6241581204,DP0041,55.0,36.1,0.0
6241170388,DP0018,40.0,28.3,0.0
6214942143,DP0041,50.0,44.8,0.0
6239061609,DP0005,75.0,53.2,0.0
6236923163,DP0043,50.0,34.0,0.0
6236215781,DP0041,50.0,35.8,0.0
6230983350,DP0020,45.0,42.8,0.0
6206154948,DP0019,40.0,31.0,0.0
6232542440,DP0038,55.0,32.3,0.0
6224863071,DP0050,40.0,54.2,1.0
6224966593,DP0015,45.0,28.1,0.0
6232250288,DP0006,70.0,50.7,0.0
6226768242,DP0041,40.0,30.4,0.0
6231833398,DP0041,65.0,43.3,0.0
6232601170,DP0041,60.0,64.4,1.0
6228612953,DP0041,40.0,37.0,0.0
6228302753,DP0019,60.0,47.5,0.0
6224626494,DP0043,45.0,33.0,0.0
6228250878,DP0039,55.0,29.2,0.0
6213216465,DP0008,95.0,71.8,0.0
6228827097,DP0041,55.0,29.5,0.0
6218241559,DP0041,45.0,22.5,0.0
6229870711,DP0022,40.0,23.0,0.0
6233990972,DP0041,40.0,24.0,0.0
6252408970,DP0015,50.0,34.7,0.0
6253382200,DP0039,45.0,11.4,0.0
6246747085,DP0043,45.0,52.8,1.0
6251891896,DP0008,50.0,31.2,0.0
6252188655,DP0033,45.0,28.0,0.0
6245607777,DP0041,55.0,54.7,0.0
6246907679,DP0048,45.0,42.0,0.0
6228481137,DP0040,50.0,39.0,0.0
6238484414,DP0041,40.0,29.4,0.0
6242011313,DP0041,60.0,57.9,0.0
6238169427,DP0043,50.0,44.2,0.0
6235852401,DP0043,90.0,66.3,0.0
6233358702,DP0009,50.0,35.9,0.0
6228113111,DP0039,50.0,39.7,0.0
6230169885,DP0041,50.0,38.1,0.0
6224770157,DP0041,40.0,39.5,0.0
6228469646,DP0041,50.0,44.3,0.0
6230870095,DP0041,100.0,63.5,0.0
6229535040,DP0050,45.0,43.4,0.0
6225658343,DP0005,50.0,44.9,0.0
6286379848,DP0015,40.0,37.8,0.0
6273178897,DP0036,45.0,31.4,0.0
6286225037,DP0027,75.0,70.1,0.0
6282613507,DP0003,45.0,33.7,0.0
6283674292,DP0006,60.0,59.6,0.0
6284745270,DP0041,50.0,45.6,0.0
6284641089,DP0043,45.0,47.5,1.0
6278077877,DP0041,60.0,44.4,0.0
6274718797,DP0041,45.0,36.8,0.0
6284650418,DP0019,70.0,56.2,0.0
6280327348,DP0041,55.0,74.9,1.0
6280659875,DP0041,50.0,46.5,0.0
6282131220,DP0041,45.0,77.1,1.0
6273004561,DP0015,75.0,91.3,1.0
6281809505,DP0006,55.0,43.5,0.0
6280524425,DP0005,50.0,40.7,0.0
6283137399,DP0041,40.0,32.6,0.0
6284322282,DP0041,50.0,29.7,0.0
6283085228,DP0043,70.0,59.4,0.0
6280863316,DP0041,55.0,56.0,1.0
6281156900,DP0041,65.0,43.5,0.0
6283780073,DP0046,40.0,35.1,0.0
6271447156,DP0019,60.0,46.5,0.0
6276251339,DP0034,65.0,45.3,0.0
6280638182,DP0043,55.0,39.4,0.0
6283102705,DP0026,55.0,38.5,0.0
6278099470,,,,
6279163105,DP0048,50.0,54.8,1.0
6275788449,DP0041,50.0,33.9,0.0
6271719642,DP0041,65.0,41.0,0.0
6281548349,DP0041,70.0,55.1,0.0
6274352746,DP0041,50.0,74.0,1.0
6282745319,DP0021,60.0,35.1,0.0
6282510268,DP0005,55.0,34.5,0.0
6280978402,DP0026,55.0,33.3,0.0
6264046134,DP0041,45.0,31.3,0.0
6283432922,DP0006,55.0,42.3,0.0
6272876242,DP0002,45.0,36.7,0.0
6277005998,DP0008,55.0,30.5,0.0
6277758517,DP0041,50.0,30.1,0.0
6275913731,DP0048,45.0,42.8,0.0
6279007495,DP0049,70.0,42.9,0.0
6280570907,DP0041,60.0,38.3,0.0
6279404742,DP0043,65.0,51.9,0.0
6273597753,DP0041,55.0,42.5,0.0
6282346059,DP0041,65.0,41.5,0.0
6279706053,DP0041,40.0,23.3,0.0
6276541024,DP0008,55.0,23.2,0.0
6245795707,DP0044,60.0,34.0,0.0
6272468542,DP0027,40.0,19.9,0.0
6279091358,DP0039,55.0,29.7,0.0
6278753623,DP0041,50.0,25.9,0.0
6280170597,DP0026,70.0,36.9,0.0
6279909260,DP0019,50.0,29.1,0.0
6279209825,DP0041,40.0,21.4,0.0
6272450547,DP0003,45.0,30.6,0.0
6280532764,DP0041,55.0,39.4,0.0
6281228390,DP0041,45.0,26.6,0.0
6257538645,DP0041,60.0,42.7,0.0
6277303373,DP0041,40.0,26.5,0.0
6276305666,DP0041,55.0,59.0,1.0
6273845069,DP0041,50.0,28.1,0.0
6275158412,DP0041,55.0,41.5,0.0
6277096174,DP0041,45.0,27.9,0.0
6273754066,DP0041,45.0,34.4,0.0
6274322296,DP0043,40.0,28.0,0.0
6275815750,DP0013,45.0,58.2,1.0
6266659933,DP0034,65.0,58.1,0.0
6278690402,DP0046,50.0,48.5,0.0
6273814893,DP0033,70.0,44.0,0.0
6277573830,DP0008,55.0,43.0,0.0
6272781440,DP0041,40.0,23.6,0.0
6275509644,DP0007,45.0,20.4,0.0
6274036975,DP0015,55.0,34.6,0.0
6273573208,DP0050,45.0,42.5,0.0
6275050803,DP0041,45.0,42.8,0.0
6275294152,DP0019,60.0,37.7,0.0
6262712254,DP0050,55.0,55.4,1.0
6274577873,DP0048,45.0,35.9,0.0
6274172479,DP0039,60.0,47.2,0.0
6272693811,DP0019,65.0,48.2,0.0
6274189680,DP0043,45.0,26.2,0.0
6267059298,DP0041,65.0,48.6,0.0
6264969546,DP0041,65.0,41.0,0.0
6272962422,DP0043,75.0,47.1,0.0
6271734896,DP0041,40.0,19.9,0.0
6269608641,DP0019,50.0,33.1,0.0
6272243516,DP0041,50.0,35.6,0.0
6272793053,DP0021,45.0,38.6,0.0
6270417588,DP0041,50.0,27.6,0.0
6268095735,DP0041,50.0,29.8,0.0
6270207839,DP0005,40.0,31.1,0.0
6265979023,DP0041,40.0,15.3,0.0
6269208150,DP0027,40.0,23.3,0.0
6262690906,DP0024,45.0,35.1,0.0
6268158486,DP0041,50.0,42.5,0.0
6264602155,DP0023,50.0,50.5,1.0
6266636702,DP0041,55.0,40.2,0.0
6267806258,DP0005,40.0,19.4,0.0
6237998568,DP0041,40.0,25.7,0.0
6268583218,DP0041,55.0,42.5,0.0
6265422244,DP0041,60.0,35.4,0.0
6264213661,DP0041,45.0,26.9,0.0
6265991860,DP0046,40.0,40.4,1.0
6266034918,DP0020,45.0,35.3,0.0
6261324940,DP0003,50.0,33.1,0.0
6265384794,DP0038,45.0,38.6,0.0
6266693938,DP0005,50.0,38.8,0.0
6262066452,DP0047,50.0,31.5,0.0
6260524321,DP0015,65.0,56.8,0.0
6265150058,DP0041,50.0,33.9,0.0
6265324268,DP0041,50.0,29.9,0.0
6264027193,DP0015,45.0,53.1,1.0
6258158170,DP0041,65.0,45.3,0.0
6264215409,DP0005,45.0,20.7,0.0
6261825460,DP0041,70.0,46.7,0.0
6263081008,DP0002,60.0,47.7,0.0
6257794117,DP0043,45.0,30.0,0.0
6257558081,DP0048,55.0,45.4,0.0
6252035347,DP0015,40.0,36.0,0.0
6261342035,DP0015,50.0,44.9,0.0
6257646790,DP0041,50.0,24.2,0.0
6260933704,DP0019,60.0,36.4,0.0
6254185978,DP0043,65.0,49.4,0.0
6259805987,DP0041,40.0,19.5,0.0
6250094265,DP0027,65.0,43.1,0.0
6258128293,,,,
6259294740,DP0041,55.0,40.3,0.0
6257219153,DP0043,50.0,38.8,0.0
6258549305,DP0043,45.0,37.0,0.0
6250876109,DP0009,55.0,37.7,0.0
6259970754,DP0001,55.0,40.9,0.0
6259478185,DP0049,70.0,61.3,0.0
6209702535,DP0043,55.0,58.9,1.0
6246906207,DP0005,40.0,34.5,0.0
6258665590,DP0043,60.0,41.3,0.0
6288136585,DP0041,45.0,30.0,0.0
6287530806,DP0019,50.0,40.5,0.0
6279806709,DP0043,45.0,32.6,0.0
6287017707,DP0014,45.0,24.5,0.0
6288016013,DP0046,55.0,52.5,0.0
6287263044,DP0015,45.0,11.2,0.0
6280058314,DP0041,45.0,28.2,0.0
6283797599,DP0015,55.0,39.7,0.0
6275610661,DP0041,45.0,24.9,0.0
6287452168,DP0041,50.0,33.9,0.0
6283997628,DP0013,50.0,32.7,0.0
6284210744,DP0041,40.0,31.2,0.0
6282183357,DP0041,55.0,43.3,0.0
6285653141,DP0005,55.0,33.8,0.0
6285806652,DP0041,40.0,26.4,0.0
6280350643,DP0026,55.0,40.4,0.0
6283701228,DP0041,50.0,43.9,0.0
6278425698,DP0041,40.0,31.2,0.0
6282886031,DP0041,55.0,34.9,0.0
6282724099,DP0007,50.0,34.6,0.0
6284210799,DP0038,50.0,33.7,0.0
6284996701,DP0040,50.0,32.2,0.0
6261128483,DP0041,40.0,23.1,0.0
6281519585,DP0043,40.0,27.4,0.0
6283560900,DP0041,65.0,53.7,0.0
6284048303,DP0005,40.0,15.3,0.0
6284520342,DP0016,45.0,30.0,0.0
6282804344,DP0009,50.0,25.8,0.0
6275525326,DP0008,55.0,31.3,0.0
6284008308,DP0028,40.0,25.8,0.0
6254638077,DP0015,50.0,34.2,0.0
6284552758,DP0015,45.0,35.1,0.0
6283614174,DP0005,55.0,36.1,0.0
6282436841,DP0003,50.0,38.9,0.0
6284407678,DP0006,50.0,37.7,0.0
6284123883,DP0010,45.0,29.1,0.0
6277482404,DP0038,55.0,39.1,0.0
6282633536,DP0041,40.0,38.1,0.0
6281070593,DP0008,65.0,52.8,0.0
6283578662,DP0038,45.0,83.4,1.0
6256519022,DP0026,40.0,45.5,1.0
6279971639,DP0012,55.0,67.1,1.0
6283991617,DP0002,40.0,33.3,0.0
6284025058,DP0041,50.0,64.2,1.0
6277703269,DP0041,50.0,37.2,0.0
6271061935,DP0015,50.0,37.0,0.0
6276364736,DP0008,55.0,35.9,0.0
6283853754,DP0043,50.0,45.7,0.0
6282381451,DP0019,50.0,34.0,0.0
6272594236,DP0015,50.0,28.6,0.0
6281705880,DP0043,45.0,40.3,0.0
6276173033,DP0041,55.0,39.9,0.0
6281347422,DP0039,60.0,43.6,0.0
6283645613,DP0041,50.0,39.3,0.0
6282600688,DP0015,50.0,30.7,0.0
6281304422,DP0005,50.0,41.2,0.0
6283651170,DP0041,55.0,38.8,0.0
6277765062,DP0006,40.0,22.7,0.0
6279067183,DP0039,40.0,27.8,0.0
6282471701,DP0044,40.0,26.6,0.0
6282799259,DP0047,55.0,41.3,0.0
6278506862,DP0016,40.0,42.2,1.0
6280624837,DP0041,40.0,32.1,0.0
6281763932,DP0041,55.0,43.4,0.0
6282054242,DP0043,40.0,16.5,0.0
6277689332,DP0019,55.0,39.0,0.0
6279926412,DP0002,45.0,32.0,0.0
6282098959,DP0009,50.0,33.4,0.0
6282601672,DP0027,50.0,40.2,0.0
6282208212,DP0022,50.0,42.1,0.0
6275554490,DP0041,75.0,63.3,0.0
6282498758,DP0041,40.0,36.8,0.0
6263114715,DP0020,50.0,56.6,1.0
6270261427,DP0041,50.0,35.2,0.0
6282186659,DP0006,45.0,23.7,0.0
6282072070,DP0043,40.0,11.4,0.0
6273977231,DP0043,50.0,41.5,0.0
6280401720,DP0048,60.0,65.9,1.0
6268324980,DP0043,50.0,67.4,1.0
6272547604,DP0010,40.0,63.2,1.0
6273959558,DP0005,45.0,46.9,1.0
6272045796,DP0041,40.0,25.7,0.0
6261450880,DP0043,45.0,31.1,0.0
6269236922,DP0011,65.0,44.8,0.0
6280625265,DP0002,50.0,25.9,0.0
6275852882,DP0041,50.0,31.6,0.0
6277542603,DP0005,40.0,21.2,0.0
6274716976,DP0037,40.0,28.3,0.0
6275342257,DP0041,40.0,29.0,0.0
6272716678,DP0015,55.0,38.2,0.0
6279964746,DP0005,55.0,56.3,1.0
6280200208,DP0041,55.0,39.0,0.0
6271707741,DP0041,55.0,40.4,0.0
6273420963,DP0049,65.0,38.9,0.0
6269398394,DP0027,55.0,32.9,0.0
6277182367,DP0005,50.0,31.7,0.0
6276023554,DP0041,55.0,40.9,0.0
6279368871,DP0041,45.0,22.4,0.0
6276284524,DP0015,40.0,37.8,0.0
6279971346,DP0041,60.0,45.8,0.0
6279126139,DP0015,40.0,29.9,0.0
6278218877,DP0019,40.0,23.6,0.0
6276205875,DP0006,45.0,38.5,0.0
6277226617,DP0034,40.0,17.3,0.0
6270075275,DP0038,50.0,20.7,0.0
6278843717,DP0041,50.0,36.1,0.0
6276974426,DP0041,45.0,45.1,1.0
6278346561,DP0043,65.0,52.9,0.0
6269714610,DP0008,50.0,41.0,0.0
6275032107,DP0005,40.0,29.0,0.0
6276728048,DP0003,40.0,28.0,0.0
6275935596,DP0008,40.0,40.5,1.0
6265732473,DP0041,50.0,33.2,0.0
6276425211,DP0041,50.0,44.0,0.0
6277289052,DP0041,55.0,48.1,0.0
6276287781,DP0017,65.0,50.8,0.0
6276566204,DP0021,55.0,42.9,0.0
6271803426,DP0041,65.0,54.6,0.0
6270002261,DP0005,45.0,39.4,0.0
6276024984,DP0041,40.0,28.6,0.0
6267997815,DP0049,50.0,30.4,0.0
6273067948,DP0028,45.0,24.3,0.0
6260541048,DP0041,50.0,26.8,0.0
6262148725,DP0041,40.0,24.4,0.0
6263061460,DP0008,40.0,18.4,0.0
6273382562,DP0041,55.0,47.5,0.0
6274270243,DP0020,55.0,41.9,0.0
6275498021,DP0005,40.0,22.7,0.0
6275158530,DP0041,70.0,56.1,0.0
6271403919,DP0043,45.0,28.0,0.0
6260911150,DP0027,40.0,28.7,0.0
6261190530,DP0033,55.0,35.8,0.0
6274242184,DP0043,40.0,36.8,0.0
6265330583,DP0041,50.0,63.4,1.0
6274474552,DP0041,55.0,55.3,1.0
6273256083,DP0018,45.0,48.7,1.0
6274166642,DP0043,40.0,37.5,0.0
6271979767,DP0008,55.0,42.0,0.0
6270048458,DP0041,60.0,49.6,0.0
6270538979,DP0004,50.0,50.1,1.0
6270440203,DP0041,55.0,36.3,0.0
6266642867,DP0019,40.0,35.4,0.0
6272066078,DP0039,40.0,16.0,0.0
6271386357,DP0027,45.0,25.1,0.0
6270871898,DP0010,45.0,25.3,0.0
6266606267,DP0041,40.0,21.5,0.0
6268836460,DP0043,50.0,49.2,0.0
6262923158,DP0047,50.0,20.7,0.0
6269911911,DP0014,55.0,35.6,0.0
6265973118,DP0041,40.0,36.9,0.0
6261973104,DP0041,50.0,41.0,0.0
6264214103,DP0027,50.0,40.6,0.0
6265240379,DP0003,50.0,30.3,0.0
6268539848,DP0041,45.0,31.9,0.0
6259048702,DP0046,55.0,44.6,0.0
6267606562,DP0041,65.0,55.1,0.0
6267837091,DP0039,55.0,27.1,0.0
6265475547,DP0041,45.0,22.8,0.0
6263296030,DP0015,45.0,18.0,0.0
6267424091,DP0041,45.0,28.4,0.0
6266418398,DP0041,55.0,37.5,0.0
6267976515,DP0008,40.0,27.7,0.0
6251180619,DP0043,50.0,37.1,0.0
6265388076,DP0019,40.0,25.9,0.0
6255888877,DP0049,40.0,43.1,1.0
6262020275,DP0032,55.0,51.3,0.0
6263341574,DP0011,45.0,26.5,0.0
6259550625,DP0027,65.0,42.9,0.0
6261904137,DP0039,55.0,29.7,0.0
6263071201,DP0005,40.0,23.6,0.0
6263802358,DP0041,55.0,47.1,0.0
6261924382,DP0041,45.0,27.1,0.0
6237720344,DP0041,55.0,38.4,0.0
6260443986,DP0004,50.0,50.5,1.0
6260664183,DP0041,40.0,24.5,0.0
6260470947,DP0005,45.0,25.9,0.0
6261202324,DP0041,45.0,42.2,0.0
6252321946,DP0005,60.0,43.0,0.0
6202734037,DP0043,40.0,34.7,0.0
6258125960,DP0041,40.0,37.0,0.0
6260384894,DP0041,55.0,39.0,0.0
6254981108,DP0039,45.0,23.4,0.0
6256389135,DP0008,55.0,44.5,0.0
6255466956,DP0019,40.0,26.1,0.0
6259201834,DP0043,55.0,45.7,0.0
6253187497,DP0043,50.0,24.5,0.0
6258926997,DP0001,40.0,31.0,0.0
6256144389,DP0041,50.0,39.7,0.0
6255658130,DP0041,55.0,31.5,0.0
6259666668,DP0041,55.0,42.6,0.0
6243463111,DP0005,50.0,23.9,0.0
6255297382,DP0015,45.0,23.5,0.0
6256659095,DP0018,50.0,30.9,0.0
6234520026,DP0043,40.0,34.3,0.0
6250750783,DP0041,50.0,30.4,0.0
6257701994,DP0041,50.0,33.1,0.0
6253392010,DP0043,55.0,35.7,0.0
6258580593,DP0041,50.0,50.2,1.0
6258433114,DP0043,55.0,38.2,0.0
6258230846,DP0041,50.0,26.9,0.0
6242684438,DP0008,50.0,42.0,0.0
6256875675,DP0043,50.0,43.5,0.0
6251755207,DP0041,55.0,34.4,0.0
6249554061,DP0012,65.0,45.7,0.0
6287017351,DP0021,40.0,18.7,0.0
6288255042,DP0005,55.0,41.7,0.0
6266396364,DP0041,55.0,32.5,0.0
6284448412,DP0043,45.0,31.0,0.0
6284607954,DP0043,45.0,20.1,0.0
6283909521,DP0043,55.0,44.5,0.0
6287234733,DP0008,70.0,45.7,0.0
6283521880,DP0031,50.0,40.5,0.0
6267811851,DP0004,45.0,38.8,0.0
6284879658,DP0043,45.0,35.3,0.0
6283098920,DP0028,40.0,31.1,0.0
6284426005,DP0041,50.0,34.1,0.0
6283580613,DP0041,50.0,37.1,0.0
6282171159,DP0038,40.0,25.2,0.0
6278269028,DP0021,55.0,46.1,0.0
6284182695,DP0047,40.0,29.5,0.0
6282925818,DP0047,50.0,45.9,0.0
6285505072,DP0019,50.0,55.5,1.0
6285434547,DP0041,65.0,54.0,0.0
6274946288,DP0048,40.0,39.3,0.0
6285246678,DP0002,40.0,19.5,0.0
6283086611,DP0037,55.0,33.0,0.0
6284170884,DP0006,40.0,30.9,0.0
6283728681,DP0041,65.0,45.5,0.0
6274225213,DP0003,45.0,65.5,1.0
6284960160,DP0035,40.0,20.9,0.0
6282063704,DP0015,55.0,42.3,0.0
6284895482,DP0041,55.0,31.8,0.0
6280527259,DP0050,55.0,48.7,0.0
6281736986,DP0041,50.0,33.7,0.0
6277008129,DP0043,50.0,24.7,0.0
6282336268,DP0041,55.0,47.6,0.0
6283168515,DP0005,50.0,35.6,0.0
6281819011,DP0015,55.0,45.4,0.0
6244761245,DP0043,40.0,42.5,1.0
6275566586,DP0028,55.0,46.2,0.0
6281864606,DP0006,45.0,31.4,0.0
6276223451,DP0041,45.0,36.2,0.0
6279998356,DP0020,55.0,40.4,0.0
6266963192,DP0019,55.0,39.7,0.0
6281097933,DP0050,45.0,39.2,0.0
6280161622,DP0043,45.0,21.5,0.0
6275929804,DP0036,40.0,19.3,0.0
6282210989,DP0048,55.0,43.8,0.0
6282386118,DP0041,50.0,22.8,0.0
6281506751,DP0041,55.0,31.9,0.0
6282942178,DP0005,55.0,30.6,0.0
6274812270,,,,
6278260560,DP0041,50.0,30.0,0.0
6270188395,DP0043,55.0,36.7,0.0
6268895086,DP0041,50.0,34.1,0.0
6275593580,DP0008,40.0,31.3,0.0
6280707349,DP0007,50.0,26.9,0.0
6280797859,DP0043,40.0,18.7,0.0
6270077387,DP0008,65.0,36.3,0.0
6260996788,DP0041,40.0,25.9,0.0
6274699839,DP0005,55.0,31.1,0.0
6281172104,DP0005,50.0,28.8,0.0
6281107875,DP0041,55.0,36.0,0.0
6279407493,DP0041,40.0,38.3,0.0
6266301341,DP0026,55.0,37.6,0.0
6279807579,DP0015,40.0,27.0,0.0
6278041471,DP0041,45.0,38.1,0.0
6278977351,DP0015,40.0,26.6,0.0
6276597275,DP0041,45.0,24.9,0.0
6274084930,DP0048,40.0,32.2,0.0
6279869799,DP0008,50.0,35.4,0.0
6270794882,DP0044,55.0,44.9,0.0
6276523790,DP0012,40.0,28.8,0.0
6265674022,DP0041,40.0,36.6,0.0
6265144854,DP0030,50.0,29.1,0.0
6278075173,DP0047,40.0,28.9,0.0
6273505885,DP0019,55.0,29.4,0.0
6279822206,DP0034,55.0,28.3,0.0
6275461000,DP0049,50.0,44.4,0.0
6277837871,DP0041,40.0,35.4,0.0
6262153801,DP0041,40.0,33.3,0.0
6262131554,DP0019,65.0,38.4,0.0
6272487334,DP0041,45.0,40.6,0.0
6274641407,DP0002,65.0,57.4,0.0
6277942416,DP0005,60.0,40.3,0.0
6274557760,DP0041,45.0,38.4,0.0
6277897739,DP0026,60.0,43.5,0.0
6278781127,DP0047,50.0,30.5,0.0
6276484601,DP0043,45.0,29.3,0.0
6273398720,DP0041,40.0,29.3,0.0
6278009141,DP0041,45.0,22.5,0.0
6277650157,DP0041,45.0,28.2,0.0
6277790655,DP0008,40.0,35.3,0.0
6277708591,DP0041,45.0,29.3,0.0
6276620628,DP0015,40.0,37.6,0.0
6278620566,DP0023,55.0,36.3,0.0
6244263394,DP0041,55.0,34.1,0.0
6276831492,DP0041,45.0,22.1,0.0
6251531171,DP0043,55.0,30.8,0.0
6276480536,DP0015,65.0,63.1,0.0
6266064979,DP0041,50.0,61.8,1.0
6273967717,DP0005,45.0,84.4,1.0
6278266329,DP0041,50.0,48.8,0.0
6276756868,DP0041,40.0,71.6,1.0
6272111983,DP0041,55.0,44.0,0.0
6266140236,DP0019,55.0,81.5,1.0
6277266402,DP0005,50.0,51.6,1.0
6270105449,DP0007,50.0,41.8,0.0
6267478983,DP0041,50.0,41.2,0.0
6270800775,DP0043,55.0,48.4,0.0
6277002955,DP0015,50.0,42.4,0.0
6276870801,DP0041,55.0,43.3,0.0
6275859086,DP0043,40.0,49.4,1.0
6273240282,DP0041,65.0,56.9,0.0
6275147619,DP0041,40.0,42.8,1.0
6275262175,DP0041,40.0,39.8,0.0
6277799859,DP0019,50.0,35.5,0.0
6277449711,DP0020,50.0,29.8,0.0
6277262589,DP0001,50.0,31.4,0.0
6266705866,DP0047,55.0,23.5,0.0
6271597774,DP0043,50.0,36.9,0.0
6277061428,DP0041,50.0,33.9,0.0
6277876715,DP0005,50.0,35.0,0.0
6274236280,DP0039,50.0,38.3,0.0
6275492868,DP0006,50.0,33.9,0.0
6277201835,DP0002,45.0,29.4,0.0
6269303557,DP0041,40.0,26.0,0.0
6268184620,DP0047,50.0,25.0,0.0
6276313710,DP0043,50.0,44.1,0.0
6277503176,DP0041,40.0,39.4,0.0
6276922697,DP0006,40.0,22.1,0.0
6277398696,DP0019,40.0,25.7,0.0
6275192282,DP0023,40.0,28.2,0.0
6270834585,DP0041,50.0,49.3,0.0
6273594060,DP0041,60.0,57.2,0.0
6276797684,DP0032,50.0,42.0,0.0
6271469665,DP0038,65.0,64.4,0.0
6264597778,DP0005,40.0,24.5,0.0
6257739506,DP0019,40.0,22.9,0.0
6273397377,DP0039,55.0,37.3,0.0
6274569306,DP0007,50.0,27.3,0.0
6271241319,DP0040,40.0,29.7,0.0
6275109977,DP0043,50.0,29.3,0.0
6275934137,DP0041,40.0,48.4,1.0
6275386700,DP0005,40.0,35.9,0.0
6269215558,DP0013,50.0,31.3,0.0
6273412513,DP0041,40.0,55.4,1.0
6274546712,DP0028,55.0,41.4,0.0
6266790380,DP0028,55.0,46.3,0.0
6272712362,DP0041,65.0,52.8,0.0
6274805752,DP0041,55.0,53.3,0.0
6269748934,DP0041,45.0,39.5,0.0
6275993379,DP0026,40.0,24.4,0.0
6271401220,DP0041,55.0,37.7,0.0
6264876865,DP0026,45.0,37.3,0.0
6266934433,DP0005,55.0,33.9,0.0
6273053645,DP0041,60.0,37.7,0.0
6273374852,DP0041,50.0,31.1,0.0
6274539566,DP0043,85.0,71.1,0.0
6275963422,DP0041,40.0,28.7,0.0
6274127115,DP0043,50.0,37.7,0.0
6267433343,DP0043,50.0,41.5,0.0
6276041528,DP0041,55.0,48.3,0.0
6263234600,DP0041,50.0,30.6,0.0
6273458309,DP0041,55.0,32.9,0.0
6275807106,DP0048,50.0,41.1,0.0
6267127993,DP0041,50.0,30.6,0.0
6271525221,DP0007,50.0,30.8,0.0
6272969078,DP0041,55.0,41.3,0.0
6270061594,DP0009,50.0,28.6,0.0
6263063323,DP0039,40.0,32.9,0.0
6271559369,DP0015,40.0,27.3,0.0
6259828197,DP0041,55.0,45.2,0.0
6273621227,DP0043,45.0,20.0,0.0
6267170470,DP0019,40.0,40.6,1.0
6271737109,DP0005,45.0,16.7,0.0
6261051287,DP0020,45.0,20.9,0.0
6271189495,DP0041,65.0,40.3,0.0
6272694213,DP0024,40.0,27.4,0.0
6272683577,DP0019,50.0,33.0,0.0
6266625866,DP0012,55.0,32.0,0.0
6270742638,DP0041,50.0,33.2,0.0
6271082775,DP0019,50.0,37.6,0.0
6272502170,DP0041,40.0,53.5,1.0
6271603032,DP0005,40.0,35.3,0.0
6271813405,DP0041,60.0,51.3,0.0
6270626135,DP0016,40.0,27.2,0.0
6258712564,DP0041,45.0,27.0,0.0
6269863321,DP0019,65.0,48.7,0.0
6271087007,DP0041,40.0,23.9,0.0
6270948888,DP0046,55.0,52.0,0.0
6266633683,DP0043,40.0,33.9,0.0
6268336924,DP0041,40.0,45.5,1.0
6269326651,DP0041,50.0,21.1,0.0
6265377581,DP0041,40.0,20.5,0.0
6266947576,DP0041,55.0,29.3,0.0
6263894252,DP0012,40.0,27.5,0.0
6267208888,DP0041,50.0,38.0,0.0
6266067670,DP0038,45.0,22.9,0.0
6267859177,DP0013,60.0,42.4,0.0
6269054696,DP0019,40.0,25.5,0.0
6261221962,DP0019,40.0,28.2,0.0
6257262953,DP0041,55.0,34.7,0.0
6266831118,DP0015,45.0,25.1,0.0
6264082186,DP0008,55.0,40.7,0.0
6261496479,DP0008,50.0,43.2,0.0
6257329487,DP0041,40.0,35.6,0.0
6264833508,DP0041,50.0,28.3,0.0
6266234142,DP0023,45.0,32.9,0.0
6267477812,DP0005,55.0,36.9,0.0
6263949836,DP0008,50.0,29.2,0.0
6266623982,DP0043,50.0,26.3,0.0
6267286022,DP0041,40.0,18.8,0.0
6266947610,DP0040,55.0,35.4,0.0
6261373925,DP0005,40.0,22.0,0.0
6244340574,DP0041,50.0,28.5,0.0
6260237608,DP0041,45.0,25.8,0.0
6265901790,DP0015,45.0,35.9,0.0
6246548772,DP0007,40.0,39.6,0.0
6264371275,DP0032,40.0,33.6,0.0
6265290930,DP0043,55.0,33.7,0.0
6266511345,DP0043,45.0,29.9,0.0
6250070049,DP0041,40.0,27.9,0.0
6261225349,DP0041,55.0,37.7,0.0
6262883224,DP0007,45.0,27.8,0.0
6264996996,DP0041,50.0,35.2,0.0
6251886876,DP0041,50.0,28.7,0.0
6256487780,DP0015,45.0,29.6,0.0
6258385441,DP0043,50.0,39.6,0.0
6258921542,DP0014,50.0,44.8,0.0
6254711248,DP0021,40.0,13.0,0.0
6263729520,DP0041,60.0,32.8,0.0
6263620211,DP0041,50.0,29.0,0.0
6252893966,DP0041,45.0,26.9,0.0
6262780538,,,,
6254197596,DP0043,45.0,18.9,0.0
6259462559,DP0041,50.0,32.0,0.0
6257360808,DP0041,40.0,27.3,0.0
6263239451,DP0048,45.0,41.6,0.0
6262132449,DP0041,55.0,31.0,0.0
6263592647,DP0007,40.0,37.2,0.0
6261254224,DP0041,55.0,51.0,0.0
6251991793,DP0006,50.0,36.6,0.0
6263747501,DP0004,45.0,44.0,0.0
6259635760,DP0034,45.0,34.4,0.0
6262068434,DP0050,40.0,58.7,1.0
6260172020,DP0010,50.0,35.7,0.0
6258199079,DP0041,55.0,34.9,0.0
6259720774,DP0010,45.0,27.3,0.0
6253575614,DP0041,45.0,25.5,0.0
6254622341,DP0041,50.0,29.2,0.0
6245820019,DP0041,60.0,30.8,0.0
6260523379,DP0015,40.0,24.4,0.0
6262538569,DP0041,40.0,28.4,0.0
6261608498,DP0050,55.0,48.6,0.0
6261149078,DP0041,55.0,38.7,0.0
6255635021,DP0041,40.0,26.4,0.0
6249695696,DP0043,50.0,26.9,0.0
6248667823,DP0002,40.0,31.2,0.0
6262123098,DP0041,55.0,47.9,0.0
6257300649,DP0043,45.0,34.2,0.0
6259707893,DP0005,40.0,40.3,1.0
6255638069,DP0039,55.0,50.1,0.0
6259609727,DP0015,45.0,29.1,0.0
6260589339,DP0041,45.0,24.7,0.0
6260920712,DP0041,45.0,31.2,0.0
6257886949,DP0021,50.0,35.9,0.0
6255352347,DP0041,55.0,33.1,0.0
6241148029,DP0019,50.0,32.8,0.0
6235938925,DP0029,55.0,35.9,0.0
6258012086,DP0009,40.0,20.1,0.0
6257727263,,,,
6256082294,DP0002,55.0,38.8,0.0
6259571723,DP0043,50.0,39.9,0.0
6257009131,DP0041,40.0,24.5,0.0
6258829777,DP0025,45.0,23.4,0.0
6258258324,DP0041,55.0,33.7,0.0
6253342754,DP0041,45.0,22.3,0.0
6253139180,DP0041,45.0,24.9,0.0
6259172643,DP0007,45.0,32.1,0.0
6259127253,DP0033,40.0,30.3,0.0
6253438792,DP0016,40.0,17.3,0.0
6259507562,DP0002,45.0,40.9,0.0
6258979613,DP0028,40.0,28.9,0.0
6254235083,DP0005,75.0,45.9,0.0
6259033830,DP0019,65.0,38.8,0.0
6256239530,DP0006,40.0,36.9,0.0
6255234536,DP0006,45.0,17.8,0.0
6252045002,DP0014,50.0,27.4,0.0
6249580640,DP0050,50.0,56.7,1.0
6255975813,DP0001,50.0,26.2,0.0
6254807181,DP0041,55.0,31.6,0.0
6257935285,DP0008,50.0,51.9,1.0
6252809196,DP0043,45.0,25.1,0.0
6254220085,DP0006,55.0,31.3,0.0
6256257725,DP0047,55.0,36.3,0.0
6248017590,DP0041,50.0,23.5,0.0
6256494482,DP0001,40.0,22.3,0.0
6255420874,DP0043,55.0,34.8,0.0
6286817848,DP0041,50.0,42.4,0.0
6282543591,DP0019,45.0,21.7,0.0
6287849019,DP0041,40.0,26.5,0.0
6286480809,DP0043,50.0,34.2,0.0
6284485206,DP0041,50.0,46.9,0.0
6288008211,DP0022,60.0,45.7,0.0
6285598972,DP0041,65.0,33.0,0.0
6283035538,DP0041,90.0,71.5,0.0
6283867519,DP0043,45.0,20.6,0.0
6281165468,DP0041,95.0,56.8,0.0
6286073995,DP0017,65.0,39.0,0.0
6286678001,DP0043,55.0,34.9,0.0
6283562048,DP0007,50.0,24.3,0.0
6282352113,DP0019,45.0,22.9,0.0
6282698934,DP0041,55.0,34.5,0.0
6285413506,DP0041,45.0,28.4,0.0
6286317698,DP0002,55.0,39.7,0.0
6285022469,DP0041,55.0,35.2,0.0
6285655465,DP0028,45.0,31.7,0.0
6281068813,DP0035,45.0,51.7,1.0
6280307180,DP0041,45.0,34.7,0.0
6273157859,DP0031,50.0,22.5,0.0
6285441244,DP0005,55.0,42.3,0.0
6283332193,DP0011,65.0,65.2,1.0
6284455983,DP0047,40.0,29.5,0.0
6283222387,DP0005,75.0,38.3,0.0
6281897103,DP0028,60.0,38.8,0.0
6281240741,DP0041,50.0,33.4,0.0
6273067256,DP0041,55.0,54.3,0.0
6283141502,DP0002,65.0,56.8,0.0
6284079922,DP0041,60.0,35.5,0.0
6284015337,DP0032,60.0,38.9,0.0
6274740347,DP0048,55.0,66.0,1.0
6282875169,DP0009,45.0,27.7,0.0
6272982385,DP0028,50.0,26.9,0.0
6280144958,DP0038,40.0,20.4,0.0
6283643768,DP0033,65.0,48.8,0.0
6283964030,DP0041,60.0,38.7,0.0
6282612876,DP0015,60.0,34.9,0.0
6283851225,DP0015,50.0,49.4,0.0
6281432070,DP0041,55.0,63.5,1.0
6274812592,DP0041,55.0,60.7,1.0
6280637855,DP0037,50.0,38.0,0.0
6281214921,DP0009,50.0,20.4,0.0
6261935988,DP0012,45.0,15.1,0.0
6279703455,DP0002,45.0,36.6,0.0
6281833855,DP0006,85.0,54.9,0.0
6277354892,DP0041,55.0,35.2,0.0
6274827518,DP0043,65.0,44.5,0.0
6281629312,DP0019,40.0,23.4,0.0
6276682452,DP0024,45.0,29.3,0.0
6280806558,DP0007,65.0,47.3,0.0
6274372075,DP0033,45.0,37.6,0.0
6278778407,DP0005,65.0,37.3,0.0
6281032077,DP0043,40.0,30.2,0.0
6281644600,DP0041,55.0,38.8,0.0
6279026002,DP0049,55.0,43.3,0.0
6281237755,DP0043,90.0,76.4,0.0
6274846369,DP0041,90.0,58.7,0.0
6280981530,,,,
6278923143,DP0013,55.0,33.3,0.0
6280936161,DP0041,65.0,42.3,0.0
6278717172,DP0043,50.0,30.6,0.0
6280580699,DP0005,50.0,38.9,0.0
6281377075,DP0043,55.0,39.9,0.0
6281167073,DP0026,45.0,26.3,0.0
6273117981,DP0043,50.0,22.4,0.0
6279258160,DP0044,40.0,22.3,0.0
6274403346,DP0041,50.0,37.3,0.0
6277072867,DP0041,50.0,21.6,0.0
6277983333,DP0040,65.0,42.2,0.0
6278333840,DP0043,65.0,33.9,0.0
6279066061,DP0047,50.0,28.5,0.0
6274503947,DP0041,50.0,33.5,0.0
6280385539,DP0041,40.0,29.1,0.0
6275286946,DP0041,70.0,48.6,0.0
6274690401,DP0043,55.0,42.3,0.0
6279455669,DP0041,50.0,35.8,0.0
6278869612,DP0041,45.0,44.5,0.0
6278102015,DP0041,45.0,56.3,1.0
6278437937,DP0005,40.0,29.7,0.0
6273815965,DP0032,45.0,43.5,0.0
6279607980,DP0039,50.0,31.6,0.0
6279496696,DP0008,40.0,21.3,0.0
6277740243,DP0006,65.0,50.5,0.0
6269600244,DP0041,40.0,15.8,0.0
6279337607,DP0005,50.0,39.9,0.0
6275314448,DP0021,50.0,41.4,0.0
6279126795,DP0041,40.0,22.0,0.0
6266679926,DP0047,40.0,76.9,1.0
6275779878,DP0041,65.0,52.7,0.0
6271030253,DP0050,55.0,84.4,1.0
6267101890,DP0041,50.0,52.2,1.0
6278659278,DP0019,65.0,49.5,0.0
6275464216,DP0041,50.0,36.0,0.0
6276363707,DP0041,50.0,37.3,0.0
6272907871,DP0029,50.0,24.3,0.0
6274469079,DP0003,65.0,48.3,0.0
6269919752,DP0041,50.0,49.7,0.0
6272598812,DP0003,90.0,64.2,0.0
6267884010,DP0041,55.0,36.0,0.0
6275480663,DP0009,100.0,80.2,0.0
6275566128,DP0041,75.0,57.7,0.0
6271958161,DP0041,55.0,41.7,0.0
6278650682,DP0002,45.0,44.0,0.0
6273092266,DP0028,60.0,51.6,0.0
6277007282,DP0041,75.0,57.3,0.0
6273488998,DP0043,65.0,52.6,0.0
6275751942,DP0043,50.0,34.0,0.0
6258661554,DP0041,65.0,38.0,0.0
6275667787,DP0041,45.0,39.8,0.0
6277011128,DP0022,45.0,50.7,1.0
6278353178,DP0026,50.0,33.7,0.0
6273827029,DP0014,50.0,37.9,0.0
6270638032,DP0041,65.0,54.5,0.0
6277870030,DP0021,65.0,60.7,0.0
6270608251,DP0005,55.0,30.3,0.0
6277036643,DP0041,60.0,69.0,1.0
6278117988,DP0041,75.0,57.6,0.0
6277044910,DP0028,75.0,79.7,1.0
6275474919,DP0005,45.0,30.0,0.0
6277798341,DP0038,50.0,50.4,1.0
6257619123,DP0039,45.0,65.1,1.0
6276198544,DP0041,45.0,49.6,1.0
6276916537,DP0021,45.0,34.6,0.0
6238774006,DP0041,60.0,69.7,1.0
6274623021,DP0043,45.0,58.8,1.0
6273667302,DP0016,65.0,71.2,1.0
6277594768,DP0048,45.0,76.8,1.0
6276037165,DP0032,60.0,58.5,0.0
6276118337,DP0019,45.0,48.4,1.0
6275038929,DP0038,65.0,63.3,0.0
6276517995,DP0006,65.0,53.8,0.0
6272412158,DP0008,40.0,35.9,0.0
6274109362,DP0037,65.0,59.5,0.0
6268230785,DP0041,55.0,44.4,0.0
6274638481,DP0043,50.0,44.2,0.0
6276942905,DP0041,45.0,31.5,0.0
6276555451,DP0007,65.0,42.6,0.0
6269339385,DP0041,60.0,43.3,0.0
6274710291,DP0041,65.0,57.2,0.0
6276571482,DP0041,55.0,34.7,0.0
6269170807,DP0041,50.0,30.0,0.0
6277171046,DP0043,70.0,59.2,0.0
6272654474,DP0037,45.0,37.7,0.0
6273772317,DP0041,65.0,50.2,0.0
6263863155,DP0019,45.0,21.0,0.0
6275265266,DP0050,50.0,42.7,0.0
6271478306,DP0010,50.0,21.4,0.0
6270366814,DP0002,55.0,39.5,0.0
6274093563,DP0008,55.0,40.3,0.0
6276923282,DP0041,55.0,33.9,0.0
6273993410,DP0039,65.0,40.0,0.0
6274040440,DP0039,40.0,26.3,0.0
6276355393,DP0047,50.0,31.0,0.0
6268757399,DP0043,50.0,32.1,0.0
6276487406,DP0021,40.0,20.2,0.0
6260392451,DP0015,45.0,29.4,0.0
6274318859,DP0043,55.0,34.4,0.0
6276359752,DP0043,45.0,29.9,0.0
6273133415,DP0041,65.0,66.7,1.0
6274824291,DP0041,65.0,63.4,0.0
6275488059,DP0019,50.0,32.1,0.0
6274122894,DP0041,50.0,28.7,0.0
6266005719,DP0041,50.0,36.5,0.0
6274795459,DP0041,40.0,38.8,0.0
6271460298,DP0005,65.0,53.5,0.0
6272998523,DP0043,40.0,35.2,0.0
6273180296,DP0041,40.0,15.3,0.0
6272550055,DP0014,50.0,28.5,0.0
6274332897,DP0041,40.0,16.5,0.0
6274718827,DP0041,65.0,44.4,0.0
6272999539,DP0041,65.0,47.3,0.0
6248842812,DP0041,60.0,60.3,1.0
6274558540,DP0041,50.0,30.5,0.0
6274308674,DP0046,50.0,40.9,0.0
6274144532,DP0005,50.0,33.2,0.0
6255682882,DP0007,55.0,34.9,0.0
6271470000,,,,
6257662246,DP0041,55.0,35.3,0.0
6271249935,DP0041,45.0,24.5,0.0
6273716196,DP0043,65.0,42.4,0.0
6268682139,DP0041,40.0,15.4,0.0
6272804661,DP0041,50.0,41.0,0.0
6273454088,DP0050,70.0,50.9,0.0
6270307020,DP0019,40.0,33.6,0.0
6273693191,DP0043,55.0,50.5,0.0
6267399062,DP0038,65.0,59.0,0.0
6272940409,DP0041,50.0,25.4,0.0
6272624162,DP0041,50.0,49.9,0.0
6268189882,DP0041,45.0,31.7,0.0
6265139610,DP0008,45.0,29.9,0.0
6270886988,DP0039,70.0,55.4,0.0
6273111718,DP0041,50.0,22.3,0.0
6269309435,DP0043,55.0,78.3,1.0
6272144778,DP0039,45.0,27.4,0.0
6270964818,DP0043,55.0,45.4,0.0
6267107626,DP0039,50.0,48.5,0.0
6272714560,DP0041,55.0,32.4,0.0
6272750306,DP0041,50.0,35.3,0.0
6271065482,DP0041,45.0,31.3,0.0
6265304056,DP0047,50.0,29.3,0.0
6271194892,DP0041,50.0,28.7,0.0
6270028781,DP0041,55.0,48.8,0.0
6270125256,DP0003,45.0,26.1,0.0
6263909784,DP0037,40.0,20.7,0.0
6269265899,DP0020,50.0,32.7,0.0
6263816877,DP0041,65.0,63.4,0.0
6266032278,DP0015,75.0,39.5,0.0
6264471040,DP0015,45.0,24.3,0.0
6265175021,DP0013,55.0,35.1,0.0
6270196690,DP0008,55.0,32.8,0.0
6266926693,DP0021,45.0,20.1,0.0
6270401902,DP0043,50.0,30.5,0.0
6267658066,DP0041,55.0,57.0,1.0
6264328537,DP0041,50.0,37.2,0.0
6268802079,DP0041,75.0,50.1,0.0
6269707625,DP0019,45.0,42.5,0.0
6268020437,DP0043,55.0,36.8,0.0
6253722907,DP0008,50.0,46.3,0.0
6269747569,DP0026,65.0,45.8,0.0
6269376726,DP0041,40.0,45.4,1.0
6269409709,DP0006,60.0,43.5,0.0
6268464060,DP0041,55.0,63.2,1.0
6269503992,DP0033,65.0,42.1,0.0
6269517287,DP0041,65.0,35.3,0.0
6268493730,DP0041,65.0,50.9,0.0
6264654836,DP0012,50.0,42.5,0.0
6268011465,DP0041,40.0,33.0,0.0
6267536682,DP0018,60.0,43.1,0.0
6267719851,DP0041,70.0,54.7,0.0
6266838906,DP0005,45.0,26.3,0.0
6267577690,DP0041,65.0,54.4,0.0
6260024740,DP0041,55.0,32.6,0.0
6259014038,DP0031,40.0,29.1,0.0
6249752596,DP0047,50.0,40.2,0.0
6266725576,DP0043,40.0,26.5,0.0
6261568680,DP0041,45.0,28.7,0.0
6265382123,DP0041,100.0,76.4,0.0
6267514224,DP0019,50.0,35.8,0.0
6266069430,DP0041,55.0,40.0,0.0
6256766178,DP0014,50.0,40.5,0.0
6263046301,DP0008,50.0,43.3,0.0
6262976116,DP0050,50.0,47.1,0.0
6262050074,DP0041,45.0,23.2,0.0
6263702900,DP0038,60.0,40.6,0.0
6260417670,DP0019,50.0,25.5,0.0
6257945431,DP0041,65.0,42.8,0.0
6264160054,DP0005,60.0,55.1,0.0
6263821044,DP0006,55.0,40.2,0.0
6255206585,DP0005,50.0,55.1,1.0
6264961732,DP0041,45.0,21.5,0.0
6260002138,DP0041,40.0,15.0,0.0
6260168850,DP0005,70.0,55.0,0.0
6262809123,DP0041,50.0,35.4,0.0
6265332464,DP0015,40.0,19.6,0.0
6256266459,DP0041,55.0,41.4,0.0
6260124736,DP0049,45.0,26.2,0.0
6255957260,DP0041,65.0,60.3,0.0
6259232201,DP0043,50.0,58.8,1.0
6256363883,DP0046,65.0,82.2,1.0
6262698483,DP0041,50.0,39.8,0.0
6254897223,DP0041,65.0,65.6,1.0
6260953608,DP0043,80.0,98.3,1.0
6257538117,DP0028,55.0,52.8,0.0
6263927296,DP0019,55.0,68.0,1.0
6261966262,DP0046,75.0,69.4,0.0
6261984442,DP0041,45.0,34.8,0.0
6262999319,DP0015,55.0,41.5,0.0
6249228452,DP0039,65.0,50.0,0.0
6257095559,DP0041,65.0,41.9,0.0
6262656582,DP0041,50.0,48.2,0.0
6249957082,DP0041,65.0,44.1,0.0
6258989674,DP0041,45.0,28.3,0.0
6254739411,DP0041,45.0,25.0,0.0
6264074167,DP0041,55.0,29.6,0.0
6260130368,DP0041,65.0,42.4,0.0
6254392293,DP0041,65.0,40.8,0.0
6263182965,DP0041,50.0,21.2,0.0
6262447760,DP0028,40.0,26.2,0.0
6262876257,DP0035,45.0,19.0,0.0
6254154940,DP0048,50.0,49.2,0.0
6263362427,DP0007,55.0,56.6,1.0
6262832637,DP0019,50.0,24.1,0.0
6240090853,DP0041,55.0,29.2,0.0
6257147194,DP0043,50.0,27.7,0.0
6260425009,DP0009,45.0,29.9,0.0
6249070200,DP0019,50.0,25.5,0.0
6262017978,DP0005,45.0,22.5,0.0
6257877306,DP0041,55.0,37.7,0.0
6262745827,DP0016,50.0,55.8,1.0
6255981285,DP0033,65.0,48.6,0.0
6258696881,DP0039,80.0,60.3,0.0
6247822309,DP0043,50.0,29.9,0.0
6261848668,DP0036,45.0,23.1,0.0
6260718671,DP0008,45.0,23.9,0.0
6258993092,DP0041,45.0,41.5,0.0
6260796751,DP0047,65.0,41.3,0.0
6258349757,DP0041,55.0,64.4,1.0
6257907464,DP0049,50.0,24.3,0.0
6261242243,DP0043,55.0,42.4,0.0
6255624126,DP0005,40.0,28.9,0.0
6259595450,DP0041,55.0,43.1,0.0
6257254333,DP0019,50.0,21.8,0.0
6258863118,DP0041,55.0,51.5,0.0
6259369457,DP0019,50.0,39.6,0.0
6247970656,DP0027,75.0,44.0,0.0
6256958328,DP0043,55.0,52.3,0.0
6260219713,DP0015,40.0,27.5,0.0
6260006076,DP0043,45.0,26.9,0.0
6258938455,DP0004,55.0,34.0,0.0
6259085094,DP0005,45.0,32.4,0.0
6257429058,DP0043,55.0,44.6,0.0
6259984017,DP0041,40.0,27.2,0.0
6255503882,DP0041,60.0,45.2,0.0
6225557211,DP0015,45.0,25.7,0.0
6257551555,DP0041,90.0,61.3,0.0
6240424548,DP0041,45.0,30.4,0.0
6256978264,DP0041,60.0,44.0,0.0
6258857796,DP0041,100.0,78.6,0.0
6259716679,DP0047,60.0,42.1,0.0
6244236873,DP0041,50.0,32.3,0.0
6240870348,DP0043,60.0,44.4,0.0
6259270440,DP0041,55.0,38.4,0.0
6259315108,DP0041,65.0,62.9,0.0
6252028226,DP0005,40.0,24.9,0.0
6257893184,DP0028,50.0,48.1,0.0
6257722273,DP0043,40.0,35.6,0.0
6258027628,DP0015,55.0,45.9,0.0
6251709190,DP0007,40.0,43.8,1.0
6244584699,DP0024,50.0,45.6,0.0
6249682789,DP0015,45.0,35.1,0.0
6254945662,DP0043,50.0,50.2,1.0
6256527067,DP0043,55.0,26.9,0.0
6254025839,DP0041,45.0,25.3,0.0
6257681653,DP0005,50.0,24.6,0.0
6255691960,DP0041,50.0,28.5,0.0
6286313022,DP0041,45.0,32.2,0.0
6284800806,DP0048,65.0,56.0,0.0
6287815837,DP0041,50.0,34.5,0.0
6285872023,DP0026,40.0,31.3,0.0
6284935341,DP0041,85.0,72.3,0.0
6286088949,DP0048,55.0,64.2,1.0
6271831555,DP0041,45.0,55.6,1.0
6286609810,DP0041,55.0,53.5,0.0
6282311532,DP0016,45.0,32.0,0.0
6281239437,DP0041,50.0,37.1,0.0
6282792492,DP0041,60.0,46.0,0.0
6283164979,DP0022,40.0,49.2,1.0
6284024947,DP0041,65.0,46.9,0.0
6283458320,DP0019,45.0,33.8,0.0
6284740899,DP0019,50.0,38.5,0.0
6279548281,DP0003,60.0,41.7,0.0
6281784136,DP0019,55.0,56.0,1.0
6275358575,DP0041,50.0,34.6,0.0
6278161078,DP0001,50.0,51.2,1.0
6284329140,DP0019,50.0,30.5,0.0
6263545245,DP0043,90.0,76.7,0.0
6269906515,DP0041,55.0,39.8,0.0
6283338604,DP0041,50.0,42.5,0.0
6275924037,DP0034,55.0,35.8,0.0
6280324123,DP0041,50.0,39.3,0.0
6283004740,DP0013,45.0,28.4,0.0
6280952508,DP0041,40.0,27.6,0.0
6281569559,DP0007,60.0,44.0,0.0
6281220310,DP0041,75.0,51.5,0.0
6274089166,DP0026,65.0,61.4,0.0
6260481136,DP0041,60.0,58.7,0.0
6274780694,DP0041,40.0,28.1,0.0
6276636974,DP0040,40.0,42.2,1.0
6281026349,DP0009,55.0,58.6,1.0
6264820413,DP0041,50.0,34.2,0.0
6269109628,DP0048,65.0,68.2,1.0
6274794592,DP0041,45.0,35.2,0.0
6278584688,DP0005,45.0,35.1,0.0
6273734908,DP0030,60.0,47.8,0.0
6276267489,DP0043,65.0,49.5,0.0
6278057767,DP0041,45.0,36.2,0.0
6273518219,DP0041,50.0,40.5,0.0
6277375291,DP0043,50.0,37.6,0.0
6272913809,DP0043,60.0,59.6,0.0
6277140125,DP0041,50.0,35.4,0.0
6267275674,DP0039,50.0,36.8,0.0
6273081612,DP0026,50.0,32.4,0.0
6269020133,DP0041,50.0,24.1,0.0
6264906081,DP0019,50.0,44.1,0.0
6277914844,DP0018,40.0,35.8,0.0
6277842901,DP0028,50.0,37.7,0.0
6256717354,DP0011,50.0,29.8,0.0
6278370691,DP0041,60.0,45.4,0.0
6273152523,DP0041,60.0,41.9,0.0
6272205068,DP0041,40.0,32.8,0.0
6274191438,DP0033,60.0,48.8,0.0
6276248419,DP0043,70.0,52.0,0.0
6278149285,DP0004,45.0,57.2,1.0
6275259159,DP0041,65.0,47.8,0.0
6271911002,DP0043,50.0,36.6,0.0
6273596056,DP0039,55.0,47.1,0.0
6276651303,DP0041,50.0,44.6,0.0
6268905079,DP0045,85.0,88.9,1.0
6275657272,DP0015,70.0,66.8,0.0
6277166171,DP0041,50.0,35.8,0.0
6268552186,DP0041,65.0,42.4,0.0
6270832228,DP0019,50.0,30.6,0.0
6277684924,DP0041,50.0,25.2,0.0
6270698140,DP0043,65.0,46.3,0.0
6259580700,DP0041,50.0,38.6,0.0
6257718849,DP0014,50.0,57.9,1.0
6267554292,DP0005,55.0,42.0,0.0
6276087527,DP0041,45.0,46.6,1.0
6276369627,DP0005,85.0,64.8,0.0
6274415596,DP0041,50.0,39.1,0.0
6276424255,DP0041,50.0,48.5,0.0
6271226126,DP0041,50.0,43.6,0.0
6272919345,DP0041,40.0,38.1,0.0
6247216752,DP0038,50.0,43.6,0.0
6257686661,DP0015,55.0,41.2,0.0
6272227197,DP0021,45.0,43.6,0.0
6274103818,DP0041,40.0,38.1,0.0
6276250305,DP0041,45.0,50.4,1.0
6275729394,DP0041,60.0,38.8,0.0
6274614897,DP0041,55.0,46.5,0.0
6270462090,DP0048,50.0,48.3,0.0
6275360862,DP0019,40.0,24.1,0.0
6253066042,DP0005,55.0,36.9,0.0
6268515672,DP0027,50.0,37.9,0.0
6269457054,DP0041,60.0,51.8,0.0
6272709129,DP0039,60.0,50.6,0.0
6263972080,DP0041,40.0,37.1,0.0
6271821350,DP0041,90.0,70.0,0.0
6267617300,DP0043,45.0,36.1,0.0
6264386658,DP0046,45.0,44.3,0.0
6272052887,DP0005,75.0,44.0,0.0
6268362772,DP0041,45.0,38.1,0.0
6263941064,DP0041,45.0,32.9,0.0
6264716152,DP0019,55.0,35.0,0.0
6270850433,DP0035,45.0,42.8,0.0
6263216532,DP0041,50.0,31.8,0.0
6262679261,DP0015,50.0,25.5,0.0
6264115222,DP0041,65.0,47.7,0.0
6269085605,DP0041,45.0,37.4,0.0
6267697237,DP0005,50.0,40.1,0.0
6267274169,DP0041,60.0,52.3,0.0
6232044475,DP0019,50.0,38.5,0.0
6267259720,DP0041,45.0,36.8,0.0
6266268263,DP0013,55.0,34.4,0.0
6250261716,DP0043,50.0,32.4,0.0
6265186019,DP0038,60.0,50.8,0.0
6267063965,DP0014,50.0,28.1,0.0
6255404898,DP0039,65.0,46.7,0.0
6263283036,DP0036,55.0,39.6,0.0
6263882839,DP0038,40.0,41.5,1.0
6256497582,DP0041,40.0,30.3,0.0
6263613043,DP0041,40.0,39.3,0.0
6261074990,DP0008,50.0,28.6,0.0
6263850195,DP0005,55.0,41.7,0.0
6260196287,DP0041,50.0,43.9,0.0
6263582362,DP0041,50.0,31.9,0.0
6263426513,DP0028,55.0,31.9,0.0
6243189169,DP0041,50.0,29.5,0.0
6245653333,DP0033,50.0,30.1,0.0
6262264827,DP0041,60.0,34.6,0.0
6256236031,DP0021,65.0,42.4,0.0
6255417890,DP0005,50.0,39.0,0.0
6262134802,DP0043,55.0,36.9,0.0
6262338504,DP0033,85.0,63.3,0.0
6260894275,DP0041,50.0,41.5,0.0
6256133709,DP0019,50.0,45.0,0.0
6259281910,DP0041,45.0,35.8,0.0
6261078737,DP0043,50.0,40.5,0.0
6261131295,DP0005,55.0,52.7,0.0
6248295383,DP0042,80.0,67.4,0.0
6259810844,DP0041,45.0,33.7,0.0
6259902880,DP0041,55.0,41.1,0.0
6260622954,DP0041,50.0,44.5,0.0
6258207695,DP0043,45.0,32.4,0.0
6259489243,DP0005,45.0,23.9,0.0
6260177712,DP0019,60.0,55.2,0.0
6256823380,DP0043,65.0,47.8,0.0
6257495726,DP0041,55.0,47.2,0.0
6258515052,DP0003,55.0,37.5,0.0
6243478077,DP0041,50.0,44.3,0.0
6250388497,DP0041,50.0,49.2,0.0
6259140132,,,,
6259819615,DP0020,55.0,54.3,0.0
6257605886,DP0041,55.0,71.2,1.0
6258231345,DP0015,60.0,51.5,0.0
6257500719,DP0041,55.0,56.9,1.0
6240307751,DP0041,55.0,33.7,0.0
6259426910,DP0037,50.0,48.4,0.0
6259262026,DP0019,45.0,47.9,1.0
6256103641,DP0019,50.0,35.1,0.0
6257686144,DP0041,50.0,34.0,0.0
6246947272,DP0041,50.0,35.0,0.0
6256179079,DP0028,55.0,58.1,1.0
6253180276,DP0041,60.0,39.6,0.0
6255024672,DP0032,45.0,32.9,0.0
6249799776,DP0021,75.0,64.1,0.0
6252015723,DP0003,45.0,26.8,0.0
6251733997,DP0002,55.0,36.9,0.0
6287742859,DP0015,55.0,41.5,0.0
6284758109,DP0035,50.0,39.1,0.0
6282426309,DP0043,50.0,48.9,0.0
6280370620,DP0041,55.0,47.7,0.0
6282337383,DP0019,50.0,30.9,0.0
6277190819,DP0017,55.0,55.9,1.0
6284745702,DP0015,45.0,48.5,1.0
6284575038,DP0026,40.0,36.3,0.0
6282834675,DP0041,50.0,48.8,0.0
6281127424,DP0039,55.0,46.7,0.0
6282555944,DP0015,40.0,25.7,0.0
6284588196,DP0008,65.0,57.8,0.0
6279229153,DP0002,65.0,49.0,0.0
6283632663,DP0008,45.0,45.9,1.0
6281477413,DP0041,55.0,42.9,0.0
6283828327,DP0017,60.0,55.4,0.0
6278849038,DP0041,45.0,33.2,0.0
6281853084,DP0041,40.0,31.8,0.0
6283768958,DP0043,55.0,45.9,0.0
6265677230,DP0043,55.0,43.8,0.0
6279992104,DP0041,50.0,32.3,0.0
6280887903,DP0005,65.0,49.3,0.0
6257465871,DP0041,60.0,35.1,0.0
6271484858,DP0041,60.0,43.4,0.0
6282090081,DP0003,55.0,34.7,0.0
6283039885,DP0041,40.0,29.0,0.0
6277711720,DP0043,60.0,52.3,0.0
6282502158,DP0041,40.0,46.1,1.0
6282590648,DP0002,55.0,46.9,0.0
6280167233,DP0002,45.0,32.6,0.0
6273256793,DP0037,55.0,43.5,0.0
6279628125,DP0008,50.0,48.0,0.0
6280941866,DP0041,45.0,41.0,0.0
6280624331,DP0041,55.0,52.9,0.0
6272452525,DP0011,55.0,37.0,0.0
6279553303,DP0043,50.0,42.0,0.0
6272321324,DP0039,50.0,42.0,0.0
6281177197,DP0008,55.0,49.7,0.0
6281439999,DP0041,45.0,27.9,0.0
6278282983,DP0041,50.0,49.1,0.0
6280571393,DP0041,45.0,41.7,0.0
6278432959,DP0043,50.0,45.0,0.0
6273175491,DP0041,50.0,32.5,0.0
6261179855,DP0043,55.0,40.6,0.0
6275174420,DP0039,40.0,55.3,1.0
6278316160,DP0041,60.0,41.3,0.0
6270655181,DP0050,45.0,40.3,0.0
6276456329,DP0041,55.0,32.2,0.0
6277686869,DP0007,50.0,38.3,0.0
6272714524,DP0041,50.0,48.3,0.0
6272773081,DP0041,40.0,41.1,1.0
6275936717,DP0010,40.0,28.4,0.0
6272535239,DP0047,50.0,37.5,0.0
6268070806,DP0010,45.0,42.3,0.0
6249042281,DP0011,40.0,28.3,0.0
6275458116,DP0043,50.0,48.7,0.0
6264291527,DP0041,45.0,23.5,0.0
6274491264,DP0005,45.0,40.5,0.0
6271753950,DP0041,50.0,36.7,0.0
6269791278,DP0041,40.0,32.4,0.0
6272625671,DP0005,60.0,50.0,0.0
6271716913,DP0048,40.0,42.5,1.0
6270526511,DP0041,50.0,39.7,0.0
6267175836,DP0041,50.0,44.7,0.0
6268788266,DP0041,45.0,36.7,0.0
6268156463,DP0041,50.0,47.6,0.0
6254235119,DP0019,40.0,29.1,0.0
6269684831,DP0019,55.0,40.7,0.0
6255761168,DP0041,40.0,54.9,1.0
6269593647,DP0041,55.0,42.7,0.0
6267660253,DP0005,45.0,41.1,0.0
6266742715,DP0041,55.0,33.5,0.0
6260073891,DP0041,65.0,41.3,0.0
6254333150,DP0008,50.0,32.3,0.0
6260160368,DP0002,50.0,32.2,0.0
6258629870,DP0021,60.0,37.5,0.0
6261922901,DP0041,50.0,32.7,0.0
6249687196,DP0008,55.0,40.5,0.0
6259032104,DP0038,40.0,21.7,0.0
6260837307,DP0041,45.0,40.2,0.0
6258738241,DP0041,50.0,52.0,1.0
6256562820,DP0019,55.0,76.6,1.0
6254142759,DP0034,40.0,47.4,1.0
6287728966,DP0041,50.0,31.6,0.0
6270801947,DP0044,50.0,69.7,1.0
6278519502,DP0043,45.0,31.4,0.0
6275623773,DP0041,40.0,62.1,1.0
6241857144,DP0036,50.0,35.7,0.0
6250719441,DP0026,50.0,48.0,0.0
6248820613,DP0008,50.0,27.2,0.0
6285526315,DP0007,50.0,37.0,0.0
6288225933,DP0041,45.0,25.3,0.0
6285439993,DP0019,70.0,48.9,0.0
6279717843,DP0019,50.0,21.6,0.0
6281103655,DP0050,55.0,60.6,1.0
6286379234,DP0013,45.0,26.3,0.0
6284883718,DP0008,55.0,30.8,0.0
6286356430,DP0006,50.0,32.5,0.0
6282110544,DP0041,75.0,47.5,0.0
6287005592,DP0041,45.0,21.7,0.0
6277414333,DP0028,45.0,47.2,1.0
6284460920,DP0041,55.0,55.3,1.0
6282922270,DP0041,40.0,33.5,0.0
6284490434,DP0041,45.0,36.2,0.0
6285668461,DP0047,50.0,34.0,0.0
6284615869,DP0041,60.0,46.8,0.0
6284721822,DP0041,40.0,25.2,0.0
6273590511,DP0012,55.0,76.8,1.0
6284151207,DP0006,45.0,26.3,0.0
6276473935,DP0005,40.0,18.4,0.0
6282781077,DP0041,50.0,32.4,0.0
6283271255,DP0041,40.0,41.3,1.0
6277744833,DP0041,45.0,19.7,0.0
6280764751,DP0005,40.0,43.9,1.0
6276818704,DP0041,50.0,53.8,1.0
6277242525,DP0044,40.0,40.3,1.0
6269403820,DP0041,60.0,56.9,0.0
6282453847,DP0041,55.0,60.2,1.0
6268609624,DP0041,40.0,20.4,0.0
6261320956,DP0043,50.0,27.7,0.0
6277891497,DP0041,45.0,33.5,0.0
6280390837,DP0041,40.0,37.7,0.0
6283014399,DP0015,40.0,34.1,0.0
6279584294,DP0005,85.0,59.4,0.0
6269118967,DP0041,45.0,28.5,0.0
6269901641,DP0008,85.0,58.4,0.0
6281922629,DP0047,40.0,30.4,0.0
6265960934,DP0019,40.0,26.2,0.0
6281402226,DP0043,55.0,47.4,0.0
6263633413,DP0033,55.0,23.4,0.0
6272363194,DP0023,40.0,16.4,0.0
6279496334,DP0043,50.0,31.7,0.0
6274739706,DP0028,40.0,38.7,0.0
6273411509,DP0033,40.0,26.2,0.0
6270672018,DP0007,40.0,32.3,0.0
6273866506,DP0041,50.0,35.5,0.0
6270977761,DP0019,45.0,26.8,0.0
6279803539,DP0041,60.0,42.5,0.0
6275692695,DP0041,55.0,32.5,0.0
6279951671,DP0041,55.0,39.8,0.0
6278431807,DP0041,55.0,25.0,0.0
6271250642,DP0041,80.0,67.9,0.0
6270915347,DP0025,85.0,80.9,0.0
6268907186,DP0043,40.0,19.2,0.0
6273458086,DP0021,55.0,39.6,0.0
6274065627,DP0041,50.0,34.1,0.0
6276866800,DP0034,50.0,27.5,0.0
6278212243,DP0043,50.0,29.0,0.0
6273464819,DP0038,55.0,50.3,0.0
6276127022,DP0032,45.0,18.4,0.0
6270886442,DP0041,60.0,41.4,0.0
6276757850,DP0041,55.0,26.8,0.0
6270572913,DP0007,45.0,19.6,0.0
6276947309,DP0041,50.0,30.7,0.0
6274086437,DP0041,40.0,28.0,0.0
6276968952,DP0050,60.0,44.9,0.0
6274201026,DP0041,40.0,27.1,0.0
6274815050,DP0029,55.0,26.6,0.0
6264745174,DP0015,40.0,18.7,0.0
6274636858,DP0043,50.0,24.3,0.0
6273000086,DP0041,50.0,29.9,0.0
6267919324,DP0015,50.0,39.8,0.0
6273030697,DP0015,55.0,29.3,0.0
6256868828,DP0041,50.0,29.1,0.0
6268602672,DP0021,60.0,35.3,0.0
6259499844,DP0021,40.0,25.2,0.0
6266984045,DP0008,75.0,46.7,0.0
6271418445,DP0019,55.0,32.8,0.0
6274710156,DP0038,60.0,57.5,0.0
6276619806,DP0041,50.0,25.9,0.0
6268762066,DP0026,45.0,26.8,0.0
6274781265,DP0024,50.0,42.0,0.0
6274990221,DP0019,55.0,29.5,0.0
6256174794,DP0041,60.0,53.1,0.0
6264030445,DP0012,50.0,45.3,0.0
6273883090,DP0041,50.0,29.3,0.0
6268520841,DP0041,40.0,14.0,0.0
6242792811,DP0004,45.0,45.2,1.0
6265782548,DP0002,75.0,52.9,0.0
6258532758,DP0005,40.0,27.9,0.0
6264797123,DP0041,55.0,28.4,0.0
6260478617,DP0043,40.0,26.0,0.0
6272668588,DP0002,45.0,19.2,0.0
6253587637,DP0044,40.0,20.5,0.0
6272306187,DP0007,40.0,21.8,0.0
6266114346,DP0043,40.0,19.9,0.0
6256896629,DP0041,40.0,27.2,0.0
6269791986,DP0041,45.0,34.3,0.0
6265914343,DP0041,40.0,19.9,0.0
6265843697,DP0041,50.0,25.9,0.0
6267535425,DP0043,55.0,30.5,0.0
6266410938,DP0041,50.0,30.4,0.0
6258488413,DP0041,40.0,19.0,0.0
6266218867,DP0007,50.0,22.9,0.0
6261480288,DP0007,45.0,20.5,0.0
6263577299,DP0041,55.0,46.3,0.0
6265445577,DP0041,50.0,37.8,0.0
6260236705,DP0041,40.0,31.2,0.0
6265659150,DP0041,50.0,34.4,0.0
6255682147,DP0043,45.0,42.6,0.0
6264841952,DP0041,50.0,49.7,0.0
6263325820,DP0041,40.0,27.9,0.0
6256455363,DP0041,55.0,30.1,0.0
6254043155,DP0028,45.0,31.6,0.0
6262229718,DP0019,40.0,28.5,0.0
6261038549,DP0041,45.0,24.1,0.0
6260254276,DP0030,55.0,47.3,0.0
6259281952,DP0043,55.0,41.8,0.0
6260998591,DP0005,55.0,43.0,0.0
6262234486,DP0005,45.0,29.8,0.0
6255454828,DP0043,75.0,47.2,0.0
6262734765,DP0041,40.0,33.5,0.0
6253183420,DP0031,45.0,28.8,0.0
6257370180,DP0041,40.0,28.5,0.0
6250280761,DP0041,55.0,34.4,0.0
6259584778,DP0041,40.0,22.9,0.0
6254172281,DP0006,50.0,32.9,0.0
6246720402,,,,
6244794823,DP0043,40.0,24.7,0.0
6260262538,DP0010,55.0,41.5,0.0
6257113147,DP0043,45.0,36.7,0.0
6257856635,DP0043,40.0,22.1,0.0
6259253129,DP0041,40.0,36.6,0.0
6259033079,DP0041,40.0,35.5,0.0
6255264389,DP0031,55.0,31.5,0.0
6255680667,DP0019,40.0,22.8,0.0
6257817850,DP0041,55.0,37.1,0.0
6240791149,DP0043,65.0,47.4,0.0
6258212178,DP0041,50.0,26.9,0.0
6257283763,DP0041,55.0,31.9,0.0
6253789688,DP0009,50.0,42.2,0.0
6257037552,DP0005,40.0,31.7,0.0
6285312129,DP0039,40.0,31.9,0.0
6261301804,DP0005,55.0,36.2,0.0
6276680799,DP0041,40.0,40.0,0.0
6271656223,DP0032,50.0,32.2,0.0
6261641077,DP0041,40.0,43.0,1.0
6278426852,DP0021,40.0,42.7,1.0
6284749028,DP0041,40.0,29.1,0.0
6279856709,DP0041,50.0,48.0,0.0
6275375801,DP0002,40.0,35.5,0.0
6279600530,DP0005,55.0,38.3,0.0
6260533629,DP0019,55.0,30.3,0.0
6271757845,DP0043,40.0,42.5,1.0
6271774443,DP0008,45.0,44.8,0.0
6251748992,DP0041,45.0,36.1,0.0
6273400252,DP0048,65.0,58.4,0.0
6257874639,DP0041,50.0,34.4,0.0
6286735773,DP0017,55.0,40.2,0.0
6286855968,DP0043,50.0,35.6,0.0
6285260972,DP0006,45.0,37.9,0.0
6275899167,DP0041,50.0,32.8,0.0
6284445211,DP0043,50.0,32.2,0.0
6281814053,DP0041,50.0,31.9,0.0
6284169498,DP0037,40.0,33.2,0.0
6278405147,DP0019,50.0,33.7,0.0
6270821232,DP0030,45.0,17.4,0.0
6279226964,DP0041,55.0,54.9,0.0
6280460204,DP0023,50.0,46.5,0.0
6280789451,DP0048,40.0,34.2,0.0
6282787819,DP0043,45.0,22.2,0.0
6279260274,DP0043,50.0,32.4,0.0
6279882080,DP0038,45.0,23.8,0.0
6274329175,DP0041,45.0,29.0,0.0
6279155884,DP0043,50.0,31.8,0.0
6279409086,DP0043,50.0,27.6,0.0
6268652558,DP0037,50.0,23.7,0.0
6275966435,DP0007,55.0,41.9,0.0
6278160583,DP0005,40.0,25.6,0.0
6271736162,DP0041,45.0,34.6,0.0
6267157714,DP0041,50.0,36.3,0.0
6275983316,DP0043,55.0,37.9,0.0
6275116150,DP0019,50.0,33.9,0.0
6273162617,DP0009,45.0,34.1,0.0
6276370718,DP0031,45.0,29.3,0.0
6275030716,DP0028,55.0,38.4,0.0
6277523662,DP0008,55.0,38.6,0.0
6276259925,DP0041,40.0,19.7,0.0
6273241845,DP0041,45.0,18.0,0.0
6270142240,DP0041,45.0,55.6,1.0
6266228441,DP0028,40.0,21.6,0.0
6276146107,DP0024,50.0,32.4,0.0
6275478466,DP0041,60.0,41.7,0.0
6276440933,DP0043,50.0,26.3,0.0
6275440171,DP0005,45.0,23.7,0.0
6270384428,DP0041,60.0,48.2,0.0
6273260059,DP0028,60.0,42.7,0.0
6267646530,DP0043,45.0,41.2,0.0
6272341819,DP0041,55.0,48.1,0.0
6274183390,DP0027,50.0,32.7,0.0
6271001697,DP0041,50.0,35.5,0.0
6271986320,DP0009,50.0,32.0,0.0
6273114234,DP0043,65.0,53.5,0.0
6268048309,DP0034,45.0,30.3,0.0
6271276378,DP0041,55.0,37.4,0.0
6264820097,DP0041,55.0,53.0,0.0
6250077415,DP0041,45.0,37.3,0.0
6265322640,DP0015,70.0,55.4,0.0
6261469315,DP0041,60.0,42.3,0.0
6265023535,DP0033,65.0,44.7,0.0
6265110076,DP0028,70.0,48.5,0.0
6261498652,DP0041,65.0,81.9,1.0
6259329687,DP0033,45.0,28.0,0.0
6258468151,DP0027,50.0,31.6,0.0
6257981422,DP0043,50.0,44.7,0.0
6262140635,DP0006,45.0,33.7,0.0
6259509834,DP0041,45.0,48.9,1.0
6252286727,DP0018,40.0,29.0,0.0
6256079808,DP0002,50.0,45.8,0.0
6239170702,DP0009,40.0,23.8,0.0
6286029407,DP0041,55.0,32.1,0.0
6282178041,DP0041,50.0,36.8,0.0
6283903915,DP0003,50.0,31.6,0.0
6274188316,DP0005,40.0,28.8,0.0
6282963600,DP0043,45.0,29.1,0.0
6279365281,DP0005,60.0,58.7,0.0
6282396936,DP0043,40.0,27.3,0.0
6281610861,DP0015,40.0,25.7,0.0
6281726939,DP0041,40.0,34.4,0.0
6281749453,DP0021,40.0,24.7,0.0
6279747795,DP0043,40.0,27.1,0.0
6276947844,DP0041,50.0,38.0,0.0
6264168616,DP0034,70.0,64.8,0.0
6279994691,DP0005,50.0,39.4,0.0
6280931538,DP0041,50.0,39.8,0.0
6269914028,DP0041,40.0,35.2,0.0
6280488647,DP0001,65.0,47.4,0.0
6280303120,DP0002,75.0,44.3,0.0
6280565583,DP0041,50.0,35.6,0.0
6280416408,DP0019,65.0,49.4,0.0
6278694897,DP0041,40.0,25.9,0.0
6279889466,DP0040,55.0,31.8,0.0
6277705892,DP0043,60.0,41.7,0.0
6277397728,DP0043,40.0,49.3,1.0
6273240855,DP0050,40.0,69.8,1.0
6275055465,DP0008,50.0,28.1,0.0
6277533377,DP0043,50.0,31.6,0.0
6266129397,DP0019,50.0,48.6,0.0
6273770150,DP0041,50.0,35.8,0.0
6276615793,DP0041,45.0,30.5,0.0
6272683102,DP0003,65.0,44.9,0.0
6272498427,DP0043,50.0,31.1,0.0
6263454878,DP0005,65.0,48.7,0.0
6272633793,DP0041,40.0,23.9,0.0
6267372238,DP0041,45.0,21.6,0.0
6272471223,DP0041,55.0,53.4,0.0
6270699338,DP0008,50.0,26.9,0.0
6268792046,DP0039,40.0,31.0,0.0
6268279583,DP0042,50.0,33.8,0.0
6270287531,DP0021,85.0,55.2,0.0
6267170703,DP0041,50.0,36.0,0.0
6270223616,DP0019,45.0,43.2,0.0
6268962507,DP0041,50.0,85.0,1.0
6269162453,DP0043,45.0,34.4,0.0
6269348231,DP0041,40.0,38.3,0.0
6262935808,DP0041,40.0,29.7,0.0
6268891634,DP0034,50.0,34.4,0.0
6259159587,DP0041,40.0,37.7,0.0
6257318880,DP0002,50.0,32.6,0.0
6259151001,DP0019,55.0,39.1,0.0
6260288592,DP0039,60.0,40.8,0.0
6254937115,DP0041,50.0,43.3,0.0
6251533450,DP0039,45.0,32.1,0.0
6255694850,DP0026,50.0,36.6,0.0
6252298630,DP0033,45.0,34.4,0.0
6288097564,DP0016,50.0,22.8,0.0
6265951609,DP0043,50.0,53.9,1.0
6257072667,DP0041,75.0,82.1,1.0
6315472966,DP0002,55.0,36.2,0.0
6317511883,DP0003,65.0,33.7,0.0
6314828791,DP0048,50.0,37.0,0.0
6307926678,DP0015,65.0,32.8,0.0
6314042515,DP0041,55.0,42.1,0.0
6313434816,DP0005,50.0,22.3,0.0
6315052595,DP0043,40.0,23.8,0.0
6314405519,DP0043,55.0,33.2,0.0
6315083389,DP0041,60.0,55.6,0.0
6313890559,DP0002,50.0,27.9,0.0
6312148263,DP0019,45.0,29.6,0.0
6316702891,DP0035,40.0,23.4,0.0
6270810633,DP0041,55.0,41.7,0.0
6315469192,DP0020,50.0,25.7,0.0
6316204113,DP0005,55.0,37.2,0.0
6312650484,DP0041,40.0,17.5,0.0
6314366271,DP0041,45.0,27.7,0.0
6309789497,DP0019,50.0,31.2,0.0
6306402056,DP0005,50.0,30.9,0.0
6305553231,DP0050,70.0,67.9,0.0
6309704268,DP0041,50.0,30.4,0.0
6312789651,DP0041,55.0,36.1,0.0
6309363492,DP0040,45.0,42.0,0.0
6298083083,DP0005,65.0,49.5,0.0
6307874172,DP0021,55.0,39.4,0.0
6308808468,DP0023,45.0,52.1,1.0
6301614098,DP0043,55.0,42.9,0.0
6303072538,DP0041,40.0,29.1,0.0
6305969495,DP0019,40.0,36.0,0.0
6309027719,DP0048,40.0,47.8,1.0
6309275182,DP0023,50.0,31.7,0.0
6309304427,DP0050,50.0,61.8,1.0
6307751910,DP0050,40.0,38.7,0.0
6307086846,DP0013,50.0,27.8,0.0
6304707985,DP0021,45.0,34.8,0.0
6301746498,DP0041,40.0,31.8,0.0
6307043197,DP0041,45.0,24.2,0.0
6297472219,DP0041,55.0,29.1,0.0
6306928779,DP0048,55.0,45.5,0.0
6292579408,DP0041,50.0,22.8,0.0
6306794952,DP0015,45.0,24.4,0.0
6300231810,DP0007,75.0,66.0,0.0
6289307697,DP0041,55.0,42.6,0.0
6292975448,DP0009,45.0,27.1,0.0
6299017911,DP0041,50.0,26.8,0.0
6304762566,DP0021,55.0,37.3,0.0
6303530617,DP0024,65.0,35.1,0.0
6303607039,DP0002,40.0,20.1,0.0
6301655545,DP0041,55.0,37.8,0.0
6302250925,DP0007,45.0,34.1,0.0
6294841483,DP0041,50.0,16.2,0.0
6294930868,DP0041,65.0,39.0,0.0
6302870674,DP0041,45.0,29.6,0.0
6302720768,DP0041,55.0,42.2,0.0
6300245308,DP0005,45.0,33.9,0.0
6302089178,DP0041,75.0,49.6,0.0
6298197728,DP0005,55.0,30.6,0.0
6301871927,DP0041,40.0,43.7,1.0
6264301515,DP0010,45.0,26.6,0.0
6296786743,DP0041,40.0,19.1,0.0
6300385625,DP0043,50.0,42.8,0.0
6300953744,DP0041,65.0,43.5,0.0
6298337829,DP0041,50.0,39.8,0.0
6297391617,DP0041,40.0,47.0,1.0
6297045640,DP0002,50.0,48.7,0.0
6296704550,DP0043,50.0,43.4,0.0
6297218509,DP0014,50.0,47.2,0.0
6297417656,DP0049,50.0,80.7,1.0
6298517743,DP0041,70.0,96.5,1.0
6281750501,DP0041,40.0,25.1,0.0
6296354227,DP0041,70.0,48.6,0.0
6277427148,DP0041,55.0,48.1,0.0
6281687718,DP0041,50.0,35.6,0.0
6300163093,DP0005,55.0,48.6,0.0
6299791697,DP0041,45.0,31.4,0.0
6299477442,DP0041,55.0,31.8,0.0
6299572925,DP0043,55.0,32.4,0.0
6287927359,DP0041,50.0,41.1,0.0
6298728286,DP0005,65.0,53.1,0.0
6297537417,DP0021,60.0,51.1,0.0
6299292168,DP0041,50.0,35.5,0.0
6290513140,DP0016,55.0,71.7,1.0
6272160399,DP0019,45.0,52.3,1.0
6281516649,DP0041,55.0,30.0,0.0
6293933877,DP0041,55.0,30.6,0.0
6296703378,DP0041,50.0,30.2,0.0
6285770596,DP0023,40.0,24.4,0.0
6297191718,DP0041,40.0,20.7,0.0
6296147457,DP0019,50.0,35.4,0.0
6296552935,DP0041,55.0,37.2,0.0
6296923726,DP0005,45.0,22.8,0.0
6295380287,DP0043,50.0,35.1,0.0
6287378755,DP0041,40.0,43.4,1.0
6297083174,DP0039,55.0,60.6,1.0
6290182798,DP0041,60.0,43.5,0.0
6295620524,DP0041,75.0,49.5,0.0
6287519044,DP0008,40.0,22.6,0.0
6295490493,DP0041,50.0,33.4,0.0
6296429930,DP0019,70.0,59.3,0.0
6296288262,DP0043,65.0,40.9,0.0
6285284016,DP0041,50.0,31.9,0.0
6294848827,DP0027,50.0,31.7,0.0
6291953260,DP0041,50.0,36.5,0.0
6282093497,DP0028,45.0,29.8,0.0
6292144336,DP0006,50.0,34.2,0.0
6294733301,DP0047,55.0,43.4,0.0
6290237637,DP0041,45.0,34.1,0.0
6294974849,DP0041,55.0,35.7,0.0
6294660294,DP0034,50.0,35.6,0.0
6285651192,DP0024,45.0,22.9,0.0
6283350053,DP0049,65.0,48.8,0.0
6290943212,DP0008,45.0,28.8,0.0
6294667660,DP0021,50.0,31.7,0.0
6292108693,DP0041,45.0,22.6,0.0
6293896448,DP0041,50.0,32.7,0.0
6291909848,DP0041,65.0,54.0,0.0
6293317826,DP0010,60.0,62.0,1.0
6293163162,DP0008,55.0,41.6,0.0
6286505343,DP0019,50.0,32.2,0.0
6294174471,DP0043,55.0,31.1,0.0
6291307333,DP0007,40.0,21.5,0.0
6291052332,DP0041,70.0,55.1,0.0
6293832135,DP0041,55.0,42.3,0.0
6282712389,DP0041,45.0,30.2,0.0
6291304331,DP0043,40.0,37.9,0.0
6285422176,DP0019,60.0,54.3,0.0
6291303839,DP0015,65.0,46.5,0.0
6286595819,DP0041,45.0,40.5,0.0
6289597466,DP0019,50.0,35.0,0.0
6287358429,DP0041,50.0,36.0,0.0
6288343620,DP0041,55.0,35.6,0.0
6288614167,DP0043,55.0,35.0,0.0
6278695216,DP0005,50.0,34.5,0.0
6286808167,DP0043,70.0,51.0,0.0
6276693039,DP0019,40.0,35.6,0.0
6312867543,DP0041,55.0,46.3,0.0
6304863283,DP0039,50.0,43.4,0.0
6317521393,DP0041,55.0,34.9,0.0
6318165710,DP0038,45.0,28.9,0.0
6318087534,DP0045,45.0,30.0,0.0
6316502847,DP0043,50.0,51.2,1.0
6318161063,DP0043,40.0,42.7,1.0
6318559487,DP0005,50.0,56.9,1.0
6313734006,DP0043,65.0,44.3,0.0
6311483291,DP0041,50.0,29.6,0.0
6313175977,DP0006,50.0,33.9,0.0
6314003022,DP0007,55.0,38.9,0.0
6303428500,DP0006,50.0,32.9,0.0
6313128345,DP0002,45.0,31.5,0.0
6316591632,DP0041,40.0,16.5,0.0
6316512537,DP0048,50.0,51.9,1.0
6314241728,DP0039,50.0,31.6,0.0
6316121747,DP0041,40.0,28.0,0.0
6316201957,DP0048,55.0,39.2,0.0
6294385989,DP0019,50.0,23.2,0.0
6287207898,DP0043,55.0,48.5,0.0
6315516849,DP0041,45.0,38.9,0.0
6312566221,DP0041,40.0,23.1,0.0
6306334846,DP0026,40.0,28.2,0.0
6309638859,DP0041,55.0,45.4,0.0
6301600744,DP0005,50.0,36.6,0.0
6311074517,DP0041,55.0,35.2,0.0
6313517493,DP0019,60.0,40.3,0.0
6313531005,DP0043,55.0,35.9,0.0
6310832451,DP0028,45.0,18.3,0.0
6304357020,DP0008,55.0,29.9,0.0
6313635790,DP0041,40.0,78.9,1.0
6307084118,DP0009,55.0,75.2,1.0
6305389418,DP0041,55.0,70.4,1.0
6309099988,DP0048,40.0,39.3,0.0
6306132917,DP0041,50.0,52.1,1.0
6304482208,DP0003,40.0,24.5,0.0
6308555595,DP0041,55.0,54.1,0.0
6306991939,DP0041,55.0,47.9,0.0
6308866650,DP0041,60.0,41.7,0.0
6310807944,DP0005,55.0,36.9,0.0
6309157778,DP0041,75.0,47.2,0.0
6304061651,DP0041,50.0,24.7,0.0
6308079672,DP0009,50.0,30.2,0.0
6299579990,DP0023,50.0,31.6,0.0
6306342303,DP0039,50.0,25.3,0.0
6305220200,DP0043,55.0,39.2,0.0
6304296499,DP0043,55.0,34.2,0.0
6307758481,DP0041,40.0,29.3,0.0
6306599245,DP0033,40.0,21.9,0.0
6295101003,DP0019,65.0,40.9,0.0
6306850757,DP0049,40.0,27.0,0.0
6307133856,DP0049,50.0,41.2,0.0
6302809095,DP0043,60.0,40.5,0.0
6307081140,DP0041,55.0,32.3,0.0
6307299837,DP0024,50.0,44.3,0.0
6302295564,DP0041,50.0,40.1,0.0
6307466916,DP0036,45.0,30.0,0.0
6303183778,DP0024,60.0,33.0,0.0
6308913210,DP0041,65.0,50.2,0.0
6300398136,DP0005,45.0,31.7,0.0
6305998913,DP0005,40.0,21.6,0.0
6296867169,DP0039,45.0,23.7,0.0
6307626202,DP0039,50.0,24.8,0.0
6305907538,DP0043,40.0,36.8,0.0
6306647401,DP0008,45.0,42.6,0.0
6304747036,DP0008,55.0,45.0,0.0
6305764094,DP0008,55.0,35.1,0.0
6302707385,DP0004,40.0,53.1,1.0
6306355156,DP0005,55.0,53.8,0.0
6305616610,DP0041,50.0,38.4,0.0
6302971245,DP0038,55.0,42.5,0.0
6302656089,DP0041,65.0,46.5,0.0
6305163590,DP0050,45.0,45.5,1.0
6303790610,DP0041,45.0,32.5,0.0
6303229299,DP0005,45.0,31.5,0.0
6304560312,DP0007,50.0,51.6,1.0
6289078293,DP0043,60.0,44.6,0.0
6304794436,DP0041,65.0,49.6,0.0
6300760041,DP0041,50.0,25.7,0.0
6304898042,DP0043,40.0,26.0,0.0
6305203625,DP0043,65.0,40.1,0.0
6302941346,DP0046,45.0,42.4,0.0
6296827863,DP0041,40.0,18.2,0.0
6303161923,DP0026,40.0,25.9,0.0
6304784089,DP0047,40.0,48.3,1.0
6293748384,DP0041,45.0,39.4,0.0
6302896873,DP0005,45.0,22.0,0.0
6300936406,DP0041,55.0,46.7,0.0
6302167708,DP0041,40.0,30.0,0.0
6283478380,DP0043,65.0,43.3,0.0
6303856752,DP0041,55.0,41.0,0.0
6300304500,DP0027,55.0,40.9,0.0
6290066333,DP0048,40.0,44.2,1.0
6302547627,DP0041,40.0,29.8,0.0
6302643783,DP0041,50.0,34.5,0.0
6297695561,DP0019,50.0,28.7,0.0
6299914076,DP0029,50.0,27.1,0.0
6300991479,DP0041,55.0,27.4,0.0
6300624192,DP0005,40.0,20.8,0.0
6294956083,DP0019,55.0,33.2,0.0
6300497370,DP0041,60.0,39.3,0.0
6288474122,DP0041,60.0,40.6,0.0
6290143273,DP0034,55.0,34.5,0.0
6301633197,DP0008,40.0,20.9,0.0
6295921541,DP0039,50.0,30.7,0.0
6298350474,DP0041,65.0,49.5,0.0
6301059339,DP0019,55.0,46.7,0.0
6290043163,DP0002,65.0,38.7,0.0
6294663114,DP0041,45.0,28.2,0.0
6298448534,DP0048,50.0,43.6,0.0
6298619397,DP0041,40.0,31.6,0.0
6299033742,DP0007,45.0,38.7,0.0
6300673723,DP0023,45.0,30.7,0.0
6297267463,DP0043,50.0,44.4,0.0
6298622554,DP0015,40.0,27.8,0.0
6293125879,DP0041,50.0,39.5,0.0
6294233122,DP0034,40.0,32.7,0.0
6300975970,DP0015,50.0,25.7,0.0
6300913348,DP0041,45.0,27.6,0.0
6299052178,DP0041,45.0,27.5,0.0
6298271896,DP0041,40.0,22.6,0.0
6296482042,DP0015,55.0,28.4,0.0
6264104103,DP0006,45.0,32.4,0.0
6294403546,DP0041,55.0,41.1,0.0
6292022025,DP0041,40.0,20.6,0.0
6297702235,DP0013,60.0,35.2,0.0
6296040294,DP0005,60.0,39.1,0.0
6294647631,DP0005,40.0,22.3,0.0
6299297327,DP0050,50.0,41.5,0.0
6297475336,DP0041,40.0,31.5,0.0
6274886764,DP0043,60.0,46.2,0.0
6300632746,DP0014,50.0,29.3,0.0
6296215672,DP0047,40.0,26.2,0.0
6292951444,DP0008,55.0,37.3,0.0
6299626729,DP0041,55.0,43.9,0.0
6294747407,DP0042,65.0,42.1,0.0
6298364604,DP0027,50.0,48.0,0.0
6292824857,DP0038,50.0,56.1,1.0
6298582961,DP0008,45.0,47.3,1.0
6299404911,DP0008,40.0,28.5,0.0
6288459000,DP0041,40.0,38.4,0.0
6299855703,DP0041,45.0,34.3,0.0
6289865081,DP0041,40.0,33.7,0.0
6297968207,DP0041,55.0,49.6,0.0
6297923392,DP0041,50.0,23.6,0.0
6298343530,DP0002,50.0,35.7,0.0
6299397615,DP0009,55.0,48.8,0.0
6297017807,DP0049,60.0,33.5,0.0
6286580261,DP0005,40.0,30.1,0.0
6298495276,DP0041,50.0,29.3,0.0
6298661490,DP0010,50.0,45.6,0.0
6294114835,DP0041,40.0,23.4,0.0
6298443032,DP0041,55.0,34.8,0.0
6295355112,DP0015,40.0,33.8,0.0
6296513120,DP0019,40.0,27.2,0.0
6289938734,DP0041,50.0,29.9,0.0
6298405733,DP0033,40.0,39.3,0.0
6285876584,DP0014,40.0,23.7,0.0
6297915167,DP0041,65.0,43.4,0.0
6298189176,DP0008,65.0,65.0,1.0
6296912094,DP0043,40.0,31.3,0.0
6290659375,DP0041,55.0,64.3,1.0
6297501583,DP0007,60.0,35.4,0.0
6282928030,DP0041,50.0,29.2,0.0
6297355688,DP0041,40.0,29.3,0.0
6295508053,DP0020,55.0,49.4,0.0
6296027356,DP0038,50.0,31.7,0.0
6288298190,DP0020,60.0,47.8,0.0
6284997207,DP0019,65.0,47.6,0.0
6291574105,DP0009,50.0,34.5,0.0
6295446328,DP0028,40.0,27.7,0.0
6294427201,DP0018,55.0,32.3,0.0
6287807983,DP0041,40.0,28.7,0.0
6293468955,DP0041,55.0,30.7,0.0
6288482781,DP0041,55.0,31.9,0.0
6295687606,DP0041,50.0,30.5,0.0
6290198038,DP0043,45.0,62.6,1.0
6290250532,DP0041,55.0,62.1,1.0
6296210237,DP0041,50.0,41.5,0.0
6294250906,DP0019,50.0,63.4,1.0
6294916169,DP0043,45.0,34.8,0.0
6288940259,DP0003,55.0,47.0,0.0
6293900219,DP0027,45.0,43.7,0.0
6295788377,DP0041,45.0,52.3,1.0
6295604039,DP0005,45.0,37.1,0.0
6286013081,DP0012,40.0,25.9,0.0
6289906983,DP0041,50.0,31.0,0.0
6292817599,DP0041,55.0,34.9,0.0
6295519406,DP0041,55.0,48.9,0.0
6288973951,DP0041,40.0,23.4,0.0
6291105989,DP0008,60.0,44.2,0.0
6288790784,DP0003,40.0,24.8,0.0
6289228751,DP0041,60.0,38.3,0.0
6295457596,DP0021,50.0,21.8,0.0
6294841594,DP0041,65.0,44.2,0.0
6283868768,DP0008,65.0,50.4,0.0
6293154800,DP0041,40.0,26.9,0.0
6286906072,DP0041,45.0,27.7,0.0
6295236977,DP0041,40.0,30.3,0.0
6292632822,DP0041,55.0,33.9,0.0
6293055687,DP0041,45.0,47.9,1.0
6293866891,DP0025,45.0,39.4,0.0
6290215454,DP0005,55.0,49.5,0.0
6294729876,DP0005,40.0,21.5,0.0
6294497472,DP0039,50.0,26.9,0.0
6291960930,DP0028,50.0,43.3,0.0
6272282762,DP0041,50.0,39.2,0.0
6280042060,DP0021,40.0,53.2,1.0
6293502910,DP0041,50.0,67.2,1.0
6286450074,DP0043,45.0,68.6,1.0
6282635460,DP0020,45.0,37.9,0.0
6293162612,DP0014,45.0,27.1,0.0
6294021911,DP0007,55.0,66.5,1.0
6290777205,DP0041,50.0,77.6,1.0
6293184625,DP0039,55.0,43.4,0.0
6292916559,DP0013,55.0,66.4,1.0
6288316194,DP0041,45.0,36.3,0.0
6288360030,DP0008,40.0,52.6,1.0
6289591235,DP0041,50.0,28.2,0.0
6291499329,DP0041,50.0,48.0,0.0
6294117649,DP0041,55.0,43.7,0.0
6281190410,DP0005,55.0,58.1,1.0
6293476495,DP0043,50.0,45.1,0.0
6288997094,DP0041,45.0,25.6,0.0
6292169755,DP0015,55.0,37.7,0.0
6273334165,DP0012,40.0,30.4,0.0
6291797253,DP0038,55.0,39.3,0.0
6293077331,DP0041,50.0,40.5,0.0
6291962737,DP0043,50.0,17.4,0.0
6291975097,DP0041,40.0,38.5,0.0
6288926746,DP0043,40.0,19.8,0.0
6293211839,DP0002,50.0,27.5,0.0
6291782375,DP0005,45.0,32.7,0.0
6292772323,DP0043,45.0,33.8,0.0
6291762731,DP0041,55.0,40.9,0.0
6292152104,DP0039,40.0,34.2,0.0
6289013624,DP0041,40.0,27.7,0.0
6290707680,DP0047,65.0,55.8,0.0
6291345263,DP0041,40.0,24.5,0.0
6290957992,DP0043,50.0,28.4,0.0
6269570135,DP0041,50.0,37.9,0.0
6288864278,DP0009,40.0,49.9,1.0
6288499178,DP0043,65.0,42.6,0.0
6280661106,DP0014,50.0,27.7,0.0
6273794424,DP0043,45.0,32.6,0.0
6289827930,DP0041,60.0,37.5,0.0
6286582431,DP0041,55.0,27.4,0.0
6289645083,DP0041,40.0,24.4,0.0
6289276868,DP0006,45.0,22.4,0.0
6289248639,DP0019,50.0,34.0,0.0
6289240113,DP0049,50.0,53.7,1.0
6287242518,DP0047,50.0,31.0,0.0
6288895464,DP0023,40.0,21.0,0.0
6287996567,DP0050,40.0,40.6,1.0
6287374064,DP0043,40.0,28.1,0.0
6281579798,DP0041,40.0,35.9,0.0
6285113212,DP0005,55.0,34.7,0.0
6270605611,DP0043,50.0,63.8,1.0
6282069524,DP0041,55.0,32.6,0.0
6288274303,DP0043,50.0,34.9,0.0
6286141472,DP0043,50.0,33.2,0.0
6270517440,DP0043,55.0,44.0,0.0
6314370509,DP0041,40.0,38.1,0.0
6318423634,DP0019,40.0,34.8,0.0
6319872092,DP0026,40.0,27.1,0.0
6307062748,DP0021,50.0,35.0,0.0
6313828690,DP0003,65.0,53.0,0.0
6300767055,DP0041,40.0,26.2,0.0
6319060747,DP0041,45.0,56.2,1.0
6310408627,DP0043,55.0,81.2,1.0
6307842804,DP0008,50.0,49.4,0.0
6319093360,DP0041,40.0,46.2,1.0
6317422838,DP0002,40.0,29.6,0.0
6319390006,DP0006,55.0,50.3,0.0
6309238592,DP0005,60.0,56.8,0.0
6316536281,DP0041,45.0,38.6,0.0
6310715842,DP0005,40.0,48.5,1.0
6311173253,DP0041,55.0,34.8,0.0
6318906342,DP0018,55.0,52.2,0.0
6316142653,DP0043,50.0,28.0,0.0
6307307918,DP0041,45.0,33.3,0.0
6314350211,DP0047,50.0,31.6,0.0
6318773837,DP0043,40.0,33.2,0.0
6317342736,DP0043,40.0,25.0,0.0
6317040230,DP0043,50.0,43.0,0.0
6311645889,DP0041,55.0,37.0,0.0
6309024645,DP0009,45.0,37.5,0.0
6318640866,DP0019,85.0,61.9,0.0
6317532788,DP0015,45.0,27.9,0.0
6318451282,DP0041,50.0,45.5,0.0
6318053780,DP0041,55.0,43.4,0.0
6309040144,DP0043,50.0,36.4,0.0
6315537235,DP0047,40.0,16.1,0.0
6318626086,DP0034,45.0,33.2,0.0
6307428581,DP0041,55.0,37.8,0.0
6307906981,DP0048,45.0,48.1,1.0
6315917739,DP0019,65.0,46.7,0.0
6301659201,DP0041,50.0,23.4,0.0
6317710113,DP0015,45.0,32.5,0.0
6307609785,DP0041,70.0,47.6,0.0
6311957002,DP0019,40.0,44.5,1.0
6316014554,DP0043,70.0,66.7,0.0
6314013275,DP0041,45.0,28.0,0.0
6315462800,DP0012,45.0,29.1,0.0
6316316591,DP0015,50.0,31.4,0.0
6316189738,DP0041,45.0,27.5,0.0
6314733062,DP0047,50.0,29.0,0.0
6316211813,DP0041,40.0,26.7,0.0
6311038140,DP0041,50.0,49.4,0.0
6316159859,DP0026,50.0,35.2,0.0
6315641073,DP0041,45.0,19.9,0.0
6314930784,DP0041,50.0,44.7,0.0
6312717866,DP0041,65.0,50.6,0.0
6314917431,DP0024,40.0,30.8,0.0
6304417609,DP0041,55.0,35.9,0.0
6307537602,DP0041,50.0,24.5,0.0
6305394422,DP0047,45.0,33.9,0.0
6312262624,DP0043,55.0,51.3,0.0
6308502398,DP0041,40.0,21.5,0.0
6313627804,DP0041,50.0,30.8,0.0
6310760841,DP0019,85.0,69.9,0.0
6304112895,DP0043,45.0,37.6,0.0
6311941987,DP0038,50.0,35.9,0.0
6311398098,DP0019,45.0,32.4,0.0
6310388037,DP0032,75.0,59.7,0.0
6294366559,DP0043,55.0,37.4,0.0
6310040702,DP0008,50.0,21.9,0.0
6310362497,DP0041,50.0,30.4,0.0
6309179581,DP0041,40.0,23.5,0.0
6312402534,DP0005,55.0,39.5,0.0
6307354887,DP0014,50.0,22.0,0.0
6308158912,DP0042,55.0,34.0,0.0
6287159214,DP0042,75.0,52.3,0.0
6313295537,DP0019,50.0,39.3,0.0
6308967625,DP0043,50.0,60.3,1.0
6308446988,DP0041,50.0,48.1,0.0
6313773110,DP0038,50.0,27.2,0.0
6313184735,DP0041,40.0,36.4,0.0
6313779948,DP0047,55.0,40.0,0.0
6312151303,DP0041,45.0,24.0,0.0
6311166228,DP0016,50.0,63.2,1.0
6313494836,DP0044,50.0,44.4,0.0
6312446013,DP0041,55.0,39.0,0.0
6300229880,DP0007,40.0,28.3,0.0
6310411255,DP0041,55.0,31.1,0.0
6311868454,DP0041,50.0,24.7,0.0
6263516705,DP0043,50.0,41.3,0.0
6312936424,DP0041,55.0,48.1,0.0
6311415568,DP0019,40.0,49.4,1.0
6311371577,DP0041,45.0,61.6,1.0
6313128034,DP0041,55.0,74.1,1.0
6307121913,DP0015,40.0,58.1,1.0
6297757950,DP0041,50.0,61.9,1.0
6313269891,DP0041,55.0,88.1,1.0
6311614490,DP0004,45.0,103.9,1.0
6309161548,DP0041,45.0,75.0,1.0
6313563103,DP0027,45.0,62.4,1.0
6306094221,DP0019,40.0,43.7,1.0
6311422828,DP0033,50.0,106.0,1.0
6307550156,DP0026,40.0,35.2,0.0
6312119811,DP0043,40.0,56.9,1.0
6311188918,DP0019,50.0,53.1,1.0
6305330213,DP0041,50.0,65.7,1.0
6313224326,DP0006,60.0,79.4,1.0
6312803730,DP0046,55.0,61.7,1.0
6308510460,DP0041,40.0,36.9,0.0
6312117081,DP0041,40.0,42.1,1.0
6304375048,DP0020,45.0,43.3,0.0
6308851415,DP0036,50.0,50.0,0.0
6305119744,DP0015,40.0,60.4,1.0
6310464486,DP0043,50.0,68.6,1.0
6312171641,DP0041,45.0,60.8,1.0
6311400511,DP0041,45.0,34.3,0.0
6294148523,DP0041,50.0,70.6,1.0
6312840269,DP0029,40.0,35.1,0.0
6309616177,DP0041,50.0,51.4,1.0
6309610870,DP0041,45.0,33.7,0.0
6310939766,DP0041,50.0,35.2,0.0
6304711273,DP0041,40.0,45.2,1.0
6310900401,DP0032,65.0,48.0,0.0
6312633828,DP0015,45.0,48.7,1.0
6310296668,DP0041,40.0,34.5,0.0
6305123517,DP0041,65.0,59.0,0.0
6310957759,DP0039,40.0,25.8,0.0
6287113497,DP0045,50.0,40.4,0.0
6310412310,DP0005,40.0,25.2,0.0
6311766327,DP0043,50.0,25.2,0.0
6312520322,DP0050,50.0,40.7,0.0
6308071807,DP0043,55.0,35.8,0.0
6301130118,DP0041,55.0,41.6,0.0
6299793939,DP0030,40.0,26.9,0.0
6305086775,DP0015,55.0,34.2,0.0
6311875269,DP0041,45.0,20.6,0.0
6306811926,DP0021,40.0,28.0,0.0
6310575632,DP0010,55.0,37.3,0.0
6297822030,DP0041,50.0,27.1,0.0
6307516107,DP0021,50.0,39.5,0.0
6311469843,DP0043,55.0,48.8,0.0
6311471546,DP0043,55.0,44.5,0.0
6309884849,DP0043,40.0,19.8,0.0
6312342409,DP0041,65.0,51.7,0.0
6312452597,DP0043,55.0,31.3,0.0
6309247648,DP0041,40.0,20.2,0.0
6310076708,DP0041,55.0,35.0,0.0
6304130211,DP0019,50.0,22.6,0.0
6310367757,DP0043,40.0,21.3,0.0
6310420567,DP0043,40.0,24.6,0.0
6312344336,DP0041,55.0,30.0,0.0
6311545849,DP0005,50.0,34.3,0.0
6310560096,DP0041,55.0,40.1,0.0
6308538268,DP0005,60.0,46.4,0.0
6302504934,DP0043,60.0,47.4,0.0
6310800768,DP0047,60.0,48.3,0.0
6310851129,DP0013,45.0,34.5,0.0
6311202508,DP0041,55.0,34.9,0.0
6306794986,DP0006,40.0,29.8,0.0
6307466518,DP0041,40.0,19.0,0.0
6311730297,DP0027,50.0,36.1,0.0
6309878535,DP0041,45.0,34.8,0.0
6311506618,DP0029,60.0,64.6,1.0
6303328808,DP0008,40.0,47.7,1.0
6301341246,DP0035,45.0,21.9,0.0
6309761359,DP0007,55.0,45.9,0.0
6308388310,DP0041,65.0,48.1,0.0
6309636754,DP0005,45.0,27.7,0.0
6297270478,DP0041,45.0,33.1,0.0
6302107490,DP0043,40.0,26.8,0.0
6310580412,DP0043,40.0,19.5,0.0
6305781431,DP0043,50.0,25.5,0.0
6307224592,DP0043,40.0,47.1,1.0
6309921959,DP0007,50.0,37.6,0.0
6309525892,DP0008,40.0,48.1,1.0
6304406751,DP0041,55.0,36.5,0.0
6300921907,DP0043,40.0,23.2,0.0
6308522442,DP0048,50.0,47.5,0.0
6299484955,DP0005,40.0,36.6,0.0
6301197654,DP0028,40.0,16.5,0.0
6307498469,DP0015,40.0,19.3,0.0
6306072753,DP0041,50.0,26.2,0.0
6308524430,DP0041,55.0,39.3,0.0
6307815820,DP0007,50.0,29.4,0.0
6307808701,DP0041,55.0,29.8,0.0
6303545466,DP0041,45.0,25.5,0.0
6305062675,DP0041,50.0,31.9,0.0
6303991779,DP0003,40.0,35.0,0.0
6304436136,DP0043,40.0,29.4,0.0
6303802931,DP0041,55.0,59.2,1.0
6304341522,DP0041,55.0,29.7,0.0
6300531121,DP0041,55.0,38.2,0.0
6305786104,DP0013,65.0,52.6,0.0
6304284922,DP0007,55.0,44.6,0.0
6279952075,DP0041,55.0,34.3,0.0
6305019420,DP0008,50.0,28.3,0.0
6303386347,DP0043,40.0,25.4,0.0
6301812422,DP0041,50.0,29.4,0.0
6303408637,DP0043,40.0,14.5,0.0
6304380270,DP0020,50.0,35.1,0.0
6301876645,DP0022,50.0,37.5,0.0
6305011006,DP0041,50.0,27.4,0.0
6302917605,DP0005,50.0,28.2,0.0
6269247947,DP0041,50.0,29.1,0.0
6301614641,DP0043,50.0,30.9,0.0
6298463683,DP0037,45.0,38.0,0.0
6301102969,DP0041,55.0,35.5,0.0
6304418392,DP0010,60.0,36.6,0.0
6303269611,DP0023,40.0,22.6,0.0
6301739928,DP0048,50.0,42.6,0.0
6303389458,DP0049,40.0,25.9,0.0
6295610786,DP0041,60.0,42.8,0.0
6288808298,DP0043,55.0,37.3,0.0
6296363805,DP0041,60.0,40.2,0.0
6299520250,DP0019,40.0,22.5,0.0
6294264714,DP0019,45.0,29.5,0.0
6303076729,DP0043,50.0,42.8,0.0
6294922564,DP0010,40.0,19.8,0.0
6300575849,DP0041,45.0,21.3,0.0
6300527912,DP0041,55.0,45.6,0.0
6287528665,DP0041,40.0,25.3,0.0
6296720803,DP0041,55.0,34.0,0.0
6294715556,DP0019,50.0,30.9,0.0
6289905659,DP0009,50.0,30.2,0.0
6294445468,DP0041,40.0,26.2,0.0
6301455820,DP0041,40.0,19.2,0.0
6300904276,DP0041,55.0,38.7,0.0
6298704194,DP0041,50.0,53.2,1.0
6290890550,DP0008,50.0,35.9,0.0
6299299988,DP0043,40.0,22.7,0.0
6300639152,DP0041,50.0,33.7,0.0
6299817169,DP0008,60.0,66.2,1.0
6300908719,DP0041,50.0,35.7,0.0
6295952452,DP0043,40.0,19.5,0.0
6294372689,DP0043,40.0,24.2,0.0
6300288767,DP0019,50.0,26.3,0.0
6290343646,DP0041,50.0,35.5,0.0
6299929423,DP0006,50.0,25.7,0.0
6296058477,DP0005,45.0,29.4,0.0
6298661347,DP0041,40.0,24.6,0.0
6285231457,DP0041,40.0,20.0,0.0
6297699872,DP0041,75.0,53.5,0.0
6287232823,DP0026,40.0,43.1,1.0
6296487202,DP0002,50.0,66.0,1.0
6286623654,DP0041,40.0,35.9,0.0
6295856858,DP0002,50.0,43.8,0.0
6297005981,DP0006,45.0,22.3,0.0
6297194504,DP0024,40.0,26.8,0.0
6296724755,DP0039,40.0,27.6,0.0
6294844647,DP0019,45.0,25.1,0.0
6295737625,DP0041,55.0,26.4,0.0
6297336663,DP0005,40.0,29.4,0.0
6295313335,DP0008,40.0,19.1,0.0
6297711912,DP0041,50.0,49.9,0.0
6290155242,DP0008,55.0,46.1,0.0
6290096847,DP0041,55.0,43.0,0.0
6278395196,DP0005,50.0,26.4,0.0
6284114767,,,,
6294324855,DP0011,55.0,38.6,0.0
6295991208,DP0007,50.0,30.8,0.0
6296102134,DP0041,50.0,55.6,1.0
6290147423,DP0043,55.0,40.8,0.0
6294518418,DP0005,40.0,39.1,0.0
6295617015,DP0038,40.0,30.7,0.0
6284038159,DP0041,45.0,53.4,1.0
6271368071,DP0041,50.0,66.9,1.0
6294624640,DP0041,55.0,80.3,1.0
6280877446,DP0012,40.0,24.0,0.0
6288019414,DP0047,45.0,22.1,0.0
6294626811,DP0032,50.0,34.2,0.0
6294449757,DP0026,40.0,24.0,0.0
6295392115,DP0043,60.0,49.1,0.0
6293562614,DP0041,55.0,71.5,1.0
6288803612,DP0041,60.0,42.9,0.0
6276320331,DP0041,45.0,20.2,0.0
6289911354,DP0041,45.0,24.8,0.0
6261814551,DP0009,50.0,38.2,0.0
6290970378,DP0041,50.0,26.2,0.0
6282648570,DP0008,65.0,41.0,0.0
6288827370,DP0041,40.0,28.5,0.0
6278902245,DP0049,65.0,37.2,0.0
6287590238,DP0030,40.0,26.2,0.0
6273394148,DP0039,50.0,24.8,0.0
6292651982,DP0005,40.0,16.4,0.0
6286851908,DP0002,50.0,28.0,0.0
6289252360,DP0043,50.0,35.8,0.0
6288769792,DP0008,40.0,44.6,1.0
6283858088,DP0039,55.0,41.1,0.0
6289910936,DP0041,50.0,33.9,0.0
6290917964,DP0043,50.0,29.1,0.0
6279663019,DP0041,55.0,42.8,0.0
6291229787,DP0041,50.0,39.3,0.0
6290863977,DP0041,45.0,34.2,0.0
6288788198,DP0047,40.0,14.2,0.0
6291058233,DP0041,40.0,31.4,0.0
6282034365,DP0041,40.0,23.5,0.0
6287888874,DP0002,50.0,28.2,0.0
6290973043,DP0005,40.0,24.6,0.0
6290060005,DP0041,50.0,28.5,0.0
6286476705,DP0044,40.0,24.0,0.0
6279371440,DP0043,45.0,48.2,1.0
6281259090,DP0049,40.0,44.8,1.0
6287365548,DP0041,50.0,34.4,0.0
6285150205,DP0041,40.0,34.7,0.0
6287715532,DP0043,45.0,22.9,0.0
6319435545,DP0041,45.0,19.5,0.0
6318713429,DP0026,60.0,35.0,0.0
6317282751,DP0041,45.0,28.1,0.0
6309978667,DP0043,40.0,30.0,0.0
6309583164,,,,
6318149964,DP0043,50.0,29.3,0.0
6316767053,DP0015,55.0,36.0,0.0
6318987894,DP0041,40.0,27.5,0.0
6317747940,DP0041,45.0,40.2,0.0
6314360219,DP0041,45.0,34.5,0.0
6319089811,DP0039,50.0,41.2,0.0
6311743183,DP0043,50.0,35.9,0.0
6311338670,,,,
6314185067,DP0019,50.0,35.3,0.0
6315914054,DP0041,40.0,26.9,0.0
6308505034,DP0019,60.0,33.9,0.0
6314795554,DP0019,50.0,32.5,0.0
6317470284,DP0034,50.0,20.3,0.0
6319162290,DP0043,55.0,47.8,0.0
6319152468,DP0041,50.0,30.8,0.0
6318630734,DP0041,50.0,23.7,0.0
6318094918,DP0033,65.0,37.6,0.0
6317636717,DP0019,60.0,37.1,0.0
6310954083,DP0047,55.0,26.5,0.0
6281312989,DP0041,50.0,26.9,0.0
6310273181,DP0043,50.0,49.6,0.0
6314546020,DP0015,65.0,54.8,0.0
6316494707,DP0008,55.0,41.8,0.0
6316082917,DP0043,55.0,43.7,0.0
6318820507,DP0041,45.0,16.9,0.0
6317420271,DP0012,65.0,43.8,0.0
6312818791,DP0019,55.0,47.5,0.0
6317776469,DP0041,60.0,46.1,0.0
6317736418,DP0040,50.0,22.3,0.0
6306226152,DP0041,45.0,23.0,0.0
6310225951,DP0023,40.0,21.4,0.0
6312291547,DP0031,60.0,37.0,0.0
6316287602,DP0049,90.0,62.8,0.0
6316997419,DP0018,55.0,31.4,0.0
6317246936,DP0041,40.0,21.9,0.0
6312038954,DP0043,90.0,59.5,0.0
6316222506,DP0016,50.0,35.0,0.0
6312831266,DP0037,55.0,29.3,0.0
6313629144,DP0041,60.0,36.5,0.0
6313573771,DP0041,55.0,32.0,0.0
6306243364,DP0041,45.0,36.6,0.0
6307734611,DP0028,45.0,24.0,0.0
6314541615,DP0041,45.0,27.8,0.0
6285834284,DP0041,50.0,30.1,0.0
6312672362,DP0041,45.0,29.8,0.0
6314936789,DP0005,55.0,26.2,0.0
6308993271,DP0041,45.0,27.5,0.0
6308597485,DP0047,50.0,57.2,1.0
6310421720,DP0041,50.0,57.7,1.0
6312671041,DP0041,50.0,68.5,1.0
6308716710,DP0041,50.0,58.7,1.0
6314031741,DP0043,80.0,71.6,0.0
6314949514,DP0043,65.0,45.4,0.0
6314626428,DP0012,45.0,32.0,0.0
6311117020,DP0039,75.0,68.3,0.0
6312677175,DP0033,40.0,43.3,1.0
6314861822,DP0035,40.0,41.1,1.0
6313634936,DP0008,50.0,25.9,0.0
6310934883,DP0041,50.0,76.2,1.0
6311723175,DP0005,40.0,32.2,0.0
6313110036,DP0041,45.0,21.2,0.0
6313162104,DP0041,65.0,63.9,0.0
6307602311,DP0015,40.0,29.8,0.0
6300444846,DP0043,45.0,39.8,0.0
6313109034,DP0043,45.0,30.8,0.0
6310050829,DP0041,90.0,60.4,0.0
6309897417,DP0036,50.0,33.7,0.0
6311029253,DP0015,50.0,27.4,0.0
6303155189,DP0041,55.0,51.3,0.0
6309459356,DP0008,55.0,46.0,0.0
6308017761,DP0041,60.0,63.3,1.0
6310992452,DP0043,70.0,40.7,0.0
6313605932,DP0015,65.0,52.3,0.0
6312931639,DP0043,40.0,29.5,0.0
6306238144,DP0005,45.0,35.3,0.0
6313485125,DP0043,50.0,29.1,0.0
6311261828,DP0007,50.0,31.9,0.0
6313808722,DP0041,50.0,32.8,0.0
6311975866,DP0018,50.0,20.6,0.0
6310916340,DP0043,60.0,35.5,0.0
6313314694,DP0041,45.0,30.3,0.0
6313528527,DP0008,55.0,32.7,0.0
6297169556,DP0041,50.0,24.9,0.0
6306732785,DP0036,65.0,43.3,0.0
6309950959,DP0041,45.0,41.3,0.0
6312922362,DP0043,50.0,26.5,0.0
6313237407,DP0036,45.0,29.3,0.0
6308850762,DP0019,55.0,40.1,0.0
6313685693,DP0002,50.0,29.5,0.0
6297628419,DP0041,45.0,16.4,0.0
6313259039,,,,
6310448120,DP0030,50.0,25.2,0.0
6310762550,DP0012,55.0,47.2,0.0
6309923081,DP0038,60.0,48.7,0.0
6309168815,DP0049,55.0,41.7,0.0
6313131743,DP0020,50.0,29.4,0.0
6310966131,DP0041,55.0,35.0,0.0
6308961928,DP0041,45.0,21.3,0.0
6300702609,DP0041,45.0,39.3,0.0
6309769977,DP0024,55.0,41.7,0.0
6312039161,DP0041,50.0,28.0,0.0
6311478924,DP0043,40.0,25.0,0.0
6312068973,DP0002,75.0,68.5,0.0
6310802421,DP0039,55.0,59.2,1.0
6307036481,DP0015,40.0,55.9,1.0
6312814701,DP0033,50.0,59.8,1.0
6306899467,DP0037,65.0,48.6,0.0
6309531835,DP0041,40.0,18.4,0.0
6297731772,DP0006,45.0,26.9,0.0
6312809905,DP0041,40.0,20.0,0.0
6310606835,DP0041,55.0,37.7,0.0
6305483237,DP0041,50.0,44.5,0.0
6304769811,DP0041,50.0,44.0,0.0
6312139995,DP0032,50.0,33.2,0.0
6309967152,DP0045,60.0,36.8,0.0
6308887089,DP0041,65.0,55.8,0.0
6311188505,DP0041,85.0,57.6,0.0
6301398265,DP0041,40.0,33.2,0.0
6303710997,DP0019,45.0,36.6,0.0
6308733728,DP0005,50.0,64.4,1.0
6311773719,DP0041,50.0,84.8,1.0
6311503134,DP0041,55.0,73.9,1.0
6310404158,DP0043,45.0,45.9,1.0
6289558193,DP0049,40.0,26.7,0.0
6283893224,DP0034,80.0,55.9,0.0
6305235562,DP0037,40.0,26.5,0.0
6308328036,DP0036,55.0,62.6,1.0
6308476253,DP0024,65.0,60.8,0.0
6305175967,DP0041,55.0,37.9,0.0
6309990782,DP0041,40.0,26.3,0.0
6310140762,DP0041,65.0,42.4,0.0
6311197578,DP0005,45.0,24.2,0.0
6309542374,DP0021,60.0,35.7,0.0
6310826625,DP0019,40.0,15.3,0.0
6308129246,DP0041,40.0,8.0,0.0
6309319440,DP0005,40.0,9.5,0.0
6311344981,DP0041,40.0,20.1,0.0
6310455685,DP0041,40.0,20.5,0.0
6308893037,DP0041,40.0,11.2,0.0
6307709676,DP0038,80.0,63.1,0.0
6308419537,DP0041,45.0,47.6,1.0
6310804572,DP0041,40.0,8.1,0.0
6306677798,DP0041,45.0,33.1,0.0
6309375002,DP0039,60.0,39.2,0.0
6306606494,DP0041,60.0,38.6,0.0
6291664039,DP0041,50.0,26.2,0.0
6307974490,DP0007,65.0,53.8,0.0
6310213904,DP0039,40.0,40.4,1.0
6307790045,DP0048,65.0,57.7,0.0
6310754185,DP0005,40.0,32.7,0.0
6308065957,DP0022,55.0,31.9,0.0
6311255633,DP0021,40.0,24.6,0.0
6308784418,DP0041,65.0,53.9,0.0
6292521375,DP0007,40.0,26.6,0.0
6308329523,DP0041,60.0,63.3,1.0
6307522677,DP0006,50.0,43.3,0.0
6306700020,DP0006,40.0,25.2,0.0
6309520827,DP0041,50.0,30.7,0.0
6306697637,DP0024,55.0,45.0,0.0
6308212950,DP0048,55.0,65.8,1.0
6298952413,DP0005,65.0,52.3,0.0
6307613121,DP0039,60.0,39.6,0.0
6309572973,DP0007,45.0,27.4,0.0
6307325940,DP0027,45.0,19.9,0.0
6309736390,DP0050,70.0,75.4,1.0
6302229350,DP0043,50.0,41.0,0.0
6308601365,DP0005,50.0,37.4,0.0
6304966363,DP0041,65.0,45.5,0.0
6304459456,DP0041,65.0,37.3,0.0
6306316264,DP0015,40.0,32.0,0.0
6308231025,DP0008,40.0,54.8,1.0
6309315142,DP0043,45.0,26.5,0.0
6283575311,DP0048,65.0,63.8,0.0
6305483043,DP0050,40.0,37.0,0.0
6305664043,DP0041,70.0,49.6,0.0
6308389465,DP0041,40.0,30.4,0.0
6306563199,DP0027,45.0,32.4,0.0
6293018269,DP0010,45.0,49.6,1.0
6306540892,DP0005,60.0,60.5,1.0
6305105735,DP0041,45.0,29.8,0.0
6304056839,DP0041,50.0,31.9,0.0
6298771471,DP0041,55.0,37.7,0.0
6305172164,DP0043,55.0,40.0,0.0
6297529381,DP0043,45.0,31.0,0.0
6306968759,DP0050,50.0,68.1,1.0
6305976111,DP0017,50.0,34.0,0.0
6298011751,DP0041,65.0,59.2,0.0
6306462631,DP0041,50.0,42.8,0.0
6300730071,DP0019,50.0,32.1,0.0
6296528740,DP0049,65.0,61.3,0.0
6304074994,DP0043,60.0,39.5,0.0
6305963480,DP0008,40.0,19.6,0.0
6303663567,DP0003,45.0,41.0,0.0
6293363192,DP0041,70.0,55.9,0.0
6297933737,DP0041,60.0,38.5,0.0
6303915055,DP0044,55.0,55.6,1.0
6300293623,DP0015,65.0,51.3,0.0
6296855307,DP0005,50.0,25.5,0.0
6304475604,DP0019,65.0,49.9,0.0
6305260943,DP0003,75.0,44.7,0.0
6297370579,DP0005,75.0,45.9,0.0
6304243301,DP0043,50.0,39.9,0.0
6301538746,DP0027,60.0,51.0,0.0
6302854939,DP0036,55.0,40.5,0.0
6283618169,DP0003,40.0,16.9,0.0
6294762779,DP0019,55.0,44.9,0.0
6303213800,DP0041,75.0,57.4,0.0
6302223297,DP0041,55.0,38.9,0.0
6303723527,DP0041,65.0,42.1,0.0
6297253966,DP0039,40.0,20.2,0.0
6300078187,DP0021,55.0,40.0,0.0
6299178646,DP0041,55.0,40.6,0.0
6301224028,DP0023,45.0,32.2,0.0
6302922692,DP0043,65.0,50.3,0.0
6294878261,DP0020,55.0,40.0,0.0
6295358570,DP0041,40.0,47.3,1.0
6300558015,DP0008,40.0,45.8,1.0
6302367098,DP0041,40.0,20.4,0.0
6299137493,DP0043,65.0,38.0,0.0
6300944415,DP0041,65.0,40.3,0.0
6296211850,DP0041,50.0,22.3,0.0
6294986048,DP0047,85.0,63.8,0.0
6301480898,DP0041,85.0,53.9,0.0
6301400268,DP0019,65.0,51.8,0.0
6298824056,DP0019,55.0,56.7,1.0
6300191588,DP0041,60.0,51.4,0.0
6300676689,DP0041,55.0,46.8,0.0
6301451744,DP0021,60.0,47.5,0.0
6300946159,DP0027,45.0,25.8,0.0
6298303084,DP0049,65.0,39.5,0.0
6299287308,DP0006,50.0,34.2,0.0
6299836880,DP0034,45.0,58.7,1.0
6299517665,DP0005,45.0,35.8,0.0
6300781261,DP0041,60.0,39.7,0.0
6299297909,DP0006,60.0,69.2,1.0
6291694547,DP0041,60.0,41.4,0.0
6299009235,DP0005,55.0,69.7,1.0
6300706097,DP0041,80.0,54.5,0.0
6294634302,DP0043,70.0,60.5,0.0
6294865342,DP0034,50.0,43.4,0.0
6299566428,DP0041,40.0,49.0,1.0
6284711249,DP0034,40.0,30.0,0.0
6297936939,DP0020,40.0,34.9,0.0
6295057021,DP0041,55.0,48.4,0.0
6299015237,DP0019,40.0,25.6,0.0
6296219254,DP0041,40.0,26.1,0.0
6285007262,DP0015,45.0,30.6,0.0
6295090984,DP0018,50.0,40.5,0.0
6298378509,DP0026,45.0,29.7,0.0
6295854910,DP0041,40.0,38.4,0.0
6294719997,DP0040,50.0,42.1,0.0
6292385968,DP0041,70.0,63.1,0.0
6288867427,DP0015,65.0,61.5,0.0
6296927439,DP0002,40.0,29.2,0.0
6297358041,DP0041,60.0,37.8,0.0
6278580980,DP0041,40.0,22.8,0.0
6278588554,DP0005,50.0,38.7,0.0
6290763549,DP0041,55.0,46.4,0.0
6290279510,DP0030,65.0,59.3,0.0
6294519706,DP0041,45.0,25.0,0.0
6292045050,DP0043,45.0,18.9,0.0
6271857943,DP0043,40.0,28.7,0.0
6287606416,DP0041,45.0,36.8,0.0
6295500578,DP0019,60.0,53.1,0.0
6294667051,DP0041,40.0,43.5,1.0
6296800891,DP0041,55.0,52.1,0.0
6292631731,DP0005,55.0,50.4,0.0
6294303866,DP0041,50.0,48.3,0.0
6293518769,DP0044,65.0,58.5,0.0
6270635599,DP0043,50.0,33.9,0.0
6292489819,DP0006,40.0,31.7,0.0
6295848534,DP0041,50.0,32.5,0.0
6295400355,DP0041,55.0,23.5,0.0
6293755382,DP0019,50.0,28.4,0.0
6293343310,DP0041,45.0,43.2,0.0
6283790041,DP0041,75.0,56.3,0.0
6291061674,DP0039,70.0,67.6,0.0
6288613033,DP0007,40.0,27.0,0.0
6294999610,DP0041,40.0,19.6,0.0
6288541638,DP0043,75.0,69.4,0.0
6282773545,DP0041,50.0,31.4,0.0
6288748138,DP0041,55.0,50.2,0.0
6280755324,DP0028,40.0,38.1,0.0
6290537171,DP0012,45.0,38.2,0.0
6292548158,DP0041,60.0,39.7,0.0
6289020241,DP0024,55.0,34.6,0.0
6292011929,DP0043,95.0,68.4,0.0
6290704033,DP0008,50.0,21.3,0.0
6293664863,DP0038,60.0,33.7,0.0
6291190966,DP0033,50.0,23.8,0.0
6293229001,DP0044,45.0,19.4,0.0
6291649376,DP0008,60.0,32.0,0.0
6284714810,DP0002,45.0,32.5,0.0
6286031264,DP0016,45.0,43.7,0.0
6287156483,DP0041,55.0,29.4,0.0
6291683047,DP0015,50.0,34.9,0.0
6291427424,DP0016,60.0,40.6,0.0
6292774769,DP0008,45.0,19.4,0.0
6290454223,DP0041,40.0,27.0,0.0
6283782150,DP0005,40.0,27.1,0.0
6284361139,DP0025,40.0,26.6,0.0
6287068983,DP0019,40.0,25.1,0.0
6290564454,DP0041,55.0,35.8,0.0
6291767234,,,,
6288837785,DP0041,40.0,25.3,0.0
6287830972,DP0043,50.0,52.8,1.0
6285180840,DP0046,45.0,42.3,0.0
6287743288,DP0028,55.0,30.2,0.0
6281448776,DP0041,65.0,36.5,0.0
6274134696,DP0041,65.0,51.9,0.0
6286417613,DP0043,40.0,37.8,0.0
6286530901,DP0039,65.0,52.6,0.0
6261194316,DP0041,50.0,42.5,0.0
6289255330,DP0037,65.0,52.1,0.0
6287358978,DP0043,55.0,39.2,0.0
6286326408,DP0015,55.0,33.1,0.0
6290022264,DP0016,85.0,50.7,0.0
6287476311,DP0029,60.0,38.3,0.0
6285419296,DP0015,55.0,57.6,1.0
6289248429,DP0041,55.0,34.4,0.0
6285836718,DP0008,40.0,23.1,0.0
6289589341,DP0023,55.0,41.4,0.0
6280552360,DP0043,40.0,23.5,0.0
6287473889,DP0036,50.0,23.7,0.0
6285510634,DP0041,60.0,41.7,0.0
6287173704,DP0007,45.0,39.1,0.0
6283042479,DP0018,50.0,30.0,0.0
6285406703,DP0041,90.0,50.2,0.0
6284888159,DP0041,45.0,20.1,0.0
6315761921,DP0032,55.0,43.6,0.0
6317600052,DP0047,40.0,45.0,1.0
6313875697,DP0043,45.0,36.5,0.0
6315500252,DP0047,50.0,41.3,0.0
6316057897,DP0038,50.0,54.7,1.0
6316139855,DP0014,85.0,85.6,1.0
6316709179,DP0041,60.0,44.8,0.0
6318483015,DP0041,55.0,42.6,0.0
6316745535,DP0008,60.0,37.1,0.0
6310123350,DP0041,45.0,46.3,1.0
6315855847,DP0003,50.0,41.0,0.0
6317614215,DP0041,50.0,30.7,0.0
6318586536,DP0025,65.0,46.4,0.0
6318627164,DP0041,45.0,51.1,1.0
6311335377,DP0021,45.0,44.1,0.0
6300829293,DP0042,75.0,64.4,0.0
6317054664,DP0041,50.0,29.4,0.0
6315645574,DP0041,55.0,35.1,0.0
6312922887,DP0049,45.0,34.2,0.0
6296610420,DP0041,55.0,26.1,0.0
6317700187,DP0049,40.0,25.9,0.0
6311217092,DP0004,75.0,93.2,1.0
6316863036,DP0026,45.0,28.5,0.0
6313083528,DP0007,55.0,43.4,0.0
6313653762,DP0019,50.0,24.9,0.0
6297516568,DP0043,50.0,29.7,0.0
6313898154,DP0005,50.0,44.1,0.0
6314019357,DP0041,40.0,17.5,0.0
6314789175,DP0041,45.0,31.8,0.0
6307453000,DP0041,55.0,66.7,1.0
6312168020,DP0041,40.0,58.4,1.0
6299217196,DP0041,70.0,106.6,1.0
6309492182,DP0008,60.0,90.3,1.0
6312564472,DP0021,55.0,36.4,0.0
6310612547,,,,
6313545470,DP0041,40.0,36.8,0.0
6313722622,DP0034,50.0,24.9,0.0
6312129853,DP0043,60.0,47.9,0.0
6312400867,DP0037,60.0,33.9,0.0
6310702034,DP0034,40.0,34.2,0.0
6307335928,DP0005,55.0,39.4,0.0
6309436018,DP0041,40.0,65.0,1.0
6310285226,DP0041,55.0,41.7,0.0
6310091893,DP0007,45.0,39.9,0.0
6311664793,DP0021,50.0,34.5,0.0
6312778653,DP0041,55.0,35.8,0.0
6302710498,DP0028,55.0,34.0,0.0
6303293440,DP0016,45.0,37.2,0.0
6308326562,DP0041,50.0,34.8,0.0
6310201430,DP0014,55.0,39.1,0.0
6313185390,DP0043,55.0,30.4,0.0
6311795312,DP0007,50.0,30.2,0.0
6309924789,DP0041,55.0,36.0,0.0
6306139105,DP0041,40.0,24.0,0.0
6312887715,DP0043,50.0,39.4,0.0
6304372739,DP0008,65.0,43.5,0.0
6309407475,DP0041,65.0,43.3,0.0
6307005579,DP0041,65.0,40.4,0.0
6303286988,DP0041,45.0,51.5,1.0
6312718428,DP0041,50.0,48.4,0.0
6311851018,DP0041,50.0,37.3,0.0
6268037770,DP0044,40.0,31.1,0.0
6308571209,DP0005,45.0,32.8,0.0
6312706776,DP0003,55.0,39.2,0.0
6307652717,DP0041,45.0,35.6,0.0
6312022457,DP0007,55.0,32.5,0.0
6301969597,DP0049,50.0,39.0,0.0
6308010779,DP0041,45.0,26.3,0.0
6305580440,DP0041,75.0,60.0,0.0
6310837073,DP0014,40.0,50.2,1.0
6311589846,DP0016,55.0,42.7,0.0
6311116309,DP0041,85.0,59.3,0.0
6307629216,DP0043,50.0,33.0,0.0
6291477564,DP0049,60.0,58.1,0.0
6309801670,DP0014,50.0,29.1,0.0
6308456926,DP0008,65.0,40.4,0.0
6304550837,DP0005,55.0,44.0,0.0
6310612383,DP0043,90.0,64.8,0.0
6300951165,DP0019,50.0,35.9,0.0
6307330439,DP0001,60.0,39.5,0.0
6309321217,DP0015,70.0,46.1,0.0
6305650029,DP0026,50.0,42.9,0.0
6302405530,DP0049,50.0,47.9,0.0
6309475161,DP0041,55.0,32.4,0.0
6307874738,DP0015,55.0,34.3,0.0
6305899226,DP0026,50.0,31.3,0.0
6301991166,DP0025,65.0,44.8,0.0
6304503963,DP0003,40.0,31.5,0.0
6306951627,DP0008,45.0,38.8,0.0
6307338972,DP0041,50.0,35.7,0.0
6305563971,DP0007,50.0,30.7,0.0
6303350871,DP0015,45.0,23.6,0.0
6303986853,DP0027,55.0,43.8,0.0
6303865266,DP0041,40.0,23.8,0.0
6299278905,DP0041,45.0,31.9,0.0
6303344376,DP0041,65.0,61.9,0.0
6303680218,DP0041,80.0,56.7,0.0
6303684859,DP0041,55.0,36.0,0.0
6304795745,DP0001,45.0,22.4,0.0
6303600629,DP0043,55.0,46.7,0.0
6304017146,DP0007,55.0,40.8,0.0
6298443405,DP0035,60.0,46.2,0.0
6295026879,DP0041,55.0,38.6,0.0
6295352673,DP0039,45.0,28.5,0.0
6301213991,DP0046,45.0,45.4,1.0
6302655788,DP0041,50.0,37.2,0.0
6302421914,DP0043,55.0,55.6,1.0
6301964276,DP0041,85.0,60.9,0.0
6303164278,DP0048,50.0,50.6,1.0
6270518633,DP0043,65.0,51.9,0.0
6300932296,DP0043,55.0,56.4,1.0
6290509586,DP0041,50.0,68.0,1.0
6294135791,DP0028,55.0,50.5,0.0
6299062189,DP0007,65.0,44.5,0.0
6299425289,DP0041,45.0,31.8,0.0
6294659297,DP0048,45.0,50.6,1.0
6299181985,DP0041,55.0,40.7,0.0
6301034959,DP0043,60.0,49.4,0.0
6299983341,DP0041,55.0,47.6,0.0
6295203423,DP0009,40.0,39.0,0.0
6299505408,DP0018,50.0,36.6,0.0
6300410441,DP0026,55.0,67.8,1.0
6295703256,DP0009,55.0,45.9,0.0
6299222117,DP0041,50.0,40.3,0.0
6297604462,,,,
6287372088,,,,
6299715609,DP0038,40.0,32.8,0.0
6298596868,DP0002,40.0,41.9,1.0
6298291000,DP0021,50.0,57.0,1.0
6299017913,DP0041,45.0,35.4,0.0
6292408775,DP0024,70.0,101.5,1.0
6299630419,DP0007,55.0,53.4,0.0
6298596916,DP0039,50.0,19.1,0.0
6296934749,DP0019,50.0,28.1,0.0
6286378620,DP0043,50.0,31.4,0.0
6297676173,DP0006,50.0,34.9,0.0
6289919689,DP0005,50.0,33.9,0.0
6297261154,DP0002,55.0,26.8,0.0
6297141944,DP0024,50.0,24.9,0.0
6296236351,DP0041,65.0,45.7,0.0
6294787437,DP0041,45.0,38.4,0.0
6293657420,DP0040,55.0,30.5,0.0
6294865880,DP0041,60.0,32.2,0.0
6294605956,DP0028,65.0,52.4,0.0
6293780158,DP0041,70.0,185.8,1.0
6293675566,DP0005,60.0,56.2,0.0
6289545759,DP0033,55.0,25.2,0.0
6280309637,DP0041,65.0,60.9,0.0
6290957580,DP0041,50.0,29.6,0.0
6292574574,DP0041,50.0,37.8,0.0
6292255820,DP0015,45.0,40.4,0.0
6275006285,DP0018,65.0,44.2,0.0
6289433965,DP0050,55.0,45.1,0.0
6285164153,DP0006,50.0,33.4,0.0
6288149174,DP0012,50.0,43.0,0.0
6286265777,DP0008,60.0,40.5,0.0
6286812458,DP0024,55.0,55.7,1.0
6287756185,DP0015,55.0,57.2,1.0
6288885875,DP0041,45.0,33.1,0.0
6277835185,DP0041,50.0,60.5,1.0
6288261997,DP0043,45.0,30.0,0.0
6318798687,DP0005,55.0,45.9,0.0
6306325886,DP0023,50.0,34.4,0.0
6318483624,DP0041,60.0,47.2,0.0
6316400619,DP0041,50.0,40.3,0.0
6316731058,DP0041,50.0,45.0,0.0
6311415719,DP0041,50.0,40.5,0.0
6315509510,DP0005,55.0,49.1,0.0
6313237413,DP0041,45.0,35.3,0.0
6316130600,DP0041,50.0,64.8,1.0
6313786751,DP0008,50.0,32.6,0.0
6315868753,DP0043,60.0,45.5,0.0
6312076200,DP0041,55.0,41.5,0.0
6292202239,DP0009,50.0,38.5,0.0
6314921828,DP0005,50.0,44.7,0.0
6313312046,DP0008,50.0,42.9,0.0
6307417459,DP0041,50.0,36.7,0.0
6311953682,DP0012,50.0,63.1,1.0
6309348235,DP0015,45.0,31.2,0.0
6309028987,DP0003,55.0,42.2,0.0
6310063416,DP0041,40.0,32.9,0.0
6310941365,DP0041,50.0,42.9,0.0
6310160344,DP0041,50.0,38.5,0.0
6306101779,DP0008,50.0,43.1,0.0
6305382824,DP0043,45.0,33.4,0.0
6302065046,DP0041,50.0,42.2,0.0
6309707939,DP0043,45.0,31.6,0.0
6309532991,DP0039,50.0,34.7,0.0
6303536925,DP0039,45.0,38.7,0.0
6307693723,DP0041,50.0,31.3,0.0
6301924449,DP0006,45.0,32.4,0.0
6307571818,DP0041,65.0,45.7,0.0
6304421038,DP0043,60.0,39.0,0.0
6301188913,DP0042,60.0,38.6,0.0
6303100398,DP0047,55.0,33.6,0.0
6303177763,DP0041,55.0,45.0,0.0
6295625610,DP0015,60.0,53.3,0.0
6302156407,DP0003,40.0,24.5,0.0
6299524441,DP0041,50.0,46.4,0.0
6298051013,DP0041,45.0,31.9,0.0
6302493900,DP0016,50.0,33.2,0.0
6285026098,DP0008,50.0,37.1,0.0
6301205654,DP0041,50.0,36.2,0.0
6288925939,DP0041,50.0,42.2,0.0
6301991170,DP0050,50.0,53.6,1.0
6300841039,DP0041,50.0,44.4,0.0
6298663099,DP0041,55.0,54.0,0.0
6299402197,DP0041,55.0,40.5,0.0
6301880007,DP0049,55.0,30.3,0.0
6297511112,DP0041,50.0,39.5,0.0
6298260572,DP0043,40.0,40.9,1.0
6300388231,DP0046,40.0,40.4,1.0
6300718963,DP0043,70.0,60.1,0.0
6299034390,DP0031,65.0,46.9,0.0
6293454059,DP0005,55.0,38.8,0.0
6296921352,DP0010,55.0,34.4,0.0
6298447079,DP0005,55.0,50.8,0.0
6259037160,DP0007,50.0,49.1,0.0
6294335425,DP0012,50.0,44.9,0.0
6299894956,DP0026,50.0,28.7,0.0
6297030495,DP0041,65.0,52.2,0.0
6281311241,DP0041,40.0,62.3,1.0
6298979208,DP0015,50.0,52.7,1.0
6292701628,DP0041,50.0,66.7,1.0
6299095539,DP0041,50.0,34.2,0.0
6288317764,DP0041,45.0,31.4,0.0
6298043607,DP0043,55.0,48.6,0.0
6280294574,DP0007,50.0,35.4,0.0
6297001627,DP0011,50.0,34.0,0.0
6296466434,DP0038,50.0,31.3,0.0
6295367038,DP0008,45.0,34.5,0.0
6293859806,DP0041,45.0,27.2,0.0
6293385160,DP0034,55.0,37.7,0.0
6258513703,DP0019,45.0,36.9,0.0
6294884943,DP0009,55.0,45.4,0.0
6291503197,DP0026,45.0,44.4,0.0
6295595146,DP0041,50.0,32.0,0.0
6295008057,DP0041,50.0,24.0,0.0
6291746455,DP0009,50.0,54.2,1.0
6291580121,DP0008,45.0,39.1,0.0
6293912076,DP0004,45.0,55.8,1.0
6295682799,DP0002,50.0,38.2,0.0
6278097480,DP0043,55.0,47.3,0.0
6295095220,DP0005,55.0,37.9,0.0
6288152494,DP0041,65.0,49.7,0.0
6294595869,DP0043,55.0,55.2,1.0
6293918792,DP0006,50.0,29.2,0.0
6293599223,DP0039,55.0,47.2,0.0
6293570555,DP0047,45.0,26.6,0.0
6292433508,DP0043,50.0,35.2,0.0
6291135600,DP0041,40.0,32.7,0.0
6287072018,DP0041,55.0,55.0,1.0
6283850101,DP0043,50.0,40.7,0.0
6290510856,DP0027,55.0,46.6,0.0
6290411713,DP0043,50.0,39.0,0.0
6289071316,DP0041,50.0,37.4,0.0
6285187655,DP0041,65.0,51.2,0.0
6275102212,DP0050,50.0,58.2,1.0
6285002246,DP0043,55.0,42.1,0.0
6284193299,DP0028,50.0,31.9,0.0
6288580824,DP0002,50.0,31.4,0.0
6282246814,DP0041,50.0,37.7,0.0
6314435953,DP0041,55.0,37.4,0.0
6306530786,DP0041,45.0,27.5,0.0
6314007843,DP0048,40.0,43.3,1.0
6305605500,DP0043,45.0,24.3,0.0
6302794268,DP0039,45.0,44.3,0.0
6294596708,DP0005,85.0,53.8,0.0
6287389978,DP0041,50.0,35.3,0.0
6289082301,DP0041,65.0,42.0,0.0
6313255351,DP0041,50.0,28.6,0.0
6317366397,DP0041,55.0,38.7,0.0
6310365780,DP0041,40.0,21.5,0.0
6318614469,DP0019,75.0,41.3,0.0
6319783243,DP0019,55.0,42.1,0.0
6293578962,DP0041,45.0,18.4,0.0
6319152127,DP0009,50.0,29.2,0.0
6319183908,DP0026,40.0,22.7,0.0
6302597474,DP0024,55.0,34.7,0.0
6314265797,DP0041,45.0,27.5,0.0
6313996612,DP0005,40.0,27.3,0.0
6316489172,DP0042,55.0,33.8,0.0
6316399008,DP0041,50.0,33.7,0.0
6316926967,DP0041,40.0,29.9,0.0
6311266890,DP0041,50.0,28.6,0.0
6317151735,DP0019,85.0,65.7,0.0
6316294314,DP0041,40.0,31.8,0.0
6309271534,DP0047,40.0,25.0,0.0
6316710686,DP0041,40.0,26.4,0.0
6318711159,DP0048,45.0,51.3,1.0
6309471054,DP0041,55.0,35.5,0.0
6309672355,DP0010,95.0,69.5,0.0
6317885406,DP0005,55.0,30.5,0.0
6317418690,DP0041,40.0,19.7,0.0
6304905817,DP0028,40.0,22.2,0.0
6310745176,DP0019,75.0,50.2,0.0
6311328814,DP0041,75.0,44.4,0.0
6313525680,DP0028,40.0,25.5,0.0
6312502716,DP0022,55.0,38.6,0.0
6303825261,DP0043,50.0,27.3,0.0
6313414301,DP0043,50.0,31.6,0.0
6313033274,DP0028,55.0,48.4,0.0
6311633844,DP0043,50.0,41.9,0.0
6313998304,DP0043,60.0,45.1,0.0
6313176609,DP0038,40.0,23.1,0.0
6307223999,DP0005,60.0,43.5,0.0
6313462266,DP0001,75.0,58.4,0.0
6296330926,DP0041,50.0,30.3,0.0
6312070268,DP0027,50.0,35.2,0.0
6311586286,DP0050,50.0,49.4,0.0
6313545851,DP0041,50.0,41.1,0.0
6313580433,DP0041,40.0,22.6,0.0
6312576164,DP0047,50.0,50.2,1.0
6298876508,DP0043,55.0,46.1,0.0
6310213468,DP0023,50.0,34.4,0.0
6304021904,DP0009,55.0,42.8,0.0
6313117602,DP0041,40.0,45.3,1.0
6312332011,DP0030,40.0,35.7,0.0
6311584250,DP0041,55.0,50.0,0.0
6308783433,DP0041,40.0,27.1,0.0
6298198113,DP0043,40.0,27.1,0.0
6309725270,DP0038,70.0,50.7,0.0
6311771339,DP0041,50.0,27.6,0.0
6312684920,DP0019,55.0,40.1,0.0
6293699740,DP0041,40.0,25.9,0.0
6307838097,DP0001,40.0,28.2,0.0
6305116074,DP0043,55.0,31.8,0.0
6303597166,DP0004,50.0,60.6,1.0
6308926242,DP0041,60.0,42.4,0.0
6310997933,DP0005,55.0,41.3,0.0
6294604442,DP0019,60.0,43.7,0.0
6305820537,DP0041,90.0,60.5,0.0
6311807525,DP0038,40.0,34.0,0.0
6308909493,DP0013,40.0,26.1,0.0
6307443442,DP0026,40.0,28.0,0.0
6292946017,DP0041,50.0,29.7,0.0
6310928552,DP0041,50.0,40.2,0.0
6310339610,DP0005,75.0,56.4,0.0
6298113532,DP0041,50.0,25.0,0.0
6309086231,DP0005,55.0,40.1,0.0
6310175238,DP0041,55.0,30.1,0.0
6310714036,DP0019,50.0,33.1,0.0
6305502307,DP0041,60.0,39.9,0.0
6307832684,DP0019,40.0,20.9,0.0
6302529986,DP0049,45.0,26.9,0.0
6305299208,DP0021,45.0,28.4,0.0
6278235887,DP0016,45.0,27.1,0.0
6308573554,DP0019,50.0,39.3,0.0
6298097195,DP0043,55.0,38.8,0.0
6306669667,DP0041,40.0,28.3,0.0
6306651886,DP0041,45.0,21.9,0.0
6307507383,DP0043,60.0,46.3,0.0
6303131712,DP0043,40.0,25.1,0.0
6305223057,DP0041,40.0,22.5,0.0
6304471261,DP0014,55.0,33.5,0.0
6304535073,DP0043,50.0,27.4,0.0
6303921504,DP0015,50.0,28.7,0.0
6287558886,DP0041,40.0,29.7,0.0
6296932956,DP0041,40.0,26.7,0.0
6303227844,DP0041,40.0,34.0,0.0
6299557621,DP0041,70.0,42.6,0.0
6301850395,DP0041,55.0,36.6,0.0
6301403028,DP0047,50.0,29.2,0.0
6298995609,DP0006,60.0,34.6,0.0
6298628630,DP0021,40.0,29.6,0.0
6297618368,DP0041,40.0,27.5,0.0
6300534743,DP0047,80.0,52.9,0.0
6300287745,DP0006,60.0,42.0,0.0
6296739863,DP0003,50.0,28.4,0.0
6297834225,DP0005,40.0,30.8,0.0
6297104894,DP0005,50.0,33.3,0.0
6294737502,DP0043,40.0,21.2,0.0
6300555330,DP0041,50.0,22.8,0.0
6297640110,DP0041,40.0,32.2,0.0
6294474878,DP0041,55.0,53.5,0.0
6297440158,DP0041,45.0,29.2,0.0
6281199112,DP0008,40.0,25.5,0.0
6298869603,DP0033,55.0,50.4,0.0
6288324976,DP0041,55.0,43.5,0.0
6296420786,DP0007,45.0,32.1,0.0
6298004399,DP0038,40.0,39.8,0.0
6290176698,DP0022,55.0,31.9,0.0
6297492328,DP0005,60.0,44.7,0.0
6295237930,DP0008,40.0,31.7,0.0
6296868588,DP0041,40.0,21.4,0.0
6295166875,DP0003,55.0,28.8,0.0
6269532812,DP0043,40.0,32.2,0.0
6283339433,DP0005,40.0,25.6,0.0
6289704290,DP0041,55.0,44.7,0.0
6292672488,DP0043,65.0,39.7,0.0
6280362901,DP0044,55.0,52.0,0.0
6295620468,DP0043,50.0,36.3,0.0
6294778995,DP0019,40.0,31.7,0.0
6291156486,DP0026,50.0,36.9,0.0
6284864244,DP0038,65.0,33.1,0.0
6290662863,DP0008,45.0,25.8,0.0
6293167254,DP0003,40.0,23.6,0.0
6288207136,DP0043,40.0,37.2,0.0
6291660368,DP0041,40.0,23.8,0.0
6287581082,DP0041,40.0,44.6,1.0
6290955158,DP0043,40.0,29.8,0.0
6292200107,DP0041,45.0,30.3,0.0
6280938581,DP0041,40.0,27.3,0.0
6287773543,DP0041,55.0,46.1,0.0
6281322060,DP0007,40.0,33.2,0.0
6234115832,DP0028,40.0,18.7,0.0
6290707462,DP0048,55.0,40.7,0.0
6290001786,DP0043,40.0,27.8,0.0
6280072225,DP0043,55.0,37.6,0.0
6286500937,DP0040,40.0,26.1,0.0
6289959860,DP0043,50.0,39.1,0.0
6307763574,DP0005,55.0,31.3,0.0
6300626729,DP0008,40.0,21.4,0.0
6297733829,DP0037,45.0,35.4,0.0
6289992016,DP0041,65.0,47.8,0.0
6292481057,DP0019,65.0,46.7,0.0
6255187699,DP0028,40.0,33.8,0.0
6287443120,DP0009,50.0,66.7,1.0
6288374546,DP0041,50.0,34.3,0.0
6315527765,DP0041,55.0,32.5,0.0
6289736836,,,,
6288458099,DP0007,55.0,43.7,0.0
6304333737,DP0041,50.0,26.7,0.0
6313402048,DP0041,50.0,28.7,0.0
6307794929,DP0041,55.0,41.5,0.0
6304112733,DP0033,55.0,54.1,0.0
6311195093,DP0041,50.0,59.0,1.0
6310284440,DP0048,40.0,63.4,1.0
6316577366,DP0006,70.0,57.8,0.0
6318711649,DP0033,65.0,40.4,0.0
6310036416,DP0035,65.0,51.6,0.0
6318546961,DP0041,40.0,35.9,0.0
6315964128,DP0008,45.0,23.7,0.0
6316279876,DP0011,45.0,48.9,1.0
6310272585,DP0019,40.0,27.3,0.0
6308981047,DP0047,55.0,36.9,0.0
6314736362,DP0041,50.0,28.7,0.0
6315155000,DP0041,50.0,28.8,0.0
6298768584,DP0041,45.0,33.0,0.0
6306470137,DP0008,65.0,53.0,0.0
6313864248,DP0043,50.0,33.9,0.0
6312454245,DP0041,60.0,60.7,1.0
6312022474,DP0026,45.0,35.7,0.0
6312366122,DP0041,50.0,40.9,0.0
6309884820,DP0041,60.0,66.6,1.0
6313693572,DP0043,40.0,24.1,0.0
6305528981,DP0007,55.0,36.6,0.0
6312401771,DP0048,45.0,54.9,1.0
6312943203,DP0047,55.0,40.9,0.0
6304663003,DP0028,45.0,25.0,0.0
6313146373,DP0005,40.0,22.6,0.0
6294474828,DP0009,50.0,30.1,0.0
6309711654,DP0050,50.0,40.3,0.0
6306757736,DP0041,40.0,23.4,0.0
6307087814,DP0028,40.0,22.5,0.0
6312093108,DP0019,70.0,44.5,0.0
6307857338,DP0019,45.0,29.4,0.0
6307791064,DP0041,45.0,19.7,0.0
6311760901,DP0038,45.0,25.7,0.0
6310894787,DP0048,60.0,52.8,0.0
6308823505,DP0041,50.0,29.3,0.0
6311964611,DP0041,40.0,24.0,0.0
6300422361,DP0019,45.0,37.9,0.0
6307245071,DP0005,45.0,27.8,0.0
6303118245,DP0041,50.0,36.4,0.0
6303633726,DP0021,50.0,37.6,0.0
6304999288,DP0015,55.0,46.1,0.0
6305781884,DP0047,65.0,41.5,0.0
6307693868,DP0039,45.0,34.3,0.0
6306215431,DP0010,50.0,32.8,0.0
6292557060,DP0014,60.0,37.2,0.0
6294696538,DP0019,45.0,27.0,0.0
6301490156,DP0050,40.0,42.9,1.0
6301637544,DP0019,45.0,29.9,0.0
6303419029,DP0024,40.0,21.6,0.0
6303088809,DP0041,40.0,29.4,0.0
6302018630,DP0019,40.0,18.7,0.0
6292875469,DP0015,55.0,36.5,0.0
6299241698,DP0009,65.0,44.3,0.0
6297203068,DP0021,50.0,49.8,0.0
6297869527,DP0007,45.0,29.7,0.0
6295159235,DP0003,50.0,30.9,0.0
6294951853,DP0041,40.0,23.0,0.0
6292042188,DP0008,55.0,34.9,0.0
6288416440,DP0041,45.0,22.9,0.0
6291362732,DP0041,50.0,28.3,0.0
6285593607,DP0041,45.0,28.5,0.0
6290601648,DP0021,40.0,24.7,0.0
6289562794,DP0008,40.0,33.5,0.0
6289006511,DP0041,45.0,23.2,0.0
6288229613,DP0041,45.0,27.1,0.0
6319654790,DP0041,60.0,32.3,0.0
6312486667,DP0002,50.0,32.5,0.0
6316465669,DP0043,40.0,29.9,0.0
6316661384,DP0005,40.0,27.0,0.0
6311305726,DP0028,45.0,34.1,0.0
6315369295,DP0034,40.0,25.8,0.0
6301766210,DP0001,40.0,23.8,0.0
6313223780,DP0041,55.0,30.6,0.0
6314231032,DP0041,50.0,28.0,0.0
6310369138,DP0041,45.0,25.2,0.0
6309535442,DP0043,60.0,54.4,0.0
6306629249,DP0041,40.0,36.7,0.0
6299110267,DP0041,60.0,60.5,1.0
6306716241,DP0005,45.0,30.6,0.0
6308382538,DP0041,65.0,32.8,0.0
6300844118,DP0008,40.0,34.7,0.0
6304736866,DP0029,50.0,32.0,0.0
6296258117,DP0025,50.0,46.0,0.0
6298402117,DP0038,50.0,28.5,0.0
6304433941,DP0041,40.0,27.3,0.0
6303527680,DP0043,45.0,47.3,1.0
6298833882,DP0033,40.0,28.4,0.0
6299234967,DP0048,55.0,52.7,0.0
6298561629,DP0041,55.0,35.7,0.0
6300909451,DP0041,40.0,26.0,0.0
6299601848,DP0041,40.0,23.3,0.0
6300701332,DP0006,40.0,32.2,0.0
6298818863,DP0043,40.0,26.6,0.0
6299413022,DP0041,70.0,48.3,0.0
6288901668,DP0049,50.0,51.1,1.0
6301312610,DP0041,55.0,42.9,0.0
6296511651,DP0043,55.0,41.0,0.0
6296590272,DP0041,40.0,38.0,0.0
6296238244,DP0027,40.0,19.7,0.0
6298527974,DP0019,55.0,33.4,0.0
6299984931,DP0038,55.0,55.2,1.0
6292126642,DP0041,50.0,52.7,1.0
6298854969,DP0016,50.0,32.8,0.0
6300617349,DP0043,85.0,61.7,0.0
6293974749,DP0041,50.0,26.9,0.0
6298948968,DP0048,65.0,55.5,0.0
6297567180,DP0041,40.0,27.0,0.0
6276296700,DP0041,70.0,44.9,0.0
6291070698,DP0046,40.0,47.4,1.0
6295443417,DP0041,45.0,23.4,0.0
6295225190,DP0043,40.0,31.5,0.0
6291479760,DP0028,40.0,36.3,0.0
6288950975,DP0031,50.0,45.0,0.0
6297950583,DP0038,40.0,43.1,1.0
6293150077,DP0041,55.0,51.3,0.0
6294568773,DP0041,50.0,31.8,0.0
6295956775,DP0041,50.0,37.3,0.0
6292473471,DP0021,60.0,45.1,0.0
6293346514,DP0043,50.0,28.9,0.0
6294599194,DP0041,40.0,23.4,0.0
6295670051,DP0036,50.0,43.2,0.0
6289371712,DP0041,90.0,93.5,1.0
6294040179,DP0041,40.0,31.5,0.0
6293587290,DP0047,40.0,27.5,0.0
6292386718,DP0041,55.0,32.8,0.0
6292876191,DP0007,50.0,35.0,0.0
6286921479,DP0039,65.0,50.2,0.0
6292435349,DP0041,50.0,34.7,0.0
6291461868,DP0043,70.0,40.6,0.0
6295126757,DP0033,40.0,20.6,0.0
6288828448,DP0047,40.0,35.0,0.0
6275190686,DP0041,50.0,36.0,0.0
6288736066,DP0048,40.0,47.0,1.0
6290897606,DP0002,45.0,25.9,0.0
6283289652,DP0043,70.0,50.3,0.0
6292111399,DP0043,40.0,26.7,0.0
6284194196,DP0047,60.0,45.7,0.0
6288149341,DP0002,40.0,31.5,0.0
6286376080,DP0010,40.0,37.1,0.0
6287795773,DP0041,45.0,38.1,0.0
6285685624,DP0003,40.0,36.8,0.0
6316623177,DP0005,50.0,37.3,0.0
6313585373,DP0015,60.0,54.0,0.0
6286062354,DP0041,50.0,40.1,0.0
6333820938,DP0041,65.0,35.8,0.0
6333935407,DP0005,65.0,61.6,0.0
6344491964,DP0009,50.0,46.8,0.0
6346034147,DP0041,50.0,20.4,0.0
6335400029,DP0041,50.0,37.3,0.0
6347037179,DP0008,60.0,48.2,0.0
6344047991,DP0034,55.0,61.6,1.0
6343304233,DP0043,40.0,26.5,0.0
6344637771,DP0050,45.0,61.4,1.0
6343957911,DP0049,50.0,30.5,0.0
6338666702,DP0043,50.0,37.1,0.0
6333403609,DP0033,55.0,41.2,0.0
6340350744,DP0041,60.0,55.0,0.0
6346621828,DP0037,50.0,40.0,0.0
6345859213,DP0041,50.0,36.8,0.0
6328256374,DP0021,55.0,35.2,0.0
6331990098,DP0041,65.0,43.9,0.0
6343274072,DP0041,55.0,42.7,0.0
6345936790,DP0003,55.0,41.3,0.0
6340676434,DP0041,65.0,42.3,0.0
6302776749,DP0002,55.0,53.1,0.0
6341771868,DP0019,55.0,40.1,0.0
6346193711,DP0002,45.0,41.2,0.0
6344411915,DP0030,45.0,44.4,0.0
6334354887,DP0005,45.0,50.7,1.0
6345257972,DP0043,65.0,67.3,1.0
6344174013,DP0037,60.0,55.1,0.0
6337379979,DP0041,55.0,45.0,0.0
6341694859,DP0027,55.0,39.8,0.0
6344558890,DP0041,55.0,33.6,0.0
6336555616,DP0041,45.0,20.0,0.0
6338744598,DP0041,40.0,18.4,0.0
6341937360,DP0041,50.0,43.0,0.0
6316169813,DP0043,50.0,30.7,0.0
6338944689,DP0043,50.0,34.0,0.0
6341187876,DP0041,40.0,40.7,1.0
6332124947,DP0015,55.0,38.0,0.0
6340796090,DP0041,55.0,38.0,0.0
6342585506,DP0041,50.0,24.1,0.0
6340579295,DP0041,40.0,24.5,0.0
6340913253,DP0043,40.0,23.4,0.0
6336295851,DP0041,40.0,18.3,0.0
6333467068,DP0043,55.0,44.6,0.0
6339412590,DP0005,50.0,34.5,0.0
6338667140,DP0005,40.0,30.3,0.0
6340397765,DP0019,45.0,42.8,0.0
6340143784,DP0043,50.0,40.8,0.0
6326343334,DP0041,50.0,32.7,0.0
6331133530,,,,
6329989291,DP0041,70.0,41.1,0.0
6338627459,DP0041,45.0,21.1,0.0
6332130741,DP0044,45.0,34.2,0.0
6332292704,DP0043,60.0,42.0,0.0
6337846516,DP0041,45.0,26.3,0.0
6337274197,DP0041,50.0,34.4,0.0
6334555156,DP0015,65.0,33.1,0.0
6329147006,DP0041,55.0,41.1,0.0
6334991327,DP0038,60.0,41.6,0.0
6328109585,DP0008,40.0,21.9,0.0
6332591414,DP0041,45.0,20.4,0.0
6333158373,DP0041,40.0,27.2,0.0
6327942810,DP0048,40.0,37.9,0.0
6334546766,DP0019,75.0,52.9,0.0
6326437747,DP0041,65.0,61.9,0.0
6328857394,DP0039,50.0,37.1,0.0
6319224305,DP0008,50.0,76.9,1.0
6334047148,DP0038,70.0,44.8,0.0
6333970743,DP0019,75.0,48.5,0.0
6327668733,DP0009,60.0,67.7,1.0
6333261418,DP0019,50.0,31.9,0.0
6331779856,DP0015,55.0,32.9,0.0
6330631582,DP0041,45.0,23.1,0.0
6330097537,DP0005,50.0,36.4,0.0
6329468338,DP0041,50.0,34.1,0.0
6328760179,DP0041,40.0,18.9,0.0
6322717168,DP0041,50.0,25.7,0.0
6330734621,DP0043,50.0,21.4,0.0
6330181657,DP0041,50.0,32.7,0.0
6327278092,DP0041,50.0,26.1,0.0
6328995875,DP0014,50.0,26.6,0.0
6323481574,DP0041,45.0,17.6,0.0
6326631973,DP0043,55.0,33.0,0.0
6328001397,DP0028,45.0,26.1,0.0
6327762624,DP0015,50.0,35.7,0.0
6317579741,DP0032,45.0,22.3,0.0
6324574667,DP0041,55.0,68.3,1.0
6324794813,DP0038,50.0,31.0,0.0
6322624280,DP0041,55.0,36.4,0.0
6317589097,DP0007,70.0,45.9,0.0
6321878403,DP0041,40.0,21.6,0.0
6317359683,DP0019,50.0,41.4,0.0
6320423930,DP0018,75.0,52.2,0.0
6323826044,DP0041,45.0,17.7,0.0
6322838155,DP0005,50.0,45.8,0.0
6320436926,DP0003,55.0,41.7,0.0
6311939238,DP0019,55.0,34.1,0.0
6313902144,DP0041,45.0,24.2,0.0
6322067819,DP0043,50.0,34.9,0.0
6307436985,DP0043,55.0,38.8,0.0
6322950178,DP0041,65.0,55.5,0.0
6284332656,DP0005,50.0,11.6,0.0
6316603659,DP0041,50.0,35.2,0.0
6315350036,DP0041,50.0,34.7,0.0
6317190742,DP0026,50.0,32.1,0.0
6315210382,DP0007,55.0,44.3,0.0
6320122727,DP0019,50.0,24.4,0.0
6318732560,DP0041,50.0,41.3,0.0
6311889649,DP0027,45.0,46.6,1.0
6317506906,DP0041,50.0,30.7,0.0
6309408099,DP0023,50.0,44.9,0.0
6318756181,DP0009,40.0,23.6,0.0
6346941088,DP0039,55.0,47.9,0.0
6344193509,DP0040,55.0,39.9,0.0
6336885077,DP0003,45.0,37.3,0.0
6347495501,DP0007,55.0,52.9,0.0
6346830408,DP0012,50.0,39.2,0.0
6345071153,DP0007,50.0,36.7,0.0
6345799353,DP0026,55.0,40.7,0.0
6346556290,DP0047,55.0,44.0,0.0
6329993775,DP0041,40.0,23.7,0.0
6343479463,DP0041,50.0,33.0,0.0
6339250931,DP0028,55.0,47.3,0.0
6339430708,DP0023,55.0,58.8,1.0
6346586692,DP0003,50.0,30.8,0.0
6344436516,DP0041,50.0,38.4,0.0
6345918910,DP0041,45.0,29.9,0.0
6343673129,DP0009,40.0,26.1,0.0
6343950973,DP0041,50.0,28.5,0.0
6345549824,DP0041,40.0,27.6,0.0
6344824833,DP0026,50.0,41.6,0.0
6338131203,DP0008,40.0,26.9,0.0
6340167651,DP0041,40.0,36.7,0.0
6339536827,DP0041,55.0,44.5,0.0
6339230573,DP0019,70.0,57.5,0.0
6344866001,DP0015,50.0,47.6,0.0
6345702851,DP0041,55.0,37.0,0.0
6343261452,DP0008,45.0,39.0,0.0
6346241715,DP0041,50.0,46.9,0.0
6343989860,DP0041,50.0,46.8,0.0
6345555567,DP0005,40.0,24.8,0.0
6342875129,DP0005,40.0,36.4,0.0
6337419416,DP0041,55.0,37.0,0.0
6342951311,DP0019,40.0,30.9,0.0
6343773477,DP0005,50.0,46.2,0.0
6342367447,DP0041,50.0,31.2,0.0
6345469096,DP0021,55.0,29.9,0.0
6345704461,DP0041,40.0,21.6,0.0
6344397958,DP0015,50.0,38.2,0.0
6337682351,DP0041,60.0,44.0,0.0
6345376579,DP0021,45.0,34.6,0.0
6345955209,DP0048,50.0,47.0,0.0
6341777624,DP0041,45.0,25.6,0.0
6342380811,DP0008,55.0,35.6,0.0
6337668519,DP0037,50.0,37.1,0.0
6341130845,DP0032,55.0,41.3,0.0
6344814585,DP0041,50.0,28.3,0.0
6344759958,DP0043,40.0,27.1,0.0
6342855408,DP0041,40.0,23.1,0.0
6328740622,DP0005,50.0,37.3,0.0
6337070646,DP0041,60.0,43.9,0.0
6343884739,DP0002,40.0,33.6,0.0
6340405982,DP0041,65.0,55.2,0.0
6345174566,DP0041,45.0,30.2,0.0
6342126224,DP0021,50.0,19.1,0.0
6327497701,DP0019,55.0,73.9,1.0
6340039509,DP0041,40.0,24.8,0.0
6343797846,DP0041,40.0,36.2,0.0
6343055939,DP0027,45.0,28.7,0.0
6338151829,DP0020,40.0,41.9,1.0
6344095386,DP0041,40.0,34.0,0.0
6322025671,DP0002,40.0,35.1,0.0
6340820666,DP0005,55.0,37.7,0.0
6340762548,DP0008,40.0,43.9,1.0
6332985930,DP0012,50.0,30.1,0.0
6342102220,DP0041,50.0,28.4,0.0
6342536829,DP0050,50.0,39.7,0.0
6340007523,DP0041,45.0,27.6,0.0
6340788797,DP0005,50.0,25.4,0.0
6341491685,DP0041,40.0,30.1,0.0
6339329875,DP0041,60.0,49.8,0.0
6340704271,DP0008,50.0,24.3,0.0
6340469751,DP0043,55.0,43.5,0.0
6333786018,DP0039,55.0,33.6,0.0
6335228876,DP0050,55.0,49.3,0.0
6331343678,DP0038,50.0,31.3,0.0
6340820439,DP0041,40.0,26.2,0.0
6331687644,DP0007,45.0,23.3,0.0
6340797424,DP0040,55.0,43.0,0.0
6340964614,DP0016,50.0,33.3,0.0
6336313546,DP0043,40.0,45.0,1.0
6338914629,DP0041,55.0,76.7,1.0
6340444411,DP0041,45.0,36.9,0.0
6338297757,DP0041,55.0,41.6,0.0
6333460371,DP0043,50.0,36.5,0.0
6334572687,DP0015,50.0,40.6,0.0
6338145607,DP0040,50.0,33.4,0.0
6339694434,DP0041,40.0,25.3,0.0
6337508950,DP0041,60.0,38.9,0.0
6338632441,DP0041,40.0,25.6,0.0
6334499438,DP0015,45.0,34.4,0.0
6338585541,DP0006,55.0,42.3,0.0
6338378098,DP0043,45.0,27.1,0.0
6326640665,DP0041,40.0,24.6,0.0
6335690590,DP0008,45.0,32.8,0.0
6335982055,DP0041,50.0,32.1,0.0
6333834149,DP0043,40.0,34.0,0.0
6338123139,DP0009,45.0,21.3,0.0
6333794512,DP0041,45.0,40.6,0.0
6332735717,DP0043,45.0,22.2,0.0
6333139867,DP0044,50.0,36.7,0.0
6333059431,DP0043,55.0,32.3,0.0
6332265326,DP0041,55.0,36.8,0.0
6337991075,DP0028,40.0,33.4,0.0
6335964673,DP0002,45.0,29.1,0.0
6336253746,DP0005,50.0,34.8,0.0
6333974588,DP0038,40.0,30.9,0.0
6336199110,DP0034,50.0,49.4,0.0
6301128508,DP0012,50.0,45.4,0.0
6336961816,DP0033,40.0,17.8,0.0
6328253929,DP0010,50.0,43.5,0.0
6324592299,DP0043,55.0,42.9,0.0
6324207464,DP0020,40.0,40.5,1.0
6336042498,DP0041,40.0,32.2,0.0
6336368241,DP0041,40.0,33.3,0.0
6336671459,DP0005,65.0,45.8,0.0
6332474354,DP0044,55.0,39.4,0.0
6336326822,DP0041,45.0,19.9,0.0
6332945638,DP0024,55.0,36.9,0.0
6326879089,DP0009,60.0,39.3,0.0
6335975118,DP0026,45.0,43.3,0.0
6335755108,DP0003,65.0,36.9,0.0
6334332576,DP0028,45.0,37.6,0.0
6334655587,DP0041,65.0,36.1,0.0
6334008783,DP0043,55.0,43.6,0.0
6335522124,DP0041,50.0,37.8,0.0
6329883482,DP0007,40.0,35.7,0.0
6333305575,DP0008,40.0,35.4,0.0
6335323760,DP0038,55.0,39.8,0.0
6334499056,DP0014,40.0,38.3,0.0
6326430576,DP0004,50.0,56.1,1.0
6332256958,DP0041,40.0,30.7,0.0
6310964464,DP0003,65.0,47.0,0.0
6333583537,DP0042,40.0,35.6,0.0
6333154615,DP0008,45.0,29.3,0.0
6333622295,DP0048,40.0,55.2,1.0
6334327155,DP0041,50.0,29.3,0.0
6332826666,DP0041,50.0,25.7,0.0
6333643058,DP0007,65.0,46.2,0.0
6329635613,DP0043,40.0,24.5,0.0
6330690504,DP0043,40.0,25.8,0.0
6326726131,DP0041,55.0,28.1,0.0
6332790803,DP0041,55.0,41.1,0.0
6332266732,DP0041,50.0,31.2,0.0
6329463046,DP0002,60.0,41.0,0.0
6332215172,DP0041,50.0,33.1,0.0
6323972401,DP0043,45.0,29.8,0.0
6332732116,DP0028,50.0,28.1,0.0
6327564748,DP0007,45.0,29.6,0.0
6332183603,DP0038,55.0,40.0,0.0
6330805062,DP0041,55.0,45.0,0.0
6329419380,DP0007,50.0,34.5,0.0
6333005909,DP0015,50.0,38.6,0.0
6333142681,DP0008,45.0,29.4,0.0
6327699328,DP0041,50.0,30.8,0.0
6329717655,DP0005,50.0,32.6,0.0
6328632795,DP0041,55.0,30.0,0.0
6315013771,DP0028,40.0,19.4,0.0
6325694138,DP0041,45.0,32.2,0.0
6313508586,DP0047,40.0,26.9,0.0
6326615127,DP0007,60.0,42.0,0.0
6319146149,DP0021,55.0,31.2,0.0
6332265137,DP0041,40.0,25.7,0.0
6327818119,DP0019,55.0,34.7,0.0
6329023098,DP0015,45.0,29.6,0.0
6330414629,DP0041,50.0,65.6,1.0
6319335886,DP0049,40.0,30.7,0.0
6321415806,DP0041,40.0,32.0,0.0
6329193946,DP0019,40.0,19.6,0.0
6329277662,DP0034,45.0,30.3,0.0
6327620941,DP0009,70.0,50.0,0.0
6325568405,DP0041,55.0,29.0,0.0
6329942283,DP0041,55.0,36.3,0.0
6329224886,DP0043,45.0,33.5,0.0
6321224132,DP0003,45.0,27.5,0.0
6327995261,DP0041,50.0,40.2,0.0
6328445657,DP0015,65.0,45.2,0.0
6320814772,DP0026,50.0,30.8,0.0
6326642110,DP0041,45.0,30.2,0.0
6318557196,DP0014,50.0,54.3,1.0
6326640626,DP0041,65.0,32.8,0.0
6325514066,DP0041,50.0,37.2,0.0
6325837226,DP0047,65.0,71.8,1.0
6308295208,DP0041,55.0,61.1,1.0
6327540288,DP0041,40.0,40.9,1.0
6326082810,DP0041,65.0,53.4,0.0
6324217957,DP0012,65.0,49.4,0.0
6325430970,DP0038,50.0,29.7,0.0
6326144026,DP0041,45.0,46.4,1.0
6314389613,DP0041,40.0,27.9,0.0
6318639532,DP0041,40.0,21.7,0.0
6324544256,DP0033,65.0,37.5,0.0
6324594928,DP0019,50.0,25.0,0.0
6324601363,DP0009,40.0,20.8,0.0
6301575201,DP0041,50.0,42.0,0.0
6324664288,DP0041,65.0,68.4,1.0
6319345922,DP0041,50.0,38.0,0.0
6319343841,DP0029,55.0,48.6,0.0
6284288526,DP0019,65.0,55.1,0.0
6316887659,DP0041,40.0,25.2,0.0
6320986352,DP0041,55.0,32.3,0.0
6318386312,DP0041,65.0,49.6,0.0
6307706142,DP0041,50.0,34.9,0.0
6321918104,DP0029,65.0,42.7,0.0
6321632755,DP0041,45.0,25.4,0.0
6319077457,DP0043,50.0,51.5,1.0
6317538528,DP0041,50.0,42.5,0.0
6307654053,DP0041,65.0,40.3,0.0
6319436113,DP0041,60.0,40.1,0.0
6319482017,DP0041,40.0,28.3,0.0
6314406604,DP0041,45.0,33.5,0.0
6316670052,DP0041,55.0,47.4,0.0
6320279131,DP0041,40.0,35.5,0.0
6318926066,DP0006,55.0,40.6,0.0
6317565836,DP0047,40.0,35.9,0.0
6318411879,,,,
6316954403,DP0029,50.0,40.9,0.0
6315460144,DP0041,40.0,61.3,1.0
6318692140,DP0005,45.0,43.2,0.0
6317365545,DP0005,40.0,32.3,0.0
6319964553,DP0018,50.0,41.7,0.0
6347124582,DP0041,65.0,45.3,0.0
6341376434,DP0043,85.0,53.6,0.0
6338082233,DP0041,45.0,29.6,0.0
6347328246,DP0041,50.0,33.8,0.0
6335770615,DP0034,55.0,61.4,1.0
6339421360,DP0009,55.0,34.1,0.0
6340889154,DP0007,40.0,35.6,0.0
6342135770,DP0041,45.0,20.2,0.0
6342730668,DP0043,40.0,31.1,0.0
6345916473,DP0041,55.0,39.0,0.0
6340659710,DP0041,45.0,26.1,0.0
6345733913,DP0043,50.0,34.2,0.0
6344208810,DP0005,50.0,24.8,0.0
6344879724,DP0041,50.0,27.3,0.0
6336560738,DP0041,55.0,40.0,0.0
6343684914,DP0041,45.0,36.1,0.0
6335579467,DP0019,65.0,41.4,0.0
6343164995,DP0041,40.0,23.4,0.0
6344367401,DP0041,60.0,50.6,0.0
6342276949,DP0007,55.0,55.8,1.0
6344362250,DP0041,50.0,33.6,0.0
6336202905,DP0006,45.0,23.4,0.0
6341547438,DP0043,55.0,29.8,0.0
6342515341,DP0041,45.0,24.7,0.0
6334645404,DP0041,50.0,27.3,0.0
6339128493,DP0028,45.0,40.0,0.0
6336959648,DP0008,50.0,49.1,0.0
6339071537,DP0005,80.0,46.9,0.0
6342601699,DP0019,55.0,35.8,0.0
6342287223,DP0017,40.0,39.7,0.0
6342269505,DP0041,50.0,46.6,0.0
6340789472,DP0003,55.0,51.2,0.0
6343611840,DP0041,45.0,26.6,0.0
6340985630,DP0033,55.0,30.9,0.0
6341456279,DP0041,45.0,39.3,0.0
6333276407,DP0041,50.0,50.0,1.0
6338205635,DP0041,55.0,74.8,1.0
6343751435,DP0049,40.0,54.3,1.0
6342914676,DP0008,50.0,60.0,1.0
6334175687,DP0038,50.0,39.7,0.0
6335266177,DP0038,45.0,40.9,0.0
6340601281,DP0038,40.0,31.7,0.0
6341505202,DP0041,50.0,30.3,0.0
6339760649,DP0041,45.0,37.3,0.0
6342476172,DP0041,50.0,25.0,0.0
6343001886,DP0038,50.0,36.8,0.0
6342874870,DP0049,55.0,37.6,0.0
6339021218,DP0043,55.0,31.7,0.0
6343123234,DP0021,50.0,23.7,0.0
6342172934,DP0007,55.0,27.6,0.0
6335297293,DP0043,50.0,38.4,0.0
6340398309,DP0050,50.0,39.0,0.0
6341874803,DP0019,40.0,23.5,0.0
6340372454,DP0028,50.0,29.9,0.0
6340294159,DP0044,40.0,21.9,0.0
6339458793,DP0041,55.0,26.9,0.0
6325074582,DP0019,55.0,33.5,0.0
6340959955,DP0041,45.0,24.6,0.0
6323835146,DP0045,55.0,38.8,0.0
6341274395,DP0041,50.0,24.7,0.0
6337522993,DP0041,50.0,28.1,0.0
6334442730,DP0041,40.0,31.9,0.0
6338338481,DP0011,65.0,36.1,0.0
6338769644,DP0041,50.0,31.9,0.0
6337675959,DP0019,55.0,57.0,1.0
6338799520,DP0043,55.0,58.0,1.0
6329932709,DP0028,55.0,67.8,1.0
6334432420,DP0043,45.0,38.0,0.0
6340834681,DP0019,45.0,52.9,1.0
6339480504,DP0041,45.0,42.2,0.0
6340428596,DP0007,40.0,48.2,1.0
6317505982,DP0041,45.0,41.4,0.0
6337776426,DP0043,40.0,43.0,1.0
6338872746,DP0041,45.0,94.0,1.0
6332343845,DP0041,40.0,81.2,1.0
6318208720,DP0005,40.0,47.2,1.0
6340408189,DP0043,60.0,76.6,1.0
6339237966,DP0041,45.0,104.6,1.0
6338501653,DP0041,55.0,78.8,1.0
6337872485,DP0041,45.0,57.4,1.0
6333245400,DP0041,45.0,49.7,1.0
6335610534,DP0039,50.0,79.0,1.0
6339576301,DP0041,50.0,64.9,1.0
6334529941,DP0041,40.0,56.5,1.0
6335828931,DP0043,50.0,48.6,0.0
6332582541,DP0041,45.0,48.9,1.0
6339085402,DP0005,55.0,55.1,1.0
6340041885,DP0031,55.0,36.7,0.0
6335452452,DP0005,50.0,36.1,0.0
6331815560,DP0006,45.0,29.9,0.0
6336566177,DP0041,50.0,34.4,0.0
6336507831,DP0043,55.0,34.6,0.0
6339614626,DP0007,55.0,41.1,0.0
6326710294,DP0039,50.0,26.6,0.0
6339249722,DP0043,40.0,16.2,0.0
6339395139,DP0041,50.0,30.0,0.0
6337870595,DP0041,50.0,34.8,0.0
6334592545,DP0041,50.0,33.0,0.0
6339743520,DP0041,50.0,35.1,0.0
6335882083,DP0009,50.0,26.6,0.0
6317090451,DP0008,65.0,41.1,0.0
6339187714,DP0013,40.0,25.7,0.0
6336672860,DP0027,50.0,39.8,0.0
6339388376,DP0043,40.0,36.9,0.0
6333169759,DP0041,40.0,30.1,0.0
6338787405,DP0038,50.0,31.6,0.0
6339231418,DP0041,50.0,29.6,0.0
6328035115,DP0019,40.0,28.4,0.0
6338979762,DP0041,55.0,33.3,0.0
6330241343,DP0041,40.0,23.7,0.0
6337814813,DP0016,55.0,39.7,0.0
6334692344,DP0005,40.0,32.4,0.0
6338745049,DP0041,50.0,30.5,0.0
6330835649,DP0041,50.0,35.6,0.0
6338439178,DP0034,50.0,47.3,0.0
6331522873,,,,
6338668262,DP0041,45.0,30.7,0.0
6338459295,DP0018,65.0,45.3,0.0
6331851956,DP0034,55.0,49.3,0.0
6336153548,DP0038,55.0,35.1,0.0
6339216522,DP0043,50.0,41.9,0.0
6338836054,DP0047,40.0,35.7,0.0
6336755403,DP0043,50.0,22.0,0.0
6337976828,DP0041,55.0,31.0,0.0
6337443877,DP0041,55.0,55.6,1.0
6333485070,DP0041,40.0,14.0,0.0
6333132555,DP0044,55.0,15.0,0.0
6324305897,DP0018,45.0,26.3,0.0
6337633479,DP0041,45.0,26.6,0.0
6335274116,DP0041,40.0,28.2,0.0
6332880903,DP0041,40.0,23.2,0.0
6336080422,DP0019,60.0,33.3,0.0
6334899166,DP0041,40.0,32.7,0.0
6335250796,DP0041,90.0,66.8,0.0
6330469232,DP0041,40.0,26.8,0.0
6336569179,DP0041,50.0,33.7,0.0
6335680400,DP0028,40.0,32.6,0.0
6337485600,,,,
6337394609,DP0041,50.0,33.9,0.0
6324270063,DP0041,50.0,35.6,0.0
6336342747,DP0005,55.0,26.4,0.0
6326611414,DP0009,55.0,32.1,0.0
6331713707,DP0041,50.0,31.0,0.0
6331649009,DP0038,55.0,41.7,0.0
6333325545,,,,
6331422114,DP0005,55.0,32.3,0.0
6334860970,DP0043,50.0,27.1,0.0
6333502269,DP0041,50.0,46.9,0.0
6330768622,,,,
6334497799,DP0041,40.0,23.9,0.0
6333785063,DP0041,45.0,32.5,0.0
6328157874,DP0041,40.0,25.1,0.0
6330036455,DP0021,50.0,31.7,0.0
6327949648,DP0041,50.0,26.4,0.0
6332186888,DP0015,50.0,29.1,0.0
6330332924,DP0023,55.0,30.0,0.0
6327867664,DP0016,40.0,21.7,0.0
6330728435,DP0041,75.0,48.7,0.0
6332659845,DP0007,45.0,33.6,0.0
6332986883,,,,
6321052390,DP0026,50.0,24.2,0.0
6327193270,DP0015,55.0,57.2,1.0
6321731020,DP0041,60.0,40.8,0.0
6285073635,DP0019,40.0,20.7,0.0
6330989591,DP0041,55.0,33.8,0.0
6332468050,DP0027,55.0,31.2,0.0
6318576417,DP0008,50.0,39.1,0.0
6311647142,,,,
6327407472,DP0039,50.0,27.9,0.0
6326454320,DP0004,50.0,54.2,1.0
6332383978,DP0041,45.0,24.4,0.0
6327980321,DP0041,45.0,21.7,0.0
6331042455,DP0041,50.0,29.6,0.0
6327658823,DP0041,40.0,28.6,0.0
6328897652,DP0041,55.0,33.3,0.0
6331788557,DP0043,45.0,18.6,0.0
6332171218,DP0002,45.0,22.9,0.0
6328043879,DP0005,50.0,24.7,0.0
6328230361,DP0013,40.0,32.8,0.0
6309004768,DP0009,50.0,26.8,0.0
6320614244,DP0012,40.0,33.5,0.0
6331955852,DP0041,40.0,23.0,0.0
6331042071,DP0041,45.0,40.7,0.0
6316769431,DP0050,55.0,49.3,0.0
6331208359,DP0015,55.0,66.8,1.0
6311740815,DP0021,50.0,24.7,0.0
6309019841,DP0049,45.0,24.6,0.0
6330124811,DP0043,45.0,32.1,0.0
6328965383,DP0041,50.0,31.1,0.0
6326104534,DP0041,50.0,28.5,0.0
6330278112,DP0043,40.0,35.7,0.0
6312571160,DP0041,40.0,20.2,0.0
6328881075,DP0015,40.0,22.2,0.0
6329816316,DP0042,50.0,23.7,0.0
6320992221,DP0041,50.0,38.2,0.0
6325227495,DP0008,45.0,18.2,0.0
6329222536,DP0041,45.0,42.9,0.0
6321351269,DP0037,60.0,64.6,1.0
6315452016,DP0043,60.0,54.6,0.0
6329771619,DP0008,50.0,24.5,0.0
6329783061,DP0043,55.0,40.6,0.0
6329291615,DP0041,50.0,41.9,0.0
6329380509,DP0034,40.0,24.9,0.0
6319918613,DP0009,50.0,22.0,0.0
6328088196,DP0041,50.0,31.3,0.0
6328790638,DP0043,70.0,54.8,0.0
6319854724,DP0030,50.0,23.5,0.0
6298501823,DP0016,65.0,35.4,0.0
6327380130,DP0041,40.0,18.9,0.0
6325928010,DP0041,50.0,19.0,0.0
6322684678,DP0002,65.0,39.9,0.0
6324187118,DP0041,55.0,33.3,0.0
6324481219,DP0041,40.0,17.8,0.0
6326864300,DP0023,40.0,22.1,0.0
6302956856,DP0039,45.0,23.2,0.0
6327051646,DP0018,55.0,38.0,0.0
6322434407,DP0041,65.0,46.6,0.0
6327789085,DP0041,55.0,24.5,0.0
6313047197,DP0041,50.0,25.7,0.0
6327871506,DP0033,40.0,20.2,0.0
6313166601,DP0019,50.0,26.8,0.0
6325262607,DP0041,50.0,44.3,0.0
6321110440,DP0039,65.0,48.5,0.0
6322996465,DP0041,40.0,28.0,0.0
6323164870,DP0041,50.0,39.8,0.0
6320293484,DP0039,45.0,31.4,0.0
6316297833,DP0019,40.0,21.9,0.0
6326956375,DP0007,45.0,44.0,0.0
6318696620,DP0006,55.0,43.0,0.0
6312258758,DP0041,40.0,30.5,0.0
6320916306,DP0015,45.0,20.2,0.0
6313566864,DP0005,55.0,40.3,0.0
6320710217,DP0041,40.0,22.2,0.0
6320377371,DP0008,65.0,42.0,0.0
6325020309,DP0041,50.0,24.8,0.0
6311562113,DP0026,45.0,37.5,0.0
6325201881,DP0008,40.0,18.0,0.0
6323787245,DP0037,40.0,17.4,0.0
6323526984,DP0002,60.0,41.6,0.0
6323930948,DP0043,60.0,36.3,0.0
6318181297,DP0041,40.0,31.8,0.0
6319765617,DP0008,40.0,23.6,0.0
6324228552,DP0016,45.0,33.2,0.0
6322086675,DP0039,90.0,76.5,0.0
6309278129,DP0013,45.0,51.0,1.0
6323714168,DP0019,55.0,46.3,0.0
6324357824,DP0041,45.0,33.7,0.0
6322688892,DP0043,85.0,62.7,0.0
6313139390,DP0034,50.0,25.6,0.0
6309775957,DP0041,40.0,32.1,0.0
6317826583,DP0043,40.0,32.9,0.0
6321404420,DP0015,55.0,38.9,0.0
6296510302,DP0041,60.0,38.6,0.0
6318528491,DP0041,50.0,21.9,0.0
6321456791,DP0028,55.0,48.9,0.0
6322505942,DP0049,40.0,40.7,1.0
6321085224,DP0019,40.0,29.0,0.0
6316794395,DP0019,50.0,39.8,0.0
6322689373,DP0041,45.0,31.5,0.0
6320709744,DP0039,40.0,39.2,0.0
6309594410,DP0025,45.0,18.3,0.0
6322767305,DP0011,40.0,17.0,0.0
6320727767,DP0041,40.0,19.4,0.0
6289905348,DP0041,40.0,25.1,0.0
6321455322,DP0041,40.0,33.6,0.0
6322565231,DP0047,50.0,42.6,0.0
6321677736,DP0023,55.0,38.1,0.0
6321613219,DP0015,65.0,39.6,0.0
6316314118,,,,
6322107584,DP0041,45.0,21.3,0.0
6319136650,DP0015,40.0,18.0,0.0
6318689331,DP0005,40.0,35.5,0.0
6319909297,DP0041,50.0,34.4,0.0
6321320546,DP0048,45.0,49.6,1.0
6318901188,DP0041,50.0,28.5,0.0
6318371292,DP0019,50.0,32.6,0.0
6315957019,DP0050,50.0,58.3,1.0
6319775374,DP0043,50.0,49.9,0.0
6307367075,DP0041,50.0,48.0,0.0
6319709318,DP0041,55.0,18.2,0.0
6317402111,DP0041,50.0,58.0,1.0
6320885190,DP0043,55.0,59.3,1.0
6319597441,DP0043,55.0,42.8,0.0
6314520772,DP0041,55.0,48.9,0.0
6320191433,DP0041,55.0,35.1,0.0
6315421070,DP0041,55.0,46.8,0.0
6318192480,DP0041,50.0,37.3,0.0
6315076234,DP0041,40.0,30.9,0.0
6319790161,DP0048,50.0,50.2,1.0
6318345202,DP0041,45.0,22.6,0.0
6313502835,DP0041,50.0,28.2,0.0
6288535217,DP0039,50.0,30.5,0.0
6319768570,DP0041,50.0,36.3,0.0
6318632854,DP0041,55.0,35.2,0.0
6319885856,DP0003,55.0,44.9,0.0
6320000279,DP0041,40.0,38.7,0.0
6319052390,DP0005,70.0,80.2,1.0
6317381022,DP0003,60.0,60.6,1.0
6319827207,DP0041,50.0,38.9,0.0
6311498614,DP0019,50.0,60.5,1.0
6315940207,DP0026,50.0,37.5,0.0
6347302063,DP0005,45.0,18.9,0.0
6345580665,DP0012,55.0,30.0,0.0
6344221437,DP0041,40.0,49.6,1.0
6346419633,DP0041,75.0,55.1,0.0
6347211091,DP0043,40.0,41.3,1.0
6340752970,DP0033,60.0,42.8,0.0
6336230693,DP0019,60.0,41.6,0.0
6344771927,DP0027,60.0,72.1,1.0
6346254543,DP0041,90.0,84.0,0.0
6346257372,DP0041,50.0,30.6,0.0
6340943132,DP0043,55.0,39.4,0.0
6341937975,DP0041,45.0,28.4,0.0
6346565078,DP0041,50.0,29.6,0.0
6343460088,DP0041,70.0,55.2,0.0
6339500695,DP0046,50.0,35.6,0.0
6345919062,DP0028,70.0,45.8,0.0
6344848734,DP0018,55.0,32.4,0.0
6344058033,DP0041,50.0,34.1,0.0
6344716690,DP0041,55.0,30.2,0.0
6339493681,DP0049,55.0,31.1,0.0
6342181254,DP0041,55.0,37.9,0.0
6334395947,DP0005,50.0,30.7,0.0
6341967842,DP0048,50.0,55.8,1.0
6342523076,DP0043,45.0,30.6,0.0
6339248414,DP0011,65.0,38.4,0.0
6341323032,DP0043,55.0,39.2,0.0
6342385837,DP0026,55.0,32.4,0.0
6341648970,DP0030,55.0,34.2,0.0
6343752438,DP0043,40.0,14.4,0.0
6341537859,DP0041,55.0,33.4,0.0
6341011099,DP0008,40.0,23.4,0.0
6328543698,DP0029,50.0,31.9,0.0
6331806916,DP0041,70.0,43.4,0.0
6344355599,DP0010,45.0,24.7,0.0
6343422081,DP0041,65.0,39.1,0.0
6338627684,DP0041,45.0,29.8,0.0
6339632907,DP0027,55.0,31.8,0.0
6343910799,DP0041,45.0,20.7,0.0
6338010881,DP0043,40.0,28.2,0.0
6332639131,DP0041,50.0,32.1,0.0
6341374583,DP0032,55.0,51.4,0.0
6331056703,DP0018,45.0,28.1,0.0
6340779861,DP0041,60.0,37.4,0.0
6334060124,DP0043,50.0,26.7,0.0
6341971703,DP0024,55.0,29.8,0.0
6343112584,DP0033,55.0,31.9,0.0
6337245595,DP0035,55.0,46.5,0.0
6285917579,DP0041,40.0,27.4,0.0
6343160560,DP0015,65.0,46.2,0.0
6325365829,DP0041,50.0,41.7,0.0
6341970796,DP0019,55.0,33.1,0.0
6339145557,DP0041,50.0,34.3,0.0
6337394170,DP0041,50.0,34.6,0.0
6341680408,DP0041,55.0,50.4,0.0
6342154454,DP0012,45.0,26.0,0.0
6338480472,DP0041,65.0,51.8,0.0
6337294138,DP0013,50.0,34.9,0.0
6338991608,DP0007,50.0,22.9,0.0
6342060054,DP0041,50.0,26.7,0.0
6339955710,DP0041,55.0,38.4,0.0
6341463714,DP0005,55.0,42.6,0.0
6338704272,DP0005,70.0,43.7,0.0
6327689705,DP0041,40.0,22.2,0.0
6341357402,DP0041,45.0,64.4,1.0
6339437154,DP0017,50.0,21.9,0.0
6339189477,DP0041,40.0,24.2,0.0
6332732574,DP0039,50.0,25.5,0.0
6307840537,DP0041,45.0,24.9,0.0
6334897742,DP0043,55.0,40.1,0.0
6337882872,DP0005,45.0,24.5,0.0
6339134689,DP0041,45.0,25.9,0.0
6332872980,DP0041,45.0,43.3,0.0
6334486141,DP0041,50.0,52.3,1.0
6331156735,DP0041,50.0,49.7,0.0
6332752022,DP0043,65.0,55.0,0.0
6330887195,DP0005,40.0,33.0,0.0
6339011111,DP0004,50.0,53.1,1.0
6340554705,DP0011,50.0,29.6,0.0
6338960313,DP0049,55.0,41.4,0.0
6336400214,DP0041,65.0,55.4,0.0
6336010841,DP0041,50.0,30.3,0.0
6338485724,DP0005,45.0,39.2,0.0
6337687983,DP0043,60.0,46.5,0.0
6339975397,DP0041,45.0,28.7,0.0
6329670916,DP0041,50.0,28.1,0.0
6325092830,DP0026,45.0,34.2,0.0
6333874577,DP0005,50.0,50.0,0.0
6332378851,DP0041,65.0,66.2,1.0
6324650477,DP0041,50.0,29.2,0.0
6337989071,DP0006,45.0,35.5,0.0
6339260848,DP0041,55.0,40.3,0.0
6338319915,DP0019,60.0,66.8,1.0
6337463292,DP0041,50.0,50.7,1.0
6336670351,DP0041,55.0,81.8,1.0
6339060685,DP0008,50.0,40.6,0.0
6337149590,DP0041,45.0,40.3,0.0
6338710885,DP0033,50.0,30.3,0.0
6335531060,DP0012,75.0,113.3,1.0
6339585835,DP0043,55.0,33.9,0.0
6331523732,DP0002,45.0,55.1,1.0
6322527185,DP0021,75.0,50.3,0.0
6335271542,DP0002,65.0,43.6,0.0
6337425614,DP0006,50.0,37.3,0.0
6337811279,DP0020,55.0,38.0,0.0
6339052273,DP0005,50.0,67.4,1.0
6339498742,DP0041,45.0,38.8,0.0
6339322668,DP0005,45.0,26.3,0.0
6331861846,DP0041,50.0,41.1,0.0
6329920511,DP0005,55.0,46.9,0.0
6318814137,DP0005,55.0,36.0,0.0
6338265880,DP0021,45.0,25.5,0.0
6326213804,DP0043,70.0,46.2,0.0
6328475356,DP0041,65.0,40.5,0.0
6333817283,DP0041,50.0,27.5,0.0
6287532647,DP0008,60.0,42.2,0.0
6338169604,DP0043,65.0,37.4,0.0
6333726433,DP0002,45.0,31.8,0.0
6338325204,DP0015,50.0,22.1,0.0
6337926295,DP0041,70.0,40.7,0.0
6332601493,DP0030,50.0,34.0,0.0
6335082869,DP0049,50.0,26.6,0.0
6322533519,DP0004,40.0,34.3,0.0
6333338411,DP0050,40.0,28.9,0.0
6331743821,DP0041,40.0,22.5,0.0
6324991732,DP0041,60.0,30.1,0.0
6335581271,DP0005,55.0,50.7,0.0
6336033705,DP0019,55.0,36.4,0.0
6336374443,DP0043,40.0,32.5,0.0
6336012031,DP0028,50.0,38.9,0.0
6335775757,DP0041,55.0,41.8,0.0
6336525353,DP0050,55.0,54.2,0.0
6336390568,DP0019,50.0,33.3,0.0
6321383523,DP0041,45.0,31.8,0.0
6308544672,DP0041,55.0,36.5,0.0
6329077833,DP0009,50.0,55.2,1.0
6334721545,DP0008,45.0,40.0,0.0
6332112638,DP0041,65.0,53.9,0.0
6335918586,DP0032,40.0,28.1,0.0
6328092269,DP0041,60.0,42.8,0.0
6311441720,DP0005,50.0,29.9,0.0
6325624352,DP0048,55.0,49.4,0.0
6330587213,DP0002,45.0,35.1,0.0
6333505768,DP0041,65.0,42.5,0.0
6335575566,DP0041,50.0,40.7,0.0
6321718405,DP0008,45.0,30.5,0.0
6334254622,DP0008,55.0,45.1,0.0
6331841323,DP0041,90.0,64.2,0.0
6334151888,DP0043,65.0,44.4,0.0
6320805808,DP0019,50.0,29.4,0.0
6335907440,DP0039,65.0,39.1,0.0
6335482352,DP0028,65.0,41.2,0.0
6318887592,DP0005,55.0,33.5,0.0
6328586853,DP0041,55.0,56.7,1.0
6328525643,DP0041,50.0,28.0,0.0
6333014769,DP0021,45.0,45.8,1.0
6334041594,DP0049,45.0,9.4,0.0
6329661835,DP0005,45.0,28.1,0.0
6334677155,DP0041,55.0,29.1,0.0
6327140761,DP0039,55.0,48.0,0.0
6335092256,DP0039,40.0,32.3,0.0
6333038252,DP0041,50.0,29.4,0.0
6330831494,DP0019,55.0,36.6,0.0
6332255778,DP0041,60.0,70.6,1.0
6330719423,DP0041,65.0,42.2,0.0
6325599466,DP0019,40.0,30.8,0.0
6327094296,DP0043,40.0,32.1,0.0
6332768914,DP0022,45.0,28.2,0.0
6331000181,DP0041,50.0,18.4,0.0
6332572332,DP0008,40.0,19.9,0.0
6329334875,DP0009,75.0,32.2,0.0
6332591752,DP0022,50.0,26.3,0.0
6332418120,DP0041,55.0,39.2,0.0
6332706360,DP0041,45.0,24.3,0.0
6332915763,DP0033,55.0,29.2,0.0
6327786629,DP0005,60.0,39.5,0.0
6332047483,DP0029,40.0,20.5,0.0
6329331848,DP0041,40.0,34.5,0.0
6329456896,DP0041,50.0,50.0,1.0
6332345069,DP0009,45.0,36.7,0.0
6328460033,DP0002,40.0,49.1,1.0
6330758428,DP0041,65.0,53.7,0.0
6329093907,DP0007,50.0,29.6,0.0
6329499837,DP0005,65.0,41.7,0.0
6314081048,DP0001,50.0,41.8,0.0
6331280860,DP0038,50.0,32.4,0.0
6317700330,DP0041,55.0,44.5,0.0
6324626319,DP0041,55.0,39.8,0.0
6327920366,DP0020,45.0,26.0,0.0
6326087439,DP0041,45.0,23.3,0.0
6324941836,DP0009,50.0,32.5,0.0
6328816997,DP0043,65.0,37.1,0.0
6327577306,DP0041,55.0,29.1,0.0
6329243566,DP0041,40.0,25.3,0.0
6328508164,DP0015,55.0,35.0,0.0
6326067810,DP0005,50.0,23.6,0.0
6329817597,DP0041,55.0,35.5,0.0
6328762664,DP0041,70.0,43.7,0.0
6323667006,DP0006,50.0,21.4,0.0
6321974848,DP0046,40.0,81.7,1.0
6322462521,DP0048,55.0,43.0,0.0
6325381549,DP0041,55.0,27.4,0.0
6326447189,DP0046,55.0,54.9,0.0
6326460205,DP0012,50.0,21.5,0.0
6327906742,DP0003,55.0,36.7,0.0
6320178983,DP0005,55.0,30.1,0.0
6327107907,DP0041,65.0,36.1,0.0
6315502093,DP0005,55.0,28.1,0.0
6328332598,DP0047,70.0,46.0,0.0
6325969528,DP0008,60.0,33.6,0.0
6325881838,DP0021,65.0,47.2,0.0
6319845809,DP0041,55.0,35.2,0.0
6327327766,DP0015,50.0,36.9,0.0
6325118926,DP0017,50.0,12.0,0.0
6324161367,DP0041,50.0,25.6,0.0
6327202192,DP0019,55.0,49.8,0.0
6313493708,DP0015,65.0,44.6,0.0
6298696249,DP0019,50.0,50.4,1.0
6327858156,DP0041,50.0,49.3,0.0
6313542030,DP0048,65.0,78.4,1.0
6325643722,DP0043,65.0,44.6,0.0
6327157141,DP0019,70.0,42.0,0.0
6323422393,DP0028,60.0,37.9,0.0
6323283632,DP0041,60.0,35.6,0.0
6326934996,DP0048,55.0,36.3,0.0
6321698048,DP0010,45.0,45.7,1.0
6322406267,DP0028,55.0,27.5,0.0
6326592133,DP0041,55.0,41.0,0.0
6322278658,DP0047,50.0,31.8,0.0
6320647283,DP0008,45.0,19.8,0.0
6321120704,DP0015,50.0,29.5,0.0
6318259458,DP0015,60.0,41.9,0.0
6325227192,DP0003,65.0,43.3,0.0
6321191986,DP0041,55.0,38.8,0.0
6325197374,DP0041,55.0,26.9,0.0
6321096559,DP0041,65.0,41.1,0.0
6319379397,DP0005,55.0,28.4,0.0
6325149527,DP0005,60.0,34.0,0.0
6316321032,DP0015,60.0,51.2,0.0
6315862356,DP0019,65.0,38.7,0.0
6322708927,DP0041,50.0,37.1,0.0
6321823938,DP0009,65.0,42.6,0.0
6318809760,DP0005,65.0,35.3,0.0
6323745430,DP0033,45.0,27.0,0.0
6311121248,DP0037,55.0,37.3,0.0
6314261499,DP0039,55.0,25.1,0.0
6320790924,DP0042,40.0,20.0,0.0
6324322249,DP0006,60.0,45.0,0.0
6317194087,DP0041,55.0,37.9,0.0
6320147276,DP0026,55.0,29.4,0.0
6311475622,DP0021,60.0,46.1,0.0
6322881120,DP0043,45.0,18.3,0.0
6311820320,DP0018,75.0,64.3,0.0
6319815759,DP0041,40.0,35.0,0.0
6323129320,DP0019,40.0,25.5,0.0
6321530411,DP0041,50.0,27.2,0.0
6323142261,DP0041,45.0,31.5,0.0
6313833378,DP0043,50.0,35.8,0.0
6322916410,DP0043,45.0,37.7,0.0
6319129015,DP0041,50.0,39.9,0.0
6323591242,DP0018,40.0,21.3,0.0
6312932749,DP0041,50.0,30.8,0.0
6321137886,DP0041,50.0,26.9,0.0
6319832449,DP0002,50.0,31.0,0.0
6321276531,DP0039,40.0,18.8,0.0
6319643206,DP0043,50.0,34.1,0.0
6321036168,DP0041,65.0,40.0,0.0
6321458761,DP0021,50.0,26.3,0.0
6314009904,DP0043,75.0,54.3,0.0
6322063496,DP0008,45.0,26.7,0.0
6318992757,DP0015,45.0,23.0,0.0
6320865199,DP0041,50.0,24.5,0.0
6317759848,DP0028,55.0,35.3,0.0
6306929459,DP0041,55.0,35.0,0.0
6307877497,DP0009,50.0,61.4,1.0
6320745209,DP0019,50.0,48.5,0.0
6321214189,DP0008,65.0,50.3,0.0
6320190382,DP0047,60.0,46.3,0.0
6320891424,DP0035,50.0,26.8,0.0
6319902061,DP0026,50.0,26.7,0.0
6313126975,DP0002,45.0,45.3,1.0
6317007625,DP0008,55.0,50.1,0.0
6310164439,DP0038,65.0,84.4,1.0
6320298149,DP0005,65.0,43.2,0.0
6317341163,DP0041,45.0,62.9,1.0
6318305159,DP0041,55.0,19.5,0.0
6296459638,DP0041,100.0,77.5,0.0
6318861119,DP0041,40.0,30.7,0.0
6314752954,DP0039,60.0,40.8,0.0
6317282397,DP0015,45.0,30.9,0.0
6338225459,DP0041,75.0,45.9,0.0
6345858316,DP0041,60.0,59.9,0.0
6342522404,DP0008,50.0,30.8,0.0
6346267264,DP0043,40.0,29.2,0.0
6345921984,DP0005,45.0,31.7,0.0
6344201326,DP0005,45.0,30.8,0.0
6346118175,DP0012,55.0,36.8,0.0
6346314486,DP0043,50.0,47.8,0.0
6344518069,DP0041,40.0,31.2,0.0
6335972507,DP0041,45.0,36.7,0.0
6344652879,DP0015,60.0,37.0,0.0
6345232958,DP0041,40.0,43.6,1.0
6335121183,DP0028,60.0,40.1,0.0
6343027578,DP0042,50.0,42.3,0.0
6340988543,DP0003,55.0,38.4,0.0
6325454306,DP0017,55.0,32.1,0.0
6339752979,DP0008,55.0,39.6,0.0
6344275108,DP0043,45.0,28.4,0.0
6328141059,DP0041,50.0,42.8,0.0
6343655037,DP0034,45.0,34.3,0.0
6340706011,DP0039,60.0,34.2,0.0
6340260908,DP0048,60.0,67.8,1.0
6340723461,DP0043,70.0,50.6,0.0
6332021782,DP0041,55.0,42.1,0.0
6333810107,DP0019,40.0,31.3,0.0
6343009601,DP0009,50.0,52.7,1.0
6342197307,DP0043,40.0,28.3,0.0
6341483895,DP0038,50.0,48.3,0.0
6341074676,DP0019,50.0,35.7,0.0
6339805329,DP0041,45.0,27.2,0.0
6340946617,DP0043,50.0,28.0,0.0
6331843042,DP0033,55.0,41.2,0.0
6336214173,DP0041,50.0,34.7,0.0
6341571830,DP0041,45.0,40.1,0.0
6340325137,DP0038,70.0,44.3,0.0
6339178282,,,,
6340659670,DP0050,50.0,39.4,0.0
6328105986,DP0047,50.0,26.6,0.0
6341271107,DP0043,45.0,43.7,0.0
6340159461,DP0041,50.0,34.6,0.0
6326206621,DP0019,50.0,39.7,0.0
6340208428,DP0043,50.0,42.8,0.0
6338477699,DP0019,55.0,46.4,0.0
6335506664,DP0041,55.0,52.8,0.0
6341071124,DP0043,60.0,50.9,0.0
6337331127,DP0041,45.0,34.3,0.0
6339574517,DP0041,55.0,36.9,0.0
6339732616,DP0041,45.0,28.3,0.0
6340771920,DP0014,50.0,36.2,0.0
6340973609,DP0041,50.0,32.2,0.0
6333192127,DP0006,65.0,39.7,0.0
6338886146,DP0041,55.0,47.1,0.0
6335977861,DP0009,50.0,36.5,0.0
6315770506,DP0037,60.0,48.6,0.0
6328012793,DP0043,50.0,40.6,0.0
6330522629,DP0049,50.0,39.9,0.0
6332147349,DP0023,60.0,58.6,0.0
6335001034,DP0041,60.0,49.7,0.0
6334657587,DP0041,40.0,28.4,0.0
6334039605,DP0047,55.0,59.1,1.0
6335348963,DP0041,55.0,53.1,0.0
6339442022,DP0041,45.0,28.2,0.0
6339194242,DP0043,55.0,52.6,0.0
6336079849,DP0029,55.0,42.8,0.0
6336537536,DP0043,55.0,41.8,0.0
6337743378,DP0043,50.0,51.2,1.0
6339772353,DP0043,60.0,52.6,0.0
6335969306,DP0019,60.0,48.4,0.0
6327517721,DP0034,75.0,56.0,0.0
6330708254,DP0043,65.0,51.3,0.0
6336502954,DP0028,45.0,33.5,0.0
6333360676,DP0041,45.0,28.0,0.0
6338714286,DP0007,45.0,35.3,0.0
6338693389,DP0005,50.0,33.3,0.0
6328942409,DP0036,55.0,37.8,0.0
6335057981,DP0041,50.0,26.5,0.0
6338387693,DP0033,45.0,24.2,0.0
6308751926,DP0041,65.0,87.6,1.0
6328638732,DP0041,45.0,28.1,0.0
6338712120,DP0041,45.0,34.7,0.0
6338645912,DP0041,55.0,49.1,0.0
6334791747,DP0038,55.0,32.7,0.0
6335589297,DP0038,55.0,30.2,0.0
6334513486,DP0008,60.0,47.2,0.0
6336439296,DP0041,55.0,52.8,0.0
6337855212,DP0041,70.0,60.3,0.0
6336576232,DP0041,40.0,27.8,0.0
6335849765,DP0024,65.0,50.1,0.0
6337212516,DP0041,65.0,49.2,0.0
6334310610,DP0005,55.0,33.9,0.0
6321143534,DP0043,50.0,47.1,0.0
6332016523,DP0003,55.0,31.2,0.0
6330580762,DP0047,65.0,49.1,0.0
6331728402,DP0041,50.0,43.3,0.0
6330443964,DP0037,50.0,40.4,0.0
6332717719,DP0019,50.0,40.0,0.0
6324902520,DP0002,55.0,51.5,0.0
6333222393,DP0019,70.0,58.6,0.0
6332941234,DP0007,45.0,23.4,0.0
6333624307,DP0041,50.0,39.6,0.0
6327924687,DP0023,40.0,21.5,0.0
6333024453,DP0041,50.0,29.3,0.0
6331883514,DP0015,50.0,24.8,0.0
6332446802,DP0043,55.0,38.1,0.0
6325998611,DP0041,55.0,31.6,0.0
6331036380,DP0007,50.0,33.4,0.0
6277105756,DP0034,90.0,63.5,0.0
6331302398,DP0015,45.0,22.2,0.0
6330346926,DP0015,90.0,73.7,0.0
6329785223,DP0041,55.0,35.0,0.0
6323169648,DP0041,60.0,37.7,0.0
6330404055,DP0043,40.0,23.3,0.0
6328672257,DP0041,55.0,44.4,0.0
6327921999,DP0048,45.0,45.8,1.0
6326313639,DP0044,55.0,42.3,0.0
6328585588,DP0043,70.0,61.3,0.0
6325408711,DP0041,45.0,35.1,0.0
6326495278,DP0008,55.0,39.4,0.0
6324598581,DP0015,80.0,47.1,0.0
6327800821,DP0041,90.0,57.2,0.0
6307488594,DP0038,55.0,42.5,0.0
6326123841,DP0008,45.0,32.0,0.0
6314223537,DP0041,40.0,40.5,1.0
6325946466,DP0003,55.0,32.7,0.0
6325438173,DP0041,50.0,31.2,0.0
6323075442,DP0005,50.0,40.1,0.0
6314239663,DP0041,45.0,32.8,0.0
6324328884,DP0041,40.0,23.3,0.0
6324610411,DP0008,75.0,54.7,0.0
6307933089,DP0041,55.0,36.9,0.0
6316983834,DP0041,45.0,37.4,0.0
6318038152,DP0019,45.0,38.0,0.0
6321906443,DP0009,50.0,34.1,0.0
6323493083,DP0026,60.0,56.0,0.0
6321744167,DP0041,85.0,71.7,0.0
6319972980,DP0041,55.0,33.4,0.0
6319499062,DP0008,90.0,58.8,0.0
6322435818,DP0041,45.0,26.1,0.0
6306474053,DP0019,90.0,69.7,0.0
6317457281,DP0043,55.0,39.3,0.0
6319624574,DP0021,40.0,24.4,0.0
6316456240,DP0043,60.0,38.0,0.0
6318783224,DP0038,75.0,54.1,0.0
6317525263,DP0041,75.0,53.7,0.0
6318022657,DP0041,50.0,36.5,0.0
6321782665,DP0041,50.0,33.1,0.0
6317933389,DP0033,45.0,34.9,0.0
6317806803,DP0041,60.0,43.8,0.0
6310009340,DP0038,45.0,31.3,0.0
6319289873,DP0041,55.0,32.6,0.0
6317988813,DP0041,55.0,45.6,0.0
6317149777,DP0043,65.0,41.5,0.0
6310783332,DP0041,50.0,33.6,0.0
6306869036,DP0027,55.0,42.4,0.0
6319361673,DP0041,50.0,40.1,0.0
6326750829,DP0041,50.0,46.2,0.0
6345893583,DP0043,55.0,39.0,0.0
6339582440,DP0043,55.0,41.3,0.0
6343906903,DP0041,40.0,44.7,1.0
6346007197,DP0026,50.0,41.1,0.0
6320481140,DP0041,60.0,42.2,0.0
6333095850,DP0041,50.0,32.7,0.0
6343116868,DP0049,60.0,47.2,0.0
6340759356,DP0018,55.0,35.4,0.0
6339061440,DP0005,50.0,47.4,0.0
6337020399,DP0005,55.0,47.8,0.0
6344512617,DP0041,60.0,45.7,0.0
6345586658,DP0044,55.0,34.9,0.0
6342510098,DP0001,50.0,38.5,0.0
6344826753,DP0041,45.0,32.9,0.0
6343099863,DP0041,55.0,34.3,0.0
6340779760,DP0041,50.0,35.8,0.0
6344502834,DP0028,40.0,48.1,1.0
6338418790,DP0041,40.0,30.9,0.0
6344949032,DP0005,50.0,43.8,0.0
6344395505,DP0041,55.0,48.1,0.0
6338165055,DP0019,65.0,63.1,0.0
6340008938,DP0041,50.0,44.4,0.0
6342838670,DP0041,50.0,41.7,0.0
6340989642,DP0019,45.0,41.1,0.0
6338974801,DP0012,40.0,32.5,0.0
6334659669,DP0041,50.0,38.2,0.0
6331791357,DP0041,55.0,47.3,0.0
6334117734,DP0041,55.0,65.0,1.0
6340978010,DP0019,60.0,49.3,0.0
6337737033,DP0005,50.0,52.9,1.0
6332630069,DP0036,50.0,50.8,1.0
6337043844,DP0007,65.0,68.5,1.0
6339116624,DP0043,45.0,45.2,1.0
6331979135,DP0005,50.0,53.0,1.0
6339915855,DP0038,45.0,44.2,0.0
6338357184,DP0005,50.0,29.2,0.0
6333934564,,,,
6334296572,DP0041,55.0,52.1,0.0
6335451486,DP0041,55.0,44.7,0.0
6339541937,DP0005,70.0,74.2,1.0
6337866132,DP0001,45.0,50.0,1.0
6328709600,DP0005,60.0,32.4,0.0
6330377241,DP0041,60.0,39.0,0.0
6325450712,DP0041,50.0,37.4,0.0
6337290351,DP0005,55.0,40.0,0.0
6336987433,DP0041,50.0,50.3,1.0
6337205182,DP0041,55.0,32.0,0.0
6333980479,DP0043,50.0,36.1,0.0
6325729976,DP0043,45.0,36.9,0.0
6337039225,DP0024,55.0,34.5,0.0
6333973483,DP0008,50.0,40.6,0.0
6330786002,DP0016,40.0,44.0,1.0
6317739605,DP0041,55.0,42.9,0.0
6321991066,DP0048,65.0,52.6,0.0
6333321727,DP0041,50.0,49.1,0.0
6332495448,DP0021,50.0,29.3,0.0
6334224442,DP0038,55.0,54.3,0.0
6332944363,DP0021,45.0,38.5,0.0
6334363295,DP0019,50.0,39.9,0.0
6330596952,DP0041,50.0,53.9,1.0
6333605054,DP0002,55.0,42.5,0.0
6329103601,DP0019,50.0,43.0,0.0
6327450863,DP0041,60.0,40.2,0.0
6326077965,DP0005,50.0,32.7,0.0
6331793226,DP0005,50.0,30.3,0.0
6303908765,DP0019,40.0,43.7,1.0
6331911843,DP0043,50.0,34.8,0.0
6325110111,DP0041,55.0,39.4,0.0
6322829945,DP0003,70.0,51.7,0.0
6329062879,DP0041,50.0,33.1,0.0
6329030157,DP0019,55.0,43.8,0.0
6328246893,DP0041,40.0,29.1,0.0
6327657732,DP0041,50.0,39.5,0.0
6328697643,DP0043,50.0,46.0,0.0
6328427027,DP0041,65.0,43.8,0.0
6316471124,DP0050,50.0,54.5,1.0
6327005855,DP0048,65.0,49.2,0.0
6327346352,DP0043,50.0,79.7,1.0
6317418149,DP0041,50.0,44.5,0.0
6319729455,DP0034,50.0,43.1,0.0
6324551965,DP0028,50.0,31.3,0.0
6323766672,DP0002,55.0,51.3,0.0
6324418329,DP0018,55.0,41.8,0.0
6323726573,DP0041,40.0,31.4,0.0
6323799836,DP0041,50.0,29.2,0.0
6299248663,DP0043,55.0,50.4,0.0
6322912976,DP0005,40.0,60.3,1.0
6313838008,DP0008,65.0,47.9,0.0
6320648279,DP0041,50.0,27.2,0.0
6321129002,DP0028,40.0,33.7,0.0
6318444875,DP0007,50.0,47.0,0.0
6320811468,DP0050,45.0,37.9,0.0
6314972632,DP0041,45.0,37.2,0.0
6319958779,DP0036,50.0,43.7,0.0
6314681907,DP0041,45.0,28.4,0.0
6333294493,DP0041,55.0,43.0,0.0
6335030161,DP0041,45.0,39.8,0.0
6321734076,DP0041,45.0,27.7,0.0
6321038543,DP0005,45.0,66.4,1.0
6343881372,DP0041,45.0,39.4,0.0
6341687492,DP0002,40.0,36.7,0.0
6341993646,DP0005,50.0,39.3,0.0
6337878866,DP0043,40.0,27.8,0.0
6340623076,DP0041,40.0,44.2,1.0
6339850421,DP0041,50.0,27.4,0.0
6332206892,DP0043,55.0,43.0,0.0
6324328022,DP0046,45.0,96.4,1.0
6325525896,DP0043,50.0,47.9,0.0
6316965342,DP0041,45.0,40.5,0.0
6343556735,DP0026,70.0,44.2,0.0
6341372352,DP0008,50.0,34.1,0.0
6347148110,DP0034,60.0,30.3,0.0
6346575445,DP0028,55.0,35.2,0.0
6340120438,DP0041,50.0,36.8,0.0
6345983398,DP0041,40.0,26.8,0.0
6338417991,DP0048,70.0,54.4,0.0
6342568196,DP0041,50.0,28.5,0.0
6339091728,DP0041,55.0,31.9,0.0
6343638455,DP0026,40.0,23.0,0.0
6341843056,DP0005,55.0,30.7,0.0
6328375738,DP0019,40.0,26.3,0.0
6341709128,DP0041,40.0,17.2,0.0
6340488070,DP0015,40.0,23.8,0.0
6342952241,DP0041,70.0,42.6,0.0
6342311760,DP0041,45.0,30.0,0.0
6342118841,DP0010,40.0,23.2,0.0
6342359765,DP0019,40.0,33.7,0.0
6341380429,DP0041,50.0,38.8,0.0
6337091982,DP0038,50.0,32.2,0.0
6338574877,DP0041,75.0,51.7,0.0
6338396715,DP0041,90.0,78.5,0.0
6340688587,DP0041,45.0,20.8,0.0
6337484595,DP0041,45.0,24.5,0.0
6336202046,DP0041,50.0,31.3,0.0
6340221645,DP0047,60.0,45.7,0.0
6332478669,DP0015,45.0,35.8,0.0
6339652137,DP0041,55.0,38.2,0.0
6339439693,DP0029,45.0,22.8,0.0
6341082968,DP0019,55.0,39.6,0.0
6340510863,DP0012,50.0,34.8,0.0
6331398314,DP0041,45.0,21.0,0.0
6336591060,DP0015,50.0,25.5,0.0
6340347799,DP0015,50.0,28.9,0.0
6326807114,DP0049,50.0,31.6,0.0
6335255619,DP0041,50.0,31.4,0.0
6338374622,DP0041,55.0,35.5,0.0
6338255760,DP0041,45.0,23.1,0.0
6334350288,DP0048,55.0,42.3,0.0
6340172902,DP0041,50.0,49.3,0.0
6339193010,DP0015,55.0,32.4,0.0
6337513438,DP0043,40.0,26.4,0.0
6337592940,DP0041,40.0,25.4,0.0
6335987079,DP0037,50.0,25.9,0.0
6339344397,DP0041,50.0,27.0,0.0
6339439753,DP0036,60.0,45.5,0.0
6339993445,DP0043,40.0,34.0,0.0
6337712494,DP0027,40.0,31.7,0.0
6339174316,DP0047,45.0,40.6,0.0
6337068473,DP0043,45.0,24.7,0.0
6334607811,DP0041,40.0,17.8,0.0
6331295181,DP0041,55.0,33.6,0.0
6335975512,DP0029,60.0,29.3,0.0
6330847919,DP0003,40.0,21.6,0.0
6335939543,DP0008,50.0,33.0,0.0
6334038367,DP0041,65.0,46.3,0.0
6337526869,DP0041,40.0,23.3,0.0
6302993066,DP0008,40.0,23.4,0.0
6335482493,DP0019,45.0,31.1,0.0
6337517719,DP0046,40.0,34.5,0.0
6336668018,DP0028,75.0,42.3,0.0
6335831669,DP0043,50.0,38.9,0.0
6334000373,DP0021,90.0,65.1,0.0
6335069141,DP0041,60.0,46.2,0.0
6329699485,DP0003,45.0,32.2,0.0
6335182855,DP0041,50.0,36.8,0.0
6334795581,DP0041,40.0,30.1,0.0
6334546275,DP0015,85.0,58.6,0.0
6325630211,DP0041,65.0,44.8,0.0
6331674164,DP0041,50.0,36.8,0.0
6333662587,DP0041,60.0,39.3,0.0
6330124453,DP0041,50.0,28.9,0.0
6332352807,DP0021,40.0,30.4,0.0
6331731378,DP0041,45.0,33.1,0.0
6332721551,DP0049,45.0,28.7,0.0
6325498329,DP0043,75.0,41.8,0.0
6331818872,DP0047,45.0,42.1,0.0
6331475750,DP0032,50.0,43.6,0.0
6318022544,DP0041,50.0,45.0,0.0
6327675943,DP0041,50.0,47.6,0.0
6332160670,DP0005,50.0,40.4,0.0
6328101384,DP0041,50.0,27.5,0.0
6330159839,DP0041,50.0,40.9,0.0
6321303535,DP0014,55.0,38.4,0.0
6329383389,DP0005,40.0,20.3,0.0
6328928059,DP0043,45.0,24.7,0.0
6319614451,DP0005,50.0,25.4,0.0
6329581161,DP0006,45.0,33.2,0.0
6317162600,DP0038,75.0,54.5,0.0
6328586698,DP0008,40.0,20.8,0.0
6327122967,DP0043,50.0,20.9,0.0
6326614664,DP0041,50.0,30.7,0.0
6327551667,DP0041,50.0,36.4,0.0
6320562632,DP0043,55.0,36.2,0.0
6327129581,DP0041,75.0,47.9,0.0
6313555282,DP0028,50.0,31.1,0.0
6325720253,DP0041,90.0,60.7,0.0
6325653241,DP0039,55.0,37.3,0.0
6324441841,DP0023,40.0,50.5,1.0
6317046529,DP0041,40.0,21.2,0.0
6324611590,DP0041,40.0,18.0,0.0
6324007101,DP0041,90.0,63.2,0.0
6320955432,DP0048,55.0,46.2,0.0
6318371701,DP0041,55.0,30.0,0.0
6322973358,DP0041,55.0,56.3,1.0
6303833758,DP0043,55.0,39.2,0.0
6311506989,DP0001,40.0,38.5,0.0
6321447663,DP0028,50.0,29.1,0.0
6309923283,DP0041,40.0,22.0,0.0
6321024263,DP0041,45.0,25.0,0.0
6320109134,DP0011,85.0,73.6,0.0
6322576806,DP0021,50.0,28.7,0.0
6322099708,DP0026,60.0,44.4,0.0
6320449374,DP0041,60.0,41.3,0.0
6315776454,DP0043,40.0,22.9,0.0
6320209889,DP0043,40.0,27.7,0.0
6320990579,DP0041,40.0,33.6,0.0
6320681426,DP0043,50.0,43.8,0.0
6317487911,DP0041,40.0,32.7,0.0
6317719097,DP0033,40.0,20.8,0.0
6311283145,DP0033,50.0,34.5,0.0
6320056651,DP0041,45.0,44.0,0.0
6335040085,DP0008,40.0,24.5,0.0
6319034974,DP0041,40.0,43.0,1.0
6347009938,DP0041,40.0,45.7,1.0
6338596448,DP0039,55.0,34.9,0.0
6334413422,DP0047,55.0,48.5,0.0
6345267538,DP0041,55.0,36.2,0.0
6322454173,DP0015,55.0,57.2,1.0
6345902669,DP0041,45.0,23.3,0.0
6336749135,DP0041,50.0,29.8,0.0
6333024424,DP0023,40.0,49.1,1.0
6337346405,DP0005,60.0,41.6,0.0
6343078079,DP0041,50.0,34.8,0.0
6342804711,DP0046,45.0,34.7,0.0
6325917641,DP0041,40.0,24.1,0.0
6343053886,DP0043,40.0,13.8,0.0
6340422907,DP0043,40.0,32.5,0.0
6342431441,DP0008,60.0,44.2,0.0
6342404843,DP0041,65.0,46.5,0.0
6333114488,DP0039,40.0,32.5,0.0
6339709487,DP0018,50.0,31.1,0.0
6341844963,DP0041,40.0,46.5,1.0
6336354764,DP0041,50.0,25.8,0.0
6340097954,DP0012,50.0,27.4,0.0
6338416548,DP0043,50.0,31.4,0.0
6336938595,DP0041,50.0,30.9,0.0
6336827113,DP0043,55.0,32.7,0.0
6335665088,DP0022,55.0,39.1,0.0
6329688938,DP0044,40.0,26.5,0.0
6338931442,DP0028,55.0,32.7,0.0
6339334578,DP0005,55.0,56.5,1.0
6339233202,DP0041,65.0,46.6,0.0
6332321413,DP0041,50.0,27.5,0.0
6335925125,DP0041,50.0,28.8,0.0
6338463794,DP0041,55.0,38.7,0.0
6339094160,DP0005,75.0,48.4,0.0
6338009743,DP0041,45.0,29.5,0.0
6335732918,DP0037,45.0,30.9,0.0
6327848205,DP0041,40.0,22.5,0.0
6330601539,DP0038,50.0,31.9,0.0
6334087996,DP0048,40.0,40.1,1.0
6333813553,DP0041,40.0,28.1,0.0
6332846841,DP0041,60.0,49.4,0.0
6329751275,DP0044,50.0,41.4,0.0
6329920428,DP0041,55.0,32.5,0.0
6327527291,DP0002,45.0,17.4,0.0
6329629845,DP0005,70.0,40.5,0.0
6317654963,DP0041,45.0,35.7,0.0
6322986540,DP0019,45.0,35.8,0.0
6314797426,DP0041,40.0,21.3,0.0
6322923875,DP0015,40.0,34.5,0.0
6325593454,DP0019,75.0,48.9,0.0
6327415269,DP0041,40.0,52.1,1.0
6306917915,DP0048,55.0,62.2,1.0
6327908406,DP0041,40.0,43.8,1.0
6321319876,DP0044,40.0,28.7,0.0
6325396015,DP0047,45.0,26.5,0.0
6323412688,DP0015,65.0,44.3,0.0
6319774227,DP0021,50.0,36.4,0.0
6310742435,DP0041,55.0,33.4,0.0
6323831707,DP0043,40.0,25.2,0.0
6322236597,DP0041,45.0,24.6,0.0
6322810860,DP0050,55.0,60.1,1.0
6317518243,DP0002,85.0,64.4,0.0
6321422449,DP0020,45.0,27.2,0.0
6310657831,DP0041,60.0,43.2,0.0
6320721018,DP0041,45.0,27.3,0.0
6309885337,DP0007,50.0,28.6,0.0
6320021746,DP0028,50.0,31.9,0.0
6312205767,DP0003,50.0,43.3,0.0
6320712315,DP0041,50.0,45.7,0.0
6344986319,DP0043,55.0,42.8,0.0
6346909292,DP0043,40.0,23.4,0.0
6344690236,DP0041,50.0,31.6,0.0
6345617671,DP0041,45.0,24.7,0.0
6338402637,DP0041,45.0,31.8,0.0
6344773171,DP0008,50.0,26.6,0.0
6341003487,DP0026,50.0,24.0,0.0
6341269177,DP0013,40.0,23.7,0.0
6345942849,DP0041,40.0,25.5,0.0
6344752622,DP0043,60.0,37.5,0.0
6339763734,DP0041,65.0,51.5,0.0
6343387535,DP0041,60.0,40.6,0.0
6327566721,DP0008,60.0,57.9,0.0
6341741867,DP0041,50.0,36.3,0.0
6338296946,DP0041,50.0,32.5,0.0
6340215331,DP0040,50.0,33.1,0.0
6340638699,DP0017,55.0,33.0,0.0
6330765770,DP0043,70.0,49.6,0.0
6337549972,DP0041,50.0,42.5,0.0
6338511145,DP0043,40.0,24.9,0.0
6336108806,DP0041,50.0,34.4,0.0
6335850828,DP0049,45.0,26.4,0.0
6334725644,DP0014,40.0,33.4,0.0
6334115516,DP0005,100.0,64.4,0.0
6333663764,DP0026,45.0,31.8,0.0
6321330274,DP0008,40.0,21.5,0.0
6328220607,DP0041,45.0,22.1,0.0
6333492737,DP0041,55.0,28.1,0.0
6329087987,DP0041,40.0,27.5,0.0
6332801404,DP0019,65.0,45.7,0.0
6331086674,DP0043,40.0,27.0,0.0
6324379997,DP0003,55.0,28.3,0.0
6331625384,DP0027,40.0,27.3,0.0
6325740564,DP0041,55.0,35.2,0.0
6331498402,DP0041,85.0,65.8,0.0
6310476528,DP0037,85.0,70.3,0.0
6330328253,DP0003,55.0,32.0,0.0
6317650935,DP0041,50.0,36.3,0.0
6326069652,DP0005,55.0,37.6,0.0
6299111254,DP0007,40.0,35.9,0.0
6296576993,DP0041,85.0,59.0,0.0
6280064077,DP0021,65.0,46.7,0.0
6312466807,DP0027,60.0,44.5,0.0
6327201738,DP0041,40.0,29.5,0.0
6316878133,DP0048,45.0,67.7,1.0
6324882462,DP0048,40.0,57.8,1.0
6325240618,DP0037,40.0,36.3,0.0
6323908564,DP0019,40.0,37.7,0.0
6320750549,DP0021,50.0,47.5,0.0
6322358906,DP0019,40.0,41.0,1.0
6315598573,DP0041,40.0,37.4,0.0
6319993053,DP0041,40.0,20.0,0.0
6316193056,DP0041,65.0,43.7,0.0
6312292987,DP0036,50.0,34.6,0.0
6317188950,DP0015,50.0,43.4,0.0
6319162689,DP0041,40.0,26.8,0.0
6337022871,DP0026,45.0,43.6,0.0
6329004199,DP0041,45.0,60.1,1.0
6344082057,DP0041,65.0,45.5,0.0
6340447632,DP0041,50.0,50.9,1.0
6372065363,DP0041,75.0,53.2,0.0
6373960648,DP0041,40.0,30.0,0.0
6372320133,DP0019,55.0,36.5,0.0
6372678151,DP0003,50.0,35.4,0.0
6373852362,DP0041,50.0,31.7,0.0
6372750300,DP0019,50.0,36.5,0.0
6372254622,DP0041,50.0,24.8,0.0
6365557953,DP0041,65.0,36.7,0.0
6368315482,DP0043,55.0,43.6,0.0
6368637422,DP0047,40.0,17.2,0.0
6368433365,DP0002,40.0,19.1,0.0
6370719372,DP0049,50.0,29.9,0.0
6362069751,DP0041,45.0,21.0,0.0
6371405200,DP0041,45.0,38.0,0.0
6370271389,DP0002,40.0,20.2,0.0
6369977429,DP0043,65.0,52.0,0.0
6370169473,DP0008,50.0,32.6,0.0
6371381777,DP0043,65.0,54.1,0.0
6370404178,DP0002,55.0,35.4,0.0
6371502755,DP0041,55.0,63.5,1.0
6371630166,DP0039,55.0,39.5,0.0
6370717612,DP0015,65.0,52.7,0.0
6370611344,DP0007,55.0,49.3,0.0
6365780794,DP0039,55.0,39.2,0.0
6370686503,DP0008,65.0,45.0,0.0
6366606322,DP0041,65.0,42.3,0.0
6368416766,DP0041,60.0,41.0,0.0
6367983696,DP0042,45.0,30.8,0.0
6369466359,DP0041,40.0,27.4,0.0
6366777901,DP0005,60.0,44.9,0.0
6368648954,DP0021,40.0,26.9,0.0
6369703172,DP0019,50.0,32.5,0.0
6369411277,DP0043,40.0,23.8,0.0
6368637313,DP0043,50.0,35.3,0.0
6362175223,DP0029,55.0,38.3,0.0
6351241766,DP0005,50.0,36.2,0.0
6366700837,DP0043,45.0,38.5,0.0
6367215780,DP0043,55.0,39.2,0.0
6367594395,DP0043,40.0,29.8,0.0
6358751777,DP0043,70.0,55.8,0.0
6368486706,DP0041,70.0,42.7,0.0
6365553156,DP0011,65.0,50.7,0.0
6359797931,DP0041,40.0,28.6,0.0
6367659766,DP0041,40.0,21.3,0.0
6350198700,DP0041,45.0,27.1,0.0
6367407871,DP0041,50.0,27.2,0.0
6365194219,DP0019,55.0,43.2,0.0
6349544757,DP0028,65.0,46.2,0.0
6367415092,DP0039,50.0,35.1,0.0
6365095578,DP0008,40.0,22.6,0.0
6364877192,DP0041,50.0,26.8,0.0
6357908730,DP0041,50.0,40.2,0.0
6355306727,DP0042,55.0,42.3,0.0
6361241601,DP0036,55.0,39.0,0.0
6365257788,DP0041,50.0,32.9,0.0
6360210366,DP0005,65.0,43.9,0.0
6361829806,DP0041,55.0,33.1,0.0
6361242721,DP0034,50.0,25.4,0.0
6360753131,DP0039,65.0,40.9,0.0
6361080428,DP0043,50.0,36.5,0.0
6362816020,DP0041,70.0,57.4,0.0
6361802100,DP0003,55.0,46.4,0.0
6362571718,DP0015,40.0,44.6,1.0
6362087428,DP0041,40.0,37.4,0.0
6356776395,DP0038,40.0,36.9,0.0
6359970331,DP0043,50.0,47.8,0.0
6358899615,DP0041,50.0,30.2,0.0
6360544390,DP0041,45.0,25.6,0.0
6358146475,DP0041,45.0,25.9,0.0
6357616187,DP0039,50.0,40.3,0.0
6358760534,DP0039,50.0,33.3,0.0
6359371787,DP0036,55.0,50.4,0.0
6359253794,DP0041,40.0,27.4,0.0
6352981204,DP0018,55.0,40.4,0.0
6356040088,DP0043,45.0,41.0,0.0
6359439818,DP0026,50.0,28.7,0.0
6329039596,DP0008,50.0,63.4,1.0
6359266127,DP0006,40.0,18.4,0.0
6355135096,DP0002,65.0,37.4,0.0
6352472616,DP0038,55.0,54.9,0.0
6352795285,DP0013,50.0,25.4,0.0
6349825656,DP0003,50.0,23.0,0.0
6349500314,DP0041,50.0,26.5,0.0
6345067335,DP0041,45.0,23.5,0.0
6356749303,,,,
6355479404,DP0041,55.0,29.8,0.0
6353950477,DP0041,75.0,63.7,0.0
6354959093,DP0049,50.0,27.9,0.0
6350120968,DP0041,75.0,46.2,0.0
6353061295,DP0017,70.0,47.0,0.0
6355434614,DP0041,65.0,41.5,0.0
6356170470,DP0041,40.0,19.5,0.0
6348454914,DP0015,60.0,44.3,0.0
6353680145,DP0043,50.0,25.3,0.0
6353878115,DP0038,55.0,42.3,0.0
6350415816,DP0047,50.0,23.9,0.0
6354208771,DP0041,45.0,22.6,0.0
6353878660,DP0041,55.0,37.2,0.0
6353679583,,,,
6350727664,DP0041,40.0,20.2,0.0
6352432574,DP0041,50.0,22.6,0.0
6354593799,DP0043,55.0,53.0,0.0
6344156364,DP0041,45.0,26.3,0.0
6344720154,DP0043,40.0,21.1,0.0
6353793525,DP0043,45.0,31.1,0.0
6353344712,DP0048,60.0,52.6,0.0
6346724991,DP0041,50.0,34.1,0.0
6347283319,DP0041,40.0,23.0,0.0
6352003488,DP0009,65.0,30.9,0.0
6346833068,DP0041,40.0,26.1,0.0
6351311679,,,,
6328000531,DP0019,40.0,27.3,0.0
6350299710,DP0016,45.0,34.0,0.0
6348830390,DP0043,55.0,40.5,0.0
6350700004,DP0043,45.0,29.7,0.0
6349820807,DP0041,55.0,37.3,0.0
6347185369,DP0041,45.0,32.8,0.0
6350097781,DP0041,60.0,30.6,0.0
6349512040,DP0041,55.0,43.8,0.0
6349221282,DP0037,50.0,34.7,0.0
6347406166,DP0031,50.0,52.9,1.0
6327786672,DP0032,55.0,35.4,0.0
6350765561,DP0041,40.0,22.5,0.0
6350042182,DP0041,65.0,49.7,0.0
6339186097,DP0040,55.0,39.8,0.0
6339749979,DP0048,40.0,37.8,0.0
6345756740,DP0005,40.0,26.9,0.0
6349243710,DP0027,40.0,25.3,0.0
6343373541,DP0038,50.0,34.9,0.0
6348540050,DP0003,50.0,32.6,0.0
6346748600,DP0028,50.0,24.3,0.0
6347442234,DP0019,65.0,65.3,1.0
6348442098,DP0041,50.0,21.0,0.0
6347362251,DP0026,50.0,26.4,0.0
6318616199,DP0041,55.0,33.7,0.0
6343167622,DP0041,65.0,39.5,0.0
6345047143,DP0008,65.0,42.8,0.0
6346176233,DP0041,40.0,24.8,0.0
6371745001,DP0006,50.0,32.4,0.0
6372333648,DP0043,65.0,45.1,0.0
6368543337,DP0043,45.0,70.3,1.0
6370921665,DP0023,45.0,32.8,0.0
6374050246,DP0043,55.0,35.1,0.0
6360839249,DP0041,40.0,20.1,0.0
6356922337,DP0043,55.0,30.7,0.0
6373357706,DP0041,50.0,41.7,0.0
6370817224,DP0015,45.0,20.6,0.0
6369098215,DP0043,45.0,29.0,0.0
6368379057,DP0012,50.0,29.8,0.0
6367980131,DP0015,45.0,24.7,0.0
6372642542,DP0019,45.0,27.2,0.0
6366711404,DP0021,55.0,37.4,0.0
6372443313,DP0041,60.0,36.6,0.0
6365018148,DP0041,50.0,46.4,0.0
6371773358,DP0043,55.0,34.4,0.0
6368803777,DP0005,45.0,32.8,0.0
6370169343,DP0047,55.0,54.7,0.0
6372399904,DP0043,45.0,41.9,0.0
6370847618,DP0005,55.0,40.0,0.0
6370426213,DP0028,55.0,39.8,0.0
6370144426,DP0041,55.0,47.9,0.0
6370360457,DP0041,45.0,59.4,1.0
6369749333,DP0041,55.0,39.2,0.0
6371612552,DP0041,50.0,37.3,0.0
6366874307,DP0041,50.0,42.8,0.0
6371206936,DP0005,40.0,28.6,0.0
6371654852,DP0041,50.0,31.9,0.0
6366970833,DP0005,45.0,31.4,0.0
6371632299,DP0041,45.0,30.7,0.0
6368426646,DP0041,55.0,58.2,1.0
6369413281,DP0041,55.0,45.0,0.0
6360720394,DP0050,55.0,48.7,0.0
6368578382,DP0041,50.0,30.9,0.0
6365523541,DP0041,60.0,60.9,1.0
6370967857,DP0041,55.0,74.7,1.0
6368645268,DP0049,50.0,81.6,1.0
6356228134,DP0041,50.0,33.3,0.0
6365931333,DP0009,50.0,65.9,1.0
6367887458,DP0047,50.0,46.7,0.0
6368754384,DP0041,45.0,43.5,0.0
6370068811,DP0005,40.0,29.9,0.0
6371394039,DP0041,40.0,43.7,1.0
6369178937,DP0043,50.0,35.6,0.0
6367077195,DP0041,50.0,39.6,0.0
6369846685,DP0028,45.0,36.4,0.0
6363122467,DP0041,65.0,47.4,0.0
6370271607,DP0041,60.0,39.4,0.0
6363997811,DP0041,55.0,40.0,0.0
6369598398,DP0008,40.0,24.2,0.0
6366654807,DP0018,55.0,58.5,1.0
6369066687,DP0041,55.0,60.8,1.0
6369652636,DP0041,45.0,38.8,0.0
6367450676,DP0019,55.0,34.6,0.0
6368426739,DP0028,50.0,40.5,0.0
6366432478,,,,
6364377751,DP0041,45.0,66.6,1.0
6370108898,DP0002,65.0,50.0,0.0
6369529694,DP0005,55.0,60.2,1.0
6370333873,DP0002,45.0,41.6,0.0
6366144704,DP0041,55.0,67.7,1.0
6366071478,DP0038,65.0,47.0,0.0
6370159011,DP0020,45.0,35.2,0.0
6367872285,DP0043,65.0,51.3,0.0
6369623967,DP0014,55.0,38.1,0.0
6366015915,DP0033,45.0,45.9,1.0
6367449717,DP0044,50.0,37.4,0.0
6369642745,DP0038,50.0,30.6,0.0
6363567762,DP0041,45.0,39.9,0.0
6365953610,DP0005,45.0,35.1,0.0
6369555912,DP0041,45.0,30.1,0.0
6360039040,DP0038,55.0,33.7,0.0
6366518395,DP0041,55.0,40.8,0.0
6368206794,DP0019,55.0,37.7,0.0
6360787882,DP0038,40.0,29.3,0.0
6364042870,DP0041,40.0,27.8,0.0
6363394086,DP0048,50.0,48.4,0.0
6363670933,DP0005,50.0,29.3,0.0
6363799872,DP0041,40.0,19.4,0.0
6365602241,DP0020,65.0,45.9,0.0
6366154421,DP0041,40.0,24.6,0.0
6366441625,DP0019,50.0,49.5,0.0
6366343680,DP0041,45.0,31.7,0.0
6366701372,DP0028,55.0,30.0,0.0
6361314369,DP0026,40.0,29.1,0.0
6365195052,DP0005,55.0,52.0,0.0
6363762990,DP0008,50.0,39.0,0.0
6361727252,DP0043,50.0,27.9,0.0
6357266352,DP0050,65.0,63.6,0.0
6358741950,DP0041,45.0,26.1,0.0
6365307068,DP0019,40.0,34.8,0.0
6363149469,DP0034,45.0,38.2,0.0
6365726945,DP0041,40.0,23.5,0.0
6361153610,DP0048,75.0,60.7,0.0
6357974654,DP0041,40.0,29.4,0.0
6355477391,DP0042,65.0,45.6,0.0
6356362966,DP0048,45.0,42.7,0.0
6363410827,DP0043,40.0,29.0,0.0
6343092426,DP0015,40.0,24.5,0.0
6358771922,DP0002,50.0,31.3,0.0
6356157289,DP0041,40.0,30.4,0.0
6361492484,DP0041,40.0,30.0,0.0
6359508345,DP0015,65.0,43.4,0.0
6358718063,DP0019,45.0,56.4,1.0
6363244391,DP0041,65.0,88.9,1.0
6363159234,DP0041,50.0,34.5,0.0
6362025388,DP0022,40.0,49.3,1.0
6357864587,DP0041,55.0,46.5,0.0
6355219307,DP0041,40.0,26.7,0.0
6360735774,DP0041,45.0,32.3,0.0
6360139081,DP0008,45.0,37.7,0.0
6352230394,DP0041,40.0,38.0,0.0
6349778758,DP0041,40.0,20.8,0.0
6362689331,DP0005,50.0,33.3,0.0
6357769141,DP0041,50.0,31.4,0.0
6359794024,DP0032,40.0,23.0,0.0
6362217889,DP0025,50.0,31.2,0.0
6360427630,DP0039,55.0,35.9,0.0
6360957533,DP0027,40.0,31.2,0.0
6359387710,DP0026,40.0,15.2,0.0
6350663386,DP0041,55.0,32.6,0.0
6361243114,DP0008,55.0,40.3,0.0
6352358078,DP0048,50.0,44.6,0.0
6358793575,DP0041,40.0,34.5,0.0
6359453925,DP0012,40.0,31.4,0.0
6350845592,DP0008,50.0,35.7,0.0
6359335845,DP0041,45.0,34.2,0.0
6339853147,DP0041,55.0,38.2,0.0
6359741110,DP0005,55.0,42.1,0.0
6358010237,DP0017,55.0,39.6,0.0
6353873538,DP0041,40.0,16.2,0.0
6353998030,DP0005,65.0,56.2,0.0
6358966523,DP0043,55.0,38.0,0.0
6351247226,DP0041,50.0,28.4,0.0
6349018277,DP0039,40.0,19.4,0.0
6351537167,DP0027,65.0,47.8,0.0
6353056521,DP0003,75.0,48.7,0.0
6355947524,DP0041,55.0,38.1,0.0
6357636302,DP0008,40.0,27.7,0.0
6358057109,DP0021,55.0,28.0,0.0
6357177408,DP0041,50.0,40.8,0.0
6357063275,,,,
6357867186,DP0041,60.0,39.0,0.0
6354929632,DP0041,50.0,37.1,0.0
6357586832,DP0041,55.0,40.5,0.0
6348970508,DP0046,45.0,49.3,1.0
6354695462,DP0043,50.0,30.7,0.0
6347528853,DP0026,50.0,36.8,0.0
6342958974,DP0034,45.0,15.4,0.0
6356357407,DP0038,50.0,41.7,0.0
6353692327,DP0041,50.0,26.5,0.0
6355952044,DP0019,55.0,45.2,0.0
6356076996,DP0048,40.0,31.7,0.0
6348993421,DP0041,45.0,28.5,0.0
6354345453,DP0034,45.0,28.3,0.0
6348218892,DP0041,50.0,35.6,0.0
6342759697,DP0033,45.0,23.2,0.0
6348690483,DP0041,60.0,42.1,0.0
6343639552,DP0041,45.0,22.3,0.0
6346101764,DP0005,40.0,53.4,1.0
6342107978,DP0011,50.0,25.1,0.0
6350027800,DP0043,45.0,37.4,0.0
6352239790,DP0041,65.0,45.0,0.0
6337010093,DP0046,50.0,48.0,0.0
6349877218,DP0005,55.0,44.7,0.0
6350849680,DP0019,45.0,38.8,0.0
6348700202,DP0014,65.0,37.2,0.0
6344796879,DP0041,50.0,51.8,1.0
6354320988,DP0032,45.0,33.4,0.0
6350330044,DP0008,40.0,46.9,1.0
6353740898,DP0041,40.0,26.9,0.0
6350069354,DP0041,45.0,24.8,0.0
6336306561,DP0019,50.0,32.7,0.0
6350985549,DP0041,65.0,54.7,0.0
6353556958,DP0041,55.0,35.9,0.0
6350272727,DP0015,45.0,33.3,0.0
6353563880,DP0019,55.0,47.4,0.0
6350742394,DP0027,60.0,53.0,0.0
6345949911,DP0041,40.0,37.1,0.0
6351688193,DP0043,55.0,44.1,0.0
6352942520,DP0030,55.0,40.0,0.0
6349369241,DP0020,45.0,37.6,0.0
6349672293,DP0043,50.0,42.8,0.0
6349784125,DP0050,55.0,78.2,1.0
6343310115,DP0041,65.0,48.3,0.0
6352049158,DP0049,40.0,42.7,1.0
6350916895,DP0041,50.0,27.3,0.0
6347705006,DP0041,55.0,44.5,0.0
6351389143,DP0033,40.0,28.5,0.0
6349743017,DP0038,40.0,19.7,0.0
6339286773,DP0008,50.0,38.8,0.0
6351556846,DP0041,55.0,37.9,0.0
6352159206,DP0043,45.0,44.0,0.0
6342424919,DP0041,55.0,36.9,0.0
6349650313,DP0027,50.0,28.5,0.0
6350697471,DP0008,40.0,20.9,0.0
6348053632,DP0019,45.0,47.1,1.0
6349328899,DP0019,55.0,44.4,0.0
6342969653,DP0041,55.0,48.9,0.0
6348800351,DP0045,55.0,35.5,0.0
6348710445,DP0005,50.0,25.6,0.0
6346186451,DP0001,50.0,66.7,1.0
6349652643,DP0041,45.0,22.9,0.0
6337274745,DP0019,40.0,16.3,0.0
6341027137,DP0043,60.0,41.8,0.0
6345441491,DP0024,40.0,24.4,0.0
6349079962,DP0019,40.0,27.3,0.0
6346942655,DP0019,55.0,39.8,0.0
6347741197,DP0008,40.0,19.2,0.0
6342814754,DP0041,40.0,33.4,0.0
6333976582,DP0009,65.0,49.3,0.0
6346561133,DP0038,55.0,36.2,0.0
6333578163,DP0041,40.0,37.3,0.0
6346681169,,,,
6344296742,DP0003,50.0,32.2,0.0
6345972012,DP0041,40.0,24.4,0.0
6338102283,DP0041,65.0,49.0,0.0
6347055575,DP0044,55.0,29.9,0.0
6361148901,DP0011,40.0,44.8,1.0
6373480202,DP0006,65.0,47.3,0.0
6373845716,DP0005,50.0,38.6,0.0
6368515347,DP0039,40.0,29.0,0.0
6373396842,DP0041,40.0,29.0,0.0
6372231361,DP0043,40.0,35.7,0.0
6372983794,DP0041,60.0,32.0,0.0
6373516309,DP0015,45.0,30.5,0.0
6364656862,DP0041,40.0,40.4,1.0
6367649343,DP0043,40.0,35.0,0.0
6370653144,DP0024,40.0,40.9,1.0
6366581946,DP0041,50.0,34.7,0.0
6364405147,DP0047,50.0,42.7,0.0
6370417460,DP0041,50.0,27.5,0.0
6371121491,DP0041,50.0,31.7,0.0
6372025014,DP0019,40.0,25.2,0.0
6359438793,DP0037,45.0,26.0,0.0
6370518961,DP0005,45.0,18.0,0.0
6367747346,DP0041,50.0,34.8,0.0
6369373146,DP0006,55.0,39.7,0.0
6364619706,DP0043,50.0,21.5,0.0
6359367265,,,,
6370385545,DP0041,55.0,35.1,0.0
6368051679,DP0008,40.0,23.1,0.0
6368328045,DP0003,40.0,38.1,0.0
6359866003,DP0041,50.0,19.6,0.0
6367681545,DP0041,55.0,41.6,0.0
6368611449,DP0041,50.0,22.4,0.0
6368883235,DP0021,50.0,27.8,0.0
6370219962,DP0041,40.0,20.1,0.0
6369845721,DP0041,40.0,21.5,0.0
6333878110,DP0041,40.0,28.1,0.0
6369326021,DP0041,50.0,36.0,0.0
6370507464,DP0041,55.0,39.5,0.0
6362674141,DP0015,50.0,25.9,0.0
6368563950,DP0005,55.0,41.2,0.0
6367563150,DP0041,40.0,16.7,0.0
6368463532,DP0005,55.0,50.0,0.0
6367671570,DP0041,85.0,57.9,0.0
6369289829,DP0041,45.0,24.2,0.0
6350307184,DP0043,50.0,34.4,0.0
6362335216,DP0041,50.0,23.0,0.0
6366498173,DP0005,60.0,46.7,0.0
6367850846,DP0019,65.0,37.6,0.0
6355510337,DP0041,50.0,36.7,0.0
6369639895,DP0009,40.0,22.5,0.0
6360155696,DP0041,50.0,28.3,0.0
6364915297,DP0041,55.0,30.2,0.0
6365776671,DP0025,50.0,42.7,0.0
6356979188,DP0023,45.0,18.4,0.0
6368349986,DP0041,50.0,36.2,0.0
6356279373,DP0043,45.0,24.1,0.0
6367943813,DP0015,40.0,19.5,0.0
6360063275,DP0044,45.0,26.1,0.0
6367149241,DP0041,50.0,49.7,0.0
6368670638,DP0050,40.0,31.1,0.0
6365644853,DP0005,45.0,26.0,0.0
6364544016,DP0008,60.0,32.9,0.0
6367287961,DP0042,50.0,35.0,0.0
6365226649,DP0043,50.0,49.7,0.0
6367966225,DP0039,55.0,41.3,0.0
6352673512,DP0041,55.0,38.8,0.0
6356123198,DP0043,50.0,23.0,0.0
6366945350,DP0005,55.0,27.8,0.0
6366291613,DP0041,50.0,29.6,0.0
6365687048,DP0043,50.0,32.3,0.0
6358871318,DP0034,50.0,28.8,0.0
6356846303,DP0021,50.0,54.3,1.0
6363829548,DP0041,55.0,33.0,0.0
6364943585,DP0026,60.0,39.6,0.0
6366143152,DP0001,65.0,44.9,0.0
6357831527,DP0047,50.0,34.9,0.0
6367247298,DP0041,55.0,36.5,0.0
6361364578,DP0041,45.0,30.9,0.0
6350495931,DP0041,50.0,23.6,0.0
6365604357,DP0005,55.0,27.9,0.0
6364846321,DP0009,50.0,30.1,0.0
6365999186,DP0021,40.0,20.3,0.0
6361067094,DP0023,45.0,18.2,0.0
6365554391,DP0041,40.0,31.2,0.0
6351986938,DP0041,55.0,44.5,0.0
6360980190,DP0041,50.0,30.7,0.0
6366637497,DP0015,40.0,24.8,0.0
6350898879,DP0031,40.0,25.9,0.0
6359661601,DP0041,45.0,22.2,0.0
6364349345,DP0041,40.0,18.1,0.0
6362489319,DP0008,50.0,28.9,0.0
6356073195,DP0041,50.0,39.5,0.0
6360934389,DP0005,50.0,34.2,0.0
6365923862,DP0030,50.0,39.5,0.0
6365670005,DP0041,45.0,33.8,0.0
6362431796,DP0003,40.0,25.2,0.0
6357040945,DP0041,40.0,35.9,0.0
6360008852,,,,
6364900652,DP0002,40.0,44.2,1.0
6363824337,DP0013,40.0,38.1,0.0
6362056745,DP0044,50.0,29.1,0.0
6345564838,DP0041,60.0,56.4,0.0
6363088140,DP0050,50.0,39.7,0.0
6364171344,DP0041,40.0,26.0,0.0
6360373103,DP0041,45.0,29.3,0.0
6363049643,DP0033,40.0,24.6,0.0
6363122646,DP0021,60.0,48.8,0.0
6360801169,DP0018,60.0,32.6,0.0
6359322938,DP0027,65.0,43.4,0.0
6363611084,DP0041,55.0,47.2,0.0
6360389357,DP0014,45.0,21.3,0.0
6362940356,DP0015,50.0,28.1,0.0
6363892620,DP0019,50.0,29.7,0.0
6361144047,DP0039,50.0,37.7,0.0
6359348365,DP0041,40.0,27.5,0.0
6363565330,DP0043,50.0,38.5,0.0
6342605469,DP0019,40.0,25.0,0.0
6362335418,DP0012,50.0,37.2,0.0
6362117233,DP0031,55.0,44.1,0.0
6357339619,DP0043,55.0,49.0,0.0
6363136739,DP0002,40.0,24.2,0.0
6359455575,DP0041,45.0,31.4,0.0
6343603206,DP0041,40.0,29.8,0.0
6355586067,DP0009,55.0,44.8,0.0
6361671785,DP0023,40.0,26.0,0.0
6357864674,DP0015,40.0,16.3,0.0
6339507399,DP0043,55.0,30.9,0.0
6363159871,DP0041,45.0,26.9,0.0
6361961137,DP0041,50.0,40.6,0.0
6358503367,DP0041,50.0,35.4,0.0
6359216504,DP0041,55.0,30.1,0.0
6359193872,DP0041,50.0,36.5,0.0
6359121538,DP0003,40.0,33.9,0.0
6327932227,DP0026,55.0,37.7,0.0
6358777310,DP0012,50.0,29.4,0.0
6355267767,DP0041,55.0,45.4,0.0
6362536518,DP0005,40.0,25.5,0.0
6359184775,DP0041,55.0,26.4,0.0
6361083283,DP0015,50.0,26.1,0.0
6359209657,DP0046,50.0,39.4,0.0
6354677347,DP0026,50.0,34.4,0.0
6343658454,DP0024,70.0,50.8,0.0
6355385525,DP0043,55.0,43.1,0.0
6357519587,DP0038,40.0,16.7,0.0
6360321559,DP0047,40.0,24.7,0.0
6356162832,DP0003,50.0,31.9,0.0
6359672277,DP0021,50.0,25.2,0.0
6358266389,DP0041,60.0,36.3,0.0
6350061034,DP0043,50.0,28.0,0.0
6359643653,DP0019,45.0,29.9,0.0
6348913918,DP0043,45.0,37.6,0.0
6357503387,DP0041,85.0,73.1,0.0
6359848231,DP0041,45.0,28.2,0.0
6356583838,DP0033,50.0,28.9,0.0
6357198520,DP0015,50.0,33.2,0.0
6357551797,DP0043,45.0,23.9,0.0
6354528585,DP0043,60.0,28.2,0.0
6359999154,DP0041,40.0,27.7,0.0
6349855700,DP0002,40.0,28.3,0.0
6355997252,DP0007,45.0,22.4,0.0
6360739736,DP0041,50.0,41.9,0.0
6357892610,DP0003,45.0,32.5,0.0
6358869261,DP0033,45.0,42.1,0.0
6360095381,DP0021,55.0,40.2,0.0
6359891217,DP0041,50.0,23.5,0.0
6360335470,DP0005,40.0,34.4,0.0
6359450694,DP0041,50.0,61.1,1.0
6357256427,DP0041,65.0,46.1,0.0
6359666727,DP0041,65.0,42.3,0.0
6358776428,DP0035,55.0,44.7,0.0
6360215128,DP0021,55.0,38.4,0.0
6359543834,DP0041,50.0,38.6,0.0
6360190290,DP0043,40.0,24.9,0.0
6359400450,DP0041,50.0,35.8,0.0
6355113272,DP0043,55.0,48.7,0.0
6359124931,DP0041,50.0,31.0,0.0
6359241764,DP0041,50.0,28.3,0.0
6357712389,DP0009,50.0,35.1,0.0
6355127900,DP0038,40.0,23.9,0.0
6359890686,DP0041,50.0,40.6,0.0
6360122722,DP0019,45.0,30.4,0.0
6358548695,DP0041,40.0,27.6,0.0
6350193163,DP0019,50.0,48.7,0.0
6353306154,DP0041,45.0,39.0,0.0
6354012307,DP0041,50.0,36.0,0.0
6358600886,DP0041,50.0,21.0,0.0
6359367258,DP0049,45.0,21.0,0.0
6352205417,DP0033,50.0,29.6,0.0
6359425427,DP0028,55.0,36.4,0.0
6358867962,DP0023,50.0,47.7,0.0
6359592612,DP0043,40.0,25.3,0.0
6356134972,DP0041,45.0,25.8,0.0
6348988758,DP0041,50.0,49.8,0.0
6357573120,DP0012,40.0,43.9,1.0
6358111930,DP0041,50.0,37.8,0.0
6355384322,DP0019,40.0,34.6,0.0
6312560532,DP0041,45.0,31.3,0.0
6358878012,DP0043,60.0,37.3,0.0
6353808671,DP0041,50.0,42.4,0.0
6357859441,DP0041,45.0,34.2,0.0
6351184813,DP0041,55.0,33.5,0.0
6351008796,DP0041,40.0,22.8,0.0
6351665690,DP0038,40.0,26.6,0.0
6356712253,DP0041,50.0,32.4,0.0
6351892490,DP0019,55.0,37.6,0.0
6342164540,DP0005,50.0,27.6,0.0
6356324431,DP0037,65.0,50.9,0.0
6358729744,DP0041,55.0,34.5,0.0
6330625360,DP0019,40.0,21.8,0.0
6357953981,DP0041,50.0,33.9,0.0
6358740309,DP0005,55.0,43.7,0.0
6350003260,DP0015,40.0,22.0,0.0
6358672673,DP0041,50.0,41.1,0.0
6339282894,DP0039,55.0,55.6,1.0
6352357398,DP0041,60.0,65.3,1.0
6357714982,DP0041,60.0,47.5,0.0
6357413259,DP0046,50.0,30.2,0.0
6349286265,DP0041,50.0,48.5,0.0
6354030362,DP0002,40.0,19.2,0.0
6356696433,DP0028,60.0,45.7,0.0
6358126905,DP0008,45.0,26.4,0.0
6353265876,DP0043,50.0,26.6,0.0
6356290540,DP0007,40.0,24.5,0.0
6357308058,DP0033,50.0,27.4,0.0
6355751382,DP0015,50.0,38.7,0.0
6351056133,DP0043,40.0,23.5,0.0
6357723830,DP0021,40.0,27.5,0.0
6351870258,DP0050,45.0,38.5,0.0
6352840577,DP0005,45.0,24.0,0.0
6355947540,DP0008,40.0,41.6,1.0
6352196151,DP0015,55.0,38.7,0.0
6355956237,DP0041,50.0,34.8,0.0
6356087365,DP0043,45.0,35.7,0.0
6356657978,DP0005,50.0,42.1,0.0
6349469472,DP0005,55.0,34.6,0.0
6352562091,DP0041,65.0,42.7,0.0
6353544588,DP0008,55.0,36.4,0.0
6350823356,DP0008,55.0,52.0,0.0
6353043570,DP0003,55.0,75.7,1.0
6330713194,DP0005,40.0,28.4,0.0
6355883254,DP0019,40.0,23.3,0.0
6353457016,DP0005,45.0,29.1,0.0
6355579654,DP0028,40.0,28.3,0.0
6353229825,DP0043,40.0,29.6,0.0
6353125378,DP0024,40.0,20.5,0.0
6353799206,DP0041,95.0,65.8,0.0
6350766523,DP0006,40.0,48.2,1.0
6354670727,DP0041,60.0,37.0,0.0
6350120847,DP0022,50.0,35.4,0.0
6351108758,DP0041,55.0,42.0,0.0
6352667678,DP0008,55.0,53.4,0.0
6341657893,DP0043,55.0,72.5,1.0
6347930222,DP0016,50.0,29.1,0.0
6344931715,DP0028,55.0,38.0,0.0
6353115700,DP0046,40.0,32.1,0.0
6351475596,DP0041,45.0,41.2,0.0
6345447246,DP0028,50.0,29.4,0.0
6350293026,DP0046,75.0,53.1,0.0
6342636569,DP0024,45.0,19.0,0.0
6345960297,DP0006,55.0,29.8,0.0
6342789565,DP0050,50.0,51.1,1.0
6346191969,DP0019,50.0,27.0,0.0
6344232613,DP0043,60.0,38.4,0.0
6348407440,DP0009,50.0,37.8,0.0
6338558139,DP0041,55.0,37.5,0.0
6351338350,DP0041,45.0,28.6,0.0
6350710548,DP0048,50.0,58.7,1.0
6350692831,DP0041,40.0,39.4,0.0
6349275582,DP0003,50.0,36.0,0.0
6346467840,DP0041,65.0,44.5,0.0
6351389365,DP0008,50.0,52.7,1.0
6350050999,DP0041,40.0,19.9,0.0
6334389337,DP0043,50.0,32.1,0.0
6347507215,DP0041,55.0,31.5,0.0
6349429777,DP0041,55.0,29.0,0.0
6340685624,DP0008,45.0,17.2,0.0
6343878525,DP0041,55.0,40.5,0.0
6335118106,DP0033,55.0,43.1,0.0
6345179911,DP0041,55.0,41.1,0.0
6346355958,DP0005,45.0,23.4,0.0
6345222241,DP0041,55.0,42.1,0.0
6342096532,DP0005,50.0,28.8,0.0
6343391187,DP0041,55.0,35.8,0.0
6342130069,DP0003,60.0,40.8,0.0
6348288527,DP0043,55.0,28.9,0.0
6347190763,DP0010,40.0,33.4,0.0
6342664455,DP0041,50.0,29.3,0.0
6348142783,DP0019,50.0,41.2,0.0
6340847870,DP0041,55.0,51.6,0.0
6343611413,DP0023,50.0,28.6,0.0
6342545079,DP0041,45.0,28.7,0.0
6347660370,DP0019,45.0,26.8,0.0
6374893267,DP0041,55.0,44.7,0.0
6372477794,DP0004,55.0,42.4,0.0
6373559652,DP0019,55.0,36.7,0.0
6374161860,DP0041,60.0,39.3,0.0
6363079327,DP0005,40.0,36.0,0.0
6371149261,DP0012,65.0,50.8,0.0
6371683821,DP0043,55.0,31.2,0.0
6368977138,DP0048,40.0,67.8,1.0
6372590919,DP0041,45.0,24.1,0.0
6368842354,DP0019,50.0,26.5,0.0
6366223937,DP0019,55.0,35.2,0.0
6372666193,DP0041,40.0,30.5,0.0
6370707829,DP0007,40.0,37.4,0.0
6371105448,DP0046,65.0,75.7,1.0
6359234832,DP0015,40.0,38.7,0.0
6372255123,DP0050,50.0,63.8,1.0
6370556067,DP0041,55.0,31.9,0.0
6371978610,DP0041,45.0,23.6,0.0
6367722142,DP0001,65.0,37.7,0.0
6369850827,DP0043,65.0,51.3,0.0
6366857373,DP0019,65.0,44.6,0.0
6362742299,DP0041,40.0,17.1,0.0
6362643299,DP0041,45.0,21.8,0.0
6371628891,DP0009,50.0,43.9,0.0
6370632846,DP0039,50.0,36.6,0.0
6367904579,DP0041,55.0,37.5,0.0
6371141992,DP0021,40.0,21.7,0.0
6366102576,DP0041,55.0,31.2,0.0
6371133520,DP0023,70.0,45.0,0.0
6370369483,DP0028,45.0,24.3,0.0
6358916104,DP0041,50.0,23.1,0.0
6360384515,DP0041,45.0,25.6,0.0
6369281802,DP0015,65.0,44.7,0.0
6351806981,DP0043,55.0,35.2,0.0
6364458565,DP0043,50.0,30.7,0.0
6338298337,DP0041,60.0,50.3,0.0
6368057889,DP0038,55.0,31.2,0.0
6366101942,DP0030,75.0,66.7,0.0
6368197706,DP0041,40.0,18.9,0.0
6367059709,DP0041,45.0,26.6,0.0
6369898291,DP0014,45.0,31.0,0.0
6356260037,DP0041,65.0,43.3,0.0
6364740622,DP0019,45.0,24.4,0.0
6369653285,DP0003,45.0,30.2,0.0
6368174206,DP0041,50.0,38.9,0.0
6359791273,,,,
6362059165,DP0036,50.0,27.3,0.0
6362176273,DP0041,55.0,38.4,0.0
6368926645,DP0046,40.0,41.1,1.0
6365136209,DP0041,65.0,41.2,0.0
6362817676,DP0041,45.0,37.6,0.0
6364264724,DP0005,55.0,28.5,0.0
6366134659,DP0009,45.0,35.2,0.0
6365594887,DP0020,50.0,41.5,0.0
6366173687,DP0041,60.0,55.7,0.0
6368559856,DP0041,40.0,22.3,0.0
6368964654,DP0023,60.0,50.1,0.0
6365245803,DP0028,50.0,25.1,0.0
6363852609,DP0019,40.0,18.9,0.0
6356876244,DP0019,40.0,24.2,0.0
6367904556,DP0046,40.0,39.2,0.0
6368073954,DP0041,45.0,22.3,0.0
6361318046,DP0008,40.0,38.1,0.0
6367821352,DP0041,45.0,21.9,0.0
6367734585,DP0041,55.0,47.2,0.0
6367937532,DP0041,45.0,32.2,0.0
6363612713,DP0008,45.0,21.8,0.0
6367042707,DP0036,55.0,41.3,0.0
6364077885,DP0007,45.0,25.1,0.0
6364557226,DP0041,55.0,31.8,0.0
6366630040,DP0041,55.0,30.7,0.0
6360677660,,,,
6367551659,DP0026,70.0,41.7,0.0
6360715063,DP0012,50.0,26.0,0.0
6366805518,DP0007,55.0,36.1,0.0
6366868162,DP0048,65.0,58.8,0.0
6364001078,DP0015,60.0,36.4,0.0
6367049124,DP0005,65.0,38.7,0.0
6363111526,DP0047,60.0,41.9,0.0
6365345165,DP0041,50.0,34.0,0.0
6328989851,DP0041,55.0,29.0,0.0
6359231759,DP0005,55.0,37.0,0.0
6363401849,DP0041,65.0,47.3,0.0
6361035145,DP0034,55.0,60.5,1.0
6360486763,DP0041,65.0,63.7,0.0
6365763099,DP0005,60.0,30.0,0.0
6364650969,DP0034,55.0,39.4,0.0
6357559850,DP0041,45.0,37.7,0.0
6360660198,DP0041,65.0,49.6,0.0
6359698509,DP0041,55.0,36.4,0.0
6356438698,DP0006,55.0,38.2,0.0
6364782142,DP0008,55.0,39.2,0.0
6364956438,DP0041,50.0,37.3,0.0
6365536853,DP0041,50.0,39.0,0.0
6363424938,DP0048,40.0,51.9,1.0
6363502304,DP0041,60.0,31.9,0.0
6358748889,DP0041,60.0,41.7,0.0
6358199086,DP0043,65.0,39.4,0.0
6360978638,DP0007,60.0,44.7,0.0
6362501410,DP0039,55.0,47.6,0.0
6352390364,DP0019,50.0,31.6,0.0
6359263338,DP0007,45.0,21.5,0.0
6348764490,DP0041,50.0,28.5,0.0
6363731598,DP0041,55.0,29.3,0.0
6353748173,DP0041,65.0,27.7,0.0
6357546994,DP0036,45.0,25.6,0.0
6355209637,DP0041,50.0,37.7,0.0
6353621787,DP0007,85.0,54.9,0.0
6360736228,DP0041,70.0,38.2,0.0
6361715738,DP0038,65.0,44.2,0.0
6362109570,DP0041,45.0,21.3,0.0
6363372021,DP0014,65.0,38.9,0.0
6336384510,DP0015,50.0,32.5,0.0
6350039289,DP0041,50.0,26.1,0.0
6356403262,DP0043,50.0,21.3,0.0
6363240507,DP0041,50.0,35.4,0.0
6359663881,DP0041,65.0,41.9,0.0
6358038356,DP0050,45.0,52.8,1.0
6346815117,DP0049,50.0,30.9,0.0
6363069237,DP0041,55.0,30.9,0.0
6352822173,DP0041,45.0,33.8,0.0
6361931779,DP0018,55.0,36.6,0.0
6359907249,DP0043,50.0,21.0,0.0
6353356135,DP0035,55.0,33.9,0.0
6362636339,DP0047,55.0,37.2,0.0
6360237096,DP0005,40.0,20.9,0.0
6353285236,DP0039,45.0,22.9,0.0
6356903305,DP0041,40.0,26.9,0.0
6348776756,DP0035,50.0,40.0,0.0
6362033580,DP0015,55.0,40.6,0.0
6363065905,DP0041,50.0,28.5,0.0
6354075168,DP0041,65.0,55.5,0.0
6362264298,DP0041,55.0,42.1,0.0
6355139576,DP0015,65.0,37.9,0.0
6360084121,DP0041,65.0,33.3,0.0
6357224549,DP0019,45.0,26.5,0.0
6359109236,DP0010,40.0,38.0,0.0
6362170730,DP0041,40.0,16.9,0.0
6360949467,DP0043,50.0,27.3,0.0
6361624555,DP0041,45.0,26.0,0.0
6357675999,DP0041,40.0,26.1,0.0
6361889397,DP0021,40.0,33.4,0.0
6354779812,DP0041,55.0,40.7,0.0
6358017220,DP0008,65.0,40.9,0.0
6338635847,DP0047,45.0,22.6,0.0
6354392654,DP0041,60.0,43.9,0.0
6350030459,DP0041,50.0,51.4,1.0
6360629661,DP0041,55.0,54.8,0.0
6354915411,DP0041,50.0,42.8,0.0
6359336321,DP0041,55.0,56.0,1.0
6343339260,DP0020,40.0,29.7,0.0
6359728621,DP0009,55.0,36.0,0.0
6357575780,DP0041,40.0,28.0,0.0
6359269308,DP0043,50.0,37.5,0.0
6356275136,DP0008,50.0,23.7,0.0
6359970361,DP0012,55.0,34.8,0.0
6360837109,DP0038,45.0,29.5,0.0
6357084059,DP0041,50.0,47.0,0.0
6355941250,DP0019,55.0,33.9,0.0
6347009594,DP0019,60.0,44.0,0.0
6360760190,DP0041,45.0,26.3,0.0
6356539040,DP0041,45.0,24.4,0.0
6359821716,DP0005,45.0,24.6,0.0
6351070595,DP0005,55.0,31.8,0.0
6358160555,DP0041,50.0,30.3,0.0
6347141537,DP0041,55.0,38.3,0.0
6332288635,DP0048,65.0,72.2,1.0
6357583803,DP0041,55.0,31.4,0.0
6350076749,DP0002,65.0,40.0,0.0
6346292950,DP0041,50.0,31.5,0.0
6358806810,DP0037,50.0,33.1,0.0
6354272589,DP0007,55.0,39.5,0.0
6359346030,DP0043,50.0,28.8,0.0
6354705294,DP0041,45.0,25.2,0.0
6360072408,DP0015,50.0,42.6,0.0
6357050527,DP0019,45.0,30.2,0.0
6360164515,DP0005,50.0,28.7,0.0
6358861147,DP0020,60.0,39.5,0.0
6358421492,DP0041,45.0,30.4,0.0
6355253091,DP0038,65.0,43.9,0.0
6359839819,DP0048,60.0,63.3,1.0
6353588696,DP0005,45.0,27.9,0.0
6359860545,DP0041,40.0,25.9,0.0
6357874202,DP0043,45.0,26.4,0.0
6359652151,DP0041,55.0,41.6,0.0
6358594596,DP0001,45.0,40.2,0.0
6358999904,DP0017,50.0,67.1,1.0
6355443303,DP0024,65.0,48.7,0.0
6359053556,DP0048,55.0,65.8,1.0
6359823364,DP0043,50.0,27.0,0.0
6357516418,DP0046,50.0,38.1,0.0
6359144066,DP0041,55.0,30.3,0.0
6358841354,DP0027,45.0,26.8,0.0
6354529434,DP0043,40.0,15.2,0.0
6359397957,DP0049,50.0,33.3,0.0
6359177346,DP0027,55.0,39.6,0.0
6356359390,DP0019,40.0,22.0,0.0
6350991016,DP0041,45.0,27.6,0.0
6348196763,DP0012,55.0,31.6,0.0
6358964505,DP0005,65.0,36.5,0.0
6348790381,DP0046,50.0,37.9,0.0
6358579741,DP0043,50.0,31.9,0.0
6349009843,DP0009,50.0,28.6,0.0
6357997170,DP0036,40.0,22.2,0.0
6354091503,DP0042,55.0,64.2,1.0
6352336904,DP0041,60.0,78.8,1.0
6356544406,DP0033,40.0,22.3,0.0
6355273113,DP0041,45.0,41.3,0.0
6348343188,DP0043,50.0,39.2,0.0
6348342941,DP0043,55.0,35.4,0.0
6352445834,DP0031,50.0,65.7,1.0
6347146671,DP0010,45.0,32.9,0.0
6348280830,DP0043,45.0,29.8,0.0
6358119418,DP0006,40.0,20.3,0.0
6352134838,DP0041,40.0,20.8,0.0
6357887901,DP0008,50.0,28.6,0.0
6350119924,DP0033,45.0,14.7,0.0
6351605630,DP0036,65.0,41.6,0.0
6355121231,DP0009,45.0,30.5,0.0
6357274882,DP0043,45.0,30.6,0.0
6346910112,DP0001,45.0,20.8,0.0
6355106859,DP0043,55.0,37.0,0.0
6354702320,DP0043,40.0,28.7,0.0
6351683721,DP0022,40.0,23.6,0.0
6355871098,DP0041,45.0,43.5,0.0
6355445050,DP0019,60.0,55.6,0.0
6351632461,DP0041,65.0,55.1,0.0
6356626468,DP0041,65.0,48.1,0.0
6353648443,DP0020,55.0,34.8,0.0
6356124525,DP0034,40.0,16.9,0.0
6352947307,DP0041,65.0,39.9,0.0
6350293095,DP0043,50.0,35.1,0.0
6355697442,DP0008,40.0,24.9,0.0
6352267694,DP0041,40.0,35.9,0.0
6351020633,DP0019,55.0,25.7,0.0
6345256591,DP0041,50.0,27.1,0.0
6354851776,DP0005,55.0,48.2,0.0
6353182786,DP0041,50.0,33.2,0.0
6352898333,DP0010,55.0,29.9,0.0
6351460146,DP0041,50.0,36.4,0.0
6328735804,DP0043,55.0,37.7,0.0
6348722279,DP0041,60.0,41.3,0.0
6351319667,DP0041,40.0,35.8,0.0
6351089319,DP0041,40.0,30.0,0.0
6353089032,DP0043,55.0,45.2,0.0
6341288009,DP0041,55.0,43.0,0.0
6353152345,DP0043,55.0,46.7,0.0
6351784245,DP0041,50.0,36.0,0.0
6352686376,DP0041,50.0,30.6,0.0
6344784207,DP0015,45.0,27.9,0.0
6340817745,DP0041,60.0,52.3,0.0
6352771713,DP0008,70.0,40.9,0.0
6350694685,DP0043,40.0,21.4,0.0
6349853883,DP0041,40.0,21.6,0.0
6352507802,DP0050,55.0,57.3,1.0
6350239259,DP0006,60.0,41.6,0.0
6350568620,DP0016,40.0,24.9,0.0
6345959891,DP0043,60.0,45.1,0.0
6337222211,DP0033,55.0,46.5,0.0
6333845178,DP0041,50.0,38.7,0.0
6348114781,DP0043,75.0,58.3,0.0
6349837981,DP0041,40.0,30.1,0.0
6347749489,DP0014,55.0,47.5,0.0
6340016050,DP0043,45.0,28.1,0.0
6351237040,DP0005,50.0,43.0,0.0
6351241321,DP0043,65.0,56.0,0.0
6342382580,DP0005,45.0,44.8,0.0
6349693250,DP0041,50.0,22.5,0.0
6345519089,DP0005,50.0,39.8,0.0
6349815830,DP0041,40.0,21.0,0.0
6350218179,DP0005,40.0,20.9,0.0
6350410185,DP0043,55.0,30.2,0.0
6340642723,DP0041,50.0,24.2,0.0
6327137658,DP0006,75.0,41.4,0.0
6342534888,DP0041,50.0,25.5,0.0
6347262419,DP0041,40.0,25.8,0.0
6346778830,DP0013,50.0,40.9,0.0
6347955767,DP0002,65.0,50.2,0.0
6340146064,DP0038,45.0,36.7,0.0
6342180689,DP0005,60.0,34.6,0.0
6347078789,DP0006,50.0,29.0,0.0
6330825689,DP0019,50.0,29.0,0.0
6344094300,DP0041,40.0,17.7,0.0
6345731958,DP0041,45.0,21.3,0.0
6347999020,DP0005,65.0,50.6,0.0
6344949571,DP0048,55.0,47.9,0.0
6337491472,DP0043,40.0,22.4,0.0
6337406868,DP0019,45.0,53.0,1.0
6373687922,DP0008,50.0,24.8,0.0
6356376406,DP0044,45.0,27.2,0.0
6374130557,DP0041,60.0,46.7,0.0
6372591299,DP0021,55.0,40.9,0.0
6366589598,DP0041,60.0,38.7,0.0
6373295478,DP0041,55.0,29.6,0.0
6373139296,DP0009,55.0,42.1,0.0
6371586035,DP0041,45.0,27.6,0.0
6343365603,DP0041,60.0,45.4,0.0
6369729101,DP0041,60.0,46.2,0.0
6371010043,DP0043,50.0,31.1,0.0
6369704530,DP0008,45.0,20.3,0.0
6370741183,DP0041,40.0,27.8,0.0
6365241900,DP0039,60.0,33.4,0.0
6370041339,DP0038,55.0,41.5,0.0
6368896861,DP0019,45.0,30.7,0.0
6358083520,DP0029,45.0,28.5,0.0
6370314032,DP0007,40.0,31.0,0.0
6369897188,DP0018,55.0,46.5,0.0
6368547697,DP0019,45.0,43.2,0.0
6352730759,DP0041,50.0,33.9,0.0
6354806185,DP0005,70.0,49.8,0.0
6369091583,DP0041,55.0,41.1,0.0
6359195470,DP0015,80.0,57.7,0.0
6369347936,DP0005,50.0,41.8,0.0
6365129900,DP0020,45.0,24.1,0.0
6367141185,DP0015,65.0,54.5,0.0
6355034431,DP0041,75.0,34.7,0.0
6366681043,DP0028,45.0,23.7,0.0
6360111754,DP0048,65.0,61.6,0.0
6366505994,DP0047,50.0,33.8,0.0
6357485982,DP0039,50.0,32.6,0.0
6364840800,DP0041,45.0,32.0,0.0
6362598304,DP0002,55.0,35.4,0.0
6364199485,DP0041,50.0,43.4,0.0
6364722440,DP0041,60.0,49.2,0.0
6361010651,DP0015,55.0,60.5,1.0
6353255281,DP0005,70.0,70.4,1.0
6363977588,DP0008,60.0,43.6,0.0
6362448662,DP0039,45.0,33.0,0.0
6359352181,DP0041,50.0,32.4,0.0
6356678038,DP0031,45.0,23.4,0.0
6362959692,DP0039,50.0,27.0,0.0
6362707291,DP0041,40.0,25.2,0.0
6361033744,DP0041,50.0,30.4,0.0
6363285507,DP0007,55.0,33.5,0.0
6359648328,DP0041,90.0,60.4,0.0
6356072393,DP0041,50.0,35.9,0.0
6360595487,DP0041,45.0,36.6,0.0
6358777358,DP0041,65.0,43.9,0.0
6359959513,DP0041,50.0,31.1,0.0
6359487193,DP0015,60.0,37.3,0.0
6359009486,DP0041,45.0,32.4,0.0
6358439185,DP0047,50.0,24.9,0.0
6361066846,DP0041,55.0,41.0,0.0
6357218046,DP0002,55.0,36.5,0.0
6359574857,DP0005,45.0,43.5,0.0
6357529030,DP0050,55.0,48.5,0.0
6357142982,DP0005,85.0,69.3,0.0
6359242097,DP0005,45.0,29.8,0.0
6358785629,DP0028,50.0,46.1,0.0
6359168214,DP0048,65.0,81.4,1.0
6344661059,DP0023,65.0,57.0,0.0
6345563177,DP0036,70.0,44.9,0.0
6356747729,DP0041,60.0,48.6,0.0
6358460177,DP0003,60.0,46.0,0.0
6357058499,DP0043,50.0,52.1,1.0
6355224136,DP0041,70.0,30.3,0.0
6357649108,DP0041,60.0,43.1,0.0
6355986041,DP0043,45.0,35.4,0.0
6359924101,DP0047,50.0,45.3,0.0
6358422751,DP0038,50.0,38.7,0.0
6353446848,DP0010,50.0,29.5,0.0
6350432766,DP0041,45.0,38.4,0.0
6359548605,DP0034,45.0,29.4,0.0
6355156476,DP0043,55.0,44.0,0.0
6356513253,DP0046,45.0,46.2,1.0
6359133526,DP0007,65.0,43.3,0.0
6343302786,DP0047,65.0,72.7,1.0
6357641424,,,,
6357817812,DP0041,75.0,57.3,0.0
6357418311,DP0005,45.0,29.7,0.0
6357683072,DP0043,55.0,42.6,0.0
6339486973,DP0041,45.0,53.5,1.0
6358588039,DP0041,50.0,31.2,0.0
6355605858,DP0043,60.0,53.0,0.0
6358058450,DP0041,70.0,60.7,0.0
6356730499,DP0036,65.0,51.9,0.0
6356606331,DP0043,40.0,27.3,0.0
6357165569,DP0041,40.0,34.3,0.0
6355299098,DP0046,50.0,39.1,0.0
6356081819,DP0044,55.0,31.5,0.0
6356025800,DP0032,45.0,36.3,0.0
6356358521,DP0039,50.0,37.4,0.0
6356144635,DP0019,55.0,50.2,0.0
6352115744,DP0041,65.0,74.6,1.0
6350072065,DP0028,50.0,36.8,0.0
6347103380,DP0041,50.0,98.8,1.0
6354611686,DP0008,50.0,28.3,0.0
6347757632,DP0007,70.0,54.5,0.0
6355450985,DP0015,75.0,55.2,0.0
6353915031,DP0005,55.0,44.8,0.0
6353104330,DP0041,65.0,49.4,0.0
6354977588,DP0008,55.0,34.4,0.0
6348380423,DP0009,45.0,30.2,0.0
6352288684,DP0002,45.0,29.8,0.0
6342908514,DP0041,50.0,38.5,0.0
6351597398,DP0041,40.0,31.2,0.0
6352881799,DP0009,65.0,51.4,0.0
6351985475,DP0041,75.0,61.6,0.0
6346787476,DP0038,45.0,36.2,0.0
6353942123,DP0016,70.0,69.4,0.0
6351583555,DP0041,45.0,41.6,0.0
6351519276,DP0011,50.0,40.0,0.0
6353436967,DP0041,65.0,46.6,0.0
6336555845,DP0005,75.0,58.8,0.0
6343550248,DP0047,50.0,35.6,0.0
6350616670,DP0005,70.0,46.0,0.0
6339916537,DP0041,50.0,54.9,1.0
6350630076,DP0043,40.0,28.6,0.0
6338750303,DP0002,60.0,56.0,0.0
6347312870,DP0041,45.0,44.3,0.0
6345162880,DP0027,55.0,31.9,0.0
6343664234,DP0041,60.0,40.1,0.0
6349774432,DP0015,55.0,49.3,0.0
6348437138,DP0005,55.0,42.3,0.0
6345243982,DP0041,55.0,38.8,0.0
6333629533,DP0037,45.0,29.6,0.0
6346496617,DP0041,60.0,39.4,0.0
6312680955,DP0015,45.0,28.9,0.0
6300018302,DP0026,55.0,45.6,0.0
6347840654,DP0041,60.0,39.1,0.0
6373965195,DP0041,50.0,39.9,0.0
6370716060,DP0029,45.0,23.9,0.0
6356275273,DP0019,50.0,26.5,0.0
6373354867,DP0019,40.0,20.4,0.0
6370904709,DP0010,45.0,23.7,0.0
6371928693,DP0024,55.0,39.7,0.0
6372833031,DP0015,55.0,72.9,1.0
6368246331,DP0041,55.0,41.6,0.0
6370596395,DP0041,55.0,42.6,0.0
6372247871,DP0032,55.0,38.1,0.0
6365296131,DP0024,50.0,43.0,0.0
6371550846,DP0016,50.0,36.5,0.0
6367765678,DP0041,45.0,34.3,0.0
6371221539,DP0043,50.0,40.8,0.0
6365877462,DP0041,55.0,40.8,0.0
6366350885,DP0041,55.0,42.9,0.0
6369226544,DP0043,50.0,41.9,0.0
6371286401,DP0027,55.0,45.0,0.0
6361383311,DP0005,50.0,61.3,1.0
6364818297,DP0041,50.0,48.3,0.0
6364144383,DP0013,50.0,33.3,0.0
6367286156,DP0041,50.0,35.9,0.0
6368056181,DP0041,60.0,46.6,0.0
6371132958,DP0041,60.0,47.6,0.0
6369702848,DP0021,50.0,37.3,0.0
6359982669,DP0041,60.0,37.4,0.0
6370038732,DP0041,55.0,36.4,0.0
6369569088,DP0041,60.0,52.7,0.0
6370337247,DP0041,60.0,45.5,0.0
6349627281,DP0049,50.0,36.1,0.0
6361954150,DP0002,40.0,48.3,1.0
6368079402,DP0039,55.0,51.2,0.0
6364218913,DP0019,55.0,65.4,1.0
6367559835,DP0007,55.0,37.0,0.0
6368085239,DP0043,65.0,59.9,0.0
6360198946,DP0050,45.0,33.1,0.0
6366719029,DP0012,50.0,54.5,1.0
6360952498,DP0005,50.0,41.2,0.0
6365526432,DP0019,50.0,32.1,0.0
6366717172,DP0043,50.0,47.7,0.0
6364558235,DP0019,50.0,46.7,0.0
6358825513,DP0005,50.0,40.6,0.0
6365461739,DP0005,65.0,62.4,0.0
6361029161,DP0038,50.0,40.3,0.0
6363762381,DP0043,60.0,59.2,0.0
6363920088,DP0019,45.0,71.3,1.0
6353296777,DP0038,55.0,41.7,0.0
6350209275,DP0006,45.0,36.6,0.0
6351509211,DP0041,75.0,46.7,0.0
6359875853,DP0041,50.0,44.6,0.0
6341776050,DP0019,55.0,43.6,0.0
6356132420,DP0020,50.0,34.0,0.0
6358419700,DP0043,50.0,29.5,0.0
6353966395,DP0002,65.0,49.3,0.0
6351961663,DP0041,55.0,40.6,0.0
6355847336,DP0033,50.0,48.3,0.0
6357228865,DP0020,65.0,54.7,0.0
6356003216,DP0041,65.0,51.1,0.0
6354499288,DP0043,50.0,36.2,0.0
6357017703,DP0041,65.0,76.5,1.0
6356438581,DP0005,50.0,52.0,1.0
6353262288,DP0041,55.0,42.3,0.0
6331908829,DP0041,50.0,44.4,0.0
6348568995,DP0041,50.0,69.2,1.0
6355223127,DP0041,50.0,36.5,0.0
6353882623,DP0003,50.0,32.8,0.0
6347508368,DP0041,55.0,40.0,0.0
6352562633,DP0041,65.0,52.2,0.0
6337895198,DP0027,55.0,54.5,0.0
6349111451,DP0041,65.0,49.6,0.0
6346988143,DP0015,50.0,29.0,0.0
6344236528,DP0022,50.0,35.3,0.0
6342463150,DP0047,50.0,37.8,0.0
6343493711,DP0027,50.0,38.4,0.0
6347553276,DP0027,50.0,42.9,0.0
6351257438,DP0041,50.0,36.6,0.0
6348302447,DP0048,45.0,54.5,1.0
6340886142,DP0049,60.0,49.0,0.0
6349116992,DP0041,45.0,27.8,0.0
6347005113,DP0001,55.0,43.8,0.0
6335977239,DP0043,50.0,30.9,0.0
6371874660,DP0041,55.0,36.0,0.0
6374644713,DP0028,65.0,50.4,0.0
6363420045,DP0042,40.0,31.6,0.0
6367069670,DP0034,55.0,35.5,0.0
6363543795,DP0005,50.0,50.6,1.0
6357793293,DP0041,55.0,60.5,1.0
6364042043,DP0041,60.0,63.8,1.0
6366144809,DP0026,70.0,54.9,0.0
6363577057,DP0018,45.0,26.9,0.0
6363561758,DP0041,45.0,36.0,0.0
6354578340,DP0015,50.0,38.6,0.0
6358534052,,,,
6349237334,DP0041,50.0,58.6,1.0
6370315124,DP0043,60.0,42.5,0.0
6368865473,DP0041,50.0,30.6,0.0
6370073066,DP0041,40.0,22.7,0.0
6365607885,DP0041,50.0,26.4,0.0
6371425704,DP0041,50.0,19.2,0.0
6360301317,DP0018,40.0,29.4,0.0
6373774962,DP0043,85.0,56.4,0.0
6371478439,DP0039,55.0,47.5,0.0
6366927141,DP0005,55.0,38.2,0.0
6365657440,DP0017,55.0,42.2,0.0
6372088570,DP0041,40.0,27.3,0.0
6372747879,DP0005,50.0,74.2,1.0
6369594030,DP0008,45.0,21.2,0.0
6371658453,DP0041,55.0,41.6,0.0
6368937459,DP0043,40.0,25.6,0.0
6364712470,DP0041,50.0,31.0,0.0
6368966745,DP0015,45.0,11.8,0.0
6370560743,DP0005,55.0,32.2,0.0
6370558153,DP0041,50.0,33.0,0.0
6367282942,DP0005,55.0,30.8,0.0
6361619306,DP0041,45.0,20.4,0.0
6368680292,DP0015,50.0,41.3,0.0
6364143126,DP0043,65.0,40.1,0.0
6364718398,DP0041,50.0,34.0,0.0
6366404325,DP0015,50.0,21.6,0.0
6363019825,DP0043,40.0,26.2,0.0
6364942616,DP0019,40.0,22.5,0.0
6350789432,DP0021,50.0,40.1,0.0
6364756731,DP0043,50.0,33.0,0.0
6362648716,DP0021,55.0,39.0,0.0
6362690031,DP0036,60.0,47.8,0.0
6364630589,DP0027,50.0,21.8,0.0
6355734039,DP0007,50.0,38.3,0.0
6365593834,DP0005,55.0,42.9,0.0
6365319140,DP0041,55.0,34.5,0.0
6353135400,DP0041,80.0,52.4,0.0
6362047320,DP0019,45.0,29.8,0.0
6364592825,DP0019,55.0,37.5,0.0
6364006743,DP0045,50.0,26.1,0.0
6361840760,DP0049,85.0,49.3,0.0
6361341124,DP0041,75.0,45.5,0.0
6360761120,DP0041,50.0,19.9,0.0
6357800328,DP0041,40.0,27.6,0.0
6361807305,DP0020,75.0,48.6,0.0
6362589891,DP0005,45.0,32.3,0.0
6360052820,DP0008,55.0,30.2,0.0
6360024304,DP0043,50.0,29.6,0.0
6353415760,DP0041,65.0,54.2,0.0
6354685255,DP0041,55.0,40.1,0.0
6362706609,DP0008,45.0,30.1,0.0
6345122162,DP0041,40.0,26.6,0.0
6356421576,DP0041,50.0,22.2,0.0
6353547271,DP0043,45.0,30.1,0.0
6360055271,DP0002,40.0,29.1,0.0
6362335170,DP0041,50.0,31.7,0.0
6362356420,DP0003,60.0,34.9,0.0
6358986865,DP0041,40.0,20.4,0.0
6356634290,DP0041,55.0,33.8,0.0
6361816245,DP0008,40.0,35.9,0.0
6360818506,DP0041,50.0,41.0,0.0
6360628839,DP0005,65.0,45.9,0.0
6360000422,DP0041,40.0,26.6,0.0
6359857302,DP0019,50.0,28.8,0.0
6336214906,DP0041,50.0,29.7,0.0
6360560026,DP0043,60.0,39.1,0.0
6355716401,DP0026,60.0,41.4,0.0
6358415443,DP0041,60.0,39.0,0.0
6359695075,DP0041,55.0,34.5,0.0
6360719619,DP0009,40.0,25.4,0.0
6360483664,DP0041,40.0,19.5,0.0
6360531339,DP0041,50.0,31.0,0.0
6351732443,DP0043,40.0,22.5,0.0
6358948629,DP0043,50.0,21.6,0.0
6359641908,DP0041,50.0,34.1,0.0
6354833300,DP0041,55.0,29.0,0.0
6360189567,DP0041,40.0,19.8,0.0
6341004489,DP0041,40.0,15.3,0.0
6356439975,DP0007,50.0,21.2,0.0
6358028572,DP0039,65.0,34.6,0.0
6358830303,DP0043,50.0,29.3,0.0
6357125105,DP0041,45.0,23.3,0.0
6358703649,DP0041,45.0,23.5,0.0
6360348769,DP0012,45.0,23.7,0.0
6359454590,DP0047,50.0,26.4,0.0
6350892041,DP0034,45.0,25.1,0.0
6360232432,DP0041,55.0,26.8,0.0
6360012896,DP0003,45.0,19.6,0.0
6358997088,DP0008,40.0,17.6,0.0
6347079110,DP0041,60.0,32.7,0.0
6355313187,DP0048,45.0,40.7,0.0
6359451211,DP0023,60.0,38.1,0.0
6359531601,DP0005,40.0,21.5,0.0
6359014062,DP0028,40.0,36.6,0.0
6355838443,DP0003,40.0,31.9,0.0
6349005820,DP0014,40.0,23.1,0.0
6357176252,DP0041,45.0,26.1,0.0
6359149825,DP0044,55.0,33.8,0.0
6357568286,DP0005,40.0,30.7,0.0
6357716787,DP0041,40.0,22.4,0.0
6352610562,DP0019,55.0,38.0,0.0
6355936825,DP0008,55.0,40.8,0.0
6338336556,DP0015,55.0,36.5,0.0
6358737119,DP0041,50.0,25.8,0.0
6352769939,DP0005,40.0,22.9,0.0
6358134292,DP0039,55.0,38.4,0.0
6356618620,DP0008,40.0,19.4,0.0
6354554703,DP0019,40.0,28.9,0.0
6349407506,DP0013,55.0,35.5,0.0
6357768421,DP0043,45.0,22.4,0.0
6320876055,DP0041,50.0,24.3,0.0
6354013768,DP0043,40.0,27.8,0.0
6356229541,DP0032,85.0,65.0,0.0
6354963194,DP0021,50.0,31.5,0.0
6350713638,DP0031,50.0,27.4,0.0
6319990873,DP0003,40.0,21.2,0.0
6349163256,DP0041,60.0,52.8,0.0
6353286323,DP0027,55.0,40.6,0.0
6341910379,DP0021,50.0,24.5,0.0
6346745445,DP0041,55.0,27.6,0.0
6351301276,DP0039,45.0,34.3,0.0
6350128657,DP0048,60.0,50.1,0.0
6351308517,DP0028,50.0,54.7,1.0
6352373355,DP0041,55.0,27.4,0.0
6349930275,DP0021,55.0,40.8,0.0
6349623102,DP0049,55.0,28.4,0.0
6322755496,DP0039,45.0,15.8,0.0
6338655074,DP0041,45.0,22.3,0.0
6345686756,DP0008,45.0,27.9,0.0
6327243531,DP0041,55.0,37.0,0.0
6350516621,DP0019,40.0,22.4,0.0
6350762995,DP0039,50.0,37.7,0.0
6343223669,DP0043,60.0,36.9,0.0
6345820881,DP0048,60.0,50.4,0.0
6348261407,DP0038,55.0,36.3,0.0
6347353968,DP0043,40.0,20.8,0.0
6342003402,DP0005,50.0,28.7,0.0
6337500729,DP0043,60.0,43.9,0.0
6345397469,DP0041,40.0,47.3,1.0
6336258698,DP0041,55.0,47.6,0.0
6354685891,DP0043,55.0,31.2,0.0
6348658758,DP0043,40.0,16.2,0.0
6353873159,DP0020,50.0,29.1,0.0
6368437901,DP0041,75.0,49.3,0.0
6360129422,DP0006,55.0,38.0,0.0
6351775647,DP0041,50.0,35.5,0.0
6350644845,DP0041,45.0,39.7,0.0
6365874149,DP0005,50.0,21.7,0.0
6365656702,DP0041,45.0,50.1,1.0
6346013725,DP0041,50.0,31.5,0.0
6353805710,DP0041,50.0,59.1,1.0
6365597066,DP0019,50.0,26.9,0.0
6372070417,DP0019,50.0,34.3,0.0
6367482701,DP0041,55.0,34.5,0.0
6352540483,DP0019,55.0,34.1,0.0
6370143113,DP0039,45.0,26.7,0.0
6368830379,DP0041,55.0,32.4,0.0
6362718728,DP0005,65.0,41.3,0.0
6367403474,DP0041,50.0,30.4,0.0
6359192238,DP0041,55.0,33.0,0.0
6360489747,DP0041,55.0,46.8,0.0
6366436919,DP0029,45.0,24.3,0.0
6361305233,DP0039,55.0,39.8,0.0
6363839716,DP0025,65.0,44.9,0.0
6353305820,DP0041,50.0,33.1,0.0
6358212518,DP0008,45.0,25.5,0.0
6361944589,DP0047,50.0,23.3,0.0
6353682341,DP0041,50.0,42.0,0.0
6357970447,DP0043,40.0,24.7,0.0
6361640039,DP0038,50.0,34.0,0.0
6360294256,DP0025,50.0,30.6,0.0
6358465561,DP0043,50.0,38.6,0.0
6362494431,DP0006,50.0,31.3,0.0
6345452684,DP0007,45.0,30.5,0.0
6352213605,DP0020,60.0,42.1,0.0
6357718896,DP0047,65.0,47.0,0.0
6348494487,DP0041,55.0,42.8,0.0
6358547645,DP0041,50.0,38.5,0.0
6359625548,DP0041,45.0,30.4,0.0
6356280265,DP0038,40.0,29.7,0.0
6349183122,DP0041,40.0,26.7,0.0
6355268962,DP0033,45.0,32.3,0.0
6354390045,DP0041,50.0,41.8,0.0
6353946807,DP0019,50.0,31.8,0.0
6359195852,DP0019,45.0,33.6,0.0
6356418608,DP0041,45.0,27.4,0.0
6358560646,DP0038,45.0,21.1,0.0
6353375092,DP0041,45.0,29.3,0.0
6359622819,DP0028,55.0,38.1,0.0
6341933496,DP0015,55.0,41.7,0.0
6356562625,DP0041,45.0,36.1,0.0
6357692262,DP0041,55.0,23.3,0.0
6358404607,DP0008,55.0,41.1,0.0
6355489008,DP0041,50.0,27.2,0.0
6358689696,DP0023,55.0,37.6,0.0
6351768845,DP0033,40.0,30.9,0.0
6358478081,DP0019,50.0,37.5,0.0
6357742265,DP0043,45.0,38.4,0.0
6357429602,DP0041,45.0,44.2,0.0
6354218329,DP0019,45.0,37.3,0.0
6352998070,DP0041,45.0,21.8,0.0
6351452553,DP0043,55.0,32.3,0.0
6351511418,DP0034,40.0,29.2,0.0
6352149215,DP0042,50.0,32.4,0.0
6356256938,DP0008,40.0,21.0,0.0
6349333689,DP0041,50.0,18.9,0.0
6352602044,DP0041,45.0,34.8,0.0
6355042148,DP0015,50.0,37.9,0.0
6351739104,DP0035,55.0,33.7,0.0
6354486223,DP0049,50.0,32.4,0.0
6354785190,DP0041,55.0,36.2,0.0
6349945713,DP0041,55.0,28.9,0.0
6332018889,DP0007,50.0,32.0,0.0
6352352018,DP0038,55.0,30.0,0.0
6350769270,DP0019,75.0,44.6,0.0
6343300848,DP0005,50.0,30.4,0.0
6347560492,DP0041,50.0,28.0,0.0
6346547137,DP0043,50.0,33.2,0.0
6343149297,DP0041,55.0,29.0,0.0
6348674803,DP0018,45.0,27.5,0.0
6348717806,DP0041,55.0,28.7,0.0
6344919856,DP0045,55.0,35.6,0.0
6332327420,DP0041,50.0,31.6,0.0
6370772444,DP0041,40.0,25.0,0.0
6367396679,DP0048,40.0,38.1,0.0
6335216732,DP0041,45.0,38.3,0.0
6371066569,DP0008,90.0,59.8,0.0
6349329806,DP0027,50.0,40.6,0.0
6360524260,DP0047,55.0,45.8,0.0
6371271584,DP0041,40.0,33.7,0.0
6362258664,DP0007,55.0,51.8,0.0
6369979552,DP0041,40.0,19.4,0.0
6366450854,DP0041,40.0,20.1,0.0
6370227471,DP0050,40.0,59.5,1.0
6366212772,DP0024,40.0,25.0,0.0
6363846414,DP0041,45.0,25.8,0.0
6360979019,DP0043,40.0,25.5,0.0
6367641467,DP0028,40.0,22.3,0.0
6356556113,DP0007,40.0,23.4,0.0
6365321433,DP0046,55.0,49.3,0.0
6366817370,DP0041,40.0,60.8,1.0
6361281892,DP0041,50.0,32.3,0.0
6365743482,DP0041,50.0,32.8,0.0
6364631445,DP0002,40.0,17.8,0.0
6364903002,DP0043,40.0,38.1,0.0
6355782626,DP0028,55.0,45.3,0.0
6343565955,DP0033,50.0,24.6,0.0
6360877099,DP0010,40.0,20.5,0.0
6355819899,DP0030,50.0,28.8,0.0
6357511607,DP0041,50.0,38.3,0.0
6353276906,DP0041,100.0,65.9,0.0
6355864297,DP0044,40.0,34.4,0.0
6354984438,DP0034,40.0,33.6,0.0
6345864295,DP0041,40.0,28.7,0.0
6350067528,DP0041,40.0,28.6,0.0
6345379797,DP0041,55.0,28.9,0.0
6323173792,DP0041,50.0,42.1,0.0
6354387648,DP0028,40.0,35.3,0.0
6353706506,DP0026,55.0,33.9,0.0
6346912224,DP0019,65.0,60.6,0.0
6348589638,DP0041,50.0,34.8,0.0
6346449822,DP0047,50.0,35.8,0.0
6333246994,DP0015,40.0,34.9,0.0
6347531244,DP0006,40.0,21.6,0.0
6334745138,DP0007,50.0,37.8,0.0
6348025756,DP0041,100.0,68.3,0.0
6367696843,DP0027,45.0,29.7,0.0
6365832364,DP0015,55.0,48.5,0.0
6368423995,DP0028,70.0,48.2,0.0
6349809985,DP0041,80.0,76.9,0.0
6358556125,DP0041,50.0,42.1,0.0
6398099778,DP0041,50.0,16.5,0.0
6396673059,DP0026,65.0,56.9,0.0
6397305500,DP0040,50.0,25.1,0.0
6400181538,DP0006,55.0,49.9,0.0
6399766211,DP0005,65.0,44.7,0.0
6386349901,DP0041,65.0,50.7,0.0
6400237468,DP0021,70.0,48.8,0.0
6398396678,DP0041,40.0,23.7,0.0
6400238558,DP0005,75.0,71.4,0.0
6398829438,DP0008,40.0,17.1,0.0
6394934227,DP0043,50.0,30.2,0.0
6391550753,DP0041,50.0,33.1,0.0
6397548230,DP0041,65.0,31.4,0.0
6390693585,DP0043,65.0,51.3,0.0
6397995329,DP0041,45.0,38.0,0.0
6397994047,DP0041,50.0,29.7,0.0
6392202543,DP0041,70.0,51.1,0.0
6397148410,DP0015,55.0,41.0,0.0
6384684969,DP0026,45.0,35.4,0.0
6391665717,DP0041,55.0,46.1,0.0
6380374250,DP0022,45.0,36.9,0.0
6387896677,DP0026,65.0,46.2,0.0
6395929135,DP0026,55.0,47.6,0.0
6386945222,DP0008,50.0,38.9,0.0
6389292392,DP0005,45.0,32.2,0.0
6393976865,DP0005,65.0,40.9,0.0
6393726817,DP0007,50.0,32.7,0.0
6395017379,DP0027,50.0,41.5,0.0
6391540353,DP0041,45.0,28.9,0.0
6389515638,DP0013,55.0,43.3,0.0
6394375648,DP0043,40.0,30.5,0.0
6393800993,DP0041,40.0,25.8,0.0
6392601555,DP0041,50.0,29.3,0.0
6392964773,DP0041,40.0,21.3,0.0
6392588215,DP0028,65.0,53.5,0.0
6391891431,DP0005,45.0,21.4,0.0
6383913999,DP0043,50.0,37.7,0.0
6387602956,DP0008,50.0,33.2,0.0
6390961486,DP0046,50.0,56.2,1.0
6392481776,DP0041,55.0,52.1,0.0
6389692764,DP0021,45.0,27.9,0.0
6392023947,DP0041,45.0,32.6,0.0
6384918475,DP0041,65.0,42.5,0.0
6383200469,DP0003,55.0,39.3,0.0
6389198115,DP0028,90.0,51.5,0.0
6390247676,DP0041,45.0,21.7,0.0
6389058560,DP0041,65.0,70.2,1.0
6386671112,,,,
6385278660,DP0026,45.0,37.5,0.0
6383051271,DP0043,60.0,42.3,0.0
6389338616,DP0041,55.0,44.4,0.0
6387508998,DP0041,40.0,28.8,0.0
6386517206,DP0047,50.0,45.2,0.0
6373212878,DP0023,50.0,27.6,0.0
6387765576,DP0041,55.0,24.8,0.0
6377627517,DP0041,70.0,67.5,0.0
6386463973,DP0041,55.0,54.2,0.0
6384845140,DP0019,50.0,22.5,0.0
6387963377,DP0008,65.0,40.1,0.0
6387440116,DP0041,50.0,32.8,0.0
6374223697,DP0019,45.0,31.9,0.0
6386309519,DP0043,50.0,24.4,0.0
6383552360,DP0008,45.0,29.1,0.0
6387126251,DP0023,50.0,23.0,0.0
6386600356,DP0005,55.0,41.9,0.0
6387083252,DP0041,55.0,39.2,0.0
6369375765,DP0043,45.0,37.3,0.0
6382528723,DP0041,40.0,41.8,1.0
6381198900,DP0044,50.0,50.9,1.0
6384055920,,,,
6384106577,,,,
6383981697,DP0043,45.0,32.8,0.0
6385681906,DP0043,55.0,34.6,0.0
6386567329,DP0042,50.0,39.7,0.0
6386597291,DP0041,55.0,41.3,0.0
6386322792,DP0028,50.0,41.1,0.0
6384526298,DP0015,50.0,32.4,0.0
6382415269,DP0043,55.0,41.9,0.0
6383816081,DP0021,40.0,37.8,0.0
6385843299,DP0034,50.0,39.4,0.0
6385094145,DP0041,50.0,60.1,1.0
6378586220,DP0019,55.0,31.2,0.0
6385087106,DP0041,50.0,26.9,0.0
6384758877,DP0005,45.0,27.2,0.0
6383352021,DP0041,55.0,29.4,0.0
6367367371,DP0041,50.0,40.1,0.0
6381669191,DP0041,50.0,45.4,0.0
6364696549,DP0041,60.0,48.1,0.0
6382001796,DP0019,50.0,25.4,0.0
6374487743,DP0041,65.0,38.8,0.0
6378945249,DP0039,45.0,30.8,0.0
6373129708,DP0041,50.0,44.6,0.0
6380636861,DP0019,40.0,27.8,0.0
6368833750,DP0005,55.0,38.4,0.0
6373310321,DP0008,50.0,47.8,0.0
6378524440,DP0041,50.0,29.6,0.0
6377279466,DP0003,50.0,25.4,0.0
6378578919,DP0043,75.0,45.3,0.0
6379824499,DP0041,45.0,16.0,0.0
6378446934,DP0041,60.0,33.2,0.0
6379649986,DP0043,55.0,44.8,0.0
6378341845,DP0008,45.0,25.4,0.0
6379151581,,,,
6375128347,DP0041,55.0,35.6,0.0
6347741740,DP0043,45.0,35.2,0.0
6377368271,DP0043,45.0,26.5,0.0
6375746455,DP0003,60.0,35.5,0.0
6377969335,DP0032,65.0,43.8,0.0
6374847517,DP0041,55.0,38.4,0.0
6376318798,DP0041,55.0,39.3,0.0
6377194678,DP0019,55.0,43.0,0.0
6376433010,DP0018,50.0,25.4,0.0
6375093436,DP0031,55.0,40.6,0.0
6376011163,DP0041,75.0,56.2,0.0
6376219569,DP0046,40.0,33.4,0.0
6374330905,DP0041,40.0,22.9,0.0
6377702214,DP0038,50.0,41.4,0.0
6375995563,DP0005,50.0,40.9,0.0
6377075665,DP0009,55.0,55.0,1.0
6369859121,DP0041,55.0,28.6,0.0
6371004646,DP0041,40.0,29.7,0.0
6376066205,DP0031,70.0,52.9,0.0
6370418914,DP0041,40.0,16.5,0.0
6371423477,DP0043,45.0,21.2,0.0
6373872187,DP0043,50.0,32.1,0.0
6355557485,DP0015,55.0,30.5,0.0
6374774257,DP0005,55.0,36.0,0.0
6371458430,DP0021,50.0,39.2,0.0
6350566200,DP0041,40.0,32.4,0.0
6357109891,DP0046,40.0,36.8,0.0
6364685288,DP0005,50.0,38.2,0.0
6370616014,DP0004,60.0,64.8,1.0
6387561816,DP0043,50.0,31.7,0.0
6400176658,DP0041,45.0,35.5,0.0
6399414445,DP0050,55.0,52.1,0.0
6398615336,DP0033,40.0,37.9,0.0
6398142086,DP0037,40.0,28.1,0.0
6400317309,DP0010,50.0,34.0,0.0
6400011647,DP0007,45.0,20.3,0.0
6397667231,DP0041,55.0,31.8,0.0
6399801662,DP0028,50.0,42.2,0.0
6388341282,DP0005,45.0,28.2,0.0
6392234902,DP0043,40.0,43.3,1.0
6393601657,DP0014,40.0,22.6,0.0
6395987662,DP0041,40.0,30.6,0.0
6395984979,DP0019,45.0,60.3,1.0
6395224354,DP0041,40.0,30.7,0.0
6398646106,DP0007,45.0,41.1,0.0
6388611321,DP0041,40.0,23.6,0.0
6397280488,DP0006,40.0,30.7,0.0
6397453171,DP0039,50.0,33.4,0.0
6391788085,DP0041,55.0,28.3,0.0
6398273682,DP0010,40.0,32.4,0.0
6396225766,DP0019,50.0,49.3,0.0
6394521599,DP0043,50.0,21.1,0.0
6383828686,DP0043,45.0,35.6,0.0
6393640636,DP0005,50.0,41.9,0.0
6395725373,DP0009,45.0,36.6,0.0
6394958063,DP0007,60.0,46.9,0.0
6385730675,DP0012,40.0,53.4,1.0
6395037163,DP0048,45.0,51.8,1.0
6394031542,DP0041,45.0,36.8,0.0
6396182568,DP0041,40.0,28.9,0.0
6395643322,DP0049,50.0,45.6,0.0
6394231409,DP0041,50.0,31.9,0.0
6392978944,DP0041,40.0,35.8,0.0
6388920945,DP0025,50.0,31.9,0.0
6394839851,DP0031,40.0,27.6,0.0
6389279115,DP0041,45.0,38.0,0.0
6387351511,DP0005,50.0,24.7,0.0
6390191001,DP0019,55.0,43.6,0.0
6386745066,DP0014,60.0,35.3,0.0
6391057798,DP0002,45.0,39.1,0.0
6393375315,DP0041,65.0,54.4,0.0
6354708454,DP0041,55.0,39.9,0.0
6384246475,,,,
6390379745,DP0019,65.0,46.1,0.0
6384522622,DP0041,55.0,39.8,0.0
6393598790,DP0008,40.0,44.2,1.0
6393217930,DP0041,50.0,27.0,0.0
6378243336,DP0041,40.0,35.4,0.0
6382708721,DP0009,45.0,32.5,0.0
6375455380,DP0041,40.0,28.2,0.0
6386172583,DP0041,50.0,37.7,0.0
6387290427,DP0005,40.0,33.1,0.0
6390922006,DP0003,45.0,26.5,0.0
6392199936,DP0048,45.0,38.1,0.0
6388331844,DP0014,50.0,38.6,0.0
6385754119,DP0041,40.0,28.0,0.0
6389636881,DP0041,55.0,36.8,0.0
6388619726,DP0019,40.0,21.0,0.0
6389546619,DP0008,50.0,53.2,1.0
6382435700,DP0041,40.0,32.1,0.0
6390471596,DP0035,40.0,30.0,0.0
6389691455,DP0041,45.0,33.9,0.0
6389542386,DP0043,50.0,38.0,0.0
6389896063,DP0041,40.0,30.1,0.0
6387706807,DP0019,50.0,29.3,0.0
6381275241,DP0043,45.0,32.4,0.0
6379323453,DP0043,55.0,58.0,1.0
6376228643,DP0043,50.0,38.1,0.0
6387575188,DP0041,50.0,33.8,0.0
6384491627,DP0041,65.0,41.4,0.0
6377459745,DP0041,55.0,44.3,0.0
6388670785,DP0021,65.0,60.0,0.0
6384934166,DP0050,55.0,73.7,1.0
6388652715,DP0005,55.0,42.7,0.0
6387945896,DP0009,45.0,49.9,1.0
6386122102,DP0043,55.0,47.1,0.0
6384950128,DP0005,45.0,32.1,0.0
6360982642,DP0043,45.0,27.6,0.0
6384451408,DP0041,50.0,33.7,0.0
6381845084,DP0005,50.0,34.6,0.0
6376427149,DP0038,55.0,33.5,0.0
6383764667,DP0041,55.0,44.2,0.0
6386138539,DP0041,50.0,46.3,0.0
6382177603,DP0044,55.0,47.1,0.0
6383349087,DP0043,60.0,68.8,1.0
6383998444,DP0025,45.0,50.8,1.0
6386912922,DP0005,45.0,31.3,0.0
6385287780,DP0045,40.0,67.7,1.0
6387774230,DP0041,45.0,39.8,0.0
6374846926,DP0005,40.0,38.1,0.0
6384691294,DP0041,55.0,39.5,0.0
6387801879,DP0043,55.0,41.0,0.0
6388057905,DP0041,40.0,34.0,0.0
6387794952,DP0039,40.0,31.1,0.0
6379862131,DP0041,60.0,45.3,0.0
6386691621,DP0041,50.0,44.6,0.0
6383069431,DP0043,55.0,38.7,0.0
6383772850,DP0047,55.0,33.1,0.0
6376062955,DP0041,45.0,36.5,0.0
6375701001,DP0041,50.0,39.4,0.0
6385751589,DP0047,55.0,40.3,0.0
6384612270,DP0008,55.0,34.6,0.0
6384797251,DP0003,60.0,46.9,0.0
6386007963,DP0043,55.0,40.7,0.0
6385944004,DP0014,40.0,33.5,0.0
6387583735,DP0005,50.0,36.5,0.0
6376959143,DP0009,45.0,38.2,0.0
6372761030,DP0032,40.0,24.3,0.0
6385300996,DP0015,40.0,37.2,0.0
6385074174,DP0021,50.0,35.5,0.0
6386284928,DP0048,40.0,37.4,0.0
6378635084,DP0041,55.0,32.2,0.0
6384009328,DP0041,40.0,33.3,0.0
6386017297,DP0006,45.0,33.8,0.0
6383726217,DP0041,50.0,51.7,1.0
6355335172,DP0041,50.0,41.9,0.0
6386146426,DP0041,45.0,30.0,0.0
6381618212,DP0015,50.0,41.7,0.0
6385631914,DP0038,55.0,57.0,1.0
6376986758,DP0043,40.0,23.9,0.0
6385999532,DP0041,40.0,29.3,0.0
6380239643,DP0041,40.0,40.9,1.0
6378767562,DP0041,40.0,37.8,0.0
6385478794,DP0039,40.0,28.6,0.0
6384457379,DP0041,40.0,33.4,0.0
6386015843,DP0005,40.0,30.1,0.0
6383005079,DP0041,40.0,29.8,0.0
6384973304,DP0050,40.0,36.0,0.0
6368835315,DP0041,45.0,38.8,0.0
6383510594,DP0019,50.0,52.4,1.0
6377808778,DP0019,55.0,37.0,0.0
6384408341,DP0041,40.0,26.9,0.0
6376053398,DP0043,40.0,50.9,1.0
6379080463,DP0041,55.0,46.8,0.0
6382402283,DP0041,65.0,36.5,0.0
6379491411,DP0009,40.0,24.0,0.0
6383248111,DP0041,45.0,35.8,0.0
6379755213,DP0041,40.0,29.2,0.0
6382692140,DP0048,45.0,52.7,1.0
6376725872,DP0020,40.0,39.0,0.0
6382295731,DP0041,50.0,33.3,0.0
6375521279,DP0039,50.0,27.4,0.0
6362302088,DP0041,45.0,38.4,0.0
6380448251,DP0041,40.0,42.6,1.0
6380941342,DP0015,45.0,29.2,0.0
6379499878,DP0026,40.0,26.1,0.0
6379458939,DP0041,40.0,33.5,0.0
6376955824,DP0041,50.0,36.3,0.0
6377827390,DP0006,45.0,30.8,0.0
6380256300,DP0038,40.0,42.8,1.0
6380631316,DP0041,40.0,23.8,0.0
6372623416,DP0043,55.0,63.4,1.0
6375917072,DP0013,40.0,27.7,0.0
6373642294,DP0041,55.0,62.4,1.0
6378032582,DP0008,45.0,58.3,1.0
6376497960,DP0016,40.0,47.7,1.0
6375475302,DP0017,45.0,35.3,0.0
6379688165,DP0043,50.0,30.5,0.0
6379318174,DP0014,45.0,30.0,0.0
6379957097,DP0041,45.0,30.5,0.0
6377451431,DP0041,70.0,46.7,0.0
6377156425,DP0050,40.0,37.1,0.0
6379099983,DP0043,50.0,22.5,0.0
6379417532,DP0041,45.0,29.9,0.0
6362403788,DP0043,40.0,52.8,1.0
6370986913,DP0041,50.0,31.9,0.0
6378661805,DP0043,45.0,31.4,0.0
6377849101,DP0019,40.0,22.3,0.0
6378598445,DP0006,40.0,31.8,0.0
6372358945,DP0041,55.0,41.3,0.0
6376010442,DP0039,40.0,32.9,0.0
6370696142,DP0038,45.0,23.5,0.0
6374767656,DP0041,65.0,49.7,0.0
6374766493,DP0028,50.0,24.8,0.0
6374925625,,,,
6364916470,DP0004,40.0,38.7,0.0
6351540309,DP0048,50.0,50.9,1.0
6374508928,DP0043,55.0,30.9,0.0
6373233852,DP0043,55.0,41.5,0.0
6371011068,DP0028,45.0,36.9,0.0
6375718969,DP0041,40.0,29.5,0.0
6375875036,DP0047,50.0,41.9,0.0
6371572002,DP0043,45.0,25.7,0.0
6372123240,DP0041,55.0,43.4,0.0
6375332880,DP0035,40.0,23.6,0.0
6369152850,DP0041,45.0,29.6,0.0
6372124127,DP0041,50.0,33.7,0.0
6373325978,DP0019,65.0,47.3,0.0
6375042261,DP0041,40.0,26.1,0.0
6374220677,DP0042,55.0,37.7,0.0
6374485089,DP0041,50.0,39.2,0.0
6367386552,DP0041,50.0,31.2,0.0
6374247390,DP0041,40.0,18.6,0.0
6374725816,DP0049,50.0,32.8,0.0
6371334059,DP0041,55.0,36.9,0.0
6400205735,DP0041,50.0,40.1,0.0
6397080336,DP0041,50.0,33.9,0.0
6400502275,DP0041,55.0,37.2,0.0
6401068693,DP0041,55.0,49.0,0.0
6400016769,DP0040,50.0,28.4,0.0
6401222534,DP0041,40.0,29.3,0.0
6400615350,DP0041,50.0,45.4,0.0
6401053793,DP0005,45.0,26.5,0.0
6399053140,DP0016,45.0,23.2,0.0
6395506188,DP0008,55.0,41.7,0.0
6400396461,DP0043,40.0,26.8,0.0
6399937089,DP0019,55.0,31.0,0.0
6400070948,DP0008,55.0,39.6,0.0
6388197456,DP0007,50.0,21.8,0.0
6399606908,DP0041,65.0,51.5,0.0
6392843452,DP0002,50.0,32.2,0.0
6397343611,DP0041,45.0,31.8,0.0
6380887604,DP0007,50.0,24.3,0.0
6397304286,DP0043,50.0,31.9,0.0
6399983694,DP0047,50.0,32.0,0.0
6398384244,DP0047,40.0,22.5,0.0
6390185827,DP0039,40.0,23.4,0.0
6394897696,DP0041,50.0,32.8,0.0
6399755135,DP0041,45.0,29.1,0.0
6397699762,DP0027,50.0,31.9,0.0
6398626338,DP0039,40.0,16.4,0.0
6398942170,DP0005,90.0,53.9,0.0
6398123677,DP0041,55.0,43.6,0.0
6394282633,DP0016,50.0,31.3,0.0
6390704069,DP0041,50.0,33.5,0.0
6397054142,DP0041,55.0,30.0,0.0
6394009510,DP0041,45.0,22.1,0.0
6397997895,DP0041,45.0,26.0,0.0
6397809360,DP0041,40.0,21.4,0.0
6393038173,DP0041,40.0,30.0,0.0
6394956309,DP0041,45.0,30.3,0.0
6392158513,DP0006,50.0,29.3,0.0
6393774484,DP0034,45.0,22.1,0.0
6395774396,DP0047,50.0,52.3,1.0
6390373855,DP0050,45.0,50.0,1.0
6396920021,DP0041,40.0,27.6,0.0
6391134546,DP0015,55.0,37.5,0.0
6396561713,,,,
6390583383,DP0037,40.0,36.1,0.0
6395196976,DP0043,60.0,46.6,0.0
6395626401,DP0041,40.0,23.3,0.0
6390473418,DP0043,45.0,23.7,0.0
6385951245,DP0041,40.0,38.4,0.0
6393697488,DP0008,50.0,40.7,0.0
6392576969,DP0007,40.0,20.6,0.0
6394796793,DP0005,55.0,35.0,0.0
6373503012,DP0041,45.0,27.4,0.0
6395029056,DP0017,50.0,25.6,0.0
6393464539,DP0041,40.0,21.8,0.0
6392239320,DP0041,55.0,44.9,0.0
6394620252,DP0023,40.0,27.9,0.0
6388628167,DP0011,40.0,40.1,1.0
6394219079,DP0006,55.0,57.0,1.0
6388743469,DP0041,50.0,41.7,0.0
6384673865,DP0039,60.0,39.8,0.0
6394723612,DP0023,40.0,35.7,0.0
6393634338,DP0043,40.0,21.1,0.0
6393510695,DP0041,50.0,30.4,0.0
6387186867,DP0041,65.0,40.1,0.0
6393472039,DP0041,40.0,28.4,0.0
6392170128,DP0041,75.0,52.5,0.0
6389656022,DP0041,60.0,39.6,0.0
6384049589,DP0039,40.0,21.1,0.0
6392943653,DP0031,50.0,60.5,1.0
6388565710,DP0041,50.0,33.0,0.0
6392328650,DP0041,40.0,30.9,0.0
6379394467,DP0041,70.0,48.7,0.0
6393782992,DP0043,50.0,33.4,0.0
6392516513,DP0043,50.0,30.2,0.0
6391591885,DP0019,50.0,28.3,0.0
6392096401,DP0013,40.0,19.4,0.0
6390144667,DP0019,40.0,24.1,0.0
6388140682,DP0041,50.0,32.6,0.0
6391221803,DP0029,40.0,21.9,0.0
6392752156,DP0010,60.0,41.9,0.0
6386726780,DP0006,45.0,35.2,0.0
6392406233,DP0024,50.0,32.0,0.0
6392772944,DP0008,50.0,39.2,0.0
6390269317,,,,
6389583107,DP0041,50.0,33.6,0.0
6383772859,DP0003,45.0,24.7,0.0
6376274830,DP0007,50.0,30.4,0.0
6384819773,DP0043,50.0,30.5,0.0
6386546703,DP0043,40.0,25.1,0.0
6385827813,DP0025,45.0,28.6,0.0
6377306131,DP0005,40.0,41.3,1.0
6351397225,DP0041,55.0,52.4,0.0
6391020815,DP0028,40.0,21.6,0.0
6391453199,DP0005,40.0,24.0,0.0
6368421219,DP0009,55.0,30.5,0.0
6389551652,DP0008,50.0,34.1,0.0
6386972863,DP0041,55.0,35.0,0.0
6382764866,DP0043,55.0,36.1,0.0
6392894530,DP0041,50.0,40.5,0.0
6390776795,DP0041,40.0,44.8,1.0
6391380249,DP0038,50.0,34.8,0.0
6390018708,DP0041,45.0,24.5,0.0
6385389358,DP0039,55.0,38.9,0.0
6392271854,DP0018,45.0,35.8,0.0
6391312341,DP0041,55.0,50.9,0.0
6389090668,DP0043,50.0,29.9,0.0
6392771336,DP0029,45.0,29.3,0.0
6392395944,DP0043,50.0,31.3,0.0
6386144257,DP0038,50.0,38.3,0.0
6390856987,DP0034,55.0,33.5,0.0
6391138559,DP0004,55.0,42.7,0.0
6387681990,DP0041,50.0,24.4,0.0
6381500956,DP0041,50.0,27.1,0.0
6387258317,DP0041,65.0,37.6,0.0
6392175716,DP0008,60.0,39.6,0.0
6386044544,DP0006,40.0,30.8,0.0
6389731994,DP0041,50.0,41.8,0.0
6392035752,DP0034,50.0,54.7,1.0
6392058718,DP0038,40.0,47.0,1.0
6381533226,DP0048,40.0,44.7,1.0
6391702824,DP0041,50.0,49.3,0.0
6390212062,DP0036,55.0,41.5,0.0
6388970600,DP0003,40.0,31.8,0.0
6381957256,DP0005,55.0,29.5,0.0
6391033877,DP0041,45.0,29.2,0.0
6367850741,DP0043,40.0,38.3,0.0
6389580231,DP0041,55.0,38.4,0.0
6389142436,DP0035,60.0,41.9,0.0
6390522051,DP0005,50.0,29.4,0.0
6390557048,DP0048,50.0,50.4,1.0
6391417294,DP0049,40.0,37.8,0.0
6390991636,DP0041,55.0,53.6,0.0
6388845294,DP0005,50.0,46.3,0.0
6373387154,DP0041,40.0,21.7,0.0
6384994664,DP0043,50.0,40.4,0.0
6385778475,DP0041,40.0,19.8,0.0
6387945546,DP0041,55.0,30.2,0.0
6389487723,DP0005,50.0,24.3,0.0
6351402764,DP0007,55.0,65.0,1.0
6372464429,DP0008,50.0,29.3,0.0
6386938644,DP0043,50.0,34.5,0.0
6385712729,DP0041,65.0,55.6,0.0
6386537553,DP0041,45.0,27.6,0.0
6374082769,DP0007,50.0,44.2,0.0
6389031622,DP0043,40.0,19.7,0.0
6386884407,DP0041,40.0,23.6,0.0
6383598534,DP0015,50.0,30.0,0.0
6388072479,DP0043,40.0,47.9,1.0
6387277518,DP0019,40.0,20.0,0.0
6380501473,DP0015,55.0,42.1,0.0
6387998901,DP0019,55.0,23.5,0.0
6385059334,DP0043,50.0,36.0,0.0
6384221383,DP0043,45.0,45.3,1.0
6385734799,DP0024,45.0,25.4,0.0
6385900143,DP0041,55.0,36.8,0.0
6387120383,DP0041,40.0,31.3,0.0
6387390250,DP0041,55.0,34.9,0.0
6387159785,DP0020,50.0,25.1,0.0
6380744091,DP0041,45.0,29.6,0.0
6382352664,DP0041,55.0,46.1,0.0
6372673340,DP0003,50.0,25.4,0.0
6381756890,DP0030,40.0,18.5,0.0
6387060349,DP0041,50.0,30.4,0.0
6387184579,DP0019,45.0,18.5,0.0
6359633062,DP0047,40.0,45.5,1.0
6384578657,DP0004,50.0,55.1,1.0
6382821960,DP0047,55.0,33.0,0.0
6385168234,DP0015,50.0,52.9,1.0
6372653997,DP0005,45.0,22.9,0.0
6380820470,DP0019,55.0,37.3,0.0
6386999767,DP0041,45.0,51.7,1.0
6381747846,DP0041,55.0,39.9,0.0
6383372958,DP0015,50.0,29.6,0.0
6379491590,DP0014,65.0,37.7,0.0
6386301441,DP0041,40.0,37.9,0.0
6384126946,DP0041,50.0,23.3,0.0
6382796702,DP0041,45.0,25.7,0.0
6386289214,DP0003,55.0,53.0,0.0
6380249880,DP0041,45.0,39.5,0.0
6382887433,DP0041,55.0,35.0,0.0
6381151682,DP0050,50.0,58.7,1.0
6382174161,DP0041,60.0,41.6,0.0
6384145783,DP0015,40.0,26.8,0.0
6378427039,DP0007,55.0,37.4,0.0
6384825494,DP0041,40.0,16.8,0.0
6376530025,DP0041,40.0,18.7,0.0
6375563187,DP0043,50.0,32.3,0.0
6384343825,DP0041,50.0,29.2,0.0
6380486768,DP0041,50.0,44.1,0.0
6377038989,DP0034,40.0,25.6,0.0
6383579464,DP0034,65.0,46.8,0.0
6377864907,DP0015,40.0,57.5,1.0
6380301433,DP0003,55.0,43.7,0.0
6379028311,DP0041,55.0,51.8,0.0
6379768290,DP0015,55.0,46.3,0.0
6380099113,DP0015,50.0,41.0,0.0
6382563531,DP0008,65.0,64.2,0.0
6383821692,DP0013,45.0,27.9,0.0
6381847056,DP0005,50.0,36.3,0.0
6379450691,DP0041,50.0,28.4,0.0
6380957548,DP0034,40.0,28.1,0.0
6384061209,DP0041,45.0,29.8,0.0
6357779822,DP0041,55.0,37.6,0.0
6383384518,DP0048,45.0,50.6,1.0
6375551822,DP0005,65.0,44.5,0.0
6370884236,DP0038,60.0,34.1,0.0
6381963813,DP0018,50.0,26.7,0.0
6375291395,DP0041,45.0,21.4,0.0
6380889707,DP0043,55.0,54.7,0.0
6381542829,DP0041,45.0,43.2,0.0
6383324485,DP0041,55.0,37.0,0.0
6365294184,DP0039,55.0,53.0,0.0
6381226692,DP0041,50.0,25.0,0.0
6381238058,DP0005,45.0,36.5,0.0
6378145895,DP0041,40.0,44.4,1.0
6375897526,DP0041,50.0,40.7,0.0
6379742082,DP0027,40.0,23.9,0.0
6374098899,DP0015,55.0,34.5,0.0
6381824174,DP0041,60.0,53.8,0.0
6382717469,DP0005,55.0,44.9,0.0
6379834880,DP0005,45.0,36.3,0.0
6381451252,DP0039,55.0,43.6,0.0
6381588129,DP0019,50.0,36.4,0.0
6377687527,DP0041,65.0,57.0,0.0
6382419016,DP0041,50.0,37.5,0.0
6346663196,DP0041,45.0,26.1,0.0
6370686656,DP0024,45.0,32.3,0.0
6382491471,DP0041,55.0,34.3,0.0
6377512941,DP0043,45.0,45.5,1.0
6370614909,DP0027,50.0,67.8,1.0
6378343816,DP0026,55.0,83.8,1.0
6377565427,DP0043,40.0,30.9,0.0
6373438239,DP0005,55.0,41.9,0.0
6362999588,DP0027,55.0,32.0,0.0
6363440515,DP0007,45.0,47.8,1.0
6381235170,DP0004,50.0,51.9,1.0
6379333407,DP0007,45.0,42.2,0.0
6381498091,DP0038,50.0,49.1,0.0
6379497812,DP0041,50.0,53.0,1.0
6369381870,DP0019,55.0,51.7,0.0
6375360074,DP0043,45.0,44.0,0.0
6380916846,DP0039,50.0,47.0,0.0
6380968577,DP0048,40.0,50.8,1.0
6380758647,DP0047,40.0,34.1,0.0
6380332450,DP0041,40.0,24.7,0.0
6371477032,DP0043,45.0,22.0,0.0
6370733346,DP0041,40.0,21.4,0.0
6377846452,DP0043,45.0,27.7,0.0
6379592215,DP0015,55.0,35.8,0.0
6381803496,DP0027,60.0,45.5,0.0
6381404841,DP0041,50.0,47.1,0.0
6381148427,DP0038,55.0,37.6,0.0
6379669078,DP0043,55.0,38.8,0.0
6381427681,DP0043,50.0,39.4,0.0
6370029257,DP0020,40.0,30.2,0.0
6378255384,DP0041,55.0,48.7,0.0
6377936377,DP0008,45.0,32.6,0.0
6378304251,DP0026,50.0,42.7,0.0
6378126976,DP0041,50.0,37.8,0.0
6381236300,DP0015,55.0,43.6,0.0
6380459934,DP0041,40.0,22.9,0.0
6380264589,DP0041,50.0,35.6,0.0
6378556858,DP0015,45.0,28.0,0.0
6373119807,DP0041,40.0,23.1,0.0
6381758851,DP0041,40.0,27.9,0.0
6380846134,DP0023,45.0,25.3,0.0
6375889814,DP0015,50.0,38.2,0.0
6379682809,DP0043,55.0,52.6,0.0
6380838970,DP0043,50.0,45.1,0.0
6379340539,DP0015,45.0,46.2,1.0
6377133398,DP0005,50.0,54.0,1.0
6373357010,DP0041,50.0,46.4,0.0
6370206690,DP0041,50.0,40.4,0.0
6376173196,DP0006,55.0,35.7,0.0
6380597321,DP0041,55.0,39.7,0.0
6378297887,DP0040,50.0,24.2,0.0
6380051389,DP0041,85.0,58.7,0.0
6379577730,DP0015,50.0,30.3,0.0
6380743370,DP0040,50.0,46.6,0.0
6378608561,DP0008,50.0,29.4,0.0
6375161113,DP0047,40.0,20.1,0.0
6378114610,DP0041,50.0,25.3,0.0
6367509090,DP0041,50.0,44.7,0.0
6380794390,DP0041,55.0,44.8,0.0
6365962939,DP0038,40.0,35.4,0.0
6379730890,DP0043,45.0,43.4,0.0
6381317883,DP0005,45.0,48.6,1.0
6375527050,DP0041,90.0,62.7,0.0
6380540768,DP0015,55.0,34.8,0.0
6379476329,DP0024,55.0,35.1,0.0
6369249088,DP0041,50.0,43.1,0.0
6380233413,DP0041,50.0,34.9,0.0
6379637275,DP0043,50.0,38.3,0.0
6374417566,DP0041,40.0,36.9,0.0
6372607509,DP0034,40.0,46.1,1.0
6376725372,DP0046,50.0,63.0,1.0
6372590705,DP0018,40.0,25.0,0.0
6378575208,DP0041,55.0,31.3,0.0
6379398503,DP0041,45.0,25.1,0.0
6373579369,DP0030,75.0,55.4,0.0
6378372977,DP0001,45.0,21.0,0.0
6378960196,DP0039,45.0,34.8,0.0
6376427811,DP0019,40.0,18.6,0.0
6371733586,DP0007,40.0,21.5,0.0
6378391905,DP0005,40.0,29.6,0.0
6378510144,DP0027,50.0,35.4,0.0
6371689166,DP0041,50.0,30.5,0.0
6378165728,DP0043,40.0,34.2,0.0
6378396002,DP0012,55.0,41.0,0.0
6373421885,DP0038,40.0,47.2,1.0
6378189491,DP0033,45.0,38.2,0.0
6378459845,DP0041,45.0,32.3,0.0
6377195174,DP0041,45.0,40.0,0.0
6377933258,DP0041,55.0,34.6,0.0
6376931370,DP0043,65.0,48.2,0.0
6373218550,DP0041,45.0,25.8,0.0
6377663004,DP0041,40.0,33.9,0.0
6378279393,DP0039,45.0,31.1,0.0
6376166198,DP0041,40.0,47.7,1.0
6376869771,DP0043,40.0,22.5,0.0
6375825665,DP0041,70.0,42.0,0.0
6376900745,DP0041,50.0,27.2,0.0
6374380092,DP0005,50.0,35.0,0.0
6376739449,DP0043,50.0,22.9,0.0
6376436725,DP0013,55.0,37.1,0.0
6377224154,DP0019,40.0,22.7,0.0
6376342578,DP0005,50.0,21.0,0.0
6369961918,DP0048,50.0,43.5,0.0
6376922907,DP0043,40.0,30.1,0.0
6373081167,DP0043,40.0,34.5,0.0
6370880990,DP0043,55.0,32.3,0.0
6375872640,DP0041,40.0,23.6,0.0
6371745732,DP0043,50.0,47.8,0.0
6373299023,DP0048,55.0,47.2,0.0
6372751684,DP0041,45.0,27.6,0.0
6376333304,DP0010,50.0,23.2,0.0
6376076213,DP0041,45.0,58.7,1.0
6375299726,DP0048,50.0,45.7,0.0
6373869821,DP0043,40.0,22.0,0.0
6359506636,DP0043,55.0,32.5,0.0
6343554222,DP0043,50.0,25.7,0.0
6370948131,DP0043,40.0,35.9,0.0
6372322045,DP0041,50.0,31.9,0.0
6373688314,DP0041,50.0,34.0,0.0
6367622984,DP0019,45.0,33.0,0.0
6374860931,DP0041,80.0,73.4,0.0
6371236460,DP0041,55.0,36.2,0.0
6371994984,DP0043,50.0,32.6,0.0
6396595805,DP0041,55.0,51.7,0.0
6401721848,DP0008,50.0,40.5,0.0
6396275737,DP0002,40.0,22.0,0.0
6391163921,DP0041,65.0,45.8,0.0
6398562201,DP0041,40.0,27.9,0.0
6400258715,DP0025,60.0,36.8,0.0
6394657767,DP0009,55.0,30.6,0.0
6394740383,DP0041,45.0,27.5,0.0
6399197164,DP0006,50.0,24.9,0.0
6399675997,DP0026,40.0,27.3,0.0
6396370295,DP0031,70.0,47.0,0.0
6401009926,DP0041,50.0,33.0,0.0
6397145721,DP0041,40.0,21.2,0.0
6398433450,DP0019,55.0,38.2,0.0
6392206601,DP0043,65.0,35.0,0.0
6398451699,DP0028,50.0,28.4,0.0
6398638309,DP0015,65.0,61.7,0.0
6385544237,DP0010,55.0,42.2,0.0
6400286503,DP0023,55.0,39.2,0.0
6392928379,DP0005,40.0,34.3,0.0
6399268610,DP0005,65.0,55.3,0.0
6397923030,DP0041,45.0,43.5,0.0
6399060648,DP0041,55.0,44.5,0.0
6392676608,DP0041,45.0,75.6,1.0
6396670155,DP0041,45.0,43.2,0.0
6390049874,,,,
6396669422,,,,
6396724235,DP0006,75.0,44.2,0.0
6392409374,DP0041,55.0,27.0,0.0
6384822878,DP0008,65.0,31.8,0.0
6397833048,DP0043,60.0,39.1,0.0
6394601555,DP0041,60.0,39.5,0.0
6393951706,DP0005,55.0,63.4,1.0
6385676638,DP0041,60.0,48.0,0.0
6398360679,DP0002,45.0,30.1,0.0
6389042790,DP0041,45.0,46.9,1.0
6397580413,DP0041,60.0,43.6,0.0
6398240402,DP0015,75.0,51.9,0.0
6397071122,DP0030,85.0,56.9,0.0
6392569175,DP0002,55.0,43.2,0.0
6393332306,DP0041,55.0,37.8,0.0
6394217918,DP0023,60.0,41.5,0.0
6395466630,DP0041,50.0,40.9,0.0
6397271410,DP0047,55.0,47.0,0.0
6392357566,DP0020,60.0,45.9,0.0
6393627323,DP0049,55.0,39.9,0.0
6396941603,DP0041,50.0,42.5,0.0
6396637285,DP0016,40.0,37.7,0.0
6389064810,DP0039,55.0,60.3,1.0
6394984028,DP0041,45.0,29.2,0.0
6393444271,DP0039,65.0,70.5,1.0
6395345129,DP0005,40.0,45.1,1.0
6393230914,DP0009,40.0,48.8,1.0
6396113680,DP0041,45.0,46.5,1.0
6391655058,DP0041,40.0,16.9,0.0
6384699082,DP0041,55.0,38.8,0.0
6381097998,DP0009,65.0,41.5,0.0
6387423484,DP0043,50.0,25.2,0.0
6390158909,DP0047,45.0,44.6,0.0
6396015933,DP0005,50.0,46.3,0.0
6379052188,DP0005,60.0,34.8,0.0
6395789999,DP0043,70.0,74.6,1.0
6387324783,DP0041,45.0,51.6,1.0
6395775275,DP0041,70.0,69.8,0.0
6385426560,DP0045,50.0,29.5,0.0
6390034063,DP0041,55.0,42.9,0.0
6391998022,DP0015,65.0,42.0,0.0
6383608465,DP0041,75.0,57.7,0.0
6388793218,DP0041,45.0,23.7,0.0
6392009392,DP0049,55.0,44.4,0.0
6394907833,DP0015,45.0,31.6,0.0
6390593701,DP0041,55.0,35.6,0.0
6385719376,DP0041,75.0,62.9,0.0
6394711897,DP0026,50.0,28.4,0.0
6394136935,DP0031,45.0,26.8,0.0
6386602712,DP0043,55.0,38.6,0.0
6376847181,DP0034,50.0,33.6,0.0
6388521635,DP0041,40.0,22.4,0.0
6394023062,DP0043,50.0,34.7,0.0
6393148732,DP0015,50.0,41.5,0.0
6394582276,DP0049,55.0,39.6,0.0
6394321286,DP0041,50.0,28.1,0.0
6391725562,DP0041,40.0,27.5,0.0
6387049291,DP0038,40.0,24.9,0.0
6388786530,DP0047,40.0,49.2,1.0
6393001936,DP0015,50.0,30.2,0.0
6383997914,DP0021,55.0,42.5,0.0
6387568121,DP0021,65.0,43.7,0.0
6393753187,DP0019,50.0,39.6,0.0
6383726975,DP0041,55.0,49.7,0.0
6387338320,DP0049,65.0,42.5,0.0
6384961575,DP0043,50.0,27.3,0.0
6393692910,DP0024,50.0,36.8,0.0
6389228360,DP0038,60.0,47.7,0.0
6372874774,DP0041,55.0,52.8,0.0
6384790853,DP0003,50.0,61.6,1.0
6385207537,DP0041,40.0,55.0,1.0
6371766349,DP0043,65.0,61.6,0.0
6391074428,DP0043,55.0,32.6,0.0
6393052047,DP0030,65.0,45.8,0.0
6393347040,DP0041,45.0,24.9,0.0
6386504082,DP0002,65.0,35.8,0.0
6377154091,DP0034,65.0,41.7,0.0
6390762764,DP0041,60.0,35.1,0.0
6379024826,DP0043,45.0,51.1,1.0
6391719056,DP0043,50.0,30.6,0.0
6390924049,DP0048,50.0,42.0,0.0
6393104037,DP0043,45.0,24.0,0.0
6388750006,DP0002,50.0,21.3,0.0
6390485944,DP0041,50.0,30.5,0.0
6384388278,DP0005,65.0,54.5,0.0
6384804564,DP0019,65.0,43.7,0.0
6383742544,DP0041,50.0,50.5,1.0
6380750017,DP0041,40.0,25.6,0.0
6359018833,DP0041,55.0,35.0,0.0
6392507953,DP0005,60.0,40.7,0.0
6387648080,DP0006,60.0,52.6,0.0
6392007190,DP0008,55.0,66.0,1.0
6391695241,DP0006,65.0,43.9,0.0
6382285957,DP0011,60.0,51.5,0.0
6392159890,DP0041,50.0,28.5,0.0
6390722781,DP0042,40.0,20.6,0.0
6391153561,DP0036,60.0,40.7,0.0
6387402077,DP0041,60.0,39.7,0.0
6392358239,DP0015,55.0,43.8,0.0
6384416851,DP0048,50.0,33.6,0.0
6383546553,DP0027,50.0,27.3,0.0
6388125340,DP0043,50.0,30.2,0.0
6355742982,DP0046,50.0,51.3,1.0
6376320679,DP0043,45.0,26.5,0.0
6379327472,DP0005,50.0,54.3,1.0
6390117658,DP0041,50.0,27.8,0.0
6391041301,DP0007,40.0,34.8,0.0
6388578274,DP0002,60.0,43.7,0.0
6391210215,DP0005,50.0,40.1,0.0
6391600813,DP0043,40.0,37.5,0.0
6391711217,DP0043,65.0,42.4,0.0
6389279761,DP0015,50.0,44.1,0.0
6379937976,DP0041,40.0,46.9,1.0
6390445702,DP0047,50.0,20.5,0.0
6388489432,DP0041,55.0,43.0,0.0
6383767372,DP0033,50.0,33.7,0.0
6390795653,DP0041,45.0,28.9,0.0
6390682609,DP0041,40.0,15.5,0.0
6388116681,DP0041,60.0,45.0,0.0
6388100638,DP0041,75.0,56.2,0.0
6380992961,DP0038,40.0,28.4,0.0
6390265596,DP0018,45.0,43.5,0.0
6382754376,DP0024,45.0,60.8,1.0
6384977173,DP0005,45.0,32.2,0.0
6386262210,DP0041,65.0,51.1,0.0
6371425821,DP0008,55.0,52.9,0.0
6384891753,DP0041,55.0,36.9,0.0
6378688056,DP0038,55.0,53.0,0.0
6386145263,DP0041,45.0,27.1,0.0
6386519497,DP0047,60.0,58.9,0.0
6388356547,DP0043,40.0,24.0,0.0
6389032546,DP0046,50.0,40.6,0.0
6388852973,DP0041,50.0,31.3,0.0
6387029018,DP0009,55.0,36.2,0.0
6380150070,DP0043,60.0,32.7,0.0
6388528889,DP0043,55.0,37.0,0.0
6382349835,DP0043,60.0,51.9,0.0
6386505509,DP0041,55.0,28.0,0.0
6379045287,DP0041,55.0,46.2,0.0
6378105968,DP0002,55.0,35.1,0.0
6371297070,DP0041,85.0,57.6,0.0
6377754480,DP0006,60.0,44.8,0.0
6387318926,DP0019,50.0,24.2,0.0
6385013714,DP0041,65.0,48.9,0.0
6387317358,DP0040,55.0,30.0,0.0
6367997287,DP0002,50.0,31.4,0.0
6387117036,DP0041,50.0,25.3,0.0
6374199400,DP0043,55.0,35.1,0.0
6385463300,DP0041,45.0,29.9,0.0
6379372152,DP0041,55.0,44.4,0.0
6384817349,DP0047,55.0,41.9,0.0
6385260448,DP0007,55.0,56.5,1.0
6385079068,DP0041,50.0,31.3,0.0
6385922848,DP0008,50.0,30.9,0.0
6383853670,DP0031,50.0,32.1,0.0
6378393112,DP0041,50.0,28.8,0.0
6385937291,DP0041,40.0,17.6,0.0
6385913692,DP0002,45.0,34.8,0.0
6381782499,DP0019,65.0,47.5,0.0
6384435424,DP0041,40.0,21.3,0.0
6383394685,DP0041,50.0,27.8,0.0
6379616409,DP0041,75.0,43.8,0.0
6372652304,DP0021,50.0,23.0,0.0
6385063232,DP0041,55.0,30.7,0.0
6383259301,DP0013,45.0,17.1,0.0
6380971887,DP0012,55.0,29.1,0.0
6381151375,DP0041,50.0,20.1,0.0
6377158171,DP0041,95.0,64.6,0.0
6381647670,DP0007,65.0,46.3,0.0
6372683677,DP0008,75.0,44.2,0.0
6383531000,DP0041,60.0,38.3,0.0
6373391991,DP0019,55.0,25.9,0.0
6379389327,DP0033,55.0,33.3,0.0
6383767958,DP0034,45.0,19.8,0.0
6376470477,DP0011,45.0,35.1,0.0
6383256236,DP0001,55.0,33.9,0.0
6367867675,DP0043,65.0,32.5,0.0
6382508170,DP0041,40.0,25.7,0.0
6370475065,DP0041,65.0,70.4,1.0
6381611292,DP0041,55.0,58.9,1.0
6373848559,DP0041,45.0,44.2,0.0
6377891512,DP0044,40.0,26.7,0.0
6371718112,DP0041,50.0,29.6,0.0
6383768706,DP0019,70.0,43.9,0.0
6379369924,DP0041,50.0,25.5,0.0
6380987000,DP0039,50.0,33.5,0.0
6382677542,DP0041,45.0,25.7,0.0
6373812201,DP0041,40.0,20.3,0.0
6361202013,DP0043,50.0,26.9,0.0
6367117681,DP0041,65.0,38.5,0.0
6371457965,DP0013,50.0,24.6,0.0
6374809597,DP0005,50.0,31.7,0.0
6382802940,DP0038,65.0,44.4,0.0
6380703796,DP0002,65.0,48.8,0.0
6383246435,DP0023,45.0,24.0,0.0
6379808218,DP0028,65.0,47.0,0.0
6377568506,DP0030,55.0,37.7,0.0
6381771255,DP0048,70.0,56.3,0.0
6382704837,DP0021,40.0,17.0,0.0
6382243799,DP0019,55.0,45.2,0.0
6381936545,DP0008,75.0,49.5,0.0
6381529663,DP0041,45.0,20.4,0.0
6378272172,DP0008,65.0,41.0,0.0
6366829242,DP0041,40.0,26.8,0.0
6380555219,DP0008,40.0,28.8,0.0
6381527767,DP0041,40.0,26.6,0.0
6380929996,DP0041,50.0,33.1,0.0
6380933875,DP0005,55.0,33.3,0.0
6375739007,DP0038,70.0,47.3,0.0
6368221218,DP0041,55.0,40.6,0.0
6377749184,DP0041,60.0,37.9,0.0
6378234107,DP0041,50.0,25.3,0.0
6376608978,DP0041,50.0,35.9,0.0
6381346721,DP0041,65.0,46.7,0.0
6381195584,DP0041,40.0,27.1,0.0
6379883662,DP0028,50.0,38.4,0.0
6380232236,DP0005,45.0,34.6,0.0
6377327863,DP0041,55.0,34.1,0.0
6377836456,DP0043,45.0,26.9,0.0
6380970581,DP0048,75.0,66.8,0.0
6380489129,DP0043,60.0,31.9,0.0
6377405235,DP0041,70.0,44.5,0.0
6382270536,DP0041,45.0,23.4,0.0
6376281618,DP0041,50.0,31.3,0.0
6381354819,DP0038,55.0,32.4,0.0
6378333507,DP0041,50.0,47.6,0.0
6379129632,DP0027,40.0,27.7,0.0
6381522810,DP0024,65.0,49.1,0.0
6378339214,DP0041,50.0,37.8,0.0
6380172985,DP0040,45.0,25.8,0.0
6381410477,DP0015,40.0,20.3,0.0
6381369654,DP0015,60.0,46.6,0.0
6375493366,DP0043,45.0,32.3,0.0
6376167483,DP0041,55.0,31.3,0.0
6359097459,DP0041,50.0,28.1,0.0
6375956578,DP0034,40.0,27.3,0.0
6381213324,DP0038,55.0,40.8,0.0
6377484329,DP0005,55.0,42.2,0.0
6380981477,DP0040,60.0,44.0,0.0
6371807901,DP0041,55.0,33.9,0.0
6376191976,DP0033,55.0,30.0,0.0
6378779804,DP0032,60.0,46.4,0.0
6356083176,DP0002,50.0,44.1,0.0
6366618853,DP0041,50.0,36.6,0.0
6368479738,DP0003,60.0,48.8,0.0
6379657818,DP0041,90.0,78.3,0.0
6378117344,DP0041,55.0,45.0,0.0
6365660162,DP0043,55.0,50.9,0.0
6378763871,DP0041,45.0,45.3,1.0
6379858725,DP0023,50.0,45.9,0.0
6377163318,DP0041,65.0,48.3,0.0
6375048264,DP0041,55.0,28.9,0.0
6377762603,DP0006,50.0,34.8,0.0
6379898467,DP0041,60.0,46.6,0.0
6379917936,DP0043,75.0,36.4,0.0
6378757447,DP0020,50.0,32.5,0.0
6379284080,DP0041,50.0,20.9,0.0
6378159704,DP0041,55.0,32.1,0.0
6368774364,DP0041,65.0,42.7,0.0
6371423510,DP0041,45.0,19.0,0.0
6377218110,DP0021,65.0,42.1,0.0
6379654860,DP0021,65.0,43.7,0.0
6376548709,DP0041,60.0,30.4,0.0
6378849498,DP0041,45.0,21.0,0.0
6379495514,DP0044,50.0,33.5,0.0
6376008308,DP0015,55.0,32.2,0.0
6375844076,DP0041,85.0,56.7,0.0
6379425871,DP0018,60.0,39.8,0.0
6378105727,DP0005,55.0,27.9,0.0
6378972524,DP0034,45.0,23.6,0.0
6378300525,DP0030,60.0,39.7,0.0
6377668208,DP0019,55.0,36.7,0.0
6377507252,DP0020,55.0,37.7,0.0
6378110328,DP0028,60.0,46.9,0.0
6371773106,DP0049,40.0,29.5,0.0
6377626422,DP0041,50.0,32.8,0.0
6378520381,DP0005,65.0,62.8,0.0
6373571021,DP0043,50.0,50.0,1.0
6374730632,DP0041,65.0,44.0,0.0
6376129451,DP0043,65.0,50.6,0.0
6373136624,DP0026,60.0,44.9,0.0
6373459774,DP0041,50.0,24.4,0.0
6377003930,DP0043,55.0,34.9,0.0
6360988342,DP0019,90.0,73.2,0.0
6373168152,DP0043,40.0,24.0,0.0
6372055349,DP0042,75.0,46.8,0.0
6373880258,DP0048,60.0,48.0,0.0
6374028047,DP0024,40.0,32.3,0.0
6375847848,DP0015,45.0,22.0,0.0
6375511373,DP0025,40.0,30.4,0.0
6363817111,DP0047,50.0,38.8,0.0
6376176713,DP0026,45.0,30.0,0.0
6369121777,DP0041,50.0,41.5,0.0
6364986558,DP0034,75.0,56.3,0.0
6373122941,DP0033,40.0,26.1,0.0
6372317230,DP0014,45.0,24.8,0.0
6372334507,DP0041,40.0,36.0,0.0
6375016422,DP0043,55.0,32.2,0.0
6376123913,DP0005,50.0,39.7,0.0
6370595825,DP0043,50.0,40.9,0.0
6369949156,DP0041,40.0,20.9,0.0
6371613986,DP0041,40.0,24.6,0.0
6373430931,DP0041,40.0,25.7,0.0
6373585622,DP0020,40.0,30.0,0.0
6373869574,DP0037,65.0,51.0,0.0
6373155637,DP0041,50.0,35.2,0.0
6375554207,DP0021,55.0,37.0,0.0
6375450787,DP0041,55.0,42.1,0.0
6361134066,DP0003,50.0,60.7,1.0
6363586671,DP0041,60.0,62.2,1.0
6375257452,DP0038,55.0,39.0,0.0
6370313885,DP0041,65.0,69.6,1.0
6368585527,DP0007,50.0,47.0,0.0
6367057071,DP0049,50.0,41.7,0.0
6368219418,DP0021,45.0,24.0,0.0
6374379568,DP0041,55.0,36.1,0.0
6372551654,DP0041,90.0,64.8,0.0
6386121129,DP0041,55.0,40.9,0.0
6401140614,DP0019,60.0,40.7,0.0
6401708102,DP0041,60.0,51.8,0.0
6397928967,DP0032,45.0,28.6,0.0
6400456341,DP0036,45.0,39.8,0.0
6399401098,DP0041,55.0,45.4,0.0
6396350422,DP0041,50.0,41.2,0.0
6398937983,DP0041,55.0,34.0,0.0
6394091372,DP0043,50.0,38.5,0.0
6399062142,DP0019,50.0,32.8,0.0
6400588090,DP0043,40.0,40.3,1.0
6396879904,DP0008,55.0,36.0,0.0
6395100484,DP0041,45.0,17.4,0.0
6399212711,DP0041,60.0,58.0,0.0
6399643618,DP0041,55.0,42.6,0.0
6398209341,DP0021,55.0,46.1,0.0
6398086985,DP0041,45.0,26.2,0.0
6396141338,DP0009,80.0,69.8,0.0
6395720373,DP0029,45.0,24.6,0.0
6396399215,DP0006,55.0,25.5,0.0
6397790902,DP0041,40.0,27.9,0.0
6389082498,DP0006,65.0,39.7,0.0
6394848950,DP0009,50.0,42.7,0.0
6395995471,DP0005,50.0,29.0,0.0
6398025584,DP0031,65.0,47.4,0.0
6394954138,DP0043,50.0,27.7,0.0
6395123286,DP0043,45.0,36.8,0.0
6394984161,DP0005,50.0,36.2,0.0
6394081555,DP0041,50.0,37.0,0.0
6396832100,DP0041,50.0,38.2,0.0
6396838741,DP0041,60.0,53.4,0.0
6396471482,DP0041,55.0,44.6,0.0
6394712511,DP0015,55.0,53.9,0.0
6393843347,DP0041,60.0,47.4,0.0
6393350515,DP0033,50.0,28.9,0.0
6394112257,DP0005,55.0,33.2,0.0
6389756636,DP0041,50.0,32.9,0.0
6381350785,DP0041,55.0,36.4,0.0
6394462455,DP0019,60.0,43.9,0.0
6386580946,DP0041,50.0,29.2,0.0
6392440922,DP0041,55.0,39.3,0.0
6393493101,DP0041,55.0,39.8,0.0
6392600174,DP0041,45.0,29.9,0.0
6394342241,DP0041,50.0,39.3,0.0
6393823752,DP0041,55.0,31.5,0.0
6387742638,DP0032,50.0,34.8,0.0
6393863207,DP0008,45.0,32.3,0.0
6394115449,DP0032,45.0,35.4,0.0
6394081229,DP0041,40.0,42.7,1.0
6389054238,DP0041,85.0,72.5,0.0
6384975207,DP0044,50.0,33.5,0.0
6393455270,DP0041,55.0,50.4,0.0
6390591630,DP0008,45.0,36.5,0.0
6392760276,DP0010,60.0,30.0,0.0
6392242099,DP0006,55.0,42.0,0.0
6391729938,DP0041,50.0,22.7,0.0
6390877826,DP0041,65.0,38.4,0.0
6382100893,DP0049,45.0,37.8,0.0
6389728746,DP0041,75.0,50.8,0.0
6389560084,DP0041,50.0,40.4,0.0
6388933298,DP0041,50.0,26.3,0.0
6360930572,DP0043,65.0,53.5,0.0
6385567607,DP0041,55.0,41.0,0.0
6384045487,DP0041,70.0,50.0,0.0
6392822842,DP0041,65.0,45.4,0.0
6387986036,DP0041,55.0,36.8,0.0
6392355083,DP0038,50.0,30.2,0.0
6390879830,DP0006,45.0,39.4,0.0
6384671602,DP0005,50.0,39.5,0.0
6389153862,DP0041,45.0,28.5,0.0
6387396055,DP0041,40.0,35.2,0.0
6385977553,DP0005,65.0,56.2,0.0
6388215622,DP0019,50.0,32.4,0.0
6388267595,DP0023,45.0,36.7,0.0
6385408840,DP0041,45.0,28.1,0.0
6391816637,DP0019,50.0,31.6,0.0
6391976104,DP0006,70.0,68.5,0.0
6388577650,DP0009,50.0,40.2,0.0
6385928304,DP0010,55.0,38.9,0.0
6392091157,DP0043,85.0,69.7,0.0
6378906837,DP0019,50.0,49.8,0.0
6388233504,DP0041,55.0,53.2,0.0
6383914495,DP0041,45.0,39.4,0.0
6372475024,DP0048,55.0,43.8,0.0
6384471867,DP0019,65.0,43.9,0.0
6388287417,DP0009,60.0,46.1,0.0
6385142419,DP0005,65.0,45.6,0.0
6386362867,DP0016,50.0,34.6,0.0
6388533154,DP0041,60.0,40.6,0.0
6386688649,DP0005,60.0,40.3,0.0
6379807017,DP0017,60.0,37.6,0.0
6386892917,DP0043,50.0,45.3,0.0
6388382640,DP0041,55.0,52.7,0.0
6386209891,DP0005,60.0,44.3,0.0
6372443810,DP0005,80.0,77.9,0.0
6379085067,DP0005,55.0,53.4,0.0
6378382180,DP0044,50.0,36.5,0.0
6384658885,DP0043,50.0,29.8,0.0
6378956474,DP0043,65.0,35.5,0.0
6386471778,DP0043,45.0,22.9,0.0
6386607965,DP0041,65.0,42.6,0.0
6388224696,DP0018,60.0,36.0,0.0
6381459891,DP0034,45.0,30.0,0.0
6382346258,DP0041,60.0,40.1,0.0
6382518200,DP0043,50.0,33.8,0.0
6377568762,DP0039,40.0,32.0,0.0
6386014624,DP0041,55.0,47.9,0.0
6384907765,DP0043,60.0,49.8,0.0
6376925888,DP0007,75.0,40.3,0.0
6385890091,DP0043,55.0,34.4,0.0
6385753664,DP0009,45.0,37.7,0.0
6386145663,DP0041,50.0,42.1,0.0
6363570057,DP0015,55.0,38.6,0.0
6382784411,DP0041,60.0,57.4,0.0
6385141714,DP0041,50.0,33.2,0.0
6383462767,DP0031,40.0,26.5,0.0
6385299122,DP0043,65.0,67.5,1.0
6376641133,DP0041,55.0,38.0,0.0
6385267288,DP0041,65.0,49.4,0.0
6383615378,DP0008,40.0,39.4,0.0
6370691637,DP0043,55.0,37.6,0.0
6377493527,DP0009,40.0,57.8,1.0
6365072398,DP0015,50.0,33.5,0.0
6382215608,DP0008,55.0,40.1,0.0
6378881952,DP0039,50.0,45.3,0.0
6382616656,DP0043,95.0,80.6,0.0
6383243830,DP0019,55.0,38.7,0.0
6379939619,DP0029,55.0,36.5,0.0
6381706010,DP0043,55.0,46.4,0.0
6380929438,DP0041,45.0,26.6,0.0
6380463244,DP0041,65.0,49.3,0.0
6374350163,DP0015,65.0,40.3,0.0
6382848675,DP0041,55.0,29.1,0.0
6375327495,DP0015,85.0,57.7,0.0
6381441001,DP0049,65.0,43.0,0.0
6371789899,DP0041,60.0,35.7,0.0
6382805907,DP0041,65.0,52.1,0.0
6378587489,DP0007,55.0,33.0,0.0
6372996964,DP0018,50.0,32.9,0.0
6376249040,DP0008,50.0,37.7,0.0
6365544520,DP0033,55.0,27.0,0.0
6379533675,DP0019,50.0,33.5,0.0
6379984878,DP0041,50.0,42.7,0.0
6380328527,DP0007,55.0,36.4,0.0
6375735875,DP0041,40.0,31.7,0.0
6380721904,DP0005,65.0,47.0,0.0
6381079300,DP0015,65.0,44.4,0.0
6380349797,DP0041,65.0,40.2,0.0
6379645088,DP0041,45.0,32.1,0.0
6370032887,DP0041,65.0,47.9,0.0
6376727613,DP0005,55.0,22.4,0.0
6379676159,DP0041,55.0,35.3,0.0
6380813033,DP0035,65.0,42.5,0.0
6366506209,DP0022,65.0,52.4,0.0
6372617242,DP0041,45.0,26.2,0.0
6380426198,DP0039,75.0,55.7,0.0
6371103534,DP0006,50.0,25.2,0.0
6380919599,DP0043,60.0,45.1,0.0
6380922038,DP0041,50.0,51.2,1.0
6380634924,DP0005,40.0,29.9,0.0
6378034446,DP0041,65.0,62.6,0.0
6377354050,DP0005,40.0,41.0,1.0
6376302972,DP0043,40.0,25.5,0.0
6378694452,DP0041,65.0,45.1,0.0
6367054881,DP0010,50.0,42.0,0.0
6379251901,DP0003,55.0,31.3,0.0
6379305580,DP0005,55.0,48.9,0.0
6380517409,DP0041,65.0,79.3,1.0
6374995037,DP0041,55.0,45.2,0.0
6373252198,,,,
6379873232,DP0015,50.0,29.8,0.0
6380041885,DP0024,85.0,69.2,0.0
6379460570,DP0015,40.0,33.5,0.0
6377785874,DP0033,55.0,41.5,0.0
6378237863,DP0041,100.0,82.2,0.0
6377263292,DP0041,45.0,32.6,0.0
6372040326,DP0047,70.0,52.3,0.0
6378847723,DP0043,50.0,46.4,0.0
6377872514,DP0041,55.0,40.6,0.0
6374150269,DP0041,40.0,72.2,1.0
6368198523,DP0046,50.0,49.8,0.0
6378506707,DP0005,50.0,43.1,0.0
6377380377,DP0002,70.0,49.8,0.0
6375431828,DP0004,50.0,49.6,0.0
6376439680,DP0041,60.0,53.6,0.0
6377057771,DP0041,55.0,50.0,0.0
6370211684,DP0028,65.0,52.8,0.0
6372023075,DP0041,50.0,34.4,0.0
6371058567,DP0041,55.0,45.0,0.0
6372358061,DP0006,50.0,33.3,0.0
6370856799,DP0023,50.0,39.6,0.0
6373241203,DP0003,45.0,36.1,0.0
6357877259,DP0007,100.0,72.0,0.0
6372386787,DP0041,60.0,37.3,0.0
6373538311,DP0042,50.0,61.6,1.0
6366650759,DP0041,50.0,45.7,0.0
6372975772,DP0041,45.0,38.6,0.0
6399861394,DP0041,50.0,29.6,0.0
6376098208,DP0041,60.0,37.6,0.0
6398826651,DP0041,45.0,22.4,0.0
6397172554,DP0041,50.0,24.7,0.0
6397723022,DP0041,50.0,41.7,0.0
6395407930,DP0028,50.0,51.3,1.0
6393806077,DP0041,45.0,33.5,0.0
6396391938,DP0020,40.0,28.1,0.0
6399038150,DP0041,50.0,34.9,0.0
6392524259,DP0038,55.0,47.9,0.0
6397180742,DP0019,60.0,35.9,0.0
6396837372,DP0048,55.0,38.5,0.0
6388644834,DP0019,65.0,45.8,0.0
6398248996,DP0021,50.0,32.2,0.0
6396941343,DP0009,50.0,27.3,0.0
6391566689,DP0041,45.0,29.6,0.0
6395562891,DP0041,55.0,37.0,0.0
6395535703,DP0041,65.0,59.7,0.0
6397620120,DP0041,50.0,35.2,0.0
6397383863,DP0026,45.0,19.0,0.0
6394730776,DP0014,55.0,38.5,0.0
6384193338,DP0014,45.0,19.4,0.0
6393702205,DP0041,55.0,32.3,0.0
6383019400,DP0041,55.0,41.7,0.0
6395227674,DP0015,45.0,33.4,0.0
6389907464,DP0008,45.0,35.5,0.0
6391459136,DP0008,55.0,35.4,0.0
6394191737,DP0041,55.0,37.0,0.0
6393106911,DP0001,55.0,30.4,0.0
6393760420,DP0003,50.0,39.1,0.0
6389430506,DP0033,60.0,47.6,0.0
6388880649,DP0041,45.0,30.0,0.0
6388817175,DP0041,65.0,54.2,0.0
6392016211,DP0038,55.0,35.8,0.0
6389858732,DP0041,50.0,38.6,0.0
6389873398,DP0041,55.0,41.5,0.0
6390606690,DP0048,50.0,43.9,0.0
6388320371,DP0009,40.0,21.5,0.0
6387176059,DP0041,45.0,30.2,0.0
6389452126,DP0041,45.0,36.6,0.0
6387362684,DP0014,55.0,35.2,0.0
6386257129,DP0041,55.0,39.5,0.0
6389152708,DP0019,50.0,30.8,0.0
6387074509,DP0031,50.0,26.3,0.0
6376491430,DP0030,50.0,42.0,0.0
6388336264,DP0017,55.0,45.7,0.0
6387638596,DP0038,50.0,49.3,0.0
6384406726,DP0041,55.0,31.7,0.0
6378801417,DP0041,50.0,32.7,0.0
6385330739,DP0041,50.0,40.2,0.0
6382654822,DP0009,45.0,26.3,0.0
6383823834,DP0041,45.0,33.2,0.0
6386807527,DP0043,55.0,49.6,0.0
6387033574,DP0007,60.0,44.4,0.0
6371937813,DP0041,50.0,35.4,0.0
6386024761,DP0041,60.0,49.2,0.0
6383359760,DP0041,50.0,44.8,0.0
6380223500,DP0006,60.0,44.9,0.0
6384275448,DP0033,55.0,52.3,0.0
6385381570,DP0041,45.0,50.3,1.0
6381228618,DP0050,55.0,51.3,0.0
6386201110,DP0011,50.0,37.1,0.0
6384357186,DP0049,50.0,43.0,0.0
6381868935,DP0030,55.0,46.0,0.0
6383193409,DP0015,50.0,40.9,0.0
6386358291,DP0037,55.0,41.0,0.0
6375671498,DP0041,50.0,49.2,0.0
6374003951,DP0015,50.0,43.4,0.0
6384571732,DP0019,50.0,40.7,0.0
6383598603,DP0043,50.0,46.1,0.0
6382425588,DP0050,50.0,55.1,1.0
6373808208,DP0023,60.0,49.8,0.0
6383117623,DP0008,45.0,32.3,0.0
6377072099,DP0041,50.0,42.4,0.0
6366246829,DP0041,65.0,45.0,0.0
6380840858,DP0006,75.0,62.5,0.0
6381159816,DP0046,60.0,69.8,1.0
6377293385,DP0005,50.0,40.0,0.0
6380723959,DP0041,40.0,34.1,0.0
6379746021,DP0038,50.0,37.1,0.0
6379766359,DP0041,50.0,37.8,0.0
6373312424,DP0015,50.0,30.6,0.0
6379336604,DP0041,50.0,31.6,0.0
6377315534,DP0047,50.0,33.1,0.0
6377019706,DP0041,50.0,36.2,0.0
6377467559,DP0041,45.0,53.3,1.0
6374617792,DP0016,55.0,44.5,0.0
6375612659,DP0043,65.0,49.3,0.0
6374096790,DP0048,50.0,45.1,0.0
6394350234,DP0041,55.0,38.0,0.0
6387189642,DP0041,55.0,46.2,0.0
6394850244,DP0047,45.0,53.7,1.0
6387228291,DP0008,40.0,24.0,0.0
6387082599,DP0041,50.0,21.6,0.0
6378182380,DP0041,50.0,19.5,0.0
6377523773,DP0041,50.0,63.0,1.0
6375824900,DP0041,45.0,32.5,0.0
6390298176,DP0041,50.0,33.6,0.0
6384751141,DP0008,50.0,41.9,0.0
6377069074,DP0027,40.0,29.6,0.0
6377401648,DP0026,40.0,28.5,0.0
6365099762,DP0041,45.0,29.5,0.0
6401767123,DP0019,50.0,25.9,0.0
6398087044,DP0007,50.0,24.9,0.0
6394438026,DP0041,40.0,24.8,0.0
6392923256,DP0043,55.0,28.8,0.0
6389467877,DP0043,50.0,36.6,0.0
6398564099,,,,
6399388168,DP0041,55.0,40.7,0.0
6396764157,DP0008,55.0,31.1,0.0
6398886869,DP0043,55.0,33.6,0.0
6401021150,DP0034,60.0,35.1,0.0
6393327844,DP0041,40.0,18.5,0.0
6400637590,DP0041,50.0,26.7,0.0
6399164438,DP0042,40.0,18.7,0.0
6394411509,DP0038,40.0,18.3,0.0
6393569440,DP0005,40.0,17.0,0.0
6400930212,DP0041,50.0,16.3,0.0
6397322687,DP0010,55.0,28.9,0.0
6386077907,DP0048,45.0,35.1,0.0
6398024135,DP0041,95.0,62.6,0.0
6398518720,DP0041,70.0,43.5,0.0
6395333440,DP0043,60.0,47.9,0.0
6397943643,DP0041,60.0,42.0,0.0
6379535056,DP0021,50.0,40.2,0.0
6398412411,DP0020,40.0,37.0,0.0
6398480737,DP0041,40.0,24.3,0.0
6372020073,DP0043,60.0,45.1,0.0
6397127790,DP0041,50.0,45.4,0.0
6397202058,DP0047,55.0,41.3,0.0
6397255922,DP0005,50.0,36.2,0.0
6396291940,DP0019,65.0,40.7,0.0
6398035288,DP0005,45.0,25.6,0.0
6396199082,DP0041,55.0,38.3,0.0
6397279318,DP0008,50.0,31.7,0.0
6396215198,DP0006,55.0,44.0,0.0
6389106014,DP0041,50.0,37.9,0.0
6397136455,DP0036,50.0,32.7,0.0
6396156162,DP0041,45.0,37.6,0.0
6394296257,DP0041,45.0,29.9,0.0
6394023265,DP0038,50.0,35.7,0.0
6391937238,DP0038,60.0,32.9,0.0
6393479991,DP0043,40.0,34.8,0.0
6393495601,DP0033,85.0,54.2,0.0
6393050491,DP0026,50.0,42.1,0.0
6379101942,DP0026,40.0,49.4,1.0
6391278304,DP0014,55.0,51.4,0.0
6393703789,DP0043,55.0,36.3,0.0
6392386926,DP0008,40.0,48.9,1.0
6392117108,DP0043,45.0,40.5,0.0
6389186730,DP0019,45.0,38.2,0.0
6380771712,DP0043,50.0,34.2,0.0
6392303947,DP0041,50.0,44.1,0.0
6388184415,DP0041,45.0,25.8,0.0
6393402969,DP0041,40.0,35.3,0.0
6392000504,DP0024,40.0,46.8,1.0
6385381171,DP0041,50.0,31.2,0.0
6390047933,DP0019,55.0,42.3,0.0
6392796472,DP0034,45.0,33.9,0.0
6391798608,DP0041,55.0,43.8,0.0
6393039126,DP0017,40.0,32.2,0.0
6389606172,DP0043,55.0,39.7,0.0
6389476977,DP0030,55.0,36.5,0.0
6380381697,DP0041,50.0,29.7,0.0
6392327036,DP0044,40.0,31.5,0.0
6391571963,DP0041,40.0,30.9,0.0
6390272880,DP0041,45.0,22.8,0.0
6390576430,DP0041,45.0,34.5,0.0
6390459460,DP0043,50.0,42.3,0.0
6391158848,DP0018,45.0,29.2,0.0
6390694351,DP0041,40.0,22.8,0.0
6391900223,DP0034,45.0,23.5,0.0
6389498608,DP0002,40.0,32.1,0.0
6385203176,DP0008,50.0,47.4,0.0
6387906338,DP0024,90.0,70.0,0.0
6388339695,DP0041,45.0,32.2,0.0
6389654901,DP0043,50.0,34.3,0.0
6388452676,DP0041,45.0,22.8,0.0
6387199617,DP0041,55.0,45.3,0.0
6389812589,DP0005,40.0,44.3,1.0
6386654252,DP0019,55.0,41.0,0.0
6390353560,DP0028,60.0,40.6,0.0
6387065558,DP0041,40.0,19.2,0.0
6387047531,DP0005,50.0,30.5,0.0
6381171576,DP0041,40.0,32.9,0.0
6384708004,DP0043,50.0,30.4,0.0
6387027198,DP0041,40.0,30.7,0.0
6388395825,DP0041,55.0,32.2,0.0
6385902391,DP0041,40.0,17.0,0.0
6386854721,DP0015,70.0,49.4,0.0
6385847087,DP0007,60.0,38.6,0.0
6385323713,DP0042,40.0,33.0,0.0
6379595622,DP0041,40.0,36.5,0.0
6386956965,DP0041,40.0,38.8,0.0
6385852191,DP0013,60.0,45.6,0.0
6386710312,DP0041,45.0,38.1,0.0
6386996429,DP0005,55.0,52.0,0.0
6356509815,DP0007,60.0,44.5,0.0
6386527338,DP0021,55.0,34.7,0.0
6380536378,DP0039,40.0,25.5,0.0
6378262849,DP0007,50.0,56.4,1.0
6385480029,DP0007,50.0,19.7,0.0
6385070168,DP0041,65.0,46.5,0.0
6381135724,DP0041,50.0,35.3,0.0
6380233685,DP0041,50.0,37.2,0.0
6376299789,DP0040,40.0,27.4,0.0
6379512186,DP0048,75.0,69.7,0.0
6372409665,DP0005,100.0,58.4,0.0
6381797356,DP0012,40.0,23.9,0.0
6382440916,DP0041,45.0,35.6,0.0
6382102942,DP0008,50.0,31.9,0.0
6378167619,DP0041,40.0,19.1,0.0
6381973055,DP0041,55.0,29.0,0.0
6377208155,DP0048,60.0,53.6,0.0
6381076264,DP0043,50.0,34.3,0.0
6380401381,DP0046,50.0,43.6,0.0
6382441521,DP0007,45.0,23.5,0.0
6382537008,DP0043,40.0,21.4,0.0
6348995105,DP0008,55.0,31.6,0.0
6379871103,DP0041,60.0,33.5,0.0
6376383849,DP0041,55.0,38.1,0.0
6378941336,DP0009,60.0,30.5,0.0
6380457107,DP0041,50.0,25.0,0.0
6381372089,DP0005,50.0,21.1,0.0
6378814579,DP0019,50.0,20.6,0.0
6379374052,DP0043,45.0,22.3,0.0
6381192420,DP0010,40.0,25.3,0.0
6380815519,DP0005,45.0,42.3,0.0
6379826878,DP0039,40.0,18.7,0.0
6376278459,DP0043,55.0,47.2,0.0
6381932883,DP0005,60.0,33.2,0.0
6372553428,DP0028,45.0,24.6,0.0
6381408213,DP0043,40.0,37.2,0.0
6371317974,DP0007,50.0,30.3,0.0
6375290070,DP0021,85.0,58.2,0.0
6350357075,DP0041,40.0,25.3,0.0
6381443355,DP0041,45.0,25.8,0.0
6381676514,DP0043,40.0,20.3,0.0
6376537421,DP0007,45.0,31.3,0.0
6380599177,DP0043,65.0,36.5,0.0
6381063668,DP0043,50.0,43.3,0.0
6363952288,DP0008,50.0,29.0,0.0
6370130987,DP0005,40.0,16.6,0.0
6375035832,DP0049,50.0,20.9,0.0
6372967043,DP0041,50.0,36.3,0.0
6369049910,DP0041,85.0,71.6,0.0
6379579901,DP0041,50.0,49.5,0.0
6371298033,DP0041,40.0,19.1,0.0
6379504285,DP0041,40.0,15.2,0.0
6379469715,DP0014,50.0,35.0,0.0
6379504032,DP0015,55.0,28.4,0.0
6371876128,DP0043,55.0,34.6,0.0
6379308977,DP0041,40.0,20.5,0.0
6378999462,DP0041,50.0,44.8,0.0
6373836896,DP0050,40.0,44.5,1.0
6372083667,DP0041,50.0,25.8,0.0
6370881686,DP0015,60.0,41.4,0.0
6368529691,DP0043,40.0,40.4,1.0
6377329791,DP0037,55.0,39.7,0.0
6375218563,DP0005,45.0,38.2,0.0
6378188338,,,,
6377743019,DP0041,40.0,52.6,1.0
6376102456,DP0047,55.0,47.9,0.0
6369713446,DP0019,40.0,43.5,1.0
6371893356,DP0018,50.0,35.7,0.0
6372046544,DP0041,55.0,44.5,0.0
6368323356,DP0041,70.0,53.1,0.0
6373048656,DP0041,40.0,40.5,1.0
6376152398,DP0041,80.0,51.0,0.0
6371648733,DP0041,40.0,35.4,0.0
6381188729,DP0016,50.0,45.1,0.0
6392314281,DP0038,50.0,46.6,0.0
6380209164,DP0019,55.0,43.7,0.0
6378569673,DP0043,65.0,56.2,0.0
6373533442,DP0007,65.0,47.0,0.0
6397074276,DP0041,45.0,29.7,0.0
6399804936,DP0019,45.0,30.5,0.0
6400087602,DP0041,50.0,30.1,0.0
6398084799,DP0020,60.0,35.2,0.0
6395278773,DP0023,40.0,24.4,0.0
6399562481,DP0019,45.0,31.2,0.0
6399358812,DP0041,95.0,87.2,0.0
6380965129,DP0028,45.0,24.5,0.0
6398835963,DP0041,55.0,31.4,0.0
6398218473,DP0041,60.0,44.8,0.0
6395735508,DP0041,50.0,23.3,0.0
6385757403,DP0041,45.0,28.1,0.0
6394081082,DP0048,60.0,42.5,0.0
6391112405,DP0028,50.0,44.8,0.0
6392261437,DP0015,50.0,30.4,0.0
6394362614,DP0043,60.0,43.8,0.0
6394477531,DP0010,65.0,38.1,0.0
6386171900,DP0043,50.0,23.9,0.0
6389342982,DP0008,50.0,29.9,0.0
6387812989,DP0041,55.0,31.4,0.0
6391646286,DP0008,45.0,30.0,0.0
6369683108,DP0043,45.0,22.9,0.0
6388834822,DP0041,50.0,28.2,0.0
6380206915,DP0025,50.0,34.7,0.0
6372425554,DP0008,50.0,36.0,0.0
6372819059,DP0029,45.0,35.5,0.0
6389818265,DP0041,55.0,43.9,0.0
6390548494,DP0032,55.0,45.1,0.0
6392142645,DP0018,45.0,25.1,0.0
6389330879,DP0041,45.0,27.4,0.0
6388609945,DP0038,55.0,35.1,0.0
6391363131,DP0009,45.0,29.3,0.0
6388984000,DP0008,40.0,30.8,0.0
6372924319,DP0041,45.0,33.4,0.0
6376324958,DP0048,50.0,42.7,0.0
6390882744,DP0015,40.0,22.6,0.0
6387970542,DP0041,55.0,35.4,0.0
6387231159,DP0005,50.0,34.3,0.0
6371359671,DP0031,45.0,22.3,0.0
6387046593,DP0041,60.0,48.7,0.0
6384090499,DP0019,60.0,40.7,0.0
6378273207,DP0041,50.0,37.4,0.0
6378342047,DP0043,50.0,25.9,0.0
6378318526,DP0045,55.0,47.3,0.0
6382550368,DP0006,45.0,16.9,0.0
6379481813,DP0019,45.0,24.6,0.0
6374940454,DP0048,55.0,59.6,1.0
6382207652,DP0019,50.0,27.1,0.0
6381467237,DP0041,45.0,31.0,0.0
6382211176,DP0019,50.0,25.3,0.0
6380805006,DP0028,65.0,45.6,0.0
6381311370,DP0013,40.0,35.7,0.0
6381442861,DP0043,50.0,32.4,0.0
6380608327,DP0043,45.0,50.2,1.0
6382106499,DP0020,40.0,28.2,0.0
6381455402,DP0041,60.0,42.3,0.0
6379128593,DP0028,40.0,31.0,0.0
6375322937,DP0006,55.0,30.3,0.0
6376404544,DP0041,80.0,44.8,0.0
6381205986,DP0041,40.0,23.8,0.0
6380375503,DP0019,45.0,33.4,0.0
6370159352,DP0019,40.0,29.4,0.0
6376185156,DP0048,65.0,54.0,0.0
6377921913,DP0043,40.0,30.2,0.0
6380042869,DP0041,65.0,44.4,0.0
6363734052,DP0008,50.0,34.1,0.0
6374153731,DP0041,40.0,25.3,0.0
6377389866,DP0015,40.0,23.3,0.0
6379270439,DP0048,40.0,27.6,0.0
6372784650,DP0005,60.0,37.7,0.0
6377335776,DP0027,40.0,34.2,0.0
6376773247,DP0038,55.0,30.0,0.0
6376554468,DP0041,55.0,30.9,0.0
6376630105,DP0041,50.0,27.8,0.0
6372238767,DP0030,45.0,28.3,0.0
6375010058,DP0041,45.0,30.2,0.0
6369715163,DP0043,50.0,37.1,0.0
6371532441,DP0003,60.0,40.4,0.0
6392422521,DP0041,50.0,28.3,0.0
6398553710,DP0046,50.0,47.2,0.0
6395259579,DP0005,40.0,21.7,0.0
6397386367,DP0005,50.0,40.0,0.0
6389524067,DP0027,40.0,30.9,0.0
6398498817,DP0005,50.0,26.8,0.0
6400001042,DP0041,40.0,28.5,0.0
6399532820,DP0041,40.0,40.6,1.0
6393848116,DP0041,40.0,32.6,0.0
6397999699,DP0014,40.0,30.9,0.0
6399182761,DP0041,40.0,38.6,0.0
6395673150,DP0041,40.0,35.9,0.0
6397083063,DP0043,55.0,34.7,0.0
6397777855,DP0008,50.0,38.7,0.0
6395328559,DP0041,50.0,41.4,0.0
6390395892,DP0043,50.0,43.2,0.0
6389691471,DP0041,50.0,42.8,0.0
6379134985,DP0028,60.0,61.1,1.0
6395169602,DP0009,55.0,56.3,1.0
6392495440,DP0043,40.0,35.7,0.0
6389573972,DP0033,50.0,38.1,0.0
6389733740,DP0043,45.0,51.1,1.0
6380782114,DP0043,45.0,29.6,0.0
6382749211,DP0030,65.0,67.2,1.0
6379747123,DP0041,50.0,43.9,0.0
6379439280,DP0004,40.0,92.3,1.0
6386358253,DP0019,45.0,49.3,1.0
6383008396,DP0041,50.0,26.8,0.0
6387803547,DP0041,40.0,38.6,0.0
6373809185,DP0028,40.0,44.7,1.0
6385248466,DP0041,50.0,30.5,0.0
6386388930,DP0015,40.0,39.5,0.0
6380053431,DP0041,50.0,52.6,1.0
6386333672,DP0041,55.0,38.4,0.0
6386133965,DP0026,45.0,35.9,0.0
6386750162,DP0047,40.0,35.2,0.0
6383800923,DP0041,40.0,27.3,0.0
6375160944,DP0041,50.0,50.3,1.0
6380863626,DP0041,65.0,61.2,0.0
6383986676,DP0009,50.0,48.4,0.0
6372398857,DP0029,60.0,54.0,0.0
6379961625,DP0041,45.0,27.6,0.0
6378129507,DP0043,60.0,49.7,0.0
6380575738,DP0041,40.0,28.3,0.0
6357185793,DP0020,45.0,31.9,0.0
6378063441,DP0039,50.0,45.8,0.0
6375865036,DP0005,50.0,38.2,0.0
6374896504,DP0006,40.0,34.7,0.0
6369710565,DP0041,50.0,36.0,0.0
6396008298,DP0041,45.0,26.9,0.0
6386591213,DP0019,50.0,33.3,0.0
6393152525,DP0041,90.0,49.7,0.0
6390591106,DP0041,40.0,26.5,0.0
6369058586,DP0020,95.0,81.3,0.0
6375632948,DP0041,70.0,53.3,0.0
6378539865,DP0015,75.0,73.9,0.0
6428954959,DP0041,50.0,22.8,0.0
6429272672,DP0041,50.0,26.1,0.0
6421669338,DP0041,45.0,21.3,0.0
6426993597,DP0043,60.0,37.3,0.0
6426895802,DP0005,50.0,29.5,0.0
6427532361,DP0041,55.0,37.4,0.0
6426422283,DP0041,70.0,57.7,0.0
6424156717,DP0041,75.0,55.0,0.0
6425627655,DP0043,70.0,51.2,0.0
6423437083,DP0041,50.0,27.2,0.0
6424846149,DP0041,50.0,25.7,0.0
6424657014,DP0019,50.0,25.2,0.0
6425300848,DP0033,50.0,32.9,0.0
6423911935,DP0041,50.0,34.6,0.0
6424621345,DP0041,50.0,38.6,0.0
6425228795,DP0047,40.0,26.3,0.0
6413344435,DP0012,40.0,20.9,0.0
6423405451,DP0027,50.0,43.4,0.0
6421399539,DP0041,50.0,37.3,0.0
6419032484,DP0043,75.0,44.8,0.0
6422088955,DP0043,40.0,50.8,1.0
6418903100,DP0026,40.0,21.7,0.0
6411414662,DP0005,50.0,28.6,0.0
6418110993,DP0038,45.0,24.1,0.0
6420751043,DP0033,55.0,27.7,0.0
6414270573,DP0049,55.0,36.7,0.0
6419755518,DP0038,65.0,42.8,0.0
6411541534,DP0021,50.0,31.1,0.0
6414856006,DP0028,50.0,45.4,0.0
6410257093,DP0033,45.0,42.4,0.0
6413712562,DP0041,50.0,40.3,0.0
6413760636,DP0005,65.0,55.6,0.0
6416525245,DP0022,75.0,51.2,0.0
6418158155,DP0048,55.0,50.2,0.0
6419467924,DP0008,55.0,61.5,1.0
6406758200,DP0041,45.0,56.2,1.0
6415153694,DP0028,60.0,37.5,0.0
6414133236,DP0041,40.0,18.0,0.0
6413871212,DP0006,40.0,59.4,1.0
6415763397,DP0021,50.0,44.4,0.0
6389851735,DP0041,55.0,53.2,0.0
6414010967,DP0015,50.0,55.2,1.0
6414678815,DP0041,55.0,30.4,0.0
6414957609,DP0015,65.0,34.5,0.0
6414751557,DP0041,45.0,34.6,0.0
6416884608,DP0043,55.0,57.2,1.0
6410069935,DP0005,60.0,33.6,0.0
6415605944,DP0015,50.0,52.3,1.0
6411785905,DP0043,50.0,33.2,0.0
6414720042,DP0041,50.0,29.8,0.0
6413363346,DP0005,50.0,36.6,0.0
6412103091,DP0041,55.0,41.4,0.0
6393709389,DP0015,60.0,36.5,0.0
6413727067,DP0014,50.0,45.6,0.0
6397981534,DP0044,45.0,25.2,0.0
6413015372,DP0041,55.0,30.1,0.0
6402126603,DP0041,55.0,40.1,0.0
6412784219,DP0016,50.0,27.4,0.0
6412882337,DP0007,50.0,38.8,0.0
6411561262,DP0043,65.0,38.5,0.0
6404749722,DP0002,70.0,45.3,0.0
6409827678,DP0033,40.0,22.3,0.0
6405491229,DP0019,65.0,56.0,0.0
6406355836,DP0041,70.0,54.4,0.0
6410345675,DP0018,55.0,34.9,0.0
6410249535,DP0021,60.0,60.3,1.0
6409250913,DP0043,50.0,37.5,0.0
6409849647,DP0041,40.0,27.2,0.0
6405094938,DP0008,40.0,31.7,0.0
6409953673,DP0041,50.0,43.8,0.0
6410395126,DP0015,50.0,25.1,0.0
6408789282,DP0038,55.0,36.7,0.0
6394307108,DP0041,50.0,38.5,0.0
6405550670,DP0019,45.0,25.7,0.0
6408882285,DP0032,50.0,38.7,0.0
6397645425,DP0041,50.0,36.3,0.0
6406991605,DP0044,40.0,22.9,0.0
6405710927,DP0041,55.0,32.1,0.0
6404734072,DP0002,45.0,31.6,0.0
6405812631,DP0026,45.0,43.0,0.0
6406706750,DP0034,50.0,36.0,0.0
6404301845,DP0026,55.0,39.0,0.0
6406280583,DP0039,65.0,40.7,0.0
6397259424,DP0041,50.0,54.8,1.0
6405793228,DP0008,40.0,21.1,0.0
6395457992,DP0019,50.0,48.3,0.0
6403034780,DP0041,50.0,37.3,0.0
6400454080,DP0022,55.0,31.4,0.0
6400685754,DP0049,60.0,40.5,0.0
6404539740,DP0038,50.0,31.6,0.0
6404433805,DP0043,40.0,20.1,0.0
6400284321,DP0043,70.0,59.6,0.0
6395680100,DP0043,50.0,37.0,0.0
6398091953,DP0005,45.0,30.8,0.0
6403688320,DP0046,55.0,57.8,1.0
6401618338,DP0008,45.0,29.9,0.0
6402498556,DP0005,50.0,41.0,0.0
6391434856,DP0037,50.0,26.7,0.0
6398175011,DP0014,50.0,46.8,0.0
6425597637,DP0012,55.0,39.8,0.0
6424852935,DP0019,55.0,46.5,0.0
6425583604,DP0018,40.0,29.3,0.0
6427307920,DP0041,40.0,24.8,0.0
6427824648,DP0012,55.0,38.7,0.0
6427070539,DP0041,45.0,40.1,0.0
6426524202,DP0049,55.0,45.8,0.0
6427667602,DP0038,45.0,39.9,0.0
6421548038,DP0041,40.0,29.6,0.0
6423526489,DP0048,65.0,77.8,1.0
6424979150,DP0008,40.0,35.4,0.0
6413998755,DP0038,45.0,29.9,0.0
6412681118,DP0043,60.0,39.8,0.0
6411857970,DP0043,40.0,26.5,0.0
6415701135,DP0041,40.0,21.8,0.0
6424445236,DP0008,40.0,23.3,0.0
6425898140,DP0043,40.0,41.6,1.0
6414168520,DP0010,40.0,15.6,0.0
6414786507,DP0028,45.0,25.0,0.0
6417764734,DP0030,40.0,37.1,0.0
6424271509,DP0039,45.0,32.5,0.0
6423932367,DP0041,50.0,45.9,0.0
6425427040,DP0041,40.0,37.5,0.0
6425415604,DP0041,50.0,28.3,0.0
6423555031,DP0003,50.0,49.4,0.0
6424251800,DP0041,45.0,61.9,1.0
6421236161,DP0041,40.0,22.5,0.0
6418246334,DP0039,50.0,30.6,0.0
6423026531,DP0045,40.0,32.7,0.0
6420751534,DP0041,45.0,24.7,0.0
6422755259,DP0041,55.0,39.5,0.0
6417629440,DP0005,50.0,16.3,0.0
6411118739,DP0041,50.0,28.6,0.0
6421346179,DP0043,55.0,44.4,0.0
6418867278,DP0031,50.0,40.8,0.0
6422316822,DP0043,40.0,32.0,0.0
6418817063,DP0021,40.0,32.6,0.0
6420486808,DP0041,45.0,35.1,0.0
6405276564,DP0041,55.0,46.2,0.0
6419112091,DP0041,60.0,43.3,0.0
6419117248,DP0043,60.0,58.1,0.0
6416364782,DP0015,40.0,36.7,0.0
6403877030,DP0019,45.0,48.7,1.0
6419294394,DP0041,65.0,53.7,0.0
6393015054,DP0011,60.0,45.3,0.0
6418958433,DP0041,50.0,29.6,0.0
6415961719,DP0003,45.0,33.2,0.0
6415127268,DP0008,40.0,31.8,0.0
6417717376,DP0041,45.0,34.4,0.0
6418745478,DP0041,45.0,42.0,0.0
6411454993,DP0007,40.0,40.3,1.0
6418060267,DP0015,50.0,40.8,0.0
6412407184,DP0006,45.0,30.7,0.0
6413296280,DP0038,45.0,25.5,0.0
6415707632,DP0008,40.0,18.7,0.0
6415330924,DP0039,40.0,31.2,0.0
6415591207,DP0041,45.0,40.9,0.0
6417039188,DP0041,55.0,38.5,0.0
6416525286,DP0019,45.0,24.8,0.0
6412911172,DP0041,40.0,29.8,0.0
6412067013,DP0043,55.0,37.3,0.0
6406096188,DP0027,45.0,23.2,0.0
6403163991,DP0024,45.0,30.3,0.0
6404867630,DP0041,50.0,36.3,0.0
6411851148,DP0017,40.0,21.1,0.0
6414679207,DP0041,45.0,15.4,0.0
6400957174,DP0043,45.0,33.8,0.0
6414525724,DP0041,40.0,25.5,0.0
6414933613,DP0041,45.0,33.6,0.0
6408273046,DP0041,40.0,25.6,0.0
6410358945,DP0005,55.0,42.1,0.0
6412539747,DP0012,50.0,26.2,0.0
6407969189,DP0043,55.0,32.2,0.0
6414414397,DP0044,50.0,35.6,0.0
6411777059,DP0041,40.0,35.3,0.0
6413764421,DP0043,45.0,33.5,0.0
6413728887,DP0021,50.0,36.5,0.0
6413071376,DP0018,50.0,35.5,0.0
6412207310,DP0032,45.0,30.7,0.0
6412213712,DP0005,40.0,26.8,0.0
6392864041,DP0041,45.0,27.0,0.0
6412659569,DP0049,55.0,37.6,0.0
6412132688,DP0041,50.0,41.9,0.0
6405672417,DP0041,40.0,27.1,0.0
6412533698,DP0019,40.0,25.3,0.0
6407995482,DP0014,50.0,36.7,0.0
6406045849,DP0028,50.0,51.0,1.0
6402988449,DP0041,40.0,29.5,0.0
6409174525,DP0039,40.0,42.6,1.0
6401663692,DP0043,40.0,24.6,0.0
6400872082,DP0043,40.0,38.3,0.0
6407264855,DP0006,45.0,56.8,1.0
6409035927,DP0008,55.0,35.5,0.0
6405290563,DP0041,65.0,48.5,0.0
6409289945,DP0015,55.0,36.1,0.0
6405152280,DP0041,55.0,39.7,0.0
6406421081,DP0041,55.0,48.6,0.0
6391455611,DP0015,40.0,44.1,1.0
6370359686,DP0041,45.0,33.5,0.0
6408326434,DP0035,40.0,25.0,0.0
6404956105,DP0043,40.0,24.9,0.0
6405503762,DP0005,45.0,37.0,0.0
6406499962,DP0043,50.0,41.4,0.0
6403158598,DP0041,45.0,18.3,0.0
6394353766,,,,
6402830955,DP0001,45.0,25.6,0.0
6408621030,DP0041,55.0,48.3,0.0
6408424612,DP0041,50.0,37.5,0.0
6405809499,DP0041,40.0,25.2,0.0
6407774669,DP0041,50.0,32.4,0.0
6401227301,DP0041,50.0,38.7,0.0
6404504009,DP0043,50.0,27.6,0.0
6398901943,DP0015,60.0,34.3,0.0
6395629663,DP0041,45.0,21.1,0.0
6408070895,,,,
6406665708,DP0041,50.0,41.5,0.0
6407427167,DP0044,55.0,41.9,0.0
6400203357,DP0026,50.0,31.5,0.0
6405893446,DP0041,40.0,22.3,0.0
6407087137,DP0041,55.0,42.8,0.0
6396980705,DP0005,40.0,21.3,0.0
6404607964,DP0041,50.0,24.0,0.0
6406695433,DP0028,40.0,40.5,1.0
6393448305,DP0043,40.0,42.5,1.0
6399449823,DP0043,50.0,35.0,0.0
6400244507,DP0041,50.0,25.6,0.0
6404534050,DP0041,40.0,21.2,0.0
6404131955,DP0041,70.0,48.3,0.0
6399250544,DP0028,40.0,24.4,0.0
6401154450,DP0034,60.0,44.3,0.0
6402404606,DP0041,40.0,28.2,0.0
6399689978,DP0044,45.0,24.1,0.0
6404647321,DP0041,65.0,54.5,0.0
6404267654,DP0041,45.0,30.9,0.0
6394064613,DP0041,40.0,32.1,0.0
6400239852,DP0029,50.0,27.5,0.0
6403186400,DP0041,50.0,27.6,0.0
6403837809,DP0036,40.0,23.4,0.0
6403719623,DP0019,40.0,25.6,0.0
6399965739,DP0041,40.0,33.2,0.0
6399191895,DP0041,40.0,33.2,0.0
6401240552,DP0041,40.0,19.6,0.0
6396580826,DP0041,70.0,47.2,0.0
6400229253,DP0041,55.0,41.0,0.0
6399392007,DP0041,50.0,33.8,0.0
6398575338,DP0043,65.0,43.9,0.0
6391155416,DP0028,40.0,20.6,0.0
6401741722,DP0047,40.0,23.6,0.0
6399304276,DP0041,40.0,33.8,0.0
6396333748,DP0041,45.0,30.4,0.0
6399569855,DP0041,50.0,22.7,0.0
6424318573,DP0015,40.0,26.6,0.0
6421965386,DP0005,45.0,25.2,0.0
6428690705,DP0041,55.0,39.7,0.0
6428971021,DP0041,50.0,26.8,0.0
6428714529,DP0041,50.0,26.1,0.0
6424582671,DP0041,45.0,30.9,0.0
6428061078,DP0021,55.0,42.5,0.0
6421456041,DP0019,45.0,32.3,0.0
6421666754,DP0041,50.0,22.4,0.0
6425948933,DP0019,50.0,30.4,0.0
6423280540,DP0041,65.0,39.5,0.0
6427716841,DP0032,50.0,24.9,0.0
6427891106,DP0041,55.0,48.4,0.0
6422878649,DP0008,50.0,30.2,0.0
6422451860,DP0015,50.0,27.6,0.0
6425136733,DP0041,55.0,29.6,0.0
6425864884,DP0041,40.0,24.9,0.0
6419124957,DP0015,45.0,50.9,1.0
6425319034,DP0043,45.0,32.1,0.0
6422891603,DP0019,40.0,19.7,0.0
6426782095,,,,
6426225805,DP0015,50.0,23.0,0.0
6426681885,DP0033,60.0,33.2,0.0
6420136516,DP0041,60.0,37.3,0.0
6414799617,DP0019,45.0,24.3,0.0
6424590977,DP0041,50.0,34.3,0.0
6419822703,DP0033,50.0,27.3,0.0
6425371136,DP0041,40.0,34.2,0.0
6410672280,DP0015,55.0,38.7,0.0
6424674135,DP0030,50.0,44.7,0.0
6422975959,DP0002,45.0,24.8,0.0
6419002274,DP0041,50.0,33.1,0.0
6424376254,DP0041,60.0,38.9,0.0
6416308263,DP0041,45.0,26.1,0.0
6419585000,DP0041,50.0,24.9,0.0
6419932182,DP0041,50.0,30.4,0.0
6424349607,DP0041,45.0,29.8,0.0
6423654112,DP0002,55.0,58.0,1.0
6423648359,DP0019,50.0,51.3,1.0
6416328419,DP0041,40.0,32.6,0.0
6419273788,DP0041,50.0,39.8,0.0
6424204182,DP0005,70.0,44.2,0.0
6423527210,DP0041,40.0,27.4,0.0
6422832278,DP0041,55.0,30.2,0.0
6423563177,DP0041,45.0,25.1,0.0
6419767306,DP0019,55.0,48.6,0.0
6423550058,DP0041,40.0,31.6,0.0
6422936173,DP0004,40.0,35.8,0.0
6420287993,DP0005,40.0,24.3,0.0
6420521180,DP0041,40.0,32.4,0.0
6420276637,DP0023,50.0,28.2,0.0
6420517573,DP0027,50.0,26.7,0.0
6415270191,DP0015,55.0,32.6,0.0
6422100571,DP0039,40.0,22.9,0.0
6422048493,DP0005,50.0,26.5,0.0
6410046269,DP0020,55.0,31.8,0.0
6419378420,DP0041,45.0,34.4,0.0
6422076651,DP0041,55.0,35.7,0.0
6420017079,DP0050,60.0,51.6,0.0
6414287217,DP0033,55.0,31.1,0.0
6400189593,DP0033,50.0,33.9,0.0
6419661689,DP0041,40.0,24.9,0.0
6417886502,DP0013,45.0,38.4,0.0
6421131294,DP0043,55.0,36.0,0.0
6412026757,DP0041,55.0,38.9,0.0
6419744265,DP0014,50.0,28.6,0.0
6418504380,DP0041,50.0,30.4,0.0
6419437580,DP0005,55.0,38.2,0.0
6411568284,DP0049,50.0,28.5,0.0
6411335401,DP0043,45.0,29.3,0.0
6419772537,DP0041,50.0,70.1,1.0
6420442841,DP0007,40.0,38.0,0.0
6408309640,DP0015,50.0,34.8,0.0
6411972087,DP0019,45.0,38.5,0.0
6419901932,DP0016,50.0,37.0,0.0
6409564181,DP0041,55.0,22.9,0.0
6412585337,DP0045,40.0,18.2,0.0
6419607073,DP0039,40.0,21.8,0.0
6396915329,DP0041,55.0,48.8,0.0
6413003812,DP0041,55.0,31.2,0.0
6408957635,DP0043,55.0,29.1,0.0
6418897948,DP0005,40.0,27.4,0.0
6419160849,DP0034,55.0,33.9,0.0
6415349629,DP0041,55.0,38.0,0.0
6416437424,DP0041,40.0,22.4,0.0
6415887234,DP0043,55.0,31.8,0.0
6405191931,DP0041,50.0,23.8,0.0
6404303768,DP0017,55.0,37.2,0.0
6416443461,DP0041,50.0,26.2,0.0
6416010920,DP0005,55.0,31.3,0.0
6391057730,DP0041,40.0,17.5,0.0
6415650706,DP0041,40.0,24.7,0.0
6417996935,DP0041,40.0,21.0,0.0
6414961856,DP0043,50.0,31.0,0.0
6414961509,DP0041,50.0,41.9,0.0
6412528839,DP0023,55.0,38.5,0.0
6417656052,DP0014,50.0,28.8,0.0
6413981898,DP0043,50.0,30.7,0.0
6415220379,DP0014,45.0,23.3,0.0
6415328384,DP0009,55.0,46.0,0.0
6415845515,DP0015,50.0,36.7,0.0
6410317072,DP0041,45.0,29.1,0.0
6416135880,DP0008,45.0,31.6,0.0
6405893239,DP0044,40.0,35.9,0.0
6412953390,DP0048,50.0,41.2,0.0
6417070683,DP0048,40.0,51.0,1.0
6417294935,DP0005,45.0,36.3,0.0
6416271728,DP0046,40.0,34.3,0.0
6412933750,DP0050,55.0,43.1,0.0
6416506516,DP0044,55.0,34.5,0.0
6399526245,DP0041,40.0,27.8,0.0
6407580365,DP0041,50.0,38.9,0.0
6409552708,DP0008,55.0,47.9,0.0
6414587254,DP0043,50.0,36.4,0.0
6416212085,DP0005,55.0,24.0,0.0
6414828543,DP0023,45.0,35.5,0.0
6410035404,DP0049,40.0,23.7,0.0
6403417791,DP0038,50.0,26.9,0.0
6415690214,DP0008,45.0,31.4,0.0
6397512760,DP0048,50.0,49.2,0.0
6412751960,DP0049,40.0,25.6,0.0
6413026784,DP0012,40.0,22.9,0.0
6414336434,DP0043,50.0,32.8,0.0
6408073474,DP0033,40.0,25.3,0.0
6402350458,DP0031,40.0,31.2,0.0
6411853976,DP0019,40.0,14.8,0.0
6405382494,DP0005,45.0,26.0,0.0
6411480297,DP0019,40.0,40.0,1.0
6397846512,DP0005,40.0,31.4,0.0
6414275288,DP0043,45.0,26.0,0.0
6405287465,DP0041,45.0,26.6,0.0
6413787193,DP0043,50.0,35.7,0.0
6409982782,DP0041,50.0,28.3,0.0
6413267521,DP0008,40.0,22.8,0.0
6413590253,DP0044,40.0,23.0,0.0
6406616050,DP0043,50.0,23.8,0.0
6409592188,DP0027,60.0,30.7,0.0
6412281090,DP0007,55.0,33.3,0.0
6412554641,DP0041,55.0,37.0,0.0
6412922895,DP0041,45.0,19.1,0.0
6411409880,DP0043,40.0,26.8,0.0
6404224525,DP0005,45.0,32.1,0.0
6405630904,DP0008,50.0,27.8,0.0
6406624775,DP0041,60.0,57.9,0.0
6410334543,DP0041,55.0,27.0,0.0
6409998976,DP0005,55.0,54.3,0.0
6412065426,DP0033,40.0,23.9,0.0
6411871105,DP0041,60.0,33.5,0.0
6408540635,DP0041,40.0,26.0,0.0
6407530139,DP0022,45.0,54.8,1.0
6411093527,DP0041,70.0,39.7,0.0
6409749725,DP0041,55.0,35.4,0.0
6409171654,DP0047,55.0,31.5,0.0
6403846007,DP0015,50.0,25.5,0.0
6397441746,DP0019,40.0,25.9,0.0
6408126890,DP0044,45.0,30.9,0.0
6407941246,DP0033,50.0,30.8,0.0
6408665501,DP0041,75.0,52.0,0.0
6408500165,DP0041,55.0,39.8,0.0
6403154931,DP0019,40.0,32.4,0.0
6403738747,DP0041,55.0,37.8,0.0
6409929503,DP0041,55.0,38.6,0.0
6408956044,DP0041,60.0,49.3,0.0
6404844637,DP0006,50.0,28.8,0.0
6394151527,DP0050,50.0,51.2,1.0
6408361900,DP0034,55.0,33.8,0.0
6406025875,DP0041,50.0,33.1,0.0
6406065369,DP0043,40.0,26.2,0.0
6409688281,DP0038,50.0,30.1,0.0
6404225080,DP0041,65.0,38.9,0.0
6408349972,DP0048,50.0,40.0,0.0
6400873808,DP0028,50.0,22.5,0.0
6409509438,DP0035,40.0,18.8,0.0
6409269132,DP0043,50.0,27.2,0.0
6403317245,DP0009,45.0,44.1,0.0
6405107365,DP0004,50.0,48.5,0.0
6406188487,DP0043,55.0,39.1,0.0
6394130044,DP0041,50.0,26.5,0.0
6403558352,DP0048,55.0,45.1,0.0
6405951723,DP0005,50.0,41.3,0.0
6393937449,DP0008,40.0,28.3,0.0
6399737830,DP0007,45.0,37.7,0.0
6406228728,DP0041,50.0,28.0,0.0
6408597707,DP0041,45.0,30.0,0.0
6401231035,DP0028,50.0,28.6,0.0
6406997938,DP0005,50.0,43.8,0.0
6407905567,DP0041,50.0,34.6,0.0
6406990824,DP0041,50.0,46.1,0.0
6408306818,DP0007,50.0,33.4,0.0
6364074691,DP0043,45.0,21.2,0.0
6409089334,DP0014,50.0,35.8,0.0
6398508676,DP0041,50.0,31.6,0.0
6404941540,DP0043,40.0,18.7,0.0
6402766609,DP0041,40.0,21.9,0.0
6403983330,DP0018,60.0,49.7,0.0
6407463173,DP0021,50.0,44.7,0.0
6407951972,DP0043,50.0,40.4,0.0
6407189792,DP0020,50.0,29.4,0.0
6388545919,DP0041,45.0,31.9,0.0
6403137526,DP0049,60.0,48.8,0.0
6403984913,DP0050,60.0,55.7,0.0
6404037298,DP0041,50.0,30.1,0.0
6400444447,DP0041,40.0,30.8,0.0
6406247810,DP0049,45.0,20.3,0.0
6407791444,DP0030,55.0,29.2,0.0
6407964928,DP0019,40.0,32.1,0.0
6404891658,DP0007,45.0,33.1,0.0
6405622648,DP0008,40.0,23.3,0.0
6408084344,DP0043,60.0,45.0,0.0
6403850063,DP0041,55.0,42.1,0.0
6408255384,DP0043,45.0,28.5,0.0
6407203678,DP0041,55.0,55.0,1.0
6407023878,DP0041,40.0,21.2,0.0
6399670596,DP0041,40.0,38.6,0.0
6406243442,DP0005,45.0,31.2,0.0
6403713490,DP0043,55.0,40.7,0.0
6406747278,DP0038,45.0,29.8,0.0
6397723565,DP0041,45.0,28.7,0.0
6397435432,DP0003,50.0,29.3,0.0
6406017645,DP0044,40.0,42.0,1.0
6399391544,DP0043,45.0,36.1,0.0
6399860448,DP0041,50.0,31.4,0.0
6403517798,DP0041,50.0,37.0,0.0
6395711878,DP0041,50.0,27.4,0.0
6404867102,DP0019,50.0,52.5,1.0
6404336028,DP0015,70.0,81.2,1.0
6403228367,DP0041,50.0,34.4,0.0
6394709976,DP0007,45.0,28.6,0.0
6405064088,DP0040,60.0,42.5,0.0
6402434652,DP0041,45.0,38.8,0.0
6388191229,DP0031,45.0,29.7,0.0
6392722302,DP0012,55.0,27.2,0.0
6404302994,DP0028,65.0,53.6,0.0
6400724489,DP0026,40.0,45.8,1.0
6386811758,DP0041,40.0,20.5,0.0
6404153818,DP0041,40.0,23.2,0.0
6402370582,DP0048,40.0,44.9,1.0
6393425276,DP0008,50.0,20.4,0.0
6401327097,DP0043,50.0,58.9,1.0
6398369890,DP0019,55.0,44.2,0.0
6398331155,DP0041,40.0,29.7,0.0
6402181497,DP0041,40.0,21.4,0.0
6400632825,DP0041,45.0,24.4,0.0
6401056064,DP0041,40.0,21.4,0.0
6402869996,DP0031,50.0,27.5,0.0
6402296428,DP0023,55.0,31.2,0.0
6402488293,DP0043,55.0,36.2,0.0
6403195978,DP0015,50.0,42.1,0.0
6400999433,DP0012,40.0,40.1,1.0
6396145788,DP0002,50.0,55.4,1.0
6401824463,DP0015,45.0,29.8,0.0
6400235834,DP0041,50.0,36.7,0.0
6399311925,DP0041,50.0,22.1,0.0
6425142520,DP0019,90.0,57.8,0.0
6417705658,DP0005,50.0,33.7,0.0
6425673664,DP0041,45.0,29.4,0.0
6420407828,DP0041,60.0,40.0,0.0
6428051542,DP0050,45.0,46.5,1.0
6410830906,DP0043,45.0,20.1,0.0
6423262325,DP0043,70.0,40.1,0.0
6423387174,DP0041,65.0,65.6,1.0
6427383998,DP0041,45.0,27.4,0.0
6428172554,DP0008,55.0,41.6,0.0
6418014116,DP0041,40.0,20.0,0.0
6426403306,DP0005,50.0,28.4,0.0
6423639994,DP0043,55.0,34.9,0.0
6427634630,DP0041,40.0,30.4,0.0
6425231924,DP0041,50.0,43.3,0.0
6427339103,DP0005,45.0,32.4,0.0
6425930054,DP0041,65.0,48.4,0.0
6420864064,DP0021,85.0,67.4,0.0
6425042981,DP0019,85.0,73.2,0.0
6409240385,DP0033,55.0,39.8,0.0
6420890590,DP0001,65.0,47.3,0.0
6419131732,DP0041,45.0,29.3,0.0
6422281189,DP0041,50.0,26.3,0.0
6426116163,DP0043,70.0,34.7,0.0
6425620521,DP0039,50.0,26.5,0.0
6413423996,DP0028,45.0,44.3,0.0
6422120726,DP0050,40.0,49.8,1.0
6424692086,DP0041,45.0,29.6,0.0
6418551279,DP0041,65.0,55.8,0.0
6422956288,DP0041,65.0,45.4,0.0
6417074750,DP0041,50.0,39.8,0.0
6403853371,DP0026,50.0,36.6,0.0
6412868310,DP0033,40.0,28.6,0.0
6421809339,DP0041,55.0,43.5,0.0
6422599040,DP0005,50.0,35.8,0.0
6423108511,DP0043,50.0,23.8,0.0
6418937102,DP0038,45.0,20.5,0.0
6416261711,DP0041,55.0,30.3,0.0
6404650421,DP0041,50.0,30.8,0.0
6422135987,DP0019,65.0,51.5,0.0
6420346882,DP0043,55.0,44.9,0.0
6418218365,DP0048,60.0,59.2,0.0
6420438267,DP0041,40.0,29.7,0.0
6418232186,DP0044,60.0,54.1,0.0
6410902019,DP0001,50.0,39.3,0.0
6422730332,DP0043,55.0,40.7,0.0
6414352371,DP0021,45.0,38.2,0.0
6419212655,DP0021,60.0,40.0,0.0
6418705432,DP0015,60.0,50.2,0.0
6417431124,DP0022,55.0,35.1,0.0
6420600864,DP0015,40.0,33.1,0.0
6418914057,DP0043,55.0,44.9,0.0
6412471114,DP0043,50.0,38.2,0.0
6421095418,DP0006,55.0,32.7,0.0
6420240873,DP0008,50.0,23.7,0.0
6420950704,DP0043,75.0,43.8,0.0
6416050468,DP0034,85.0,64.5,0.0
6420223122,DP0009,45.0,21.4,0.0
6419663869,DP0041,55.0,50.9,0.0
6413207162,DP0037,50.0,57.4,1.0
6417429867,DP0015,50.0,26.0,0.0
6421250270,DP0041,45.0,20.0,0.0
6419748290,DP0041,40.0,30.2,0.0
6420672131,DP0006,50.0,35.3,0.0
6415019828,DP0043,40.0,22.9,0.0
6417285573,DP0041,55.0,33.3,0.0
6418255384,DP0018,45.0,21.7,0.0
6419209800,DP0015,50.0,39.4,0.0
6414631444,DP0008,50.0,34.1,0.0
6415732762,DP0038,45.0,33.6,0.0
6407504178,DP0008,45.0,26.6,0.0
6414221075,DP0037,50.0,34.7,0.0
6418652655,DP0008,55.0,41.8,0.0
6418949839,DP0041,65.0,50.6,0.0
6419591443,DP0041,45.0,58.9,1.0
6413796967,DP0041,55.0,57.4,1.0
6418340955,DP0041,40.0,44.1,1.0
6414607151,DP0044,50.0,36.8,0.0
6417352062,DP0041,50.0,53.8,1.0
6414652780,DP0028,55.0,56.5,1.0
6409280744,DP0039,75.0,44.5,0.0
6416355000,DP0043,50.0,41.9,0.0
6415734906,DP0008,65.0,44.7,0.0
6413380768,DP0024,55.0,36.2,0.0
6405529180,DP0041,55.0,30.3,0.0
6416961462,DP0041,45.0,25.4,0.0
6416320001,DP0041,50.0,23.1,0.0
6412766449,DP0023,65.0,46.9,0.0
6417442380,DP0008,55.0,55.0,0.0
6417141955,DP0047,45.0,24.1,0.0
6416985097,DP0005,65.0,36.6,0.0
6416099796,DP0006,55.0,27.7,0.0
6414918053,DP0041,50.0,25.4,0.0
6415586354,DP0041,50.0,24.8,0.0
6414017544,DP0041,45.0,32.4,0.0
6415999714,DP0044,50.0,21.0,0.0
6413592860,DP0008,55.0,65.3,1.0
6416869281,DP0030,60.0,37.6,0.0
6415540364,DP0019,75.0,63.4,0.0
6410696124,DP0043,40.0,27.2,0.0
6416189109,DP0041,55.0,35.5,0.0
6410247880,DP0004,55.0,47.7,0.0
6412398346,DP0041,45.0,30.7,0.0
6414517293,DP0033,60.0,42.1,0.0
6415269010,DP0041,40.0,56.4,1.0
6416331423,DP0043,40.0,31.2,0.0
6410098459,DP0019,50.0,34.3,0.0
6408365380,DP0016,50.0,26.9,0.0
6414872915,DP0019,90.0,65.2,0.0
6414452100,DP0026,40.0,39.4,0.0
6402469662,DP0007,55.0,35.8,0.0
6409603582,DP0041,65.0,68.7,1.0
6412966688,DP0015,45.0,31.8,0.0
6409458749,DP0043,50.0,40.9,0.0
6409641936,DP0015,45.0,30.4,0.0
6410837076,DP0019,60.0,50.5,0.0
6412345330,DP0020,55.0,37.4,0.0
6400274257,DP0041,50.0,46.7,0.0
6413859070,DP0038,70.0,64.1,0.0
6409666782,DP0041,50.0,40.9,0.0
6413668440,DP0041,45.0,37.2,0.0
6412273524,DP0043,55.0,34.5,0.0
6412288106,DP0041,40.0,38.0,0.0
6408545539,DP0005,55.0,38.6,0.0
6411385996,DP0043,50.0,25.3,0.0
6404150112,DP0044,50.0,44.8,0.0
6413213399,DP0050,50.0,53.0,1.0
6413586519,DP0008,70.0,55.5,0.0
6412061186,DP0041,55.0,40.7,0.0
6409503827,DP0015,65.0,52.8,0.0
6411347873,DP0019,40.0,39.2,0.0
6403864299,DP0041,55.0,31.4,0.0
6411704369,DP0048,50.0,44.1,0.0
6404607090,DP0041,50.0,27.9,0.0
6402663373,DP0043,75.0,55.7,0.0
6411761215,DP0002,45.0,34.6,0.0
6411723619,DP0005,75.0,59.2,0.0
6410866071,DP0041,55.0,41.0,0.0
6409374569,DP0033,65.0,42.5,0.0
6400410057,DP0043,65.0,46.3,0.0
6409430324,DP0021,65.0,54.5,0.0
6407296438,DP0038,65.0,39.6,0.0
6395089370,DP0041,55.0,46.3,0.0
6396868893,DP0019,55.0,55.5,1.0
6398329291,DP0043,40.0,27.8,0.0
6410751671,DP0041,55.0,61.6,1.0
6397499619,DP0038,45.0,19.5,0.0
6409625119,DP0043,55.0,34.5,0.0
6371578174,DP0021,50.0,36.9,0.0
6408570865,DP0041,55.0,38.0,0.0
6408269440,DP0008,50.0,30.3,0.0
6402884621,DP0012,45.0,40.7,0.0
6404861121,DP0046,60.0,46.2,0.0
6409411578,DP0043,55.0,45.5,0.0
6405981538,DP0033,45.0,32.9,0.0
6407427949,DP0041,50.0,42.4,0.0
6409244660,DP0044,65.0,39.7,0.0
6408360860,DP0015,55.0,39.5,0.0
6406742019,DP0005,70.0,56.4,0.0
6407267618,DP0041,65.0,39.9,0.0
6406984684,DP0008,60.0,49.3,0.0
6406174509,DP0012,50.0,33.7,0.0
6408980562,DP0043,60.0,40.2,0.0
6396663582,DP0002,45.0,31.8,0.0
6408337195,DP0041,55.0,53.8,0.0
6402975187,DP0041,40.0,24.5,0.0
6408332232,DP0041,45.0,26.2,0.0
6398554300,DP0041,60.0,77.3,1.0
6403613803,DP0038,50.0,80.5,1.0
6408891225,DP0007,50.0,63.7,1.0
6404952800,DP0006,45.0,36.3,0.0
6402275266,DP0041,70.0,94.5,1.0
6408881885,DP0015,65.0,109.7,1.0
6408342452,DP0004,60.0,97.5,1.0
6400528385,DP0048,40.0,86.8,1.0
6404466613,DP0048,65.0,65.4,1.0
6405704531,DP0030,55.0,33.9,0.0
6408843836,DP0003,55.0,38.9,0.0
6389345134,DP0041,65.0,42.9,0.0
6407443300,DP0042,40.0,28.2,0.0
6409168379,DP0008,50.0,45.7,0.0
6396517778,DP0008,55.0,49.6,0.0
6406184518,DP0041,70.0,47.3,0.0
6404928828,DP0043,45.0,34.2,0.0
6399445973,DP0041,65.0,54.0,0.0
6405808880,DP0015,40.0,40.5,1.0
6408615007,DP0036,50.0,43.2,0.0
6406205098,DP0041,65.0,51.6,0.0
6407163880,DP0009,60.0,49.3,0.0
6406520518,DP0015,75.0,53.8,0.0
6400712315,DP0019,45.0,37.8,0.0
6408355497,DP0041,40.0,35.9,0.0
6406433031,DP0041,60.0,68.4,1.0
6405711988,DP0041,55.0,43.4,0.0
6366060745,DP0041,50.0,42.3,0.0
6407904079,DP0043,55.0,32.2,0.0
6404655383,DP0043,50.0,51.6,1.0
6406705621,DP0019,40.0,36.1,0.0
6405373426,DP0025,55.0,32.6,0.0
6407421856,DP0041,65.0,44.0,0.0
6400118035,DP0002,55.0,36.0,0.0
6405818306,DP0043,45.0,51.8,1.0
6405879028,DP0005,50.0,30.0,0.0
6406795672,DP0023,60.0,48.1,0.0
6406679362,DP0041,40.0,22.2,0.0
6406157200,DP0041,50.0,27.1,0.0
6394300578,DP0041,55.0,31.1,0.0
6406188611,DP0041,55.0,36.0,0.0
6404387436,DP0015,45.0,22.0,0.0
6400237222,DP0015,55.0,34.2,0.0
6405316626,DP0043,55.0,66.4,1.0
6405223026,DP0019,40.0,39.7,0.0
6403440239,DP0019,40.0,26.5,0.0
6398563070,DP0037,40.0,48.0,1.0
6387886414,DP0008,65.0,53.6,0.0
6398565786,DP0041,60.0,50.0,0.0
6404666120,DP0041,70.0,63.7,0.0
6402064738,DP0041,55.0,35.2,0.0
6395898428,DP0041,55.0,45.3,0.0
6404494548,DP0008,55.0,45.7,0.0
6392722524,DP0041,55.0,36.1,0.0
6402566892,DP0005,65.0,45.1,0.0
6404723343,DP0003,50.0,28.0,0.0
6403912328,DP0039,65.0,44.4,0.0
6399515490,DP0019,45.0,34.0,0.0
6403850980,DP0041,50.0,36.6,0.0
6401433227,DP0041,50.0,40.4,0.0
6401836641,DP0043,55.0,47.2,0.0
6403469031,DP0041,50.0,40.1,0.0
6394286747,DP0005,50.0,32.7,0.0
6403771062,DP0029,55.0,50.0,0.0
6401535499,DP0019,75.0,69.6,0.0
6401839537,DP0032,40.0,42.0,1.0
6390691666,DP0009,45.0,53.2,1.0
6398675500,DP0006,55.0,40.5,0.0
6402824804,DP0041,55.0,36.2,0.0
6401589424,DP0041,45.0,29.0,0.0
6390392596,DP0041,50.0,20.7,0.0
6399729528,DP0039,55.0,33.2,0.0
6401881476,DP0041,50.0,57.8,1.0
6401415965,DP0041,55.0,40.2,0.0
6397741873,DP0041,50.0,29.2,0.0
6401890962,DP0005,50.0,27.9,0.0
6425825338,DP0041,85.0,54.8,0.0
6425295041,DP0041,55.0,33.9,0.0
6414903077,DP0014,50.0,36.0,0.0
6428896547,DP0005,50.0,29.3,0.0
6425704256,DP0007,40.0,23.5,0.0
6428260581,DP0041,90.0,81.2,0.0
6417168650,DP0041,50.0,47.5,0.0
6427179641,DP0026,50.0,43.0,0.0
6426688466,DP0031,50.0,28.4,0.0
6428078957,DP0043,50.0,32.4,0.0
6421135100,DP0015,55.0,40.7,0.0
6425176047,DP0006,50.0,31.5,0.0
6426851695,DP0027,50.0,33.8,0.0
6425575077,DP0041,40.0,29.4,0.0
6423153487,DP0041,55.0,36.1,0.0
6421824119,DP0037,70.0,48.7,0.0
6425054791,DP0047,50.0,30.1,0.0
6421487732,DP0041,45.0,23.8,0.0
6424343115,DP0005,40.0,31.3,0.0
6419935617,DP0041,50.0,39.6,0.0
6423759022,DP0003,55.0,38.2,0.0
6425054704,DP0041,85.0,62.8,0.0
6425082717,,,,
6421991609,DP0041,50.0,44.1,0.0
6412991648,DP0021,50.0,19.3,0.0
6418161973,DP0043,60.0,39.5,0.0
6418265038,DP0026,55.0,29.6,0.0
6418708117,DP0041,50.0,39.1,0.0
6417117447,DP0019,60.0,42.1,0.0
6412365259,DP0043,50.0,38.8,0.0
6422777892,DP0041,85.0,57.9,0.0
6419435821,DP0017,65.0,44.8,0.0
6405172276,DP0046,50.0,40.6,0.0
6423244257,DP0028,55.0,36.2,0.0
6422534277,DP0041,55.0,34.1,0.0
6421603978,DP0041,55.0,49.7,0.0
6422455480,DP0003,45.0,34.4,0.0
6421971431,DP0047,55.0,29.0,0.0
6422011686,DP0027,50.0,28.4,0.0
6418232049,DP0013,55.0,39.1,0.0
6421614596,DP0043,70.0,69.5,0.0
6421457329,DP0041,60.0,54.5,0.0
6409384925,DP0005,65.0,45.0,0.0
6416547947,DP0007,45.0,32.0,0.0
6404578277,DP0041,60.0,45.2,0.0
6420331858,DP0005,45.0,36.5,0.0
6418767403,DP0043,50.0,26.1,0.0
6349907339,DP0041,40.0,20.1,0.0
6413655757,DP0026,40.0,38.9,0.0
6418540227,DP0028,55.0,36.3,0.0
6419907482,DP0041,50.0,42.7,0.0
6415160237,DP0028,55.0,44.9,0.0
6417388483,DP0041,70.0,44.3,0.0
6419878597,DP0048,45.0,43.4,0.0
6417499255,DP0041,50.0,64.3,1.0
6419131831,DP0039,50.0,47.8,0.0
6418631732,DP0015,45.0,31.4,0.0
6409499823,DP0041,50.0,32.0,0.0
6418221640,DP0041,50.0,46.0,0.0
6418901053,DP0041,55.0,63.1,1.0
6406890392,DP0004,55.0,57.4,1.0
6416532038,DP0043,50.0,34.8,0.0
6413325483,DP0026,50.0,44.7,0.0
6395216328,DP0041,55.0,39.7,0.0
6415456324,DP0041,50.0,33.5,0.0
6415345670,DP0041,40.0,26.9,0.0
6412979413,DP0033,45.0,32.7,0.0
6406442594,DP0041,65.0,45.8,0.0
6416337663,DP0005,55.0,40.9,0.0
6413252975,DP0041,60.0,45.3,0.0
6417261377,DP0006,50.0,35.6,0.0
6416160502,DP0033,45.0,32.5,0.0
6416111751,DP0006,50.0,36.5,0.0
6415587484,DP0043,55.0,37.9,0.0
6409888188,DP0041,55.0,61.6,1.0
6416593748,DP0041,60.0,71.5,1.0
6414977190,DP0041,50.0,22.4,0.0
6409278540,DP0043,50.0,22.8,0.0
6411351658,DP0008,50.0,40.6,0.0
6407685853,DP0041,50.0,49.8,0.0
6414554555,DP0041,50.0,51.0,1.0
6411632674,DP0005,55.0,37.8,0.0
6412232412,DP0015,45.0,33.2,0.0
6408411339,DP0019,50.0,40.3,0.0
6414466373,DP0005,50.0,32.4,0.0
6411874060,DP0028,50.0,27.8,0.0
6415104056,DP0004,75.0,64.3,0.0
6403666925,DP0041,50.0,38.6,0.0
6398735499,DP0015,45.0,41.8,0.0
6412340840,DP0019,45.0,24.8,0.0
6412895629,DP0043,75.0,57.4,0.0
6411156894,DP0041,45.0,32.7,0.0
6412239434,DP0019,45.0,32.6,0.0
6411326773,DP0041,55.0,40.4,0.0
6411895817,DP0015,50.0,44.1,0.0
6404800054,DP0005,55.0,43.6,0.0
6411102653,DP0003,65.0,53.5,0.0
6411871479,DP0047,40.0,26.0,0.0
6407644089,DP0041,45.0,36.4,0.0
6410699821,DP0041,50.0,45.7,0.0
6408014249,DP0048,40.0,43.0,1.0
6405468207,DP0043,50.0,34.1,0.0
6402050961,DP0041,50.0,33.6,0.0
6402240574,DP0041,50.0,53.4,1.0
6410126726,DP0026,50.0,26.0,0.0
6408963107,DP0007,65.0,46.8,0.0
6408648443,DP0041,60.0,45.4,0.0
6406804643,DP0041,70.0,45.0,0.0
6405746432,DP0047,60.0,35.3,0.0
6407905168,DP0039,85.0,66.9,0.0
6409670008,DP0041,50.0,23.0,0.0
6409125771,DP0041,55.0,39.5,0.0
6404538898,DP0011,55.0,31.7,0.0
6408276864,DP0041,50.0,34.8,0.0
6406931352,DP0041,70.0,54.0,0.0
6407275431,DP0041,55.0,36.5,0.0
6407300016,DP0041,60.0,43.6,0.0
6396015451,DP0009,45.0,33.5,0.0
6402096916,DP0041,55.0,46.1,0.0
6407897937,DP0041,55.0,41.2,0.0
6407238336,DP0041,50.0,29.1,0.0
6396142634,DP0041,50.0,27.3,0.0
6407759155,DP0005,45.0,24.9,0.0
6405940264,DP0013,60.0,43.3,0.0
6405310034,DP0023,50.0,32.5,0.0
6404808209,DP0038,60.0,45.4,0.0
6408869310,DP0041,45.0,23.1,0.0
6407426205,DP0043,80.0,58.3,0.0
6406291067,DP0009,50.0,29.0,0.0
6404928977,DP0002,75.0,51.4,0.0
6407868350,DP0039,45.0,32.6,0.0
6407506791,DP0038,50.0,33.1,0.0
6403812913,DP0041,50.0,46.8,0.0
6406382013,DP0043,40.0,26.6,0.0
6407041999,DP0041,65.0,39.3,0.0
6406937587,DP0006,50.0,31.8,0.0
6402402463,DP0043,70.0,52.6,0.0
6406895185,DP0007,50.0,23.6,0.0
6404194096,DP0041,50.0,43.3,0.0
6400735114,DP0041,45.0,47.7,1.0
6401583809,DP0041,75.0,43.0,0.0
6405472951,DP0019,55.0,45.6,0.0
6406569988,DP0025,50.0,32.7,0.0
6404234951,DP0041,55.0,35.8,0.0
6405196531,DP0015,50.0,43.6,0.0
6403109114,DP0003,65.0,51.0,0.0
6391787869,DP0041,50.0,44.6,0.0
6405400331,DP0041,50.0,32.1,0.0
6404349493,DP0041,55.0,51.5,0.0
6404977649,DP0008,45.0,35.2,0.0
6403986072,DP0043,60.0,44.1,0.0
6402933737,DP0008,45.0,23.2,0.0
6403698025,DP0043,55.0,42.2,0.0
6404326615,DP0039,80.0,56.7,0.0
6400936846,DP0041,60.0,47.4,0.0
6393962933,DP0043,55.0,38.0,0.0
6387752609,DP0020,45.0,26.7,0.0
6395831621,DP0012,50.0,33.2,0.0
6402504816,DP0039,90.0,66.0,0.0
6400486411,DP0017,60.0,33.3,0.0
6402283025,DP0041,45.0,49.8,1.0
6401749519,DP0019,55.0,40.6,0.0
6402305356,DP0043,50.0,33.6,0.0
6401292817,DP0041,55.0,38.1,0.0
6389618298,DP0001,50.0,37.2,0.0
6429574527,DP0041,65.0,50.5,0.0
6418570251,DP0025,50.0,26.6,0.0
6415741324,DP0023,55.0,42.5,0.0
6424338696,DP0032,45.0,27.9,0.0
6427088374,DP0041,60.0,37.2,0.0
6426318455,DP0039,45.0,27.8,0.0
6408613471,DP0041,55.0,47.8,0.0
6418615573,DP0008,55.0,56.2,1.0
6424167789,DP0048,50.0,37.1,0.0
6418791018,DP0041,40.0,26.9,0.0
6424055019,DP0018,70.0,38.0,0.0
6423974363,DP0041,50.0,28.3,0.0
6421574236,DP0041,50.0,39.2,0.0
6422644701,DP0007,40.0,31.0,0.0
6418828625,DP0011,50.0,39.5,0.0
6421929805,DP0005,60.0,44.6,0.0
6414237020,DP0041,50.0,24.1,0.0
6422529102,DP0041,55.0,32.0,0.0
6422528530,DP0022,75.0,68.4,0.0
6421448944,DP0008,45.0,27.9,0.0
6417901823,DP0041,55.0,43.2,0.0
6414845871,DP0041,45.0,30.3,0.0
6410229739,DP0041,45.0,28.9,0.0
6395709860,DP0048,45.0,38.2,0.0
6418165042,DP0039,45.0,38.7,0.0
6417677620,DP0035,45.0,30.7,0.0
6419639171,DP0029,45.0,39.9,0.0
6417020345,DP0042,50.0,39.7,0.0
6419541060,DP0008,55.0,48.7,0.0
6418441368,DP0027,45.0,23.9,0.0
6417586170,DP0041,55.0,21.9,0.0
6418211583,DP0002,55.0,41.0,0.0
6410323462,DP0019,45.0,21.8,0.0
6416187422,DP0041,55.0,41.4,0.0
6415760916,DP0012,60.0,45.8,0.0
6415670136,DP0021,65.0,46.0,0.0
6416516822,DP0041,50.0,45.1,0.0
6414628883,DP0038,65.0,54.8,0.0
6409774921,DP0007,45.0,37.6,0.0
6416231830,DP0044,50.0,33.4,0.0
6414310418,DP0005,60.0,41.1,0.0
6405883187,DP0041,55.0,39.3,0.0
6413883898,DP0005,40.0,27.8,0.0
6344937589,DP0041,55.0,41.8,0.0
6407427969,DP0010,60.0,49.3,0.0
6412529757,DP0008,55.0,50.6,0.0
6412172019,DP0008,55.0,48.1,0.0
6409845796,DP0040,60.0,34.5,0.0
6407438415,DP0041,50.0,29.6,0.0
6410693982,DP0008,50.0,25.2,0.0
6407149634,DP0048,75.0,89.9,1.0
6402735631,DP0019,50.0,40.2,0.0
6402519919,DP0041,55.0,35.1,0.0
6382500406,DP0015,55.0,26.2,0.0
6409074235,DP0041,50.0,43.7,0.0
6409687559,DP0041,55.0,30.8,0.0
6405440688,DP0041,50.0,25.0,0.0
6402517079,DP0019,65.0,44.9,0.0
6407263415,DP0018,55.0,30.9,0.0
6406856087,DP0041,65.0,50.4,0.0
6403713795,DP0007,55.0,41.5,0.0
6407498119,,,,
6396147583,DP0008,50.0,39.0,0.0
6388680175,DP0019,50.0,42.8,0.0
6403105572,DP0008,50.0,31.7,0.0
6403835306,DP0043,55.0,53.7,0.0
6405422664,DP0041,50.0,32.0,0.0
6403518550,DP0041,55.0,44.3,0.0
6398112330,DP0015,50.0,38.0,0.0
6393810641,DP0041,45.0,40.4,0.0
6404364738,DP0041,50.0,32.2,0.0
6404221147,DP0041,50.0,36.4,0.0
6394718933,DP0005,50.0,38.6,0.0
6403251496,DP0048,50.0,48.0,0.0
6401878569,DP0041,55.0,32.3,0.0
6401948920,DP0043,60.0,50.6,0.0
6402269017,DP0002,50.0,29.3,0.0
6397264016,DP0018,60.0,48.8,0.0
6399284523,DP0007,55.0,48.7,0.0
6400873355,DP0041,70.0,47.1,0.0
6421853560,DP0023,55.0,43.9,0.0
6404044988,DP0043,45.0,36.0,0.0
6405698850,DP0043,50.0,26.4,0.0
6399110228,DP0041,45.0,62.5,1.0
6421650091,DP0041,40.0,16.8,0.0
6410058529,DP0041,55.0,39.4,0.0
6427161672,DP0041,50.0,40.9,0.0
6426865705,DP0033,40.0,10.5,0.0
6419653259,,,,
6427193682,DP0043,40.0,25.1,0.0
6427872015,DP0025,40.0,32.4,0.0
6426514576,DP0045,50.0,25.4,0.0
6423583546,DP0002,45.0,36.6,0.0
6424548969,DP0027,45.0,40.1,0.0
6424387047,DP0008,45.0,33.8,0.0
6426803293,DP0008,50.0,44.1,0.0
6413226850,DP0041,100.0,74.3,0.0
6425246078,DP0043,45.0,33.7,0.0
6400804883,DP0041,55.0,44.9,0.0
6410995295,DP0048,50.0,57.6,1.0
6418262971,DP0015,60.0,52.8,0.0
6424787346,DP0008,65.0,40.7,0.0
6415212376,DP0041,50.0,42.7,0.0
6420853642,DP0042,45.0,36.8,0.0
6422287684,DP0005,50.0,39.5,0.0
6424152066,DP0050,40.0,38.6,0.0
6418301304,DP0041,40.0,21.3,0.0
6423737935,DP0048,60.0,51.4,0.0
6423624663,DP0028,50.0,41.1,0.0
6416053455,DP0041,90.0,59.4,0.0
6416430538,DP0041,40.0,32.0,0.0
6422991117,DP0041,85.0,56.3,0.0
6418619970,DP0015,55.0,42.6,0.0
6422264055,DP0043,40.0,26.4,0.0
6419015749,DP0043,90.0,69.0,0.0
6421646669,DP0003,45.0,28.0,0.0
6420506738,DP0008,85.0,51.0,0.0
6412624227,DP0041,55.0,42.2,0.0
6412528169,DP0041,65.0,45.2,0.0
6411447530,DP0041,50.0,26.8,0.0
6419117294,DP0005,50.0,33.8,0.0
6417665739,DP0041,65.0,41.1,0.0
6418857136,DP0041,45.0,33.1,0.0
6417345710,DP0015,100.0,88.0,0.0
6398105058,DP0041,50.0,49.7,0.0
6416117375,DP0015,45.0,39.4,0.0
6394916976,DP0008,40.0,34.8,0.0
6411493538,DP0041,40.0,32.2,0.0
6417574325,DP0048,50.0,40.2,0.0
6412915005,DP0016,40.0,34.9,0.0
6400078108,DP0028,50.0,34.0,0.0
6402975784,DP0019,45.0,27.0,0.0
6410776115,DP0019,85.0,80.6,0.0
6413166157,DP0034,55.0,30.7,0.0
6409962564,DP0041,40.0,26.9,0.0
6412125712,DP0005,40.0,24.1,0.0
6400251472,DP0047,90.0,86.5,0.0
6405763207,DP0005,50.0,43.5,0.0
6407800663,DP0043,55.0,52.2,0.0
6406750781,DP0043,45.0,52.8,1.0
6411150696,DP0041,55.0,57.6,1.0
6402881768,DP0008,45.0,40.4,0.0
6406140090,DP0041,45.0,43.1,0.0
6413247354,DP0041,45.0,37.1,0.0
6403773615,DP0043,40.0,37.7,0.0
6408958545,DP0041,45.0,48.4,1.0
6411232272,DP0036,45.0,27.4,0.0
6410874664,DP0043,45.0,39.4,0.0
6405755106,DP0048,85.0,74.5,0.0
6405785076,DP0041,50.0,32.6,0.0
6406685805,DP0043,40.0,42.1,1.0
6395009327,DP0041,40.0,38.0,0.0
6409666529,DP0041,50.0,30.4,0.0
6409074046,DP0041,45.0,35.3,0.0
6394850193,DP0041,40.0,28.2,0.0
6405961417,DP0023,55.0,38.4,0.0
6409625997,DP0041,40.0,27.4,0.0
6404474628,DP0041,55.0,30.7,0.0
6407514011,DP0021,40.0,16.6,0.0
6397292331,DP0027,50.0,31.6,0.0
6406880827,DP0041,50.0,32.6,0.0
6408488552,DP0041,40.0,26.2,0.0
6406494288,DP0008,45.0,30.8,0.0
6401999353,DP0043,45.0,30.9,0.0
6393703951,DP0043,40.0,33.4,0.0
6406030630,DP0041,40.0,25.8,0.0
6408977743,DP0015,55.0,41.7,0.0
6404795275,DP0046,50.0,51.8,1.0
6405692142,DP0043,40.0,28.9,0.0
6404436090,DP0017,40.0,25.9,0.0
6395105479,DP0006,60.0,44.6,0.0
6396229218,DP0039,100.0,63.9,0.0
6394067034,DP0041,70.0,51.9,0.0
6408248694,DP0010,40.0,37.6,0.0
6405631377,DP0041,55.0,38.3,0.0
6405144560,DP0038,55.0,39.1,0.0
6405964248,DP0043,45.0,27.6,0.0
6401284283,DP0038,70.0,52.8,0.0
6408151783,DP0041,50.0,35.3,0.0
6395016169,DP0047,40.0,17.9,0.0
6406310021,DP0020,65.0,50.0,0.0
6389602172,DP0019,50.0,33.8,0.0
6391155323,DP0041,50.0,22.0,0.0
6406566978,DP0019,65.0,50.1,0.0
6405251550,DP0043,45.0,30.1,0.0
6401477846,DP0006,50.0,45.8,0.0
6402857041,DP0007,55.0,53.4,0.0
6396245283,DP0043,45.0,39.0,0.0
6404507387,DP0041,50.0,29.6,0.0
6404477072,DP0041,45.0,26.8,0.0
6396722540,DP0015,45.0,26.9,0.0
6404175690,DP0009,65.0,37.5,0.0
6392176448,DP0043,40.0,26.2,0.0
6404091855,DP0028,40.0,30.3,0.0
6392780272,DP0041,60.0,51.1,0.0
6402841855,DP0004,55.0,48.2,0.0
6402019636,DP0032,40.0,22.0,0.0
6399722426,DP0041,55.0,38.8,0.0
6402453435,DP0041,55.0,78.2,1.0
6412616203,DP0041,50.0,42.0,0.0
6412501117,DP0041,50.0,49.7,0.0
6414178715,DP0041,40.0,32.7,0.0
6407802334,DP0041,45.0,23.9,0.0
6405319895,DP0041,50.0,34.2,0.0
6420567510,DP0018,65.0,44.4,0.0
6411984590,DP0015,65.0,91.1,1.0
6410914278,DP0046,55.0,54.1,0.0
6417449097,DP0004,55.0,82.5,1.0
6426921175,DP0008,40.0,16.8,0.0
6424782206,DP0041,40.0,35.4,0.0
6427280732,DP0041,50.0,36.1,0.0
6427581893,DP0041,45.0,34.6,0.0
6424809720,DP0028,40.0,26.0,0.0
6426477653,DP0048,40.0,42.9,1.0
6425231276,DP0041,40.0,24.2,0.0
6424633769,DP0042,50.0,23.6,0.0
6411829871,DP0005,55.0,36.0,0.0
6421768039,DP0015,50.0,32.0,0.0
6423048398,DP0030,50.0,26.2,0.0
6423340369,DP0012,45.0,21.9,0.0
6423365155,DP0005,40.0,35.3,0.0
6419955147,DP0015,45.0,27.3,0.0
6421609914,DP0041,40.0,28.2,0.0
6421217593,DP0041,50.0,44.5,0.0
6401794285,DP0041,40.0,38.7,0.0
6412816755,DP0005,50.0,48.1,0.0
6419873798,DP0038,45.0,64.2,1.0
6415912894,DP0008,50.0,25.3,0.0
6400025332,DP0038,40.0,32.5,0.0
6409908484,DP0039,45.0,33.1,0.0
6415044788,DP0041,50.0,44.6,0.0
6415042182,DP0043,45.0,27.7,0.0
6393331461,DP0041,40.0,24.6,0.0
6414578781,DP0041,55.0,35.0,0.0
6415456026,DP0043,55.0,34.3,0.0
6410161082,DP0041,55.0,32.7,0.0
6414018767,DP0041,45.0,26.8,0.0
6412189888,DP0041,50.0,31.5,0.0
6412480651,DP0041,45.0,35.1,0.0
6412668391,DP0041,45.0,32.9,0.0
6410788870,DP0003,40.0,20.8,0.0
6410302830,DP0041,50.0,41.0,0.0
6408536309,DP0043,55.0,32.4,0.0
6398092358,DP0041,55.0,33.6,0.0
6405693285,DP0005,50.0,29.0,0.0
6406751160,DP0030,50.0,32.3,0.0
6409093412,DP0041,50.0,36.1,0.0
6411292899,DP0047,40.0,29.4,0.0
6402766607,DP0029,55.0,41.2,0.0
6409819563,DP0043,55.0,33.9,0.0
6409732960,DP0043,50.0,23.2,0.0
6408166117,DP0008,40.0,25.5,0.0
6408661730,DP0043,60.0,35.4,0.0
6406831381,DP0024,40.0,31.6,0.0
6404924757,DP0041,40.0,25.9,0.0
6408759310,DP0041,45.0,24.2,0.0
6408323187,DP0041,60.0,43.9,0.0
6408268815,DP0041,60.0,38.5,0.0
6409112646,DP0039,45.0,29.6,0.0
6401710049,DP0043,70.0,35.3,0.0
6404943006,DP0041,40.0,17.1,0.0
6408812349,DP0041,65.0,45.4,0.0
6406268259,DP0041,55.0,40.4,0.0
6405448876,DP0005,50.0,23.2,0.0
6404586068,DP0041,50.0,36.0,0.0
6408154507,DP0043,45.0,38.3,0.0
6408029446,DP0013,60.0,42.0,0.0
6404513649,DP0049,45.0,36.7,0.0
6408246610,DP0041,65.0,45.5,0.0
6403577483,DP0041,60.0,54.1,0.0
6404097795,DP0041,45.0,25.1,0.0
6396373254,DP0041,40.0,27.1,0.0
6401333531,DP0041,45.0,24.6,0.0
6406260564,DP0038,50.0,44.7,0.0
6394024197,DP0043,40.0,41.7,1.0
6403455957,DP0041,45.0,28.6,0.0
6405635890,DP0041,50.0,24.7,0.0
6400215693,DP0041,50.0,31.2,0.0
6394416951,,,,
6404237217,DP0005,55.0,44.0,0.0
6397883190,DP0041,50.0,24.1,0.0
6403983589,DP0019,65.0,39.7,0.0
6403021775,DP0041,55.0,43.3,0.0
6400545851,DP0039,80.0,60.9,0.0
6427324483,DP0003,55.0,51.0,0.0
6426982096,DP0005,40.0,36.9,0.0
6423545941,DP0042,45.0,41.6,0.0
6424897566,DP0041,50.0,68.7,1.0
6422184645,DP0041,50.0,36.4,0.0
6423559362,DP0045,40.0,27.3,0.0
6422395474,DP0010,40.0,28.2,0.0
6421641917,DP0019,45.0,13.5,0.0
6419055801,DP0041,50.0,36.4,0.0
6420520376,DP0041,40.0,33.8,0.0
6412466621,DP0034,50.0,34.0,0.0
6414858712,,,,
6419696658,DP0044,40.0,20.4,0.0
6417977945,DP0002,50.0,34.1,0.0
6416914483,DP0010,45.0,33.0,0.0
6416222480,DP0041,55.0,41.0,0.0
6414079932,DP0026,50.0,39.7,0.0
6414381775,DP0006,50.0,31.9,0.0
6406581268,DP0041,55.0,60.3,1.0
6410093882,DP0040,55.0,28.9,0.0
6414131242,DP0041,45.0,29.6,0.0
6407080406,DP0012,40.0,27.8,0.0
6411244888,DP0041,45.0,42.3,0.0
6410379764,DP0041,40.0,38.5,0.0
6406276017,DP0015,50.0,44.4,0.0
6411419724,DP0026,50.0,52.5,1.0
6410434464,DP0041,40.0,34.2,0.0
6410693535,DP0043,40.0,25.2,0.0
6408343211,DP0043,50.0,32.7,0.0
6397079761,DP0019,55.0,39.3,0.0
6404493981,DP0041,45.0,29.0,0.0
6404796301,DP0041,40.0,36.6,0.0
6384447452,DP0041,55.0,40.0,0.0
6406593776,DP0041,45.0,33.7,0.0
6398853610,DP0002,45.0,27.6,0.0
6378558195,DP0041,45.0,29.2,0.0
6402966347,DP0007,50.0,45.1,0.0
6425171874,DP0007,45.0,45.0,0.0
6424000776,DP0041,55.0,31.1,0.0
6409376230,DP0049,55.0,55.7,1.0
6409722775,DP0016,70.0,33.6,0.0
6412215969,DP0041,60.0,61.8,1.0
6411240108,DP0021,65.0,36.0,0.0
6404014081,DP0043,85.0,74.8,0.0
6406479514,DP0041,65.0,50.5,0.0
6404535694,DP0015,85.0,56.2,0.0
6446613990,DP0019,45.0,33.9,0.0
6454031480,DP0038,50.0,28.8,0.0
6454442820,DP0008,50.0,32.2,0.0
6451684704,DP0005,55.0,46.7,0.0
6455281998,DP0041,45.0,46.6,1.0
6443037714,DP0035,55.0,46.0,0.0
6454776599,DP0041,40.0,22.8,0.0
6448309675,DP0007,50.0,27.5,0.0
6430360268,DP0041,40.0,20.5,0.0
6449757978,DP0039,75.0,49.0,0.0
6448876236,DP0005,50.0,34.0,0.0
6449380537,DP0041,65.0,41.2,0.0
6450261326,DP0005,50.0,30.9,0.0
6451234166,DP0042,50.0,21.7,0.0
6447391528,DP0041,45.0,19.6,0.0
6449219789,DP0041,55.0,35.9,0.0
6449497989,DP0008,50.0,23.7,0.0
6451174210,DP0019,50.0,31.3,0.0
6450962479,DP0041,40.0,21.0,0.0
6449537769,DP0041,50.0,34.7,0.0
6427425440,DP0012,45.0,29.1,0.0
6447105335,DP0002,75.0,61.6,0.0
6448906892,DP0027,50.0,43.3,0.0
6445355667,DP0041,50.0,40.0,0.0
6451047496,DP0012,45.0,24.8,0.0
6451538175,DP0041,55.0,33.4,0.0
6450795020,DP0026,40.0,18.3,0.0
6418032715,DP0041,40.0,23.0,0.0
6433743938,DP0027,45.0,23.0,0.0
6436892719,DP0041,50.0,30.5,0.0
6434303075,DP0005,50.0,21.9,0.0
6450053030,DP0010,50.0,27.2,0.0
6450043149,DP0038,50.0,29.8,0.0
6449721166,DP0028,40.0,34.1,0.0
6444828644,DP0033,40.0,24.7,0.0
6449953607,DP0041,45.0,38.3,0.0
6448922677,DP0043,45.0,33.1,0.0
6449267878,DP0018,55.0,41.8,0.0
6428870475,DP0043,50.0,25.5,0.0
6445371465,DP0041,50.0,40.3,0.0
6445791057,DP0019,45.0,39.8,0.0
6447480628,DP0049,45.0,28.0,0.0
6442110327,DP0041,40.0,28.2,0.0
6443113678,,,,
6443404215,DP0009,70.0,44.5,0.0
6445292384,DP0008,50.0,37.1,0.0
6434102579,DP0041,50.0,21.1,0.0
6442193835,DP0041,50.0,34.7,0.0
6444306195,DP0010,45.0,31.4,0.0
6443058965,DP0043,50.0,33.4,0.0
6443437220,DP0041,45.0,35.5,0.0
6437419807,DP0036,45.0,31.5,0.0
6443909604,DP0041,55.0,39.5,0.0
6443245348,DP0041,50.0,32.8,0.0
6443882887,DP0005,40.0,21.1,0.0
6440445204,DP0050,50.0,41.8,0.0
6441829481,DP0028,50.0,32.6,0.0
6441709505,DP0005,55.0,39.8,0.0
6439562256,DP0043,75.0,53.5,0.0
6439437989,DP0050,60.0,68.7,1.0
6440933262,DP0041,40.0,27.5,0.0
6439348858,DP0043,60.0,53.8,0.0
6437882500,DP0041,75.0,43.5,0.0
6431709215,DP0043,50.0,31.3,0.0
6439591789,DP0005,40.0,31.8,0.0
6437716474,DP0041,45.0,27.6,0.0
6439410553,DP0041,40.0,33.4,0.0
6439843357,DP0005,65.0,55.2,0.0
6435051246,DP0041,65.0,43.4,0.0
6434813492,DP0041,65.0,44.5,0.0
6433516235,DP0041,50.0,31.0,0.0
6437977174,DP0005,55.0,48.4,0.0
6436167427,DP0041,55.0,29.2,0.0
6435219117,DP0008,50.0,28.2,0.0
6437262853,DP0038,60.0,39.7,0.0
6430349605,DP0043,40.0,21.7,0.0
6435720308,DP0041,40.0,30.7,0.0
6434357850,DP0031,50.0,27.4,0.0
6432797240,DP0005,50.0,32.0,0.0
6427082508,DP0041,60.0,41.1,0.0
6435726069,DP0049,45.0,24.7,0.0
6436782159,DP0043,50.0,30.4,0.0
6433636533,DP0041,55.0,42.3,0.0
6421979911,DP0007,65.0,43.3,0.0
6436447201,DP0016,50.0,42.0,0.0
6432696977,DP0012,45.0,32.8,0.0
6427915518,DP0028,60.0,41.7,0.0
6435965233,DP0015,60.0,37.2,0.0
6430724245,DP0017,50.0,49.8,0.0
6428941892,DP0041,60.0,47.1,0.0
6430354424,DP0023,45.0,31.0,0.0
6423111006,DP0041,45.0,37.1,0.0
6434726559,DP0046,75.0,87.7,1.0
6431515011,DP0041,40.0,36.0,0.0
6428182829,DP0041,50.0,53.1,1.0
6433298489,DP0041,60.0,71.3,1.0
6435237498,DP0025,40.0,23.9,0.0
6363970461,DP0002,50.0,29.9,0.0
6429698477,DP0005,70.0,46.8,0.0
6432023815,DP0019,55.0,34.8,0.0
6434932796,DP0041,40.0,16.3,0.0
6412457188,DP0043,50.0,35.3,0.0
6432845126,DP0047,65.0,43.6,0.0
6433971002,DP0003,65.0,34.4,0.0
6434158618,DP0049,55.0,33.6,0.0
6430548213,DP0023,75.0,46.3,0.0
6427251768,DP0043,45.0,25.2,0.0
6433057512,DP0012,45.0,26.3,0.0
6418832194,DP0005,50.0,32.4,0.0
6426405385,DP0030,60.0,56.1,0.0
6430824476,DP0043,60.0,45.9,0.0
6433303019,DP0015,45.0,40.3,0.0
6431174472,DP0008,40.0,17.7,0.0
6430863998,DP0043,50.0,27.6,0.0
6406620343,DP0044,40.0,24.0,0.0
6432246969,DP0002,60.0,37.0,0.0
6431237043,DP0041,55.0,28.4,0.0
6430107189,DP0021,40.0,18.0,0.0
6431555835,DP0030,65.0,42.8,0.0
6421619493,DP0041,50.0,31.3,0.0
6427531723,DP0038,50.0,37.2,0.0
6425605291,DP0041,60.0,48.2,0.0
6430574241,DP0041,40.0,27.5,0.0
6424788542,DP0041,55.0,42.7,0.0
6427373005,DP0041,40.0,13.7,0.0
6424891116,,,,
6428944310,DP0039,45.0,44.3,0.0
6424548215,DP0008,55.0,41.7,0.0
6427037146,DP0041,55.0,41.2,0.0
6426895107,DP0041,50.0,25.3,0.0
6428441528,DP0041,50.0,26.8,0.0
6424110893,DP0041,60.0,43.0,0.0
6456496412,DP0015,50.0,27.7,0.0
6453731352,DP0041,40.0,21.2,0.0
6454324463,DP0026,45.0,57.5,1.0
6443573538,DP0043,55.0,35.5,0.0
6445719302,DP0041,50.0,52.4,1.0
6455409940,DP0019,40.0,29.7,0.0
6452305232,DP0041,40.0,27.0,0.0
6429199619,DP0043,45.0,48.6,1.0
6453330747,DP0026,40.0,22.6,0.0
6453092798,DP0041,50.0,35.3,0.0
6453962444,DP0041,55.0,54.0,0.0
6454023187,DP0041,40.0,30.5,0.0
6453132398,DP0010,40.0,20.6,0.0
6451934496,DP0041,45.0,32.2,0.0
6450142870,DP0043,50.0,36.8,0.0
6447690903,DP0048,40.0,39.1,0.0
6446981469,DP0041,55.0,35.1,0.0
6453812647,DP0049,55.0,31.3,0.0
6448345040,DP0041,65.0,46.1,0.0
6452987400,DP0039,65.0,36.2,0.0
6436333948,DP0041,45.0,41.8,0.0
6453625312,DP0007,50.0,39.9,0.0
6444674069,DP0034,50.0,30.0,0.0
6451772883,DP0041,55.0,37.9,0.0
6452276188,DP0043,60.0,41.3,0.0
6451089618,DP0041,50.0,31.4,0.0
6450894052,DP0041,45.0,30.7,0.0
6447146586,DP0027,55.0,40.0,0.0
6446062711,DP0012,55.0,37.2,0.0
6451506945,DP0027,40.0,31.0,0.0
6445552770,DP0041,50.0,35.8,0.0
6450775769,DP0019,40.0,41.8,1.0
6447704860,DP0038,40.0,21.4,0.0
6450066242,DP0033,45.0,30.3,0.0
6446472186,DP0041,55.0,62.4,1.0
6445006884,DP0043,45.0,29.8,0.0
6451562778,DP0041,45.0,41.4,0.0
6450696111,DP0026,45.0,30.0,0.0
6451349570,DP0038,55.0,52.1,0.0
6451571384,DP0008,55.0,41.8,0.0
6442462013,DP0009,55.0,36.8,0.0
6448248684,DP0009,50.0,35.2,0.0
6436481590,,,,
6439859098,DP0012,50.0,39.8,0.0
6447990802,DP0015,40.0,20.2,0.0
6440832954,DP0007,45.0,27.8,0.0
6449771485,DP0041,40.0,28.4,0.0
6447325488,DP0049,40.0,18.4,0.0
6448370047,DP0043,55.0,47.1,0.0
6450028777,DP0005,55.0,43.1,0.0
6447039592,DP0038,40.0,23.0,0.0
6446917163,DP0043,45.0,22.3,0.0
6449438959,DP0008,50.0,36.9,0.0
6447643046,DP0043,50.0,34.9,0.0
6447831782,DP0041,40.0,22.9,0.0
6449663856,DP0043,55.0,40.0,0.0
6446420683,DP0043,40.0,38.1,0.0
6433264403,DP0041,40.0,36.0,0.0
6447936415,DP0041,55.0,38.2,0.0
6447426002,DP0015,55.0,35.3,0.0
6447266272,DP0007,40.0,17.3,0.0
6440087998,DP0037,55.0,42.6,0.0
6446751914,DP0012,40.0,23.4,0.0
6445909539,DP0006,60.0,59.6,0.0
6427482306,DP0021,50.0,26.9,0.0
6447867345,DP0043,55.0,49.5,0.0
6443103369,DP0003,45.0,59.1,1.0
6442087367,DP0019,50.0,27.7,0.0
6443047509,DP0038,45.0,46.8,1.0
6442353650,DP0041,40.0,21.1,0.0
6445841056,DP0012,50.0,38.4,0.0
6446257376,DP0047,45.0,18.2,0.0
6444299500,DP0041,55.0,38.2,0.0
6445210493,DP0041,60.0,34.8,0.0
6443635179,DP0002,40.0,38.9,0.0
6445036994,DP0041,55.0,23.8,0.0
6443597901,DP0043,40.0,27.2,0.0
6444906207,DP0015,40.0,33.5,0.0
6444420023,DP0027,45.0,49.7,1.0
6435113318,DP0003,55.0,41.1,0.0
6439859976,DP0048,50.0,50.5,1.0
6440726161,DP0005,45.0,30.0,0.0
6431619466,DP0043,50.0,49.6,0.0
6439951539,DP0021,40.0,28.5,0.0
6440925629,DP0041,40.0,18.4,0.0
6438637903,DP0041,40.0,35.7,0.0
6433713021,DP0008,75.0,70.6,0.0
6437503065,DP0039,40.0,27.6,0.0
6435519671,DP0024,40.0,36.8,0.0
6440674179,DP0005,40.0,22.8,0.0
6440751764,DP0043,45.0,27.9,0.0
6429947196,DP0005,40.0,41.1,1.0
6440338768,DP0041,55.0,46.0,0.0
6441724120,DP0021,55.0,46.6,0.0
6437048077,DP0014,50.0,44.7,0.0
6436594893,DP0041,50.0,28.5,0.0
6424044433,DP0041,55.0,35.4,0.0
6440735980,DP0021,40.0,20.0,0.0
6434243703,DP0041,50.0,34.3,0.0
6436726393,DP0018,55.0,39.3,0.0
6441632045,DP0043,40.0,32.3,0.0
6437131453,DP0021,50.0,32.1,0.0
6438801178,DP0017,55.0,39.6,0.0
6440257013,DP0041,45.0,29.1,0.0
6434195182,DP0003,50.0,41.0,0.0
6434691008,DP0019,45.0,30.6,0.0
6431809346,DP0030,50.0,57.7,1.0
6433877654,DP0043,45.0,60.5,1.0
6423521623,DP0046,50.0,57.5,1.0
6424242304,DP0041,40.0,23.1,0.0
6439258185,DP0041,40.0,32.3,0.0
6428731801,DP0041,40.0,22.6,0.0
6431942081,DP0037,45.0,23.9,0.0
6435660116,DP0020,55.0,31.9,0.0
6431293844,DP0046,55.0,59.7,1.0
6438812937,DP0007,40.0,25.9,0.0
6398954490,DP0027,40.0,26.2,0.0
6437504535,DP0043,40.0,29.0,0.0
6423476998,DP0041,40.0,25.8,0.0
6437258859,DP0004,65.0,81.9,1.0
6431521918,DP0003,45.0,47.7,1.0
6427497931,DP0041,55.0,52.9,0.0
6435076209,DP0041,55.0,40.0,0.0
6437157051,DP0039,45.0,48.3,1.0
6436714890,DP0021,50.0,41.2,0.0
6436396114,DP0049,40.0,41.7,1.0
6433803433,DP0019,65.0,52.1,0.0
6433958070,DP0041,50.0,28.4,0.0
6434052042,DP0034,45.0,40.3,0.0
6420719214,DP0009,50.0,35.7,0.0
6433186791,DP0015,55.0,45.2,0.0
6434647709,DP0043,40.0,45.8,1.0
6435321123,DP0043,55.0,29.5,0.0
6416739314,DP0014,50.0,34.0,0.0
6434508260,DP0043,55.0,24.4,0.0
6435515430,DP0015,40.0,40.2,1.0
6436114690,DP0041,55.0,27.7,0.0
6436153348,DP0005,50.0,29.4,0.0
6430538708,DP0043,40.0,24.3,0.0
6429934378,DP0005,50.0,30.9,0.0
6431986855,DP0041,40.0,36.0,0.0
6433673919,DP0041,40.0,32.4,0.0
6432804366,DP0007,40.0,37.0,0.0
6434926701,DP0034,60.0,46.7,0.0
6433399354,DP0005,45.0,47.8,1.0
6434405490,DP0041,55.0,42.1,0.0
6432321707,DP0021,40.0,28.9,0.0
6434839615,DP0041,55.0,48.1,0.0
6424460908,DP0043,70.0,47.5,0.0
6430245251,DP0021,55.0,53.4,0.0
6432468774,DP0005,60.0,49.0,0.0
6433704948,DP0041,55.0,39.9,0.0
6424713926,DP0041,60.0,46.9,0.0
6434386204,DP0047,50.0,34.6,0.0
6432065561,DP0009,55.0,51.3,0.0
6433803512,DP0033,55.0,43.1,0.0
6426402124,DP0043,50.0,29.4,0.0
6429477539,DP0041,50.0,34.1,0.0
6434360068,DP0041,50.0,36.4,0.0
6426165609,DP0019,50.0,29.3,0.0
6432062886,DP0019,45.0,27.1,0.0
6433904345,DP0008,40.0,26.1,0.0
6427975430,DP0043,55.0,38.5,0.0
6422461084,DP0010,45.0,27.9,0.0
6428830645,DP0041,45.0,23.1,0.0
6415590212,DP0041,55.0,32.4,0.0
6430976890,DP0029,45.0,26.7,0.0
6429236324,DP0028,65.0,54.6,0.0
6431673607,DP0041,50.0,40.2,0.0
6429077251,DP0033,45.0,31.1,0.0
6424323261,DP0019,50.0,33.9,0.0
6421986311,DP0034,55.0,35.8,0.0
6429452721,DP0041,40.0,31.3,0.0
6428593733,DP0048,40.0,50.5,1.0
6428067711,DP0041,40.0,31.5,0.0
6430067193,DP0041,40.0,36.6,0.0
6428180119,DP0041,50.0,26.8,0.0
6419698888,DP0041,55.0,39.0,0.0
6426472467,DP0049,55.0,41.0,0.0
6424233418,DP0039,50.0,35.3,0.0
6428000661,DP0005,50.0,34.5,0.0
6420786616,DP0047,65.0,46.7,0.0
6450811233,DP0041,50.0,48.2,0.0
6455454511,DP0034,45.0,36.7,0.0
6450990225,DP0049,40.0,41.6,1.0
6438285574,DP0027,50.0,31.8,0.0
6452115863,DP0029,40.0,24.9,0.0
6439319486,DP0041,40.0,25.0,0.0
6451645036,DP0019,45.0,30.7,0.0
6449360332,DP0041,55.0,45.4,0.0
6455694819,DP0008,50.0,36.4,0.0
6450554576,DP0007,40.0,39.9,0.0
6455000930,DP0041,40.0,29.2,0.0
6456075173,DP0041,55.0,31.2,0.0
6454267671,DP0007,45.0,22.1,0.0
6454747706,DP0047,40.0,32.9,0.0
6456311307,DP0041,85.0,60.2,0.0
6455975321,DP0008,40.0,29.0,0.0
6455828466,DP0021,50.0,32.3,0.0
6456139868,DP0041,40.0,32.4,0.0
6455518965,DP0041,50.0,22.4,0.0
6453526185,DP0013,45.0,36.8,0.0
6452607733,DP0006,50.0,31.2,0.0
6454284621,DP0038,55.0,45.9,0.0
6453257994,DP0026,55.0,31.2,0.0
6451542624,DP0041,70.0,43.1,0.0
6451945352,DP0043,50.0,41.1,0.0
6454419011,DP0018,50.0,30.6,0.0
6432218782,DP0043,45.0,26.5,0.0
6450754753,DP0043,45.0,33.6,0.0
6453946571,DP0043,50.0,26.2,0.0
6454544604,DP0047,40.0,18.6,0.0
6455290389,DP0043,40.0,25.7,0.0
6454842873,DP0041,50.0,31.2,0.0
6454085899,DP0036,50.0,36.8,0.0
6454114989,DP0041,50.0,23.7,0.0
6441949357,DP0043,55.0,34.6,0.0
6451364544,DP0021,50.0,34.7,0.0
6451290061,DP0009,55.0,32.0,0.0
6453286779,DP0008,40.0,17.8,0.0
6446816328,DP0042,45.0,27.2,0.0
6446914442,DP0041,40.0,31.0,0.0
6452063031,DP0041,40.0,32.5,0.0
6444036582,DP0019,50.0,27.0,0.0
6454050625,DP0041,40.0,22.0,0.0
6451084663,DP0005,50.0,37.2,0.0
6454105191,DP0041,40.0,23.5,0.0
6452343989,DP0034,40.0,23.5,0.0
6446776455,DP0048,50.0,61.6,1.0
6443485869,DP0041,55.0,35.1,0.0
6452967539,DP0041,40.0,17.7,0.0
6453192527,DP0041,55.0,34.1,0.0
6451320663,DP0041,50.0,38.6,0.0
6446313009,DP0015,40.0,41.7,1.0
6450717202,DP0041,55.0,34.4,0.0
6451439856,DP0045,45.0,31.2,0.0
6451920808,DP0036,45.0,16.2,0.0
6449152355,DP0041,45.0,35.1,0.0
6444779108,DP0048,55.0,57.5,1.0
6451298992,DP0042,55.0,41.7,0.0
6445438644,DP0041,55.0,31.2,0.0
6451132892,DP0041,45.0,40.7,0.0
6437769115,DP0044,55.0,55.7,1.0
6451627152,DP0047,50.0,38.5,0.0
6445580211,DP0048,60.0,48.1,0.0
6446252691,DP0041,50.0,32.8,0.0
6446753070,,,,
6427285609,DP0008,55.0,31.0,0.0
6445035304,DP0032,40.0,22.6,0.0
6451334583,DP0044,50.0,48.5,0.0
6449494118,DP0043,45.0,25.7,0.0
6431604451,DP0041,40.0,61.5,1.0
6450675732,DP0041,40.0,18.2,0.0
6451301394,DP0021,55.0,28.0,0.0
6447369150,DP0040,55.0,45.3,0.0
6437930182,DP0041,50.0,32.1,0.0
6439740540,DP0034,55.0,32.5,0.0
6447124910,DP0013,50.0,26.9,0.0
6446282114,DP0041,40.0,21.4,0.0
6446865001,DP0015,40.0,32.4,0.0
6449996798,DP0048,45.0,63.6,1.0
6443384529,DP0033,65.0,52.9,0.0
6443121451,DP0043,55.0,39.4,0.0
6449825966,DP0015,40.0,30.7,0.0
6434510208,DP0013,60.0,38.4,0.0
6443906622,DP0041,50.0,28.7,0.0
6444317744,DP0041,55.0,49.5,0.0
6444627296,DP0041,50.0,34.0,0.0
6443954821,DP0015,40.0,18.4,0.0
6438125726,DP0005,55.0,37.1,0.0
6447689667,DP0041,40.0,27.2,0.0
6443203919,DP0008,55.0,54.7,0.0
6438073280,DP0026,45.0,17.9,0.0
6443642759,DP0041,55.0,58.3,1.0
6446359644,DP0006,65.0,41.0,0.0
6448916412,DP0008,40.0,30.1,0.0
6448118288,DP0005,45.0,28.3,0.0
6447144430,DP0050,50.0,26.0,0.0
6447304474,DP0033,45.0,21.8,0.0
6447077383,DP0043,40.0,23.5,0.0
6443731105,DP0019,60.0,32.8,0.0
6440212697,DP0041,55.0,34.5,0.0
6447325226,DP0015,55.0,38.2,0.0
6447233455,DP0041,55.0,41.8,0.0
6435788116,DP0041,45.0,29.2,0.0
6442514106,DP0041,40.0,18.1,0.0
6445092736,DP0041,50.0,69.3,1.0
6431594239,DP0041,55.0,55.0,1.0
6447927131,DP0015,40.0,24.5,0.0
6446806661,DP0041,40.0,28.0,0.0
6438493832,DP0041,45.0,21.8,0.0
6448128514,DP0043,55.0,38.5,0.0
6442091512,DP0020,40.0,26.7,0.0
6445610225,DP0043,60.0,36.9,0.0
6443857915,DP0039,55.0,36.6,0.0
6444108701,DP0041,40.0,21.5,0.0
6437324007,DP0019,55.0,44.1,0.0
6447038924,DP0036,50.0,27.3,0.0
6446171453,DP0041,60.0,37.8,0.0
6437839500,DP0041,55.0,35.9,0.0
6445720021,DP0043,45.0,25.9,0.0
6444724377,DP0041,40.0,24.4,0.0
6447437731,DP0041,55.0,40.2,0.0
6446325733,DP0043,45.0,30.1,0.0
6446712030,DP0041,55.0,30.9,0.0
6435699009,DP0041,40.0,24.4,0.0
6441940734,DP0018,55.0,36.3,0.0
6444417642,DP0033,40.0,23.7,0.0
6441546396,DP0041,55.0,40.1,0.0
6443926514,DP0043,45.0,37.6,0.0
6442144516,DP0022,45.0,28.8,0.0
6441280049,DP0015,50.0,47.3,0.0
6443959408,DP0041,40.0,29.9,0.0
6445616954,DP0005,50.0,45.3,0.0
6444047360,DP0041,50.0,28.5,0.0
6426519031,DP0041,50.0,29.4,0.0
6446539075,DP0028,50.0,35.2,0.0
6441104384,DP0043,45.0,55.1,1.0
6446215400,DP0041,50.0,36.7,0.0
6444959616,DP0041,50.0,41.8,0.0
6427882625,DP0015,40.0,32.1,0.0
6443242930,DP0038,45.0,24.8,0.0
6442033927,DP0043,55.0,33.7,0.0
6426663543,DP0015,45.0,32.9,0.0
6445526466,DP0033,50.0,29.5,0.0
6445316496,DP0023,55.0,51.3,0.0
6436076369,DP0008,55.0,48.9,0.0
6440510287,DP0019,45.0,51.9,1.0
6445459507,DP0015,45.0,61.1,1.0
6443857753,DP0043,40.0,45.5,1.0
6445129288,DP0041,45.0,44.4,0.0
6444129624,DP0022,55.0,44.9,0.0
6445245606,DP0041,55.0,40.8,0.0
6442062468,DP0003,55.0,32.4,0.0
6443195255,DP0041,50.0,30.9,0.0
6443544300,DP0018,50.0,39.6,0.0
6445016824,DP0007,40.0,27.6,0.0
6444907243,DP0043,50.0,44.2,0.0
6436427801,DP0014,50.0,49.1,0.0
6432662047,DP0041,55.0,35.6,0.0
6445093025,DP0037,65.0,41.8,0.0
6442382641,DP0002,50.0,28.3,0.0
6442955082,DP0041,40.0,17.6,0.0
6444576698,DP0041,40.0,28.6,0.0
6439593181,DP0027,40.0,21.7,0.0
6441297057,DP0019,50.0,44.6,0.0
6433375233,DP0005,55.0,35.9,0.0
6443647766,DP0044,55.0,23.6,0.0
6435530191,DP0041,55.0,53.3,0.0
6442189689,DP0005,50.0,28.7,0.0
6437824858,DP0043,50.0,38.7,0.0
6434905939,DP0019,60.0,30.4,0.0
6438674347,DP0015,55.0,47.8,0.0
6443261545,DP0019,40.0,33.8,0.0
6437644707,DP0041,50.0,24.5,0.0
6441278531,DP0005,70.0,75.3,1.0
6435809260,DP0041,40.0,30.5,0.0
6441699810,DP0043,40.0,19.7,0.0
6442567971,DP0013,55.0,35.2,0.0
6437430880,DP0025,50.0,20.4,0.0
6441987045,,,,
6431396325,DP0041,40.0,38.2,0.0
6442971045,DP0043,40.0,27.1,0.0
6426277619,DP0033,50.0,39.6,0.0
6438291832,DP0005,55.0,31.2,0.0
6431168576,DP0027,55.0,35.1,0.0
6438240465,DP0013,45.0,31.2,0.0
6420240053,DP0041,40.0,29.7,0.0
6440949677,DP0004,50.0,43.2,0.0
6441016349,DP0019,45.0,23.6,0.0
6432952751,DP0041,50.0,25.9,0.0
6441286014,DP0019,40.0,21.3,0.0
6439720856,DP0041,65.0,33.1,0.0
6436453973,DP0007,40.0,39.6,0.0
6440008155,DP0044,50.0,28.0,0.0
6440395276,DP0019,45.0,39.3,0.0
6432909666,DP0043,40.0,29.0,0.0
6440400437,DP0024,55.0,34.9,0.0
6440214038,DP0041,75.0,52.9,0.0
6437849495,DP0018,50.0,32.4,0.0
6435737929,DP0041,45.0,70.5,1.0
6439588974,DP0024,55.0,72.3,1.0
6438327820,DP0041,50.0,64.5,1.0
6439128469,DP0041,40.0,48.3,1.0
6437992868,DP0041,50.0,41.7,0.0
6439108739,DP0041,45.0,41.0,0.0
6439537910,DP0005,65.0,60.2,0.0
6420726461,DP0018,50.0,74.8,1.0
6438657495,DP0041,50.0,60.2,1.0
6432545433,DP0003,50.0,72.1,1.0
6438235095,DP0018,50.0,66.9,1.0
6436773150,DP0015,45.0,64.9,1.0
6418426692,DP0018,45.0,55.4,1.0
6437060697,DP0041,55.0,88.0,1.0
6431494262,,,,
6433441429,DP0043,55.0,62.0,1.0
6439056761,DP0032,55.0,88.3,1.0
6434491713,DP0043,60.0,69.7,1.0
6435200120,DP0041,50.0,67.8,1.0
6434317571,DP0043,45.0,51.1,1.0
6430574870,DP0043,50.0,35.4,0.0
6433999986,DP0041,40.0,35.6,0.0
6436573544,DP0028,55.0,42.7,0.0
6440004859,DP0016,45.0,32.6,0.0
6427561392,DP0015,40.0,42.2,1.0
6436725470,DP0047,50.0,42.6,0.0
6436487906,DP0047,50.0,55.1,1.0
6438540447,DP0041,45.0,53.8,1.0
6438391810,DP0043,50.0,77.9,1.0
6436009180,DP0043,40.0,35.5,0.0
6438397625,DP0041,50.0,33.8,0.0
6434401925,DP0041,55.0,33.4,0.0
6437514255,DP0038,65.0,42.5,0.0
6434492883,DP0038,50.0,30.7,0.0
6430933303,DP0005,55.0,46.9,0.0
6436371250,DP0039,50.0,26.9,0.0
6433873495,DP0041,50.0,29.1,0.0
6438537161,DP0038,55.0,34.6,0.0
6435780558,DP0043,55.0,39.1,0.0
6436046879,DP0025,55.0,31.0,0.0
6436927942,DP0008,40.0,31.5,0.0
6419440245,DP0041,55.0,35.3,0.0
6438403892,DP0041,40.0,46.3,1.0
6436637776,DP0016,45.0,33.5,0.0
6432072857,DP0041,40.0,26.7,0.0
6435794232,DP0034,40.0,22.2,0.0
6439200825,DP0044,50.0,38.1,0.0
6433851932,DP0041,50.0,45.9,0.0
6433850938,DP0009,50.0,46.2,0.0
6438692711,DP0041,55.0,48.0,0.0
6438078234,DP0043,50.0,23.3,0.0
6416652391,DP0041,60.0,34.6,0.0
6430469975,DP0043,40.0,23.4,0.0
6430044761,DP0018,45.0,31.3,0.0
6438670318,DP0043,45.0,24.4,0.0
6436415620,DP0041,55.0,33.2,0.0
6427573276,DP0041,65.0,54.5,0.0
6438764468,DP0027,50.0,32.1,0.0
6428247453,DP0043,55.0,37.5,0.0
6434911783,DP0041,55.0,45.2,0.0
6437443460,DP0043,50.0,27.3,0.0
6432802720,DP0028,55.0,30.8,0.0
6437730159,DP0008,60.0,46.6,0.0
6433839466,DP0025,40.0,26.1,0.0
6438667748,DP0041,50.0,24.8,0.0
6431728320,DP0041,45.0,29.6,0.0
6433515547,DP0041,60.0,34.8,0.0
6435972413,DP0041,80.0,48.3,0.0
6430303539,DP0043,45.0,24.4,0.0
6438351860,DP0009,40.0,62.5,1.0
6435878780,DP0022,65.0,33.4,0.0
6432760201,DP0043,50.0,27.5,0.0
6435778454,DP0041,45.0,28.3,0.0
6435605868,DP0041,55.0,52.3,0.0
6433135098,DP0041,60.0,40.2,0.0
6427316514,DP0041,40.0,41.6,1.0
6437520080,DP0014,50.0,37.9,0.0
6436907833,DP0041,45.0,34.4,0.0
6435348264,DP0050,60.0,56.6,0.0
6426001872,DP0041,60.0,46.2,0.0
6432290777,DP0005,40.0,26.0,0.0
6432035372,DP0041,50.0,36.5,0.0
6434791832,DP0033,40.0,43.1,1.0
6436525563,DP0008,50.0,48.7,0.0
6430568616,DP0043,40.0,36.2,0.0
6437059680,DP0014,45.0,35.9,0.0
6430371057,DP0043,65.0,57.3,0.0
6435986853,DP0039,50.0,44.3,0.0
6434669682,DP0041,45.0,44.1,0.0
6432392408,DP0041,55.0,40.2,0.0
6424958149,DP0019,45.0,34.4,0.0
6432384026,DP0041,40.0,21.4,0.0
6434289404,DP0047,40.0,24.9,0.0
6435762732,DP0041,50.0,22.1,0.0
6427838718,DP0041,40.0,25.1,0.0
6428259584,DP0049,60.0,41.9,0.0
6432137226,DP0019,50.0,29.3,0.0
6432776988,DP0005,50.0,27.3,0.0
6435307784,DP0005,55.0,48.3,0.0
6432407329,DP0041,55.0,44.1,0.0
6432847034,DP0042,40.0,30.6,0.0
6414444991,DP0041,40.0,31.4,0.0
6430505973,DP0043,80.0,59.0,0.0
6434866045,DP0041,50.0,51.8,1.0
6431323102,DP0029,40.0,27.7,0.0
6433367604,DP0012,55.0,29.1,0.0
6431937766,DP0043,55.0,31.6,0.0
6417232919,DP0006,60.0,45.4,0.0
6429690507,DP0041,45.0,28.2,0.0
6428289495,DP0021,40.0,22.9,0.0
6429594317,DP0019,40.0,35.1,0.0
6432236279,DP0041,45.0,28.8,0.0
6432496278,DP0015,55.0,28.7,0.0
6431144044,DP0043,45.0,31.5,0.0
6432958920,DP0035,45.0,32.4,0.0
6424410393,DP0041,60.0,30.6,0.0
6431124848,DP0041,50.0,40.8,0.0
6427670311,DP0041,55.0,32.9,0.0
6426247322,DP0043,50.0,23.1,0.0
6419093813,DP0015,50.0,29.0,0.0
6429711541,DP0005,50.0,28.1,0.0
6427098452,DP0005,50.0,26.8,0.0
6428424166,DP0043,50.0,48.4,0.0
6430302362,DP0048,60.0,46.9,0.0
6427040543,DP0021,55.0,38.2,0.0
6427710183,DP0041,50.0,38.0,0.0
6426342556,DP0002,55.0,45.7,0.0
6430071302,DP0013,45.0,18.9,0.0
6429114828,DP0041,40.0,26.2,0.0
6430070024,DP0005,65.0,44.3,0.0
6452884859,DP0041,55.0,38.8,0.0
6451923242,DP0041,55.0,40.0,0.0
6453138533,DP0041,50.0,28.3,0.0
6455682964,DP0040,45.0,27.2,0.0
6439108683,DP0041,45.0,37.9,0.0
6454226619,DP0041,50.0,37.4,0.0
6455630131,DP0005,65.0,42.5,0.0
6455075564,DP0041,40.0,28.1,0.0
6454202521,DP0010,55.0,41.3,0.0
6453762034,DP0005,65.0,51.7,0.0
6451207982,DP0039,45.0,51.4,1.0
6455281345,DP0043,55.0,53.6,0.0
6455594858,DP0008,45.0,43.7,0.0
6453619780,DP0002,50.0,44.4,0.0
6452777896,DP0007,55.0,33.3,0.0
6451765826,DP0028,50.0,27.6,0.0
6440324627,DP0041,40.0,19.6,0.0
6450767195,DP0014,50.0,44.6,0.0
6448703480,DP0041,45.0,26.6,0.0
6451352992,DP0041,55.0,42.3,0.0
6454733789,DP0041,45.0,33.1,0.0
6451780375,DP0041,45.0,31.2,0.0
6453664859,DP0028,45.0,35.1,0.0
6435500914,DP0030,55.0,53.0,0.0
6447529560,DP0041,40.0,32.8,0.0
6453368484,DP0005,40.0,34.3,0.0
6448885980,DP0041,60.0,56.6,0.0
6445182277,DP0027,50.0,35.3,0.0
6448829510,DP0015,60.0,59.3,0.0
6452951071,DP0019,60.0,39.7,0.0
6451788437,DP0012,50.0,30.3,0.0
6450912135,DP0043,50.0,28.8,0.0
6428869983,DP0009,75.0,50.1,0.0
6453078635,DP0043,65.0,68.1,1.0
6451863452,DP0041,65.0,50.7,0.0
6453043309,DP0043,65.0,50.7,0.0
6452674078,DP0041,65.0,47.6,0.0
6448735991,DP0043,75.0,42.2,0.0
6446856177,DP0015,45.0,39.9,0.0
6452976937,DP0041,60.0,41.6,0.0
6446796680,DP0008,50.0,27.8,0.0
6451870331,DP0039,55.0,39.0,0.0
6449712169,DP0041,55.0,35.8,0.0
6446130071,DP0041,70.0,52.0,0.0
6449916320,DP0028,50.0,34.1,0.0
6449187149,DP0005,55.0,24.7,0.0
6434763458,DP0041,55.0,35.1,0.0
6451591547,DP0041,50.0,54.9,1.0
6439432471,DP0008,45.0,31.2,0.0
6450088814,DP0044,55.0,48.2,0.0
6432669124,DP0047,55.0,58.2,1.0
6433110504,DP0043,45.0,38.0,0.0
6452267604,DP0043,60.0,57.6,0.0
6450145945,DP0006,40.0,26.4,0.0
6449591305,DP0050,50.0,51.3,1.0
6449603083,DP0034,40.0,26.1,0.0
6443392165,DP0009,50.0,46.8,0.0
6449510940,DP0041,40.0,16.2,0.0
6449719705,DP0015,45.0,24.5,0.0
6442448648,DP0041,45.0,25.0,0.0
6425842204,DP0008,55.0,27.3,0.0
6449954740,DP0041,55.0,25.6,0.0
6434799188,DP0041,40.0,25.1,0.0
6432948509,DP0039,55.0,41.0,0.0
6438903524,DP0005,55.0,45.7,0.0
6417840559,DP0041,45.0,36.9,0.0
6447979353,DP0041,55.0,36.7,0.0
6448726936,DP0019,45.0,32.1,0.0
6448307800,DP0043,50.0,26.5,0.0
6448542539,DP0038,40.0,49.4,1.0
6449337370,DP0043,50.0,39.9,0.0
6449547007,DP0007,55.0,67.5,1.0
6445870616,DP0023,60.0,39.0,0.0
6446618254,DP0011,40.0,19.9,0.0
6445833442,DP0036,40.0,34.6,0.0
6442499765,DP0007,50.0,36.8,0.0
6443604128,DP0039,55.0,33.1,0.0
6432042216,DP0028,55.0,34.5,0.0
6440284723,DP0015,55.0,36.8,0.0
6442446066,DP0041,40.0,26.5,0.0
6441185656,DP0046,75.0,65.3,0.0
6443913974,DP0015,55.0,32.1,0.0
6440341025,DP0041,50.0,35.9,0.0
6447488245,DP0041,55.0,35.4,0.0
6443922517,DP0041,40.0,34.3,0.0
6445396842,DP0043,40.0,44.5,1.0
6445582560,DP0048,50.0,47.2,0.0
6444603919,DP0028,55.0,39.0,0.0
6442444410,DP0041,45.0,27.1,0.0
6438924007,DP0041,60.0,40.0,0.0
6446497141,DP0034,55.0,40.2,0.0
6446417174,DP0022,95.0,68.5,0.0
6441766293,DP0043,45.0,30.8,0.0
6444112562,DP0041,40.0,24.5,0.0
6440915892,DP0007,50.0,35.3,0.0
6444884686,DP0007,55.0,27.2,0.0
6443055637,DP0043,50.0,29.2,0.0
6444497772,DP0005,40.0,17.2,0.0
6440763011,DP0041,50.0,25.0,0.0
6437656467,DP0015,60.0,54.4,0.0
6442482104,DP0005,65.0,36.1,0.0
6443111956,DP0005,45.0,39.9,0.0
6442586212,DP0029,55.0,36.5,0.0
6443160640,DP0005,45.0,38.0,0.0
6435724575,DP0041,65.0,49.1,0.0
6439960347,DP0041,60.0,43.7,0.0
6443871838,DP0029,40.0,22.7,0.0
6437577053,DP0041,50.0,46.6,0.0
6434932671,DP0041,65.0,40.2,0.0
6427287324,DP0038,45.0,23.1,0.0
6431022902,DP0035,45.0,26.0,0.0
6443899657,DP0038,50.0,55.9,1.0
6432310846,DP0048,65.0,90.6,1.0
6430629757,DP0041,40.0,22.4,0.0
6438287173,DP0021,75.0,46.2,0.0
6443028421,DP0041,55.0,37.2,0.0
6434793817,DP0025,55.0,50.3,0.0
6440752349,DP0008,90.0,63.1,0.0
6443210243,DP0041,60.0,34.9,0.0
6442885326,DP0041,50.0,31.5,0.0
6442378908,DP0030,45.0,25.6,0.0
6439116717,DP0043,60.0,50.4,0.0
6440776914,DP0033,55.0,71.3,1.0
6441455761,DP0027,65.0,41.9,0.0
6438369794,DP0050,65.0,71.5,1.0
6440165867,DP0041,50.0,26.9,0.0
6439077721,DP0041,75.0,45.9,0.0
6440817533,DP0041,55.0,41.5,0.0
6430180636,DP0043,95.0,68.7,0.0
6442326027,DP0005,45.0,22.2,0.0
6439855032,DP0019,60.0,32.2,0.0
6441299490,DP0041,50.0,41.4,0.0
6434681028,DP0041,60.0,42.7,0.0
6441441108,DP0041,50.0,39.3,0.0
6433954193,DP0009,55.0,38.7,0.0
6439067561,DP0019,65.0,53.8,0.0
6440118881,DP0041,40.0,25.7,0.0
6438736824,DP0019,60.0,41.8,0.0
6439846461,DP0015,75.0,53.3,0.0
6429632722,DP0005,40.0,37.2,0.0
6431998715,DP0008,55.0,44.0,0.0
6436311184,DP0041,45.0,26.7,0.0
6439998073,DP0041,40.0,13.6,0.0
6439868817,DP0005,50.0,54.2,1.0
6439904571,DP0015,65.0,65.6,1.0
6435238558,DP0041,40.0,65.6,1.0
6435314561,,,,
6437448770,DP0041,50.0,50.8,1.0
6439058909,DP0041,60.0,79.4,1.0
6437940435,DP0043,50.0,40.8,0.0
6427979507,DP0041,55.0,52.9,0.0
6436402146,DP0027,50.0,56.1,1.0
6434210966,DP0041,55.0,48.3,0.0
6439378644,DP0005,50.0,50.8,1.0
6436726557,DP0002,75.0,77.7,1.0
6438650512,DP0003,65.0,100.7,1.0
6440225618,DP0036,40.0,32.8,0.0
6436719917,DP0015,40.0,28.9,0.0
6439003240,DP0008,65.0,59.6,0.0
6438969777,DP0041,50.0,73.5,1.0
6427654335,DP0050,60.0,92.9,1.0
6440001746,DP0011,65.0,48.2,0.0
6439231131,DP0041,45.0,46.6,1.0
6437759308,DP0007,50.0,36.3,0.0
6421836693,DP0043,55.0,45.4,0.0
6417033849,DP0019,40.0,39.7,0.0
6408723877,DP0043,55.0,54.2,0.0
6435560345,DP0019,60.0,51.1,0.0
6433958769,DP0041,40.0,56.8,1.0
6439353537,DP0015,65.0,62.0,0.0
6439081479,DP0019,45.0,32.2,0.0
6438464252,DP0014,55.0,52.6,0.0
6439675402,DP0019,50.0,62.0,1.0
6434588340,DP0043,65.0,76.6,1.0
6438185222,DP0041,45.0,45.6,1.0
6434895039,DP0035,60.0,49.2,0.0
6431014970,DP0048,50.0,53.3,1.0
6439331614,DP0041,70.0,69.4,0.0
6432416352,DP0048,40.0,63.3,1.0
6439119544,DP0014,45.0,49.8,1.0
6438540417,DP0043,45.0,30.6,0.0
6426735799,DP0002,45.0,29.5,0.0
6438102396,DP0041,40.0,53.5,1.0
6437924480,DP0038,40.0,26.8,0.0
6434297980,DP0041,55.0,26.1,0.0
6416401159,DP0041,50.0,36.0,0.0
6436657574,DP0033,50.0,30.8,0.0
6439094674,DP0050,65.0,66.1,1.0
6437862453,DP0048,45.0,44.2,0.0
6436693488,DP0047,50.0,28.8,0.0
6435012752,DP0048,50.0,55.6,1.0
6420246087,DP0041,55.0,67.0,1.0
6437720989,DP0049,60.0,45.2,0.0
6437933851,DP0043,45.0,49.1,1.0
6430884370,DP0037,65.0,63.0,0.0
6436632962,DP0041,50.0,46.1,0.0
6434603992,DP0043,50.0,54.4,1.0
6433887476,DP0041,55.0,34.4,0.0
6436861627,DP0038,45.0,18.5,0.0
6419095939,DP0005,60.0,50.1,0.0
6436610383,DP0041,55.0,55.8,1.0
6435456616,DP0047,50.0,40.1,0.0
6426249233,DP0028,70.0,54.5,0.0
6438266040,DP0008,50.0,39.1,0.0
6437339664,DP0024,65.0,61.2,0.0
6437375732,DP0041,50.0,44.1,0.0
6438119249,DP0022,50.0,39.7,0.0
6437952001,DP0041,50.0,41.1,0.0
6435566071,DP0048,55.0,47.3,0.0
6437346803,DP0041,55.0,42.4,0.0
6431494472,DP0028,60.0,41.8,0.0
6436921981,DP0044,50.0,38.0,0.0
6434784211,DP0041,45.0,24.1,0.0
6431823308,DP0008,45.0,26.0,0.0
6437804168,DP0041,50.0,49.2,0.0
6435701699,DP0041,60.0,65.9,1.0
6433880867,DP0043,55.0,55.5,1.0
6437839101,DP0044,45.0,46.2,1.0
6428213391,DP0023,40.0,21.9,0.0
6432119658,DP0008,65.0,51.4,0.0
6428894511,DP0005,60.0,32.3,0.0
6423083593,DP0041,70.0,45.0,0.0
6437811549,DP0041,60.0,55.3,0.0
6434929107,DP0036,55.0,54.9,0.0
6431791623,DP0033,45.0,21.3,0.0
6400941175,DP0047,40.0,15.1,0.0
6432539908,DP0043,55.0,35.4,0.0
6431997068,DP0015,65.0,36.9,0.0
6435934593,DP0041,90.0,53.5,0.0
6428813760,DP0041,50.0,21.0,0.0
6434584003,DP0008,50.0,26.5,0.0
6435353896,DP0028,50.0,20.9,0.0
6435048895,DP0011,50.0,27.0,0.0
6431704566,DP0019,65.0,41.2,0.0
6431576983,DP0041,40.0,25.0,0.0
6433670339,DP0030,50.0,31.8,0.0
6426323059,DP0033,50.0,39.4,0.0
6435669963,DP0041,55.0,28.6,0.0
6428225769,DP0005,65.0,38.0,0.0
6402532784,DP0041,50.0,28.4,0.0
6421020801,DP0034,45.0,46.3,1.0
6435897109,DP0041,50.0,42.6,0.0
6435067147,DP0048,65.0,53.0,0.0
6412500271,DP0027,40.0,9.1,0.0
6433609215,DP0041,50.0,43.0,0.0
6425033963,DP0033,45.0,41.8,0.0
6426185849,DP0043,50.0,68.1,1.0
6424983861,DP0043,70.0,51.8,0.0
6426210692,DP0016,55.0,39.8,0.0
6434170028,DP0041,40.0,32.9,0.0
6415325647,DP0005,60.0,48.0,0.0
6434226337,DP0047,60.0,50.7,0.0
6432747136,DP0027,40.0,61.2,1.0
6432964915,DP0043,50.0,29.1,0.0
6421086943,DP0023,40.0,29.9,0.0
6427087893,DP0041,40.0,10.8,0.0
6434075796,DP0049,50.0,26.8,0.0
6420105430,DP0043,95.0,67.5,0.0
6425705050,DP0009,50.0,31.5,0.0
6434737951,DP0041,65.0,35.9,0.0
6433047459,DP0027,50.0,31.9,0.0
6433404091,DP0039,50.0,46.8,0.0
6429435446,DP0026,55.0,32.8,0.0
6409849572,DP0026,45.0,19.5,0.0
6426738100,DP0041,65.0,43.9,0.0
6430737220,DP0014,40.0,21.2,0.0
6402746238,DP0041,55.0,33.6,0.0
6432872395,DP0019,55.0,41.9,0.0
6424377007,DP0019,40.0,26.1,0.0
6429952613,DP0041,45.0,25.1,0.0
6429667917,DP0004,45.0,59.9,1.0
6433533611,DP0031,55.0,53.3,0.0
6427939620,DP0036,55.0,38.1,0.0
6432046852,DP0041,75.0,54.6,0.0
6431199781,DP0041,45.0,21.2,0.0
6433590289,DP0029,65.0,43.6,0.0
6426194482,DP0015,75.0,62.6,0.0
6427120436,DP0043,45.0,30.2,0.0
6432802454,DP0048,40.0,42.4,1.0
6432530542,DP0003,50.0,38.0,0.0
6425083423,DP0041,40.0,24.7,0.0
6416494475,DP0026,50.0,34.4,0.0
6428376268,DP0019,40.0,47.3,1.0
6431084375,DP0026,55.0,26.5,0.0
6391531588,DP0041,70.0,44.4,0.0
6423297450,DP0013,60.0,33.1,0.0
6396887357,DP0043,55.0,37.5,0.0
6427866689,DP0041,45.0,42.6,0.0
6430200661,DP0024,75.0,50.0,0.0
6429914196,DP0041,45.0,21.7,0.0
6429957553,DP0003,45.0,43.6,0.0
6428748494,DP0038,40.0,22.0,0.0
6430463464,DP0028,45.0,28.9,0.0
6423205565,DP0026,65.0,51.4,0.0
6430071255,DP0026,45.0,36.0,0.0
6428376255,DP0005,40.0,33.8,0.0
6420678240,DP0008,65.0,43.8,0.0
6427989339,DP0008,40.0,39.3,0.0
6455244256,DP0049,50.0,40.2,0.0
6455644683,DP0003,60.0,52.2,0.0
6445739560,DP0009,50.0,44.5,0.0
6452407540,DP0048,45.0,53.9,1.0
6449868710,DP0041,45.0,50.4,1.0
6452436897,DP0039,60.0,43.2,0.0
6452290523,DP0005,45.0,31.3,0.0
6455404925,DP0041,45.0,50.0,1.0
6449667236,DP0008,50.0,31.2,0.0
6456070556,DP0041,50.0,31.6,0.0
6448018776,DP0048,60.0,69.3,1.0
6450541478,DP0041,40.0,36.7,0.0
6453632569,DP0015,50.0,37.0,0.0
6452228311,DP0041,65.0,59.6,0.0
6443533134,DP0041,85.0,73.3,0.0
6453547520,DP0041,50.0,32.2,0.0
6450092075,DP0041,45.0,27.9,0.0
6450039069,DP0041,55.0,43.3,0.0
6442342230,DP0041,40.0,23.0,0.0
6452604842,DP0049,55.0,41.1,0.0
6452045532,DP0041,55.0,53.8,0.0
6447735537,DP0019,65.0,45.0,0.0
6451835600,DP0041,55.0,37.9,0.0
6453316237,DP0015,60.0,37.1,0.0
6442613530,DP0041,55.0,43.5,0.0
6452859642,DP0008,55.0,36.4,0.0
6451055736,DP0041,55.0,45.3,0.0
6441125554,DP0041,50.0,25.1,0.0
6451510343,DP0019,45.0,36.4,0.0
6450784690,DP0043,55.0,48.1,0.0
6452261656,DP0041,40.0,29.7,0.0
6452236372,DP0033,50.0,61.4,1.0
6451309626,DP0038,50.0,78.3,1.0
6451747774,DP0043,55.0,50.0,0.0
6449461062,DP0015,40.0,45.3,1.0
6435267888,DP0041,45.0,42.8,0.0
6447697474,DP0041,55.0,35.4,0.0
6436054860,DP0043,70.0,51.0,0.0
6449298227,DP0041,50.0,33.0,0.0
6447994155,DP0041,50.0,36.0,0.0
6448303498,DP0043,50.0,34.5,0.0
6436052847,DP0042,45.0,33.4,0.0
6450050415,DP0041,55.0,38.0,0.0
6446118391,DP0005,55.0,45.4,0.0
6443713053,DP0029,50.0,33.6,0.0
6446865114,DP0041,50.0,48.5,0.0
6449575416,DP0041,70.0,50.9,0.0
6448753814,DP0023,75.0,58.0,0.0
6440551514,DP0008,45.0,45.8,1.0
6449267468,DP0041,40.0,32.6,0.0
6448473871,DP0019,50.0,44.3,0.0
6447331341,DP0015,45.0,28.3,0.0
6440421593,DP0034,55.0,38.9,0.0
6447653032,DP0041,60.0,48.8,0.0
6442503929,DP0041,40.0,33.0,0.0
6448288653,DP0015,50.0,26.6,0.0
6446929732,DP0007,45.0,43.9,0.0
6445922352,DP0041,50.0,48.6,0.0
6444675685,DP0041,45.0,28.1,0.0
6446128189,DP0041,55.0,59.4,1.0
6445522918,DP0015,40.0,28.6,0.0
6446107576,DP0039,60.0,43.7,0.0
6445321776,DP0043,60.0,43.8,0.0
6443740967,DP0011,45.0,51.0,1.0
6447223129,DP0041,55.0,38.5,0.0
6444180339,DP0028,50.0,45.7,0.0
6431208609,DP0008,55.0,40.4,0.0
6439975132,DP0005,45.0,27.7,0.0
6444007775,DP0041,65.0,45.1,0.0
6439718403,DP0003,50.0,45.9,0.0
6444132566,DP0006,45.0,37.1,0.0
6440724261,DP0027,40.0,36.7,0.0
6444071513,DP0005,60.0,45.7,0.0
6439161138,DP0034,60.0,43.3,0.0
6432690230,DP0008,50.0,33.5,0.0
6438725179,DP0027,55.0,30.9,0.0
6442675029,DP0041,55.0,42.2,0.0
6445125287,DP0041,55.0,38.6,0.0
6443067233,DP0039,60.0,42.6,0.0
6434588860,DP0006,65.0,49.7,0.0
6440562037,DP0041,45.0,30.0,0.0
6441946141,DP0009,50.0,28.3,0.0
6444525589,DP0005,45.0,38.6,0.0
6437750352,DP0041,50.0,42.6,0.0
6425796929,DP0043,60.0,38.0,0.0
6416598008,DP0041,65.0,40.9,0.0
6441278510,DP0005,45.0,34.6,0.0
6437439182,DP0043,50.0,27.7,0.0
6438845657,DP0005,55.0,39.9,0.0
6426384329,DP0043,50.0,34.3,0.0
6436995092,DP0033,60.0,38.6,0.0
6438528095,DP0028,40.0,24.1,0.0
6442525480,DP0041,50.0,19.3,0.0
6440636214,DP0047,65.0,43.9,0.0
6438875091,DP0043,50.0,33.3,0.0
6441085602,DP0041,50.0,43.7,0.0
6436062850,DP0041,50.0,31.9,0.0
6434581337,DP0041,45.0,26.6,0.0
6437807754,DP0041,45.0,25.0,0.0
6441424299,DP0042,45.0,28.7,0.0
6416235192,DP0005,60.0,42.1,0.0
6436930452,DP0024,45.0,40.3,0.0
6440356838,DP0047,60.0,39.9,0.0
6429948354,DP0046,40.0,42.5,1.0
6418785880,DP0002,90.0,72.7,0.0
6436216639,DP0015,60.0,40.7,0.0
6436441839,DP0050,45.0,43.8,0.0
6434880890,DP0041,55.0,43.9,0.0
6437843914,DP0041,50.0,32.5,0.0
6437988468,DP0009,55.0,32.5,0.0
6436243643,DP0043,50.0,31.9,0.0
6436864931,DP0015,60.0,36.2,0.0
6439249481,DP0013,55.0,41.0,0.0
6408539839,DP0015,90.0,62.4,0.0
6437330893,DP0043,70.0,44.0,0.0
6431695664,DP0041,55.0,34.3,0.0
6437964679,DP0041,90.0,59.0,0.0
6420521696,DP0030,50.0,30.3,0.0
6438281744,DP0043,75.0,53.3,0.0
6419720570,DP0041,60.0,42.6,0.0
6432945321,DP0041,55.0,60.3,1.0
6434436822,DP0048,80.0,74.4,0.0
6439328326,DP0028,50.0,38.4,0.0
6422953020,DP0041,55.0,41.3,0.0
6436862983,DP0043,45.0,36.6,0.0
6431213414,DP0041,45.0,35.0,0.0
6432310069,DP0041,50.0,39.9,0.0
6438687207,DP0005,55.0,37.4,0.0
6438200864,DP0041,50.0,34.2,0.0
6437061707,DP0041,55.0,44.4,0.0
6425841384,DP0012,45.0,33.8,0.0
6433556289,DP0043,75.0,57.4,0.0
6432561746,DP0026,65.0,43.2,0.0
6436563034,DP0033,50.0,35.2,0.0
6433927102,DP0041,55.0,38.8,0.0
6435780212,DP0041,40.0,61.3,1.0
6435126977,DP0005,50.0,81.0,1.0
6418847084,DP0033,55.0,34.2,0.0
6434907331,DP0006,40.0,35.6,0.0
6433831042,DP0013,50.0,157.9,1.0
6423378711,DP0002,55.0,43.9,0.0
6404915083,DP0012,50.0,39.4,0.0
6430848602,DP0025,50.0,44.8,0.0
6431718019,DP0041,45.0,22.4,0.0
6435579925,DP0043,55.0,38.1,0.0
6432202507,DP0041,45.0,41.3,0.0
6432208274,DP0041,60.0,58.0,0.0
6435405279,DP0028,75.0,56.9,0.0
6431322728,DP0041,45.0,28.8,0.0
6436894568,DP0041,45.0,22.7,0.0
6434840508,DP0041,60.0,57.9,0.0
6409055341,DP0014,60.0,44.3,0.0
6435264094,DP0021,80.0,55.9,0.0
6429276433,DP0041,50.0,38.0,0.0
6434573139,DP0038,45.0,40.9,0.0
6435003246,DP0043,65.0,43.1,0.0
6435371269,DP0015,65.0,48.8,0.0
6421416375,DP0005,45.0,40.4,0.0
6435031473,DP0041,60.0,37.9,0.0
6431679877,DP0043,50.0,31.7,0.0
6428159475,DP0028,50.0,24.3,0.0
6430146710,DP0041,45.0,26.6,0.0
6426395804,DP0015,90.0,55.7,0.0
6428036776,DP0041,55.0,49.7,0.0
6429223795,DP0041,60.0,40.0,0.0
6428523016,DP0043,45.0,26.0,0.0
6419081814,DP0007,45.0,32.6,0.0
6420228128,DP0028,65.0,44.1,0.0
6431873920,DP0041,50.0,38.1,0.0
6428206980,DP0005,65.0,53.4,0.0
6419188265,DP0041,45.0,26.7,0.0
6431268515,DP0041,55.0,47.6,0.0
6422878587,DP0019,65.0,46.5,0.0
6429332321,DP0041,55.0,40.8,0.0
6430314181,DP0019,50.0,30.9,0.0
6420881405,DP0049,55.0,37.2,0.0
6431589817,DP0041,50.0,34.3,0.0
6423566713,DP0041,40.0,21.5,0.0
6429219514,DP0005,50.0,30.7,0.0
6428998301,DP0043,60.0,36.1,0.0
6425854717,DP0041,60.0,39.9,0.0
6431749784,DP0015,55.0,40.1,0.0
6429776350,DP0033,40.0,24.9,0.0
6431141302,DP0019,50.0,34.0,0.0
6428675894,DP0049,85.0,64.1,0.0
6429174336,DP0043,60.0,41.1,0.0
6430459591,DP0043,65.0,43.4,0.0
6428363321,DP0041,50.0,37.3,0.0
6429513768,DP0041,55.0,37.2,0.0
6424459674,DP0015,55.0,29.1,0.0
6422389097,DP0015,70.0,44.1,0.0
6429072550,DP0008,40.0,29.6,0.0
6427985458,DP0041,60.0,39.6,0.0
6428602502,DP0043,45.0,23.6,0.0
6418172737,DP0050,65.0,59.3,0.0
6443201545,DP0019,70.0,48.5,0.0
6451942219,DP0041,50.0,51.6,1.0
6446698843,DP0041,50.0,40.4,0.0
6454393017,DP0041,40.0,35.5,0.0
6450277597,DP0041,50.0,35.6,0.0
6435253795,DP0029,40.0,28.6,0.0
6447401926,DP0045,50.0,34.6,0.0
6449753215,DP0041,50.0,41.1,0.0
6451596102,DP0041,50.0,40.4,0.0
6450579272,DP0016,55.0,38.2,0.0
6446429657,DP0009,50.0,38.8,0.0
6451315266,DP0033,45.0,28.9,0.0
6450658736,DP0041,40.0,27.1,0.0
6443331009,DP0044,50.0,30.9,0.0
6451494324,DP0038,45.0,47.3,1.0
6453113082,DP0041,50.0,28.8,0.0
6449935168,DP0041,50.0,34.8,0.0
6446668226,DP0019,40.0,43.8,1.0
6444291463,DP0041,40.0,34.2,0.0
6447723792,DP0041,50.0,39.6,0.0
6450590735,DP0015,50.0,29.1,0.0
6447791121,DP0021,60.0,46.6,0.0
6450400273,DP0041,50.0,34.8,0.0
6444321088,,,,
6441677979,DP0043,55.0,37.2,0.0
6443657966,DP0041,50.0,28.4,0.0
6430281431,DP0008,50.0,25.8,0.0
6447002820,DP0012,60.0,43.1,0.0
6446956957,DP0047,75.0,50.5,0.0
6447465904,DP0041,60.0,36.4,0.0
6438797009,DP0041,45.0,40.9,0.0
6442310983,DP0005,50.0,43.2,0.0
6446094135,DP0043,50.0,36.5,0.0
6440764775,DP0039,45.0,36.0,0.0
6435489137,DP0041,45.0,19.6,0.0
6422120241,DP0047,50.0,48.9,0.0
6440673807,DP0006,50.0,31.0,0.0
6442552477,DP0041,60.0,44.8,0.0
6441525435,DP0005,55.0,46.2,0.0
6436313234,DP0041,55.0,42.7,0.0
6441378453,DP0019,50.0,34.2,0.0
6410408690,DP0043,55.0,37.5,0.0
6442506981,DP0034,45.0,37.4,0.0
6437498940,DP0041,45.0,33.4,0.0
6439584671,DP0043,55.0,31.0,0.0
6438766349,DP0049,45.0,44.8,0.0
6439839628,DP0041,55.0,34.6,0.0
6439950594,DP0041,60.0,58.4,0.0
6413111291,DP0005,50.0,54.9,1.0
6420874228,DP0002,55.0,44.5,0.0
6426524631,DP0041,45.0,28.3,0.0
6438652385,DP0005,55.0,33.0,0.0
6430558683,DP0031,55.0,57.4,1.0
6431611619,DP0002,45.0,68.4,1.0
6438127935,DP0041,45.0,32.7,0.0
6430418922,DP0038,60.0,42.4,0.0
6432796244,DP0008,40.0,21.4,0.0
6436737119,DP0020,45.0,29.3,0.0
6428382025,DP0041,50.0,28.6,0.0
6430185516,DP0041,60.0,43.4,0.0
6437024234,DP0041,55.0,44.1,0.0
6428414190,DP0041,45.0,31.7,0.0
6434381248,DP0007,50.0,33.2,0.0
6435038873,DP0005,55.0,60.8,1.0
6431433775,DP0005,50.0,42.0,0.0
6435910971,DP0041,60.0,37.8,0.0
6435563749,DP0041,50.0,46.4,0.0
6434057345,DP0008,55.0,50.2,0.0
6432860996,DP0041,50.0,45.7,0.0
6435287512,DP0041,50.0,36.5,0.0
6435390111,DP0049,55.0,40.3,0.0
6435180677,DP0041,60.0,44.5,0.0
6435138203,,,,
6434752995,DP0041,45.0,34.7,0.0
6434679286,DP0050,50.0,53.8,1.0
6432597743,DP0048,50.0,50.8,1.0
6432958253,DP0041,50.0,38.5,0.0
6434756938,DP0041,45.0,22.7,0.0
6434320632,DP0041,50.0,42.8,0.0
6432174405,DP0038,55.0,35.7,0.0
6375720561,DP0041,55.0,36.6,0.0
6422221085,DP0019,50.0,34.2,0.0
6425102466,DP0043,45.0,31.2,0.0
6427672391,DP0041,55.0,37.9,0.0
6426806039,DP0043,50.0,32.4,0.0
6427048224,DP0041,45.0,29.2,0.0
6425760233,DP0041,55.0,42.9,0.0
6428377333,DP0026,50.0,33.4,0.0
6425841503,DP0041,55.0,40.2,0.0
6417275867,DP0041,55.0,34.8,0.0
6448945855,DP0028,40.0,21.2,0.0
6427830403,DP0043,45.0,31.7,0.0
6451049056,DP0007,40.0,31.8,0.0
6446232821,DP0041,45.0,31.1,0.0
6417479387,DP0014,50.0,32.7,0.0
6456792204,DP0043,55.0,50.7,0.0
6452113273,DP0019,40.0,22.5,0.0
6450871102,DP0041,90.0,57.1,0.0
6455690327,DP0009,50.0,30.5,0.0
6454630608,DP0034,50.0,31.6,0.0
6450417273,DP0043,50.0,29.8,0.0
6448111900,DP0009,40.0,21.5,0.0
6454476420,DP0041,50.0,38.9,0.0
6453051429,DP0015,45.0,31.3,0.0
6454065486,DP0037,50.0,34.5,0.0
6439736986,DP0041,45.0,27.1,0.0
6453356600,DP0041,45.0,36.0,0.0
6446228808,DP0041,55.0,34.5,0.0
6453673761,DP0041,50.0,24.8,0.0
6443971558,DP0019,55.0,30.2,0.0
6450879301,DP0034,50.0,22.0,0.0
6440663683,DP0005,40.0,23.5,0.0
6447593528,DP0041,40.0,36.2,0.0
6450827594,DP0043,50.0,41.7,0.0
6446198349,DP0014,50.0,48.1,0.0
6447202987,DP0015,75.0,51.1,0.0
6450966060,DP0005,45.0,30.0,0.0
6450909910,DP0048,55.0,50.2,0.0
6439360851,DP0041,40.0,24.2,0.0
6450613173,DP0028,60.0,40.3,0.0
6451061161,DP0041,45.0,37.0,0.0
6448359355,DP0019,40.0,24.0,0.0
6448633044,DP0041,55.0,76.7,1.0
6446753489,DP0041,45.0,36.2,0.0
6441622270,DP0039,55.0,58.6,1.0
6445286548,DP0043,45.0,48.2,1.0
6450461378,DP0041,55.0,63.2,1.0
6447253703,DP0008,60.0,45.5,0.0
6446688590,DP0041,60.0,43.0,0.0
6447143527,DP0041,45.0,31.9,0.0
6439188238,DP0043,40.0,23.2,0.0
6443203865,DP0033,50.0,24.9,0.0
6439308563,DP0034,50.0,42.0,0.0
6445033191,DP0041,45.0,30.2,0.0
6444756094,DP0041,40.0,29.0,0.0
6446560013,DP0030,55.0,68.6,1.0
6445517687,DP0049,40.0,29.7,0.0
6443377022,DP0021,45.0,24.1,0.0
6445242650,DP0019,55.0,46.0,0.0
6443325772,DP0043,55.0,37.0,0.0
6445661547,DP0002,40.0,27.2,0.0
6438728971,DP0015,40.0,18.0,0.0
6442230791,DP0041,50.0,20.5,0.0
6438746862,DP0009,45.0,32.2,0.0
6437756219,DP0049,45.0,31.2,0.0
6444246553,DP0041,50.0,35.2,0.0
6431865854,DP0041,45.0,38.7,0.0
6443844385,DP0009,60.0,47.2,0.0
6443325818,DP0019,50.0,39.5,0.0
6439793454,DP0041,50.0,26.1,0.0
6442050031,DP0041,50.0,24.2,0.0
6439828066,DP0041,45.0,22.1,0.0
6435046292,DP0019,50.0,34.5,0.0
6437625628,DP0041,50.0,24.5,0.0
6441882896,DP0019,65.0,46.8,0.0
6441448649,DP0041,40.0,32.6,0.0
6441047207,DP0041,90.0,67.8,0.0
6434463698,DP0008,55.0,41.7,0.0
6438911181,DP0041,45.0,37.0,0.0
6439887137,DP0002,55.0,38.5,0.0
6435307340,DP0041,45.0,25.2,0.0
6428119681,DP0041,45.0,26.2,0.0
6429975501,DP0005,55.0,36.9,0.0
6439803298,DP0044,45.0,20.4,0.0
6440053273,DP0041,50.0,31.7,0.0
6436568038,DP0044,55.0,38.4,0.0
6439430868,DP0007,40.0,27.1,0.0
6396591381,DP0046,55.0,43.2,0.0
6437954323,DP0007,50.0,31.5,0.0
6439328295,DP0041,50.0,31.9,0.0
6431712655,DP0044,50.0,31.0,0.0
6433570926,DP0015,55.0,35.0,0.0
6427708015,DP0005,50.0,34.8,0.0
6438661416,DP0041,55.0,46.8,0.0
6437713316,DP0041,55.0,47.0,0.0
6437339786,DP0041,90.0,71.7,0.0
6431307054,DP0005,40.0,39.2,0.0
6432433922,DP0041,60.0,36.2,0.0
6436664487,DP0010,50.0,37.8,0.0
6426028995,DP0043,55.0,40.7,0.0
6433115825,DP0041,45.0,36.6,0.0
6429217404,DP0041,90.0,89.3,0.0
6422687871,DP0015,40.0,33.2,0.0
6434938824,DP0043,65.0,45.5,0.0
6432471062,DP0041,55.0,58.1,1.0
6431307622,DP0043,60.0,46.5,0.0
6425525713,DP0019,40.0,10.1,0.0
6428151396,DP0041,40.0,27.5,0.0
6435671531,DP0041,50.0,31.6,0.0
6436301172,DP0005,70.0,47.7,0.0
6423271079,DP0035,55.0,39.1,0.0
6429735598,DP0012,50.0,38.6,0.0
6429371977,DP0028,45.0,29.0,0.0
6431565596,DP0032,50.0,32.7,0.0
6435182076,DP0041,55.0,37.0,0.0
6433729148,DP0041,50.0,31.4,0.0
6435687440,DP0041,50.0,29.0,0.0
6434948721,DP0005,50.0,53.1,1.0
6434598045,DP0041,40.0,35.0,0.0
6434383692,DP0046,45.0,44.7,0.0
6429736514,DP0027,40.0,23.2,0.0
6433071923,DP0012,40.0,28.6,0.0
6427432276,DP0041,45.0,22.1,0.0
6434111464,DP0041,50.0,30.1,0.0
6432570103,DP0041,40.0,29.8,0.0
6432500456,DP0041,45.0,41.9,0.0
6425757313,DP0008,45.0,35.5,0.0
6429322832,DP0043,50.0,42.0,0.0
6430468233,DP0038,45.0,31.8,0.0
6427044396,DP0015,40.0,31.1,0.0
6428074069,DP0005,45.0,28.2,0.0
6425512037,DP0037,45.0,33.1,0.0
6430344077,DP0041,75.0,54.6,0.0
6431518097,DP0041,50.0,31.3,0.0
6391624578,DP0047,50.0,33.5,0.0
6425479921,DP0008,40.0,18.9,0.0
6427859833,DP0049,50.0,27.0,0.0
6401856084,DP0041,45.0,29.2,0.0
6430089963,DP0040,45.0,33.7,0.0
6425990400,DP0043,45.0,30.5,0.0
6425454225,DP0041,40.0,29.3,0.0
6428583099,DP0027,40.0,43.8,1.0
6426071728,DP0043,50.0,32.7,0.0
6428746746,DP0041,55.0,46.7,0.0
6418074480,DP0041,45.0,45.5,1.0
6415538255,DP0043,40.0,86.7,1.0
6440453517,DP0039,45.0,37.0,0.0
6445993125,DP0041,55.0,52.3,0.0
6440974724,DP0041,55.0,62.9,1.0
6414108504,DP0040,55.0,46.2,0.0
6454785007,DP0005,40.0,25.6,0.0
6456452465,DP0041,60.0,44.9,0.0
6445330163,DP0005,55.0,44.4,0.0
6452228140,DP0041,55.0,31.0,0.0
6456169896,DP0043,50.0,28.9,0.0
6445654960,DP0027,50.0,25.7,0.0
6445065473,DP0006,50.0,28.9,0.0
6448996807,DP0015,65.0,39.4,0.0
6449843414,DP0041,60.0,48.5,0.0
6449310628,DP0044,40.0,26.8,0.0
6452971494,DP0041,65.0,51.6,0.0
6449922693,DP0007,50.0,32.8,0.0
6450313587,DP0041,50.0,38.9,0.0
6446279126,DP0041,50.0,31.2,0.0
6431939078,DP0033,55.0,44.8,0.0
6443853651,DP0041,40.0,35.6,0.0
6448723811,DP0024,65.0,43.7,0.0
6442263635,DP0041,55.0,31.4,0.0
6443762461,DP0026,95.0,64.1,0.0
6438165048,DP0019,40.0,19.0,0.0
6441895649,DP0043,50.0,27.3,0.0
6446698113,DP0041,60.0,50.0,0.0
6446595461,DP0019,45.0,25.5,0.0
6443585815,DP0043,40.0,27.0,0.0
6446494306,DP0041,45.0,28.5,0.0
6445479009,DP0015,50.0,31.6,0.0
6443633571,DP0041,55.0,36.6,0.0
6446676255,DP0043,40.0,58.8,1.0
6427108955,DP0041,40.0,24.3,0.0
6444831637,DP0017,40.0,29.6,0.0
6443386134,DP0041,50.0,27.7,0.0
6444350822,DP0041,55.0,40.2,0.0
6443688183,DP0041,40.0,23.7,0.0
6425514843,DP0011,45.0,25.0,0.0
6401133196,DP0041,40.0,28.7,0.0
6444387855,DP0004,55.0,41.2,0.0
6436022705,DP0041,50.0,28.9,0.0
6441692177,DP0047,75.0,46.4,0.0
6435183606,DP0010,50.0,27.0,0.0
6442206214,DP0021,40.0,28.8,0.0
6441546137,DP0041,45.0,31.8,0.0
6439034131,DP0041,50.0,26.0,0.0
6441916715,DP0027,70.0,44.2,0.0
6438286010,DP0041,85.0,63.2,0.0
6435042171,DP0043,50.0,26.3,0.0
6434172414,DP0041,55.0,24.0,0.0
6419566048,DP0041,40.0,26.8,0.0
6438038166,DP0031,85.0,54.8,0.0
6432557541,DP0043,40.0,24.3,0.0
6436552224,DP0019,60.0,42.0,0.0
6438310866,DP0015,50.0,29.4,0.0
6431910882,DP0028,50.0,33.2,0.0
6436835292,DP0041,50.0,23.6,0.0
6403755948,DP0043,55.0,36.0,0.0
6437138775,DP0008,50.0,33.0,0.0
6438849701,DP0041,50.0,26.3,0.0
6438209369,DP0041,55.0,37.1,0.0
6436269783,DP0041,40.0,37.9,0.0
6430731914,DP0041,45.0,29.9,0.0
6432441646,DP0012,50.0,38.4,0.0
6434675982,DP0009,40.0,26.4,0.0
6436039136,DP0043,50.0,31.2,0.0
6431585592,DP0041,45.0,30.7,0.0
6434191723,DP0018,50.0,28.8,0.0
6434528462,DP0041,55.0,43.1,0.0
6434252678,DP0043,50.0,39.0,0.0
6428994847,DP0041,45.0,36.1,0.0
6433920599,DP0027,40.0,36.2,0.0
6433503880,DP0041,40.0,32.4,0.0
6431502092,DP0041,45.0,19.6,0.0
6429711495,DP0005,40.0,18.1,0.0
6431355071,DP0015,50.0,34.0,0.0
6396912489,DP0041,45.0,47.0,1.0
6430695726,DP0041,60.0,37.7,0.0
6429551432,DP0026,50.0,36.2,0.0
6453852134,DP0020,65.0,46.7,0.0
6448595309,DP0005,50.0,35.3,0.0
6454588956,DP0005,40.0,24.7,0.0
6451472618,DP0019,75.0,74.7,0.0
6450448182,DP0041,45.0,26.6,0.0
6452627643,DP0041,50.0,43.3,0.0
6452028067,DP0041,55.0,52.8,0.0
6448853978,DP0036,50.0,41.7,0.0
6451798378,DP0019,55.0,75.4,1.0
6448985369,DP0034,45.0,39.9,0.0
6444662085,DP0008,65.0,43.5,0.0
6447167993,DP0007,45.0,30.9,0.0
6446966104,DP0020,55.0,41.0,0.0
6447382998,DP0050,55.0,63.6,1.0
6447944784,DP0024,40.0,26.9,0.0
6447998987,DP0044,40.0,44.4,1.0
6440679851,DP0033,45.0,37.4,0.0
6443780850,DP0039,40.0,21.5,0.0
6445180247,DP0041,50.0,30.9,0.0
6431441420,DP0006,50.0,30.8,0.0
6442439137,DP0012,40.0,32.3,0.0
6441496135,DP0048,40.0,43.3,1.0
6441107467,DP0041,65.0,36.7,0.0
6436464172,DP0005,50.0,46.2,0.0
6437433021,DP0005,40.0,29.3,0.0
6440889131,DP0043,50.0,35.4,0.0
6437599751,DP0043,50.0,31.7,0.0
6428621781,DP0041,45.0,33.7,0.0
6436586409,DP0009,40.0,25.9,0.0
6437626790,DP0042,45.0,34.8,0.0
6438225702,DP0024,50.0,26.0,0.0
6438984506,DP0038,40.0,35.6,0.0
6428875362,DP0041,55.0,47.5,0.0
6426931368,DP0028,40.0,23.3,0.0
6436388240,DP0041,50.0,38.5,0.0
6422833136,DP0043,50.0,38.8,0.0
6436354902,DP0041,45.0,26.8,0.0
6433492538,DP0031,50.0,38.8,0.0
6435999337,DP0019,45.0,30.2,0.0
6435510623,DP0019,50.0,39.2,0.0
6434313021,DP0027,65.0,60.3,0.0
6432060336,DP0041,50.0,44.7,0.0
6435872710,DP0037,40.0,25.7,0.0
6433670334,DP0008,40.0,43.4,1.0
6425647288,DP0009,55.0,67.5,1.0
6434297567,DP0026,45.0,33.0,0.0
6433569450,DP0041,40.0,25.5,0.0
6429136309,DP0041,55.0,37.1,0.0
6432097139,DP0041,40.0,39.4,0.0
6427782420,DP0041,40.0,52.2,1.0
6430297494,DP0041,70.0,63.9,0.0
6425851244,DP0038,50.0,38.0,0.0
6429397359,DP0008,55.0,42.8,0.0
6419986668,DP0041,55.0,46.5,0.0
6423099521,DP0031,50.0,28.4,0.0
6424029993,DP0008,45.0,33.7,0.0
6427189801,DP0049,40.0,40.7,1.0
6448985685,DP0029,55.0,38.5,0.0
6439710911,DP0041,55.0,32.0,0.0
6434059180,DP0041,80.0,73.0,0.0
6478594736,DP0008,75.0,58.5,0.0
6479933815,DP0005,55.0,42.5,0.0
6476873425,DP0041,60.0,49.5,0.0
6484682093,DP0018,45.0,29.0,0.0
6485810472,DP0017,45.0,33.3,0.0
6485312247,DP0047,65.0,57.9,0.0
6486280105,DP0041,65.0,56.0,0.0
6480902748,DP0004,40.0,38.4,0.0
6484098441,DP0026,50.0,31.8,0.0
6478337294,DP0041,50.0,31.4,0.0
6465524768,DP0024,55.0,54.0,0.0
6476697260,DP0004,55.0,56.7,1.0
6483278799,DP0039,50.0,37.8,0.0
6483985857,DP0007,55.0,50.4,0.0
6477945980,DP0041,45.0,37.4,0.0
6470617233,DP0041,55.0,39.8,0.0
6478299643,DP0005,50.0,32.1,0.0
6475190216,DP0019,50.0,31.8,0.0
6477089294,DP0037,40.0,23.5,0.0
6466764048,DP0041,40.0,20.4,0.0
6465101752,DP0020,65.0,66.0,1.0
6482308874,DP0019,45.0,34.9,0.0
6476766834,DP0049,50.0,35.3,0.0
6477992624,DP0005,45.0,27.4,0.0
6478793132,DP0049,45.0,25.1,0.0
6479597908,DP0005,50.0,39.2,0.0
6457121539,DP0019,50.0,29.0,0.0
6472887765,DP0041,65.0,42.3,0.0
6480560584,DP0008,50.0,48.6,0.0
6479798607,DP0008,45.0,23.8,0.0
6479515999,DP0019,55.0,55.3,1.0
6474230039,DP0048,50.0,45.0,0.0
6478291546,DP0031,40.0,20.8,0.0
6472065400,DP0041,50.0,45.4,0.0
6477912846,DP0041,40.0,19.9,0.0
6474478950,DP0041,55.0,45.3,0.0
6476735821,DP0041,45.0,22.5,0.0
6477392732,DP0026,55.0,32.8,0.0
6469887703,DP0007,50.0,29.9,0.0
6476632191,DP0019,60.0,35.5,0.0
6475331320,DP0015,50.0,42.8,0.0
6473658336,DP0008,75.0,40.6,0.0
6474041378,DP0003,50.0,34.9,0.0
6464344869,DP0044,40.0,32.8,0.0
6475095130,DP0043,45.0,27.2,0.0
6468657548,DP0005,45.0,15.4,0.0
6473337857,DP0010,45.0,28.1,0.0
6473847068,DP0008,45.0,43.3,0.0
6473503292,DP0019,45.0,30.2,0.0
6475212821,DP0015,50.0,30.9,0.0
6474858925,DP0046,45.0,33.0,0.0
6469295405,DP0005,45.0,33.5,0.0
6469656135,DP0015,60.0,50.0,0.0
6461254919,DP0005,40.0,28.6,0.0
6469131428,DP0048,40.0,38.3,0.0
6472377083,DP0043,50.0,43.7,0.0
6467344169,DP0041,50.0,42.2,0.0
6473974904,DP0038,65.0,37.3,0.0
6470309124,DP0013,65.0,45.3,0.0
6467666837,DP0015,50.0,30.0,0.0
6469075671,DP0039,40.0,26.9,0.0
6467429971,DP0041,75.0,60.8,0.0
6468846031,DP0019,40.0,33.1,0.0
6466160231,DP0021,60.0,39.3,0.0
6468954064,DP0041,45.0,41.8,0.0
6456819339,DP0016,40.0,30.0,0.0
6469706305,DP0041,50.0,36.2,0.0
6471126505,DP0033,55.0,34.0,0.0
6466755278,DP0005,50.0,85.4,1.0
6470565202,DP0034,55.0,66.1,1.0
6469957897,DP0043,45.0,38.2,0.0
6455998578,DP0019,60.0,42.9,0.0
6465863330,DP0023,50.0,51.0,1.0
6467634462,DP0005,65.0,45.6,0.0
6456612200,DP0041,65.0,77.0,1.0
6468698312,DP0043,65.0,50.5,0.0
6467106790,DP0028,40.0,37.3,0.0
6468095699,DP0016,50.0,36.4,0.0
6445839252,DP0047,45.0,35.1,0.0
6466805510,DP0041,45.0,22.9,0.0
6455902806,DP0041,65.0,58.4,0.0
6462527536,DP0021,45.0,53.8,1.0
6463340356,DP0015,50.0,30.3,0.0
6462664282,DP0041,45.0,37.5,0.0
6463909223,DP0041,40.0,43.3,1.0
6460049715,DP0041,70.0,48.4,0.0
6461383471,DP0005,50.0,42.0,0.0
6441265958,DP0041,50.0,25.8,0.0
6464377874,DP0041,45.0,24.2,0.0
6460263405,DP0046,60.0,42.9,0.0
6463588210,DP0007,50.0,32.4,0.0
6462405727,DP0041,65.0,38.7,0.0
6452694406,DP0041,50.0,28.8,0.0
6459146569,DP0043,40.0,29.5,0.0
6456830132,DP0041,45.0,36.0,0.0
6463224928,DP0047,45.0,32.5,0.0
6461814868,DP0047,50.0,20.7,0.0
6457361563,DP0015,45.0,33.2,0.0
6460174642,DP0041,50.0,30.6,0.0
6462029502,DP0041,50.0,37.4,0.0
6456507829,DP0015,40.0,26.1,0.0
6455499253,DP0014,55.0,38.7,0.0
6461173004,DP0005,55.0,53.7,0.0
6459490494,DP0041,60.0,48.7,0.0
6456011492,DP0024,45.0,43.4,0.0
6452010968,DP0043,40.0,24.5,0.0
6456283500,DP0041,65.0,34.1,0.0
6449565375,DP0041,55.0,38.3,0.0
6459147803,DP0019,45.0,20.9,0.0
6456494199,DP0041,45.0,29.3,0.0
6443045644,DP0037,55.0,42.4,0.0
6455762983,DP0015,40.0,22.1,0.0
6455666903,DP0043,65.0,42.8,0.0
6488189828,DP0041,45.0,76.7,1.0
6487107155,DP0005,40.0,52.1,1.0
6486533567,DP0041,50.0,40.4,0.0
6480914138,DP0007,40.0,43.2,1.0
6481753595,DP0034,40.0,30.0,0.0
6473928610,DP0041,45.0,26.8,0.0
6483367120,DP0002,50.0,28.5,0.0
6481383087,DP0041,45.0,33.4,0.0
6482501520,DP0041,55.0,40.4,0.0
6464918093,DP0041,55.0,33.3,0.0
6482020973,DP0009,50.0,27.9,0.0
6482864788,DP0019,50.0,39.8,0.0
6450879331,DP0018,50.0,22.2,0.0
6482314523,DP0047,60.0,47.6,0.0
6472399341,DP0005,60.0,48.4,0.0
6482543592,DP0038,40.0,23.8,0.0
6477956641,DP0043,45.0,29.4,0.0
6470721915,DP0041,65.0,47.7,0.0
6478697133,DP0041,45.0,33.1,0.0
6481070949,DP0048,40.0,53.0,1.0
6477855009,DP0033,45.0,36.0,0.0
6477791694,DP0021,40.0,30.1,0.0
6478642781,DP0004,65.0,56.3,0.0
6477701702,DP0008,45.0,22.7,0.0
6480301416,DP0041,50.0,48.0,0.0
6480973384,DP0009,40.0,30.4,0.0
6478603039,DP0041,50.0,28.3,0.0
6480201072,DP0005,50.0,46.7,0.0
6451632052,DP0019,65.0,43.7,0.0
6476242768,DP0041,60.0,48.2,0.0
6468931172,DP0019,50.0,30.3,0.0
6475097612,DP0041,65.0,44.7,0.0
6476077359,DP0050,45.0,66.3,1.0
6473314555,DP0041,55.0,30.8,0.0
6477030425,DP0026,40.0,30.3,0.0
6463887809,DP0043,55.0,35.9,0.0
6469567738,DP0005,40.0,24.5,0.0
6467410903,DP0041,50.0,34.6,0.0
6476764763,DP0003,55.0,37.3,0.0
6476496849,DP0010,50.0,44.7,0.0
6474643761,DP0049,40.0,19.1,0.0
6477416893,DP0028,40.0,24.2,0.0
6476086601,DP0041,50.0,32.5,0.0
6477163247,DP0030,45.0,36.0,0.0
6465381940,DP0043,40.0,25.7,0.0
6474642562,DP0048,45.0,50.7,1.0
6475769450,DP0039,45.0,32.5,0.0
6473244186,DP0041,50.0,34.0,0.0
6475255867,DP0041,40.0,28.6,0.0
6473332457,DP0043,45.0,31.7,0.0
6457662968,DP0019,40.0,26.8,0.0
6472421578,DP0041,50.0,44.6,0.0
6469458545,DP0024,50.0,32.0,0.0
6474000694,DP0015,45.0,32.3,0.0
6472967411,DP0005,40.0,25.4,0.0
6471480576,DP0041,40.0,24.5,0.0
6472222277,DP0043,40.0,32.7,0.0
6469506866,DP0027,40.0,19.4,0.0
6472186455,DP0041,40.0,27.8,0.0
6473983027,DP0041,45.0,23.5,0.0
6469665881,DP0037,40.0,22.6,0.0
6470793159,DP0043,45.0,32.0,0.0
6472003420,DP0028,40.0,32.8,0.0
6470730836,DP0008,55.0,47.3,0.0
6471782300,DP0008,55.0,62.6,1.0
6472580297,DP0043,50.0,52.9,1.0
6473054867,DP0049,50.0,32.7,0.0
6472169311,DP0019,40.0,27.9,0.0
6471758232,DP0008,50.0,33.8,0.0
6470082713,DP0041,50.0,36.3,0.0
6471247228,DP0041,50.0,46.0,0.0
6471197989,DP0041,40.0,59.5,1.0
6458211530,DP0046,40.0,38.9,0.0
6470806820,DP0041,55.0,42.1,0.0
6468265529,DP0043,65.0,58.7,0.0
6470149850,DP0041,50.0,30.2,0.0
6466714715,DP0024,40.0,24.6,0.0
6466503249,DP0041,50.0,32.3,0.0
6467039076,DP0039,40.0,40.4,1.0
6465997240,DP0019,45.0,36.0,0.0
6469459334,DP0008,40.0,36.0,0.0
6451926476,DP0041,40.0,32.4,0.0
6468644103,DP0041,40.0,31.0,0.0
6465116704,DP0041,55.0,40.0,0.0
6463288760,DP0007,40.0,35.6,0.0
6468440120,DP0041,45.0,38.6,0.0
6469179727,DP0009,40.0,21.8,0.0
6464519139,DP0041,45.0,52.4,1.0
6464024295,DP0038,40.0,36.6,0.0
6464161726,DP0043,40.0,22.4,0.0
6465866757,DP0041,40.0,25.7,0.0
6462862114,DP0041,40.0,31.6,0.0
6461187204,DP0041,55.0,42.6,0.0
6465585833,DP0041,40.0,37.8,0.0
6466630266,DP0005,50.0,30.2,0.0
6464096108,DP0041,40.0,33.1,0.0
6458718805,DP0041,40.0,20.9,0.0
6465044950,DP0041,55.0,41.3,0.0
6462232109,DP0031,50.0,30.1,0.0
6462990710,,,,
6464003624,DP0018,55.0,42.3,0.0
6441957712,DP0022,45.0,26.2,0.0
6456656215,DP0047,40.0,23.9,0.0
6440265469,DP0041,40.0,24.8,0.0
6456043165,DP0002,50.0,38.3,0.0
6457634719,DP0043,40.0,16.4,0.0
6464437838,DP0015,40.0,29.4,0.0
6461575815,DP0041,50.0,30.9,0.0
6462517140,DP0041,60.0,37.6,0.0
6461002856,DP0041,40.0,26.4,0.0
6462590813,DP0041,55.0,31.0,0.0
6463043670,DP0015,45.0,42.8,0.0
6462404284,DP0009,55.0,39.2,0.0
6461542257,DP0041,45.0,26.6,0.0
6456965513,DP0019,55.0,32.2,0.0
6455423340,DP0048,55.0,49.2,0.0
6441541197,DP0039,55.0,40.7,0.0
6461416194,DP0007,55.0,56.2,1.0
6458974289,DP0041,40.0,40.8,1.0
6462350563,DP0021,45.0,29.8,0.0
6461996767,DP0008,50.0,36.6,0.0
6462304669,DP0038,40.0,31.9,0.0
6461677303,DP0047,40.0,26.0,0.0
6444648590,DP0036,50.0,48.8,0.0
6461184448,DP0027,45.0,30.5,0.0
6460955243,DP0039,55.0,43.5,0.0
6460471632,DP0002,60.0,51.0,0.0
6457753636,DP0008,40.0,29.9,0.0
6459459711,DP0043,55.0,38.0,0.0
6461311474,DP0048,40.0,49.0,1.0
6461382718,DP0009,40.0,34.3,0.0
6453893627,DP0041,45.0,46.6,1.0
6456573466,DP0048,70.0,69.8,0.0
6457789549,DP0008,50.0,25.5,0.0
6457796835,DP0012,70.0,79.5,1.0
6459976693,DP0043,40.0,27.2,0.0
6455785231,DP0041,50.0,29.3,0.0
6452662565,DP0008,55.0,35.7,0.0
6458364075,DP0033,45.0,20.9,0.0
6454240498,DP0005,50.0,31.7,0.0
6456381375,DP0038,50.0,30.8,0.0
6457096383,DP0041,40.0,30.1,0.0
6456826833,DP0041,45.0,20.0,0.0
6455037768,DP0041,40.0,20.2,0.0
6449738042,DP0024,40.0,32.4,0.0
6452239657,DP0009,40.0,33.1,0.0
6446744114,DP0002,55.0,47.2,0.0
6456221405,DP0041,45.0,32.7,0.0
6433116379,DP0041,50.0,32.1,0.0
6446443998,DP0015,55.0,34.2,0.0
6447617279,DP0038,40.0,25.6,0.0
6454181786,DP0041,55.0,35.0,0.0
6455301856,DP0041,50.0,45.7,0.0
6442333465,DP0020,50.0,49.6,0.0
6454530875,DP0019,40.0,27.4,0.0
6445006604,DP0015,65.0,39.9,0.0
6456810260,DP0041,45.0,33.0,0.0
6453442778,DP0041,45.0,37.5,0.0
6487590559,DP0041,40.0,32.2,0.0
6484792057,DP0043,50.0,35.4,0.0
6475870294,DP0049,45.0,24.8,0.0
6482872562,DP0018,55.0,102.2,1.0
6481601225,DP0012,50.0,120.3,1.0
6477023163,DP0041,45.0,70.6,1.0
6486562948,DP0005,55.0,64.2,1.0
6455396628,DP0041,45.0,45.3,1.0
6482005761,DP0043,50.0,116.1,1.0
6485123136,,,,
6481615905,DP0019,45.0,91.9,1.0
6486185013,DP0008,40.0,35.4,0.0
6484236662,DP0031,40.0,69.4,1.0
6486435335,DP0043,45.0,45.4,1.0
6486655073,DP0027,40.0,48.6,1.0
6475716892,DP0005,50.0,43.2,0.0
6486942417,DP0019,45.0,34.6,0.0
6484670159,DP0049,50.0,27.8,0.0
6486282839,DP0041,50.0,28.4,0.0
6486174408,DP0043,45.0,28.2,0.0
6486630458,DP0041,40.0,29.3,0.0
6482607230,DP0041,55.0,68.2,1.0
6486440825,DP0008,40.0,19.7,0.0
6471388182,DP0027,55.0,36.6,0.0
6485492061,DP0041,60.0,43.8,0.0
6486150494,,,,
6477322170,DP0019,85.0,62.9,0.0
6474920460,DP0008,40.0,51.5,1.0
6471173549,DP0041,55.0,32.9,0.0
6485780753,DP0011,50.0,37.1,0.0
6467533611,DP0041,50.0,29.7,0.0
6483316843,DP0019,40.0,25.7,0.0
6483450811,DP0015,50.0,55.7,1.0
6477721707,DP0034,55.0,56.7,1.0
6484216881,DP0041,45.0,31.7,0.0
6468290033,DP0041,50.0,43.7,0.0
6479925241,DP0017,60.0,59.3,0.0
6478235792,DP0043,40.0,27.7,0.0
6476575108,DP0007,65.0,42.0,0.0
6480579814,DP0005,40.0,19.7,0.0
6481058811,DP0041,50.0,38.5,0.0
6478208252,DP0008,55.0,61.8,1.0
6464734568,DP0041,40.0,27.0,0.0
6478130957,DP0047,50.0,29.1,0.0
6481836508,DP0041,55.0,33.5,0.0
6478730145,DP0041,50.0,29.5,0.0
6482474424,DP0041,45.0,22.1,0.0
6472248921,DP0012,40.0,26.3,0.0
6465445922,DP0038,40.0,19.9,0.0
6479535734,DP0026,55.0,38.1,0.0
6482839916,DP0047,45.0,34.2,0.0
6481903822,DP0016,45.0,31.8,0.0
6470933894,DP0041,50.0,37.3,0.0
6480689558,DP0044,50.0,35.8,0.0
6479717773,DP0041,60.0,40.7,0.0
6483188607,DP0047,40.0,28.0,0.0
6479432763,DP0041,50.0,31.0,0.0
6483464017,DP0026,40.0,25.3,0.0
6481457337,DP0042,40.0,33.6,0.0
6476757339,DP0019,40.0,32.7,0.0
6467709081,DP0009,65.0,54.8,0.0
6480380070,DP0041,85.0,55.5,0.0
6475034559,DP0041,55.0,31.2,0.0
6476554487,DP0043,55.0,34.9,0.0
6476694623,DP0047,60.0,47.9,0.0
6478320241,DP0043,45.0,27.5,0.0
6481805090,DP0005,50.0,19.6,0.0
6481471022,DP0041,50.0,31.1,0.0
6470823868,DP0041,50.0,38.4,0.0
6481169248,DP0049,50.0,35.2,0.0
6477800106,DP0030,40.0,22.9,0.0
6480742988,DP0009,40.0,25.5,0.0
6473668571,DP0043,45.0,28.4,0.0
6480709367,DP0023,40.0,49.8,1.0
6479323939,DP0041,45.0,66.5,1.0
6479877597,DP0033,55.0,74.3,1.0
6473278717,DP0034,55.0,56.4,1.0
6479694168,DP0041,65.0,38.2,0.0
6479870444,DP0028,45.0,24.0,0.0
6474591109,DP0041,40.0,21.0,0.0
6478705000,DP0002,45.0,27.2,0.0
6480575658,DP0024,60.0,50.4,0.0
6470341618,DP0023,55.0,41.5,0.0
6478060873,DP0041,50.0,43.9,0.0
6478032801,DP0021,50.0,23.9,0.0
6476619349,DP0041,50.0,35.4,0.0
6478387848,DP0041,45.0,30.3,0.0
6469709682,DP0041,40.0,35.2,0.0
6473463457,DP0041,60.0,38.7,0.0
6462586522,DP0037,50.0,41.0,0.0
6478922889,DP0029,45.0,30.8,0.0
6477441439,DP0041,55.0,34.8,0.0
6465471220,DP0005,55.0,34.2,0.0
6475292640,DP0043,50.0,32.3,0.0
6477415182,DP0041,40.0,18.7,0.0
6478175828,DP0027,40.0,32.6,0.0
6474635007,DP0041,50.0,27.8,0.0
6473909094,DP0043,60.0,36.8,0.0
6478473397,DP0019,55.0,27.2,0.0
6478696272,DP0041,65.0,62.0,0.0
6471812865,DP0005,55.0,35.3,0.0
6475791141,DP0041,40.0,31.6,0.0
6473560947,DP0043,45.0,29.5,0.0
6476378984,DP0041,55.0,34.2,0.0
6471093761,DP0041,45.0,28.9,0.0
6466517022,DP0043,45.0,42.0,0.0
6477873754,DP0041,55.0,39.3,0.0
6470295431,DP0041,40.0,27.7,0.0
6473700535,DP0041,45.0,20.5,0.0
6469711278,DP0041,45.0,24.3,0.0
6474203680,DP0041,55.0,38.4,0.0
6477845824,DP0048,50.0,67.0,1.0
6470508385,DP0041,40.0,43.4,1.0
6477632999,DP0041,50.0,27.0,0.0
6473922784,DP0008,45.0,20.9,0.0
6471947026,DP0041,55.0,29.4,0.0
6444388950,DP0041,50.0,24.2,0.0
6468560880,DP0041,60.0,28.4,0.0
6472848330,DP0015,40.0,43.6,1.0
6462593891,DP0043,40.0,24.8,0.0
6476073301,DP0006,40.0,41.7,1.0
6468230746,DP0019,55.0,46.7,0.0
6475156679,DP0041,50.0,25.9,0.0
6476164607,DP0041,60.0,38.6,0.0
6476406022,DP0021,50.0,108.6,1.0
6456225418,,,,
6475766291,DP0033,50.0,119.6,1.0
6472262470,DP0001,50.0,37.3,0.0
6459203200,,,,
6473444575,DP0043,45.0,17.6,0.0
6467429038,DP0015,40.0,27.2,0.0
6474485725,DP0007,40.0,19.8,0.0
6475503366,DP0041,45.0,26.1,0.0
6469998575,DP0039,45.0,20.4,0.0
6465945341,DP0041,45.0,32.8,0.0
6473046450,DP0043,45.0,23.5,0.0
6474764335,DP0043,40.0,27.2,0.0
6471170934,DP0021,45.0,34.3,0.0
6460795667,DP0041,50.0,26.5,0.0
6471910643,DP0041,40.0,18.7,0.0
6452139077,DP0023,45.0,20.1,0.0
6457109829,DP0005,40.0,23.2,0.0
6471303129,DP0041,70.0,38.2,0.0
6473784241,DP0002,40.0,27.0,0.0
6472306194,DP0046,50.0,35.6,0.0
6472225058,DP0041,40.0,18.8,0.0
6473486606,DP0014,55.0,33.0,0.0
6470082307,DP0019,65.0,34.0,0.0
6465491142,DP0049,55.0,39.2,0.0
6466404059,DP0029,50.0,36.3,0.0
6449399086,DP0041,45.0,35.1,0.0
6462656391,DP0039,55.0,27.3,0.0
6453989923,DP0043,55.0,46.2,0.0
6471489163,DP0041,40.0,44.6,1.0
6468415488,DP0003,40.0,36.9,0.0
6463259572,DP0019,50.0,35.9,0.0
6473296567,DP0041,50.0,45.9,0.0
6470228932,DP0043,65.0,42.5,0.0
6470992496,DP0006,50.0,41.4,0.0
6471208887,DP0041,60.0,40.7,0.0
6471438946,DP0021,40.0,27.8,0.0
6466808491,DP0043,55.0,26.2,0.0
6468821004,DP0041,65.0,38.7,0.0
6470884261,DP0029,55.0,24.4,0.0
6472048135,DP0009,40.0,25.4,0.0
6472417628,DP0002,40.0,15.4,0.0
6470235575,DP0041,40.0,28.0,0.0
6471757361,DP0035,45.0,35.6,0.0
6470493934,DP0021,40.0,15.4,0.0
6471222508,DP0049,40.0,32.6,0.0
6471349115,DP0041,50.0,35.8,0.0
6468584940,DP0041,55.0,30.6,0.0
6472993442,DP0011,45.0,35.9,0.0
6471162270,DP0002,40.0,26.9,0.0
6463410771,DP0038,55.0,33.6,0.0
6466833190,DP0041,50.0,38.5,0.0
6454847810,DP0041,55.0,31.0,0.0
6471850255,DP0043,55.0,51.4,0.0
6471217457,DP0039,50.0,42.3,0.0
6466609121,DP0021,45.0,25.3,0.0
6472212075,DP0043,55.0,32.6,0.0
6469330842,DP0035,45.0,29.4,0.0
6469493726,DP0019,40.0,25.8,0.0
6463942816,DP0006,45.0,31.6,0.0
6455267176,DP0041,40.0,31.2,0.0
6471913672,DP0041,40.0,24.6,0.0
6472274035,DP0005,55.0,46.8,0.0
6468690728,DP0028,50.0,35.2,0.0
6471881479,DP0041,40.0,39.4,0.0
6469870312,DP0046,45.0,62.2,1.0
6467796007,DP0030,60.0,55.1,0.0
6467691551,DP0043,60.0,80.0,1.0
6464388984,DP0033,45.0,35.4,0.0
6470256523,DP0012,40.0,30.6,0.0
6468757065,DP0002,55.0,44.6,0.0
6462357830,DP0025,45.0,32.3,0.0
6452572796,DP0030,55.0,30.5,0.0
6463414376,DP0045,55.0,36.6,0.0
6464765623,DP0015,45.0,25.6,0.0
6461497547,DP0031,45.0,45.2,1.0
6468689489,DP0003,55.0,43.2,0.0
6464714609,DP0041,45.0,38.8,0.0
6465893136,DP0043,50.0,33.6,0.0
6458367381,DP0016,55.0,32.6,0.0
6458892714,DP0038,55.0,29.6,0.0
6467386429,DP0008,50.0,30.2,0.0
6468754002,DP0041,45.0,39.3,0.0
6469249876,DP0008,55.0,58.5,1.0
6470202674,DP0041,45.0,45.6,1.0
6457814584,DP0041,45.0,26.3,0.0
6469016670,DP0041,45.0,27.2,0.0
6460787424,DP0017,55.0,48.0,0.0
6467007274,DP0028,50.0,28.3,0.0
6467595079,DP0041,40.0,27.1,0.0
6470399539,DP0041,40.0,28.3,0.0
6469273255,DP0008,55.0,25.8,0.0
6464407760,DP0043,45.0,28.8,0.0
6466395318,DP0041,55.0,36.6,0.0
6469029843,DP0009,40.0,24.6,0.0
6456584083,DP0008,40.0,22.3,0.0
6469611123,DP0048,45.0,38.0,0.0
6466008844,DP0019,40.0,34.6,0.0
6469642420,DP0043,60.0,44.9,0.0
6458454046,DP0036,65.0,53.6,0.0
6466336451,DP0032,55.0,37.6,0.0
6465174407,DP0041,50.0,25.9,0.0
6469005734,DP0002,50.0,37.2,0.0
6451883661,DP0026,40.0,43.4,1.0
6458123443,DP0021,55.0,47.7,0.0
6466906511,DP0043,65.0,59.3,0.0
6469180969,DP0041,55.0,43.0,0.0
6467204294,DP0028,65.0,55.4,0.0
6459406693,DP0019,40.0,34.5,0.0
6466568162,DP0041,50.0,38.2,0.0
6466694192,DP0008,50.0,35.6,0.0
6465255792,DP0018,55.0,54.6,0.0
6465131445,DP0019,60.0,48.9,0.0
6468717812,DP0041,50.0,32.2,0.0
6467862059,DP0029,65.0,50.0,0.0
6459130597,DP0041,55.0,43.4,0.0
6468379341,DP0041,55.0,43.3,0.0
6467637633,DP0047,55.0,43.5,0.0
6459327259,,,,
6458687273,,,,
6460742492,,,,
6460223043,DP0046,55.0,33.9,0.0
6459708203,DP0041,40.0,20.3,0.0
6452336641,DP0036,45.0,36.4,0.0
6458663517,DP0005,40.0,32.6,0.0
6457379592,DP0043,40.0,31.1,0.0
6456879565,DP0018,40.0,34.2,0.0
6457420995,DP0005,45.0,24.7,0.0
6446842973,DP0041,45.0,29.9,0.0
6444606168,DP0043,50.0,36.6,0.0
6457014522,DP0035,50.0,31.1,0.0
6452314096,DP0041,55.0,27.3,0.0
6458422555,DP0043,65.0,38.2,0.0
6451599484,DP0040,40.0,41.6,1.0
6455003942,DP0041,45.0,71.4,1.0
6458791065,DP0041,45.0,42.6,0.0
6457826074,DP0044,45.0,37.2,0.0
6456470093,DP0041,55.0,68.8,1.0
6445982011,DP0043,40.0,24.4,0.0
6457978389,DP0015,50.0,51.5,1.0
6457199815,DP0021,55.0,51.1,0.0
6458369395,DP0005,40.0,19.3,0.0
6458164268,DP0041,40.0,20.7,0.0
6459089983,DP0043,40.0,36.0,0.0
6459823861,DP0024,45.0,27.6,0.0
6456512721,DP0008,40.0,20.4,0.0
6459538664,DP0005,55.0,34.9,0.0
6455303050,DP0039,70.0,45.7,0.0
6440347504,DP0009,45.0,29.7,0.0
6441364146,DP0027,45.0,25.0,0.0
6458831824,DP0041,50.0,33.2,0.0
6457872107,DP0032,45.0,27.3,0.0
6459310759,DP0041,60.0,40.6,0.0
6457915079,DP0041,40.0,27.6,0.0
6459157184,DP0041,55.0,32.2,0.0
6455127598,DP0008,50.0,44.1,0.0
6459099004,DP0043,55.0,49.4,0.0
6458795287,DP0041,50.0,37.8,0.0
6454176015,DP0019,45.0,43.4,0.0
6441869541,DP0008,55.0,62.5,1.0
6457959621,DP0008,50.0,46.7,0.0
6455977702,DP0041,40.0,49.3,1.0
6447090924,DP0041,55.0,44.1,0.0
6455554133,DP0031,40.0,28.8,0.0
6451356940,DP0026,45.0,35.1,0.0
6455369388,DP0043,40.0,27.7,0.0
6453802447,DP0043,50.0,28.2,0.0
6458731349,DP0041,55.0,35.0,0.0
6431263844,DP0041,50.0,33.1,0.0
6455504918,DP0041,40.0,36.3,0.0
6452517703,DP0041,50.0,30.2,0.0
6456724091,DP0034,40.0,36.6,0.0
6457178276,DP0005,50.0,31.7,0.0
6456760896,DP0041,40.0,35.9,0.0
6453905115,DP0009,50.0,30.0,0.0
6452901335,DP0003,60.0,36.1,0.0
6451342175,DP0043,50.0,47.9,0.0
6457305332,DP0041,50.0,27.3,0.0
6452197025,DP0043,65.0,41.9,0.0
6456304722,DP0041,40.0,19.8,0.0
6454235423,DP0043,50.0,37.3,0.0
6452507895,DP0028,85.0,63.5,0.0
6456431125,DP0041,40.0,28.1,0.0
6450614566,DP0020,45.0,18.7,0.0
6452948717,DP0001,60.0,65.5,1.0
6456866014,DP0031,50.0,43.4,0.0
6426611307,DP0041,65.0,45.5,0.0
6485295447,DP0008,45.0,31.5,0.0
6487556992,DP0041,60.0,73.3,1.0
6486516188,DP0015,65.0,132.1,1.0
6479299536,DP0005,50.0,72.3,1.0
6486101854,DP0041,55.0,59.6,1.0
6479329080,DP0047,55.0,43.4,0.0
6481937759,DP0021,55.0,48.8,0.0
6484383594,DP0041,85.0,76.2,0.0
6482130155,,,,
6487629607,DP0041,70.0,58.6,0.0
6481372242,DP0041,65.0,43.7,0.0
6485580658,DP0011,70.0,53.1,0.0
6488198532,DP0041,75.0,47.4,0.0
6488150654,DP0028,65.0,58.1,0.0
6487377199,DP0041,45.0,26.8,0.0
6475307911,DP0041,50.0,41.4,0.0
6483319430,DP0041,55.0,63.9,1.0
6472200326,DP0005,55.0,32.0,0.0
6484696220,DP0043,55.0,52.3,0.0
6484470554,DP0041,40.0,31.1,0.0
6474266867,DP0043,55.0,79.9,1.0
6483887476,DP0041,90.0,69.1,0.0
6486555448,DP0005,75.0,59.4,0.0
6482756242,DP0041,45.0,52.3,1.0
6486948849,DP0041,50.0,76.1,1.0
6457418731,DP0015,55.0,69.9,1.0
6484368241,DP0041,55.0,57.3,1.0
6486382081,DP0041,50.0,55.2,1.0
6481115073,DP0041,45.0,39.1,0.0
6483941618,DP0019,50.0,40.2,0.0
6479041669,DP0041,60.0,72.3,1.0
6482731244,DP0016,50.0,48.9,0.0
6467130941,DP0039,45.0,60.1,1.0
6457892250,DP0008,55.0,45.7,0.0
6485183179,DP0005,50.0,82.1,1.0
6486685037,DP0023,75.0,71.9,0.0
6483870161,DP0019,50.0,45.2,0.0
6484435163,DP0035,50.0,66.1,1.0
6486481371,DP0047,70.0,62.8,0.0
6481759293,DP0041,50.0,68.2,1.0
6486318922,DP0041,50.0,72.6,1.0
6483075122,DP0044,65.0,75.0,1.0
6486152354,DP0043,50.0,60.5,1.0
6480253916,DP0043,40.0,50.3,1.0
6481513006,DP0006,55.0,59.4,1.0
6485963924,DP0041,40.0,31.3,0.0
6475305120,DP0041,50.0,58.1,1.0
6481540805,DP0043,50.0,41.2,0.0
6480532990,DP0041,55.0,36.4,0.0
6485858526,DP0003,50.0,51.5,1.0
6484502531,DP0048,45.0,45.1,1.0
6484081745,DP0041,55.0,46.4,0.0
6484193402,DP0033,50.0,65.4,1.0
6483392886,DP0033,50.0,36.9,0.0
6473279231,DP0038,50.0,50.2,1.0
6478185863,DP0016,75.0,53.8,0.0
6479445693,,,,
6485058745,DP0049,50.0,30.6,0.0
6472178737,DP0028,50.0,60.3,1.0
6474878331,DP0041,55.0,53.8,0.0
6481989848,DP0043,55.0,34.1,0.0
6483785245,DP0041,50.0,42.8,0.0
6483056852,DP0024,75.0,52.5,0.0
6477407426,DP0041,65.0,37.5,0.0
6483833891,DP0007,45.0,37.9,0.0
6484330005,DP0008,55.0,36.7,0.0
6484584618,DP0041,65.0,33.4,0.0
6484444434,DP0043,40.0,33.3,0.0
6465962951,DP0041,65.0,35.2,0.0
6482811191,DP0005,60.0,42.6,0.0
6477612071,DP0034,45.0,38.1,0.0
6477112319,DP0001,65.0,52.3,0.0
6482279158,DP0041,55.0,42.3,0.0
6470811491,DP0014,45.0,27.9,0.0
6472995585,DP0043,40.0,32.3,0.0
6481911401,DP0007,50.0,44.5,0.0
6473789974,DP0001,45.0,39.2,0.0
6477882052,DP0039,50.0,42.3,0.0
6482125917,DP0008,55.0,37.8,0.0
6480650861,DP0041,55.0,38.8,0.0
6483027598,,,,
6482490722,DP0005,50.0,23.2,0.0
6483258818,DP0033,55.0,56.7,1.0
6475297346,DP0050,40.0,43.6,1.0
6480439122,DP0041,40.0,33.0,0.0
6473207735,DP0047,45.0,31.1,0.0
6480410337,DP0009,55.0,33.9,0.0
6482004110,DP0015,40.0,19.1,0.0
6467368870,DP0008,60.0,38.7,0.0
6475700959,DP0021,40.0,25.8,0.0
6471411061,DP0041,40.0,34.1,0.0
6481486476,DP0009,45.0,38.7,0.0
6480670187,DP0041,40.0,25.6,0.0
6482303876,DP0019,90.0,62.5,0.0
6478321570,DP0042,50.0,34.0,0.0
6480820252,DP0002,55.0,21.9,0.0
6481475827,DP0015,85.0,44.2,0.0
6480017586,DP0041,60.0,42.3,0.0
6481972430,DP0006,40.0,26.4,0.0
6481047254,DP0041,40.0,18.8,0.0
6479512514,DP0039,55.0,34.7,0.0
6480878867,DP0043,70.0,49.6,0.0
6477110979,DP0041,55.0,42.9,0.0
6476380718,DP0041,50.0,40.3,0.0
6477963890,DP0047,65.0,45.2,0.0
6479809315,DP0049,90.0,67.0,0.0
6478987734,DP0041,50.0,22.5,0.0
6474026412,DP0041,65.0,56.3,0.0
6478064874,DP0041,65.0,54.3,0.0
6478277708,DP0032,50.0,39.5,0.0
6476745812,DP0049,40.0,10.7,0.0
6462091820,DP0041,50.0,50.0,1.0
6480993716,DP0019,65.0,42.9,0.0
6477505749,DP0005,45.0,30.1,0.0
6479400158,DP0005,65.0,37.6,0.0
6466217780,,,,
6467660793,DP0015,55.0,42.9,0.0
6480058165,DP0037,55.0,76.0,1.0
6462709096,DP0015,55.0,42.1,0.0
6473458066,DP0041,40.0,23.8,0.0
6480388567,DP0015,50.0,33.4,0.0
6474977489,DP0013,55.0,46.3,0.0
6479126219,DP0041,50.0,41.9,0.0
6478498226,DP0043,70.0,50.9,0.0
6477648691,DP0041,50.0,38.0,0.0
6477983663,DP0037,65.0,41.4,0.0
6474672044,DP0041,65.0,56.2,0.0
6471317969,DP0019,65.0,42.8,0.0
6477432604,DP0028,90.0,69.9,0.0
6472006815,DP0015,45.0,56.9,1.0
6477799997,DP0041,70.0,45.4,0.0
6470030123,DP0041,60.0,41.5,0.0
6476698487,DP0041,60.0,50.6,0.0
6478084107,DP0019,65.0,48.2,0.0
6470238256,DP0041,50.0,29.0,0.0
6455362975,DP0019,60.0,45.9,0.0
6474598962,DP0008,55.0,44.5,0.0
6477800870,DP0027,50.0,27.8,0.0
6448028712,DP0041,55.0,31.2,0.0
6477688572,DP0008,65.0,48.6,0.0
6476298682,DP0041,45.0,26.3,0.0
6472927430,DP0043,55.0,58.0,1.0
6473104810,DP0019,55.0,40.7,0.0
6474044588,DP0039,70.0,47.9,0.0
6472215598,DP0015,40.0,31.4,0.0
6473812406,DP0028,50.0,39.9,0.0
6474243680,DP0003,50.0,38.2,0.0
6475397461,DP0047,90.0,47.7,0.0
6474181168,DP0037,40.0,19.0,0.0
6463234224,DP0041,65.0,52.8,0.0
6468841063,DP0008,50.0,28.2,0.0
6471888482,DP0041,55.0,39.5,0.0
6465185060,DP0043,55.0,32.7,0.0
6468847528,DP0041,45.0,45.4,1.0
6470538572,DP0043,60.0,43.6,0.0
6472612218,DP0009,40.0,23.1,0.0
6472587184,DP0041,40.0,23.8,0.0
6470242862,DP0041,65.0,42.4,0.0
6466856505,DP0041,50.0,28.6,0.0
6473794264,DP0043,50.0,31.6,0.0
6472022845,DP0015,50.0,30.9,0.0
6472836398,DP0010,65.0,52.0,0.0
6466471466,DP0019,60.0,41.9,0.0
6472647829,DP0043,50.0,45.7,0.0
6473065545,DP0044,40.0,31.1,0.0
6472428875,DP0041,50.0,24.7,0.0
6472543828,DP0041,45.0,46.9,1.0
6472727863,DP0041,55.0,27.7,0.0
6472583626,DP0041,55.0,68.1,1.0
6466769040,DP0009,40.0,60.0,1.0
6455165992,DP0041,65.0,81.2,1.0
6472046333,DP0040,55.0,90.6,1.0
6470907790,DP0041,55.0,45.8,0.0
6459120828,DP0004,65.0,63.9,0.0
6468510471,DP0041,55.0,26.3,0.0
6464772192,,,,
6468413900,DP0041,60.0,48.0,0.0
6467583024,DP0041,55.0,40.0,0.0
6466502865,DP0041,65.0,40.8,0.0
6465895914,DP0041,55.0,37.6,0.0
6462634991,DP0033,45.0,21.9,0.0
6471410543,DP0041,55.0,33.4,0.0
6471536926,DP0041,40.0,24.6,0.0
6470302598,DP0041,50.0,27.7,0.0
6468382705,DP0041,55.0,33.4,0.0
6472215852,DP0041,65.0,43.1,0.0
6466702760,DP0041,45.0,26.6,0.0
6469990913,DP0041,70.0,55.8,0.0
6435730122,DP0041,70.0,52.7,0.0
6457460795,DP0041,50.0,32.4,0.0
6471424671,DP0047,55.0,29.9,0.0
6449863603,DP0041,50.0,28.2,0.0
6461038450,DP0010,55.0,38.6,0.0
6471627571,DP0042,50.0,49.8,0.0
6460823893,DP0041,50.0,34.5,0.0
6459837547,DP0049,40.0,27.5,0.0
6467149272,DP0041,45.0,19.6,0.0
6467341240,DP0005,55.0,46.4,0.0
6463608537,DP0033,55.0,36.1,0.0
6461424454,DP0041,75.0,57.9,0.0
6452291649,DP0043,55.0,39.4,0.0
6469426254,DP0041,40.0,26.4,0.0
6465792530,DP0029,55.0,34.0,0.0
6468899374,DP0041,60.0,36.4,0.0
6468959491,DP0041,55.0,64.4,1.0
6469397729,DP0008,80.0,117.0,1.0
6468743267,DP0015,40.0,29.6,0.0
6469689533,DP0026,85.0,73.7,0.0
6470307457,DP0014,45.0,122.4,1.0
6467192260,DP0008,55.0,86.9,1.0
6467962699,DP0005,55.0,30.0,0.0
6466661911,DP0043,90.0,54.6,0.0
6469078986,DP0019,60.0,31.1,0.0
6464898460,DP0019,60.0,43.0,0.0
6468049322,DP0015,65.0,67.7,1.0
6467358136,DP0041,65.0,41.0,0.0
6465082355,DP0041,50.0,38.4,0.0
6467313134,DP0015,60.0,50.7,0.0
6466414925,DP0041,45.0,32.1,0.0
6461649537,DP0041,55.0,32.1,0.0
6461201064,DP0029,50.0,64.7,1.0
6465114482,DP0041,75.0,60.0,0.0
6467880394,DP0041,45.0,36.9,0.0
6466429932,DP0014,55.0,53.3,0.0
6464228262,DP0041,65.0,54.8,0.0
6465508713,DP0041,55.0,33.2,0.0
6462951463,DP0041,50.0,52.3,1.0
6468238891,DP0024,50.0,42.5,0.0
6465258678,DP0043,50.0,57.2,1.0
6466310380,DP0041,65.0,73.1,1.0
6466882082,DP0019,50.0,53.5,1.0
6468083209,DP0036,60.0,43.6,0.0
6460467960,DP0041,50.0,46.5,0.0
6463617854,DP0043,75.0,50.7,0.0
6461502759,DP0028,50.0,48.4,0.0
6467151349,DP0015,75.0,56.0,0.0
6466067493,DP0041,60.0,32.9,0.0
6460428957,DP0043,55.0,57.2,1.0
6461507828,DP0012,50.0,42.1,0.0
6465103393,DP0041,65.0,53.9,0.0
6465903912,DP0041,65.0,31.1,0.0
6462951748,DP0041,55.0,23.9,0.0
6457153479,DP0041,55.0,32.4,0.0
6467560782,DP0030,55.0,35.6,0.0
6467386520,DP0041,85.0,52.6,0.0
6468015816,DP0043,65.0,56.0,0.0
6461459723,DP0023,85.0,55.6,0.0
6466082336,DP0041,65.0,32.7,0.0
6466739022,DP0015,65.0,45.3,0.0
6463320724,DP0012,45.0,24.1,0.0
6466263823,DP0041,70.0,45.3,0.0
6463020944,DP0015,45.0,28.8,0.0
6466995711,DP0041,50.0,45.5,0.0
6466985460,DP0038,55.0,58.2,1.0
6464243138,DP0050,55.0,40.7,0.0
6465979643,DP0014,75.0,43.2,0.0
6447833724,DP0006,45.0,22.3,0.0
6453065654,DP0005,65.0,71.9,1.0
6464442606,DP0043,50.0,38.7,0.0
6465610907,DP0039,65.0,51.7,0.0
6455949100,DP0001,50.0,29.2,0.0
6466455541,DP0043,75.0,86.4,1.0
6466445973,DP0043,65.0,55.7,0.0
6459041637,DP0041,60.0,39.2,0.0
6465587212,DP0018,80.0,61.8,0.0
6465338889,DP0029,55.0,37.3,0.0
6457695201,DP0041,40.0,31.4,0.0
6460953154,DP0041,55.0,32.7,0.0
6464545255,DP0008,50.0,46.3,0.0
6464674238,DP0017,50.0,35.2,0.0
6462079804,DP0048,75.0,75.0,0.0
6458706672,DP0008,75.0,67.4,0.0
6464125884,DP0041,75.0,50.6,0.0
6461662546,DP0041,90.0,72.5,0.0
6463518209,DP0041,65.0,34.8,0.0
6458765195,DP0041,55.0,48.2,0.0
6465095112,DP0039,75.0,40.9,0.0
6465162867,DP0028,50.0,25.6,0.0
6463257851,DP0041,50.0,21.8,0.0
6460499926,DP0023,55.0,45.0,0.0
6455594242,DP0041,60.0,50.5,0.0
6463756655,DP0041,55.0,38.6,0.0
6455771118,DP0041,40.0,22.5,0.0
6460548292,DP0028,65.0,44.2,0.0
6457941847,DP0015,65.0,52.3,0.0
6461372980,DP0041,75.0,49.1,0.0
6464216745,DP0006,45.0,32.2,0.0
6462243646,DP0048,45.0,40.8,0.0
6459695888,DP0048,40.0,32.0,0.0
6455106488,DP0008,40.0,20.0,0.0
6463759231,DP0007,45.0,29.5,0.0
6460222299,DP0037,55.0,34.0,0.0
6461061600,DP0047,55.0,37.5,0.0
6463735720,DP0034,55.0,40.6,0.0
6462143712,DP0028,65.0,46.0,0.0
6462949952,DP0041,40.0,31.0,0.0
6463155501,DP0011,50.0,27.9,0.0
6462224453,DP0028,50.0,24.6,0.0
6456597276,DP0019,50.0,33.9,0.0
6461652328,DP0041,50.0,30.8,0.0
6462551436,DP0009,80.0,57.0,0.0
6458693346,DP0041,50.0,21.8,0.0
6460959905,DP0043,45.0,28.4,0.0
6460440277,DP0041,50.0,58.5,1.0
6462364939,DP0041,55.0,33.7,0.0
6456577211,DP0005,50.0,26.7,0.0
6453443247,DP0039,55.0,38.0,0.0
6458497272,DP0006,45.0,24.0,0.0
6450752497,DP0041,55.0,29.4,0.0
6444492009,DP0019,45.0,26.6,0.0
6460185249,DP0019,75.0,65.2,0.0
6429452465,DP0005,90.0,77.2,0.0
6459447064,DP0021,45.0,52.8,1.0
6455995686,DP0041,65.0,45.4,0.0
6460740564,DP0041,55.0,38.7,0.0
6456257290,DP0005,45.0,39.4,0.0
6459395356,DP0041,75.0,76.2,1.0
6458980170,DP0041,50.0,65.7,1.0
6451750204,DP0041,60.0,39.7,0.0
6459300275,DP0043,60.0,45.6,0.0
6454710873,DP0026,65.0,60.0,0.0
6459350131,DP0010,55.0,41.4,0.0
6459191549,DP0041,50.0,32.9,0.0
6458671060,DP0045,75.0,44.5,0.0
6456916879,DP0041,70.0,51.2,0.0
6459820339,DP0043,45.0,32.3,0.0
6447418190,DP0041,55.0,40.3,0.0
6458160354,DP0041,65.0,43.3,0.0
6456225457,DP0041,55.0,41.0,0.0
6454770340,DP0035,55.0,41.4,0.0
6458848156,DP0041,50.0,26.3,0.0
6454595339,DP0041,50.0,23.1,0.0
6458365048,DP0041,40.0,20.0,0.0
6455129250,DP0036,55.0,39.3,0.0
6453004117,DP0006,65.0,41.7,0.0
6458703314,DP0041,50.0,30.1,0.0
6458453694,DP0041,40.0,24.7,0.0
6457831523,DP0046,50.0,51.2,1.0
6455146706,DP0038,40.0,28.6,0.0
6452870927,DP0005,45.0,31.5,0.0
6454125693,DP0008,45.0,26.4,0.0
6457258273,DP0041,40.0,24.9,0.0
6458251182,DP0005,55.0,43.6,0.0
6457572256,DP0043,45.0,29.3,0.0
6457686623,DP0019,55.0,33.7,0.0
6454834876,DP0043,40.0,25.5,0.0
6455431918,DP0041,40.0,23.1,0.0
6457082037,DP0043,50.0,36.5,0.0
6456863732,DP0015,55.0,54.4,0.0
6453723117,DP0041,65.0,67.9,1.0
6449269893,DP0006,55.0,43.9,0.0
6457871069,DP0015,80.0,50.0,0.0
6452587039,DP0021,45.0,41.2,0.0
6453082214,DP0041,55.0,33.6,0.0
6457183605,DP0003,65.0,58.8,0.0
6451715164,,,,
6451616434,DP0005,50.0,49.9,0.0
6448825234,DP0030,40.0,18.6,0.0
6456830408,DP0005,40.0,33.5,0.0
6455029282,DP0041,40.0,37.0,0.0
6456529584,DP0008,65.0,66.7,1.0
6452082544,DP0043,50.0,42.1,0.0
6448379637,DP0041,55.0,24.7,0.0
6451490718,DP0046,75.0,64.5,0.0
6454636246,DP0019,60.0,52.7,0.0
6455665082,DP0040,65.0,51.6,0.0
6450634623,DP0041,75.0,58.2,0.0
6469595724,DP0043,55.0,42.6,0.0
6488108844,DP0038,60.0,58.7,0.0
6474894313,DP0043,65.0,64.8,0.0
6484785258,DP0007,60.0,56.7,0.0
6488116790,DP0041,70.0,83.9,1.0
6486341941,DP0027,50.0,45.8,0.0
6483582122,DP0006,85.0,68.9,0.0
6483287742,DP0033,60.0,59.2,0.0
6483232925,DP0043,50.0,47.5,0.0
6482569414,DP0048,50.0,43.5,0.0
6487304759,DP0033,50.0,32.2,0.0
6482899417,DP0043,65.0,64.5,0.0
6487111697,DP0041,65.0,46.8,0.0
6486391220,DP0041,55.0,62.4,1.0
6462765853,DP0005,45.0,45.4,1.0
6485422280,DP0041,55.0,76.6,1.0
6485208298,DP0005,55.0,86.9,1.0
6477740153,DP0019,50.0,56.0,1.0
6486560428,DP0041,50.0,39.5,0.0
6485867446,DP0041,75.0,70.3,0.0
6478694254,DP0041,70.0,51.6,0.0
6483983013,DP0044,55.0,64.1,1.0
6473656446,DP0041,85.0,85.5,1.0
6481729603,DP0008,50.0,32.9,0.0
6477104738,DP0033,50.0,30.0,0.0
6486087561,DP0041,90.0,61.9,0.0
6481988903,DP0044,60.0,51.3,0.0
6483738635,DP0049,50.0,32.2,0.0
6482464664,DP0041,45.0,45.7,1.0
6485428692,DP0041,45.0,27.8,0.0
6475532239,DP0041,40.0,32.1,0.0
6484150953,DP0019,55.0,60.2,1.0
6481445894,DP0019,45.0,39.0,0.0
6477402235,DP0041,60.0,42.2,0.0
6484642872,DP0043,50.0,28.3,0.0
6480366690,DP0048,50.0,37.1,0.0
6482227540,DP0026,50.0,53.5,1.0
6483967132,DP0041,55.0,29.9,0.0
6483639216,DP0043,40.0,25.2,0.0
6484133157,DP0041,60.0,42.4,0.0
6482402905,DP0027,65.0,42.3,0.0
6483277465,,,,
6483668801,DP0041,50.0,34.0,0.0
6476757582,DP0041,60.0,37.7,0.0
6468809589,DP0041,60.0,47.9,0.0
6482802062,DP0043,45.0,33.5,0.0
6481040010,DP0009,55.0,57.8,1.0
6483268538,DP0028,60.0,47.6,0.0
6482461714,DP0041,60.0,49.4,0.0
6481596165,DP0019,50.0,37.5,0.0
6478344400,DP0048,45.0,53.0,1.0
6479519259,DP0019,50.0,30.7,0.0
6473804774,DP0041,65.0,53.7,0.0
6471256750,DP0043,50.0,46.9,0.0
6474577984,DP0005,55.0,36.3,0.0
6474306789,DP0041,45.0,41.1,0.0
6481805375,DP0041,45.0,46.4,1.0
6476723224,DP0005,55.0,40.9,0.0
6477011248,DP0043,55.0,34.4,0.0
6475516977,DP0005,55.0,34.2,0.0
6479144117,DP0041,45.0,37.7,0.0
6476387182,DP0005,40.0,28.7,0.0
6480025261,DP0005,55.0,46.6,0.0
6479667760,DP0043,55.0,38.1,0.0
6473250113,DP0041,55.0,42.6,0.0
6469635846,DP0014,50.0,47.8,0.0
6480737337,DP0041,50.0,40.8,0.0
6476821649,DP0041,45.0,38.1,0.0
6479866424,DP0043,45.0,23.2,0.0
6478480840,DP0041,65.0,50.6,0.0
6478766839,DP0043,50.0,45.0,0.0
6475110288,DP0041,65.0,50.9,0.0
6470843608,DP0041,50.0,30.7,0.0
6468678074,DP0048,45.0,41.8,0.0
6473471611,DP0015,45.0,22.3,0.0
6465365856,DP0009,50.0,26.1,0.0
6472446942,DP0026,50.0,45.5,0.0
6477384424,DP0009,45.0,33.0,0.0
6469338606,DP0019,45.0,26.5,0.0
6467003145,DP0041,55.0,50.7,0.0
6476248227,DP0041,90.0,56.9,0.0
6476295089,DP0030,60.0,36.0,0.0
6475179872,DP0028,45.0,38.2,0.0
6475026077,DP0014,55.0,50.7,0.0
6463908474,DP0039,55.0,60.4,1.0
6475135173,DP0041,40.0,26.2,0.0
6474711813,DP0008,40.0,31.8,0.0
6475957058,DP0048,45.0,42.2,0.0
6473124235,DP0039,45.0,27.5,0.0
6470916656,DP0046,50.0,46.8,0.0
6473812288,DP0008,70.0,46.0,0.0
6465908629,DP0041,75.0,40.8,0.0
6471240007,DP0041,50.0,27.6,0.0
6473023621,DP0041,55.0,29.6,0.0
6470073550,DP0041,55.0,40.0,0.0
6471885133,DP0047,55.0,50.7,0.0
6469650700,DP0041,60.0,50.9,0.0
6464819398,DP0041,50.0,38.4,0.0
6471881729,DP0043,45.0,36.5,0.0
6472192471,DP0041,55.0,34.2,0.0
6473329889,DP0041,70.0,72.5,1.0
6471327646,DP0019,75.0,56.9,0.0
6473262060,DP0043,45.0,29.9,0.0
6467449627,DP0041,45.0,36.4,0.0
6466484311,DP0041,50.0,39.4,0.0
6472035334,DP0005,55.0,45.5,0.0
6467763545,DP0041,75.0,64.9,0.0
6471395553,DP0041,80.0,81.4,1.0
6473228045,DP0041,55.0,58.9,1.0
6472174480,DP0039,50.0,31.7,0.0
6472725057,DP0015,55.0,57.9,1.0
6472280463,DP0021,65.0,38.3,0.0
6467888699,DP0041,50.0,44.0,0.0
6465826713,DP0015,55.0,42.6,0.0
6470141016,DP0041,55.0,33.9,0.0
6472390425,DP0041,55.0,51.8,0.0
6439445552,DP0048,45.0,35.2,0.0
6470403271,DP0005,60.0,44.0,0.0
6468641942,DP0007,60.0,62.4,1.0
6469562823,DP0041,80.0,53.2,0.0
6472673127,DP0041,60.0,43.5,0.0
6472421186,DP0005,50.0,48.9,0.0
6470180579,DP0041,45.0,36.6,0.0
6471379581,DP0041,50.0,29.5,0.0
6472219955,DP0027,65.0,46.2,0.0
6471723613,DP0023,50.0,58.7,1.0
6467427349,DP0043,90.0,92.1,1.0
6471731786,DP0014,55.0,41.5,0.0
6471655139,DP0009,45.0,39.9,0.0
6469319129,DP0015,45.0,28.9,0.0
6467757852,DP0041,70.0,52.5,0.0
6461977727,DP0041,45.0,35.2,0.0
6470628137,DP0025,55.0,40.7,0.0
6465641724,DP0010,50.0,48.9,0.0
6468938627,DP0015,55.0,38.5,0.0
6464589009,DP0041,45.0,26.0,0.0
6470229590,DP0018,50.0,38.9,0.0
6470660016,DP0043,70.0,65.8,0.0
6468899677,DP0007,40.0,27.7,0.0
6469022604,DP0005,65.0,46.1,0.0
6449108081,DP0005,55.0,55.0,0.0
6463918440,DP0043,50.0,33.6,0.0
6468913577,DP0041,45.0,40.5,0.0
6468295507,DP0047,45.0,33.6,0.0
6467864416,DP0026,85.0,61.0,0.0
6467609957,DP0015,45.0,43.7,0.0
6447498247,DP0041,65.0,52.5,0.0
6454443235,DP0041,55.0,44.2,0.0
6464816707,DP0041,50.0,39.3,0.0
6457403301,DP0027,40.0,15.3,0.0
6448165280,DP0002,50.0,44.9,0.0
6466318212,DP0005,50.0,36.6,0.0
6463416740,DP0041,50.0,55.0,1.0
6463977262,DP0041,40.0,43.1,1.0
6455927515,DP0041,60.0,58.8,0.0
6460182272,DP0020,40.0,38.2,0.0
6463835569,DP0041,40.0,51.6,1.0
6466915947,DP0038,45.0,40.2,0.0
6457510170,DP0006,40.0,36.2,0.0
6465891880,DP0048,45.0,36.3,0.0
6465701638,,,,
6458764664,,,,
6464707861,DP0041,55.0,36.3,0.0
6459458920,DP0028,55.0,38.2,0.0
6463741678,DP0041,75.0,66.2,0.0
6463534840,DP0043,40.0,26.0,0.0
6464002929,DP0033,75.0,51.0,0.0
6453769751,DP0041,50.0,28.2,0.0
6461709798,DP0041,50.0,32.1,0.0
6452547353,DP0013,55.0,36.8,0.0
6456408353,DP0025,65.0,52.5,0.0
6461202672,DP0007,55.0,37.7,0.0
6461499413,DP0041,40.0,44.7,1.0
6440358326,DP0041,55.0,42.8,0.0
6461937452,DP0041,50.0,38.1,0.0
6461935175,DP0012,60.0,49.2,0.0
6463320357,DP0041,65.0,57.5,0.0
6461934115,DP0043,55.0,52.3,0.0
6456394625,DP0021,50.0,35.8,0.0
6458531529,DP0043,50.0,45.0,0.0
6457841729,DP0041,40.0,28.1,0.0
6463086752,DP0003,55.0,45.0,0.0
6463041171,DP0016,55.0,37.5,0.0
6456163923,DP0041,45.0,47.1,1.0
6459112407,DP0041,55.0,41.5,0.0
6461591719,DP0043,70.0,44.9,0.0
6460341003,DP0041,70.0,53.8,0.0
6452774959,DP0031,50.0,44.9,0.0
6461924131,DP0012,50.0,33.5,0.0
6458664155,DP0041,60.0,46.7,0.0
6460812286,DP0015,45.0,39.5,0.0
6458666563,DP0041,65.0,47.6,0.0
6462273668,DP0012,45.0,32.1,0.0
6454620884,DP0005,45.0,26.3,0.0
6457592982,DP0018,45.0,26.9,0.0
6453651157,DP0019,45.0,30.7,0.0
6460913458,DP0041,65.0,56.1,0.0
6452797922,DP0009,45.0,41.3,0.0
6457557019,DP0043,55.0,46.2,0.0
6457277429,DP0041,55.0,48.6,0.0
6459463749,DP0041,55.0,36.0,0.0
6458453854,DP0039,45.0,32.1,0.0
6453783354,DP0041,50.0,33.7,0.0
6459456810,DP0003,55.0,57.5,1.0
6458294805,DP0049,50.0,54.3,1.0
6457057278,DP0041,45.0,32.0,0.0
6450321410,DP0005,65.0,60.3,0.0
6443986782,DP0041,85.0,69.7,0.0
6457748878,DP0039,45.0,60.9,1.0
6459188108,DP0003,60.0,61.8,1.0
6459145021,DP0043,60.0,73.4,1.0
6443748519,DP0002,50.0,33.4,0.0
6458676672,DP0041,50.0,32.3,0.0
6459212430,DP0047,50.0,43.8,0.0
6451808598,DP0016,40.0,36.3,0.0
6458773031,DP0019,50.0,36.1,0.0
6456426634,DP0001,55.0,47.2,0.0
6455112153,DP0005,65.0,43.6,0.0
6458211153,DP0005,45.0,41.4,0.0
6455829808,DP0041,80.0,71.3,0.0
6454209941,DP0043,45.0,26.4,0.0
6454458442,DP0041,55.0,50.0,0.0
6457429718,DP0028,50.0,38.8,0.0
6452344644,DP0041,45.0,49.4,1.0
6457411437,DP0041,45.0,44.3,0.0
6457024903,DP0021,50.0,30.3,0.0
6453856728,DP0039,45.0,28.5,0.0
6452029754,DP0005,50.0,29.3,0.0
6453490102,DP0045,55.0,44.9,0.0
6456888352,DP0041,55.0,33.5,0.0
6453821065,DP0041,45.0,31.6,0.0
6454095529,DP0041,55.0,41.8,0.0
6454684951,DP0041,50.0,45.4,0.0
6453037082,DP0003,50.0,37.2,0.0
6453336019,DP0041,50.0,39.6,0.0
6481250270,DP0041,45.0,18.7,0.0
6483369818,DP0005,50.0,34.4,0.0
6485971690,DP0047,60.0,48.4,0.0
6475821627,DP0038,50.0,21.7,0.0
6482645098,DP0019,65.0,45.5,0.0
6480325846,DP0041,45.0,20.8,0.0
6478596937,DP0041,60.0,46.3,0.0
6481194321,DP0041,50.0,41.6,0.0
6480695217,DP0041,45.0,29.5,0.0
6475505043,DP0041,55.0,31.1,0.0
6474588495,DP0041,70.0,43.7,0.0
6451983413,DP0008,50.0,38.4,0.0
6468590302,DP0005,45.0,31.8,0.0
6463755600,DP0008,45.0,30.0,0.0
6472495916,DP0019,45.0,29.1,0.0
6471522479,DP0019,40.0,26.0,0.0
6467810352,DP0041,40.0,26.6,0.0
6457924796,DP0041,50.0,30.1,0.0
6474059687,DP0005,50.0,34.7,0.0
6454463737,DP0005,55.0,43.1,0.0
6462263599,DP0005,50.0,34.8,0.0
6457025349,DP0028,45.0,30.5,0.0
6471876961,DP0002,45.0,40.3,0.0
6466245870,DP0041,45.0,39.4,0.0
6464680688,DP0028,50.0,32.8,0.0
6469922984,DP0041,55.0,48.4,0.0
6466415323,DP0041,65.0,47.4,0.0
6449577482,DP0018,50.0,42.6,0.0
6466867209,DP0008,55.0,53.0,0.0
6469075331,DP0019,45.0,37.5,0.0
6470583421,DP0001,50.0,27.9,0.0
6468808988,DP0007,45.0,27.6,0.0
6459138556,DP0041,55.0,37.0,0.0
6466579869,DP0015,50.0,39.9,0.0
6452012937,DP0050,55.0,56.8,1.0
6466111702,DP0009,45.0,39.6,0.0
6460818288,,,,
6465113896,DP0041,55.0,32.1,0.0
6465845718,DP0023,50.0,31.5,0.0
6464938512,DP0025,50.0,27.3,0.0
6463367788,DP0041,55.0,33.0,0.0
6461037127,DP0043,45.0,28.7,0.0
6461744567,DP0032,45.0,35.3,0.0
6461809897,DP0005,45.0,41.9,0.0
6454875623,DP0030,45.0,48.6,1.0
6451722382,DP0015,50.0,44.1,0.0
6461187300,DP0044,60.0,37.7,0.0
6454060427,DP0041,45.0,43.1,0.0
6440734642,DP0005,50.0,31.6,0.0
6454884142,DP0019,60.0,39.6,0.0
6453981329,DP0005,55.0,42.0,0.0
6456231574,DP0042,45.0,31.1,0.0
6455713608,DP0043,45.0,32.0,0.0
6452680028,DP0007,55.0,44.5,0.0
6457222681,DP0039,55.0,51.1,0.0
6456901832,DP0043,55.0,34.4,0.0
6477553061,DP0008,50.0,43.1,0.0
6474064481,DP0019,40.0,33.1,0.0
6473482501,DP0021,40.0,67.2,1.0
6471829902,DP0004,50.0,48.5,0.0
6476782803,DP0005,45.0,39.6,0.0
6462480276,DP0047,45.0,66.0,1.0
6454859292,DP0041,55.0,84.7,1.0
6466837320,DP0021,50.0,33.5,0.0
6486455389,DP0031,55.0,38.5,0.0
6425811090,DP0041,55.0,59.8,1.0
6457062301,DP0028,65.0,61.0,0.0
6455721447,DP0015,40.0,40.8,1.0
6456408009,DP0006,40.0,39.5,0.0
6485034069,DP0041,45.0,28.8,0.0
6478109072,DP0012,40.0,28.1,0.0
6485870288,DP0005,50.0,31.0,0.0
6487970027,DP0038,50.0,38.5,0.0
6475952105,DP0005,65.0,46.4,0.0
6484081738,DP0047,40.0,35.8,0.0
6482543929,DP0041,60.0,41.2,0.0
6477824407,DP0008,50.0,42.1,0.0
6482190962,DP0010,40.0,29.6,0.0
6477028388,DP0041,40.0,36.1,0.0
6483597112,DP0028,40.0,29.3,0.0
6485625419,DP0041,55.0,61.9,1.0
6480917481,DP0041,55.0,49.7,0.0
6484317259,DP0038,45.0,40.1,0.0
6486204365,DP0047,50.0,46.9,0.0
6480409587,DP0033,50.0,30.3,0.0
6476966276,DP0034,45.0,28.7,0.0
6474667990,DP0041,55.0,31.9,0.0
6484283196,DP0041,40.0,27.3,0.0
6482898036,DP0041,55.0,51.3,0.0
6484237210,DP0041,55.0,36.1,0.0
6485631194,DP0029,40.0,24.9,0.0
6466675927,DP0041,55.0,42.6,0.0
6481549860,DP0014,55.0,51.3,0.0
6466631826,DP0041,50.0,46.0,0.0
6481165546,DP0015,50.0,27.7,0.0
6483750750,DP0001,45.0,18.6,0.0
6476010808,DP0043,65.0,47.9,0.0
6483443146,DP0021,40.0,38.0,0.0
6483025850,DP0014,75.0,53.1,0.0
6482935172,DP0019,75.0,55.5,0.0
6480692779,DP0025,55.0,63.0,1.0
6478024403,DP0041,70.0,74.5,1.0
6479216702,DP0005,90.0,63.6,0.0
6473249945,DP0005,60.0,33.4,0.0
6479328994,DP0019,50.0,29.1,0.0
6475181046,DP0019,50.0,28.2,0.0
6478515104,DP0007,60.0,41.1,0.0
6478403784,DP0034,55.0,52.3,0.0
6478730572,DP0019,40.0,29.9,0.0
6478352769,DP0003,50.0,40.8,0.0
6463987136,DP0043,55.0,52.5,0.0
6476889939,DP0043,40.0,19.9,0.0
6460792807,DP0015,55.0,21.5,0.0
6477277047,DP0009,45.0,23.3,0.0
6477735901,DP0041,45.0,28.4,0.0
6476833157,DP0041,50.0,26.0,0.0
6473487769,DP0047,40.0,22.2,0.0
6477474040,DP0030,50.0,34.9,0.0
6477131352,DP0041,45.0,28.9,0.0
6463606490,DP0043,55.0,48.9,0.0
6475972807,DP0039,55.0,36.4,0.0
6468869308,DP0008,50.0,42.7,0.0
6473853387,DP0030,55.0,42.5,0.0
6469705201,DP0008,40.0,19.5,0.0
6473536615,DP0003,40.0,20.2,0.0
6449302044,DP0041,45.0,26.9,0.0
6474456163,DP0016,40.0,20.0,0.0
6473320067,DP0001,50.0,32.5,0.0
6468256511,DP0043,50.0,39.8,0.0
6473801390,DP0039,45.0,26.6,0.0
6472318966,DP0016,50.0,42.3,0.0
6462674625,DP0019,85.0,52.4,0.0
6471224420,DP0016,40.0,25.6,0.0
6470959465,DP0014,50.0,69.5,1.0
6468846552,DP0043,45.0,91.5,1.0
6453984187,DP0009,55.0,35.4,0.0
6470128636,DP0041,40.0,37.4,0.0
6472270169,DP0005,55.0,39.4,0.0
6466146305,DP0046,50.0,35.2,0.0
6470500816,DP0041,40.0,31.3,0.0
6467424625,DP0043,50.0,26.6,0.0
6471207417,DP0034,45.0,31.0,0.0
6468793478,DP0041,55.0,36.9,0.0
6446276708,DP0043,55.0,40.2,0.0
6463986090,DP0041,60.0,37.9,0.0
6459514787,DP0006,55.0,45.0,0.0
6462586544,DP0003,90.0,58.6,0.0
6472182431,DP0009,50.0,37.8,0.0
6471071813,DP0007,70.0,57.8,0.0
6469751982,DP0041,55.0,24.0,0.0
6466795825,DP0041,55.0,42.8,0.0
6466918145,DP0041,40.0,24.0,0.0
6462292476,DP0019,50.0,41.1,0.0
6456497773,DP0008,55.0,39.6,0.0
6468965940,DP0015,40.0,37.5,0.0
6468752768,DP0034,65.0,53.0,0.0
6468867647,DP0041,50.0,51.8,1.0
6464402543,DP0019,45.0,40.2,0.0
6465484260,DP0041,50.0,35.1,0.0
6467470010,DP0041,45.0,13.2,0.0
6460271142,DP0043,50.0,45.6,0.0
6456436480,DP0015,55.0,34.6,0.0
6451368873,DP0039,45.0,30.3,0.0
6465023803,DP0006,50.0,44.7,0.0
6464442449,DP0026,50.0,39.5,0.0
6465268831,DP0041,50.0,42.1,0.0
6462000949,DP0041,65.0,63.2,0.0
6463646547,DP0014,85.0,94.5,1.0
6463466238,DP0015,50.0,36.5,0.0
6463095536,DP0041,45.0,32.9,0.0
6465466178,DP0032,40.0,39.6,0.0
6463044000,DP0041,60.0,39.5,0.0
6464008677,DP0043,65.0,56.8,0.0
6460070311,DP0041,40.0,28.5,0.0
6442056333,DP0041,40.0,41.9,1.0
6463795313,DP0041,45.0,33.4,0.0
6461911222,DP0041,65.0,64.6,0.0
6422650834,DP0041,45.0,45.5,1.0
6463419669,DP0005,40.0,32.5,0.0
6462933696,DP0026,45.0,49.2,1.0
6462634395,DP0049,45.0,21.0,0.0
6462546148,DP0014,40.0,27.5,0.0
6455639330,DP0041,45.0,29.3,0.0
6461943510,DP0043,50.0,34.6,0.0
6457276744,DP0041,40.0,33.5,0.0
6459927357,DP0029,50.0,37.8,0.0
6455318473,DP0005,40.0,32.7,0.0
6460426520,DP0028,50.0,32.0,0.0
6458987993,DP0012,60.0,39.6,0.0
6458110838,DP0047,50.0,46.0,0.0
6458777173,DP0041,55.0,33.0,0.0
6453519684,DP0041,45.0,27.1,0.0
6458318661,DP0039,45.0,20.4,0.0
6457535643,DP0007,60.0,42.9,0.0
6458724338,DP0019,55.0,35.3,0.0
6432454819,DP0019,70.0,35.7,0.0
6458779261,DP0041,40.0,39.5,0.0
6457748424,DP0041,45.0,40.2,0.0
6457244998,DP0038,50.0,32.6,0.0
6450627996,DP0041,45.0,23.4,0.0
6442413577,DP0049,75.0,56.2,0.0
6457743197,DP0020,90.0,62.9,0.0
6450404209,DP0041,45.0,42.6,0.0
6444966862,DP0016,50.0,33.5,0.0
6452270775,DP0041,90.0,65.8,0.0
6444581386,DP0015,60.0,44.4,0.0
6419675692,DP0041,55.0,79.9,1.0
6467747311,DP0019,55.0,33.3,0.0
6459807303,DP0005,60.0,59.8,0.0
6459837047,DP0041,40.0,28.2,0.0
6486997204,DP0008,55.0,76.8,1.0
6449278471,DP0028,50.0,85.2,1.0
6471407245,DP0041,55.0,48.1,0.0
6473572246,DP0038,65.0,60.4,0.0
6467082857,DP0041,55.0,71.1,1.0
6460041307,DP0041,65.0,45.7,0.0
6464604240,DP0019,50.0,35.8,0.0
6482925903,DP0005,50.0,35.2,0.0
6475274972,DP0041,85.0,57.9,0.0
6451001915,DP0028,85.0,65.6,0.0
6462633041,DP0043,50.0,33.7,0.0
6487297286,DP0033,40.0,21.6,0.0
6485219267,DP0041,80.0,62.8,0.0
6483269883,DP0044,50.0,30.9,0.0
6476081911,DP0041,65.0,61.9,0.0
6487347341,DP0037,40.0,34.5,0.0
6487053663,DP0041,60.0,58.3,0.0
6485356769,DP0041,40.0,24.6,0.0
6486630597,DP0041,40.0,51.0,1.0
6485041838,DP0008,45.0,40.2,0.0
6481594605,DP0041,50.0,31.9,0.0
6483122910,DP0008,40.0,32.7,0.0
6478498153,DP0002,40.0,22.0,0.0
6484023172,DP0041,45.0,31.4,0.0
6465401205,DP0007,45.0,24.7,0.0
6474525871,DP0041,55.0,52.0,0.0
6480907440,DP0043,55.0,44.3,0.0
6431012920,DP0045,45.0,26.5,0.0
6480746975,DP0041,50.0,54.9,1.0
6483400874,DP0041,50.0,66.5,1.0
6466525039,DP0027,40.0,37.1,0.0
6473057824,DP0041,55.0,46.6,0.0
6470026833,DP0013,55.0,42.1,0.0
6476564128,DP0027,50.0,34.4,0.0
6477888833,DP0041,50.0,38.7,0.0
6479844370,DP0015,50.0,33.6,0.0
6479212231,DP0019,50.0,33.9,0.0
6478558074,DP0041,45.0,35.5,0.0
6474544555,DP0011,40.0,27.9,0.0
6477303320,DP0018,50.0,38.1,0.0
6467306564,DP0003,45.0,20.6,0.0
6463802331,DP0041,50.0,35.9,0.0
6470820083,DP0041,50.0,28.4,0.0
6472324060,DP0041,55.0,36.5,0.0
6470605377,DP0015,45.0,30.4,0.0
6477696486,DP0041,50.0,30.5,0.0
6476198522,DP0041,45.0,30.3,0.0
6474386956,DP0028,40.0,36.3,0.0
6476069843,DP0039,55.0,45.5,0.0
6465813979,DP0041,50.0,26.0,0.0
6473529091,DP0041,50.0,31.5,0.0
6472353431,DP0041,55.0,48.2,0.0
6473027549,DP0012,45.0,32.4,0.0
6456019582,DP0041,55.0,37.8,0.0
6463793160,DP0039,40.0,29.6,0.0
6471095543,DP0041,50.0,25.7,0.0
6470148874,DP0041,45.0,29.8,0.0
6469340070,DP0043,40.0,22.2,0.0
6468782459,DP0041,45.0,41.1,0.0
6471326830,DP0041,50.0,36.2,0.0
6472880086,DP0041,55.0,38.3,0.0
6470194283,DP0005,45.0,42.8,0.0
6471955524,DP0041,50.0,32.5,0.0
6469209065,DP0041,50.0,32.4,0.0
6460722931,DP0023,50.0,34.6,0.0
6467552086,DP0008,55.0,48.6,0.0
6462762986,DP0005,60.0,58.0,0.0
6471694170,DP0005,40.0,60.9,1.0
6465170504,DP0009,45.0,30.8,0.0
6469144098,DP0004,55.0,53.8,0.0
6465691061,DP0041,50.0,46.4,0.0
6469580127,DP0018,45.0,28.7,0.0
6468228350,DP0028,45.0,23.9,0.0
6466513057,DP0041,55.0,36.9,0.0
6468381204,DP0007,40.0,42.4,1.0
6467633598,DP0043,55.0,48.9,0.0
6469206851,DP0041,55.0,56.5,1.0
6461252966,DP0026,60.0,31.9,0.0
6466188386,DP0007,40.0,23.9,0.0
6463399449,DP0006,50.0,39.5,0.0
6461752599,DP0026,55.0,30.4,0.0
6465498784,DP0008,60.0,49.4,0.0
6463561327,DP0019,50.0,29.1,0.0
6459402993,DP0005,75.0,57.1,0.0
6464376569,DP0041,55.0,50.1,0.0
6463232104,DP0008,75.0,46.7,0.0
6453422647,DP0041,60.0,41.8,0.0
6456560392,DP0015,40.0,25.9,0.0
6455407160,DP0041,55.0,49.6,0.0
6464490300,DP0013,70.0,52.3,0.0
6460238826,DP0041,65.0,50.7,0.0
6462049373,DP0026,55.0,45.6,0.0
6462793361,DP0041,40.0,22.5,0.0
6455410681,DP0005,70.0,41.2,0.0
6462645301,DP0041,50.0,34.9,0.0
6456199859,DP0008,40.0,22.2,0.0
6461785871,DP0041,80.0,45.2,0.0
6462821130,DP0008,75.0,44.8,0.0
6460841987,DP0039,45.0,30.8,0.0
6461793169,DP0007,45.0,43.5,0.0
6436542422,DP0015,70.0,65.0,0.0
6456533514,DP0041,95.0,74.5,0.0
6456554143,DP0048,50.0,46.6,0.0
6442487283,DP0039,75.0,50.6,0.0
6461966803,DP0041,65.0,46.1,0.0
6461768928,DP0041,55.0,48.3,0.0
6459622129,DP0041,45.0,33.0,0.0
6450556440,DP0005,65.0,59.7,0.0
6459223394,DP0008,40.0,29.0,0.0
6457664678,DP0043,50.0,29.7,0.0
6439715565,DP0036,60.0,42.2,0.0
6406532069,DP0041,45.0,30.9,0.0
6459488648,DP0041,55.0,45.9,0.0
6457854544,DP0031,50.0,28.3,0.0
6457244384,DP0033,50.0,33.1,0.0
6453798704,DP0041,50.0,30.4,0.0
6458568101,DP0008,50.0,32.1,0.0
6457605048,DP0033,45.0,28.9,0.0
6457192586,DP0039,40.0,29.7,0.0
6452619708,DP0049,40.0,17.6,0.0
6455559728,DP0027,55.0,32.2,0.0
6487540993,DP0041,60.0,59.8,0.0
6485628205,DP0008,40.0,25.4,0.0
6480727547,DP0005,40.0,29.2,0.0
6475560798,DP0043,40.0,40.3,1.0
6483480047,DP0041,60.0,65.4,1.0
6480550474,DP0023,40.0,52.1,1.0
6464230906,DP0041,45.0,43.7,0.0
6481885894,DP0008,70.0,48.5,0.0
6483144944,DP0041,50.0,31.7,0.0
6479583228,DP0005,50.0,24.5,0.0
6480574713,DP0041,50.0,34.1,0.0
6477214286,DP0041,60.0,57.0,0.0
6476233862,DP0019,40.0,35.9,0.0
6475191756,DP0043,40.0,19.0,0.0
6472470841,DP0049,40.0,36.4,0.0
6475663122,DP0019,40.0,29.1,0.0
6474677624,DP0041,40.0,24.5,0.0
6471729937,DP0041,50.0,37.2,0.0
6472354311,DP0041,40.0,34.8,0.0
6465153604,DP0047,40.0,29.0,0.0
6471983914,DP0041,55.0,52.6,0.0
6462974086,DP0041,50.0,44.0,0.0
6470642241,DP0041,55.0,41.5,0.0
6467733757,DP0041,40.0,39.7,0.0
6463107653,DP0041,40.0,28.5,0.0
6457413395,DP0023,40.0,37.1,0.0
6464044822,DP0041,50.0,39.2,0.0
6453792998,DP0041,45.0,24.7,0.0
6461521503,DP0039,50.0,30.2,0.0
6462440276,DP0038,45.0,48.8,1.0
6463477670,DP0005,40.0,30.1,0.0
6461970556,DP0002,50.0,25.5,0.0
6449708102,DP0041,40.0,27.0,0.0
6456897708,DP0038,50.0,27.7,0.0
6461110068,DP0041,50.0,29.2,0.0
6461557109,DP0041,70.0,62.4,0.0
6461514452,DP0044,45.0,38.3,0.0
6459565901,DP0014,55.0,43.3,0.0
6460415182,DP0049,40.0,30.8,0.0
6457534187,DP0020,55.0,34.5,0.0
6458926575,DP0041,40.0,26.7,0.0
6456543239,DP0041,45.0,45.3,1.0
6455921638,DP0028,40.0,24.7,0.0
6457865261,DP0008,50.0,43.7,0.0
6475502730,DP0008,40.0,28.7,0.0
6513326855,DP0041,50.0,26.2,0.0
6512417682,DP0030,45.0,23.4,0.0
6512974482,DP0047,55.0,33.3,0.0
6513026257,DP0024,50.0,26.8,0.0
6513291979,DP0049,65.0,51.1,0.0
6495678064,DP0015,50.0,31.9,0.0
6510564593,DP0006,65.0,49.3,0.0
6512048065,DP0021,55.0,38.9,0.0
6512955591,DP0043,50.0,22.1,0.0
6508489528,DP0041,45.0,40.2,0.0
6509445536,DP0008,50.0,41.7,0.0
6510409635,DP0015,45.0,46.1,1.0
6509278547,DP0021,55.0,52.1,0.0
6509594726,DP0041,55.0,50.3,0.0
6495771645,DP0025,50.0,26.3,0.0
6509799079,DP0041,60.0,48.3,0.0
6509311069,DP0041,65.0,40.1,0.0
6506185097,DP0043,65.0,45.2,0.0
6509117684,DP0041,65.0,42.7,0.0
6510586116,DP0025,50.0,42.2,0.0
6505633169,DP0050,45.0,40.9,0.0
6508430999,DP0028,50.0,26.3,0.0
6509718437,DP0038,60.0,49.9,0.0
6506593044,DP0041,50.0,31.4,0.0
6503628209,DP0005,50.0,20.7,0.0
6500650620,DP0032,50.0,41.2,0.0
6507046318,DP0005,40.0,25.8,0.0
6503623018,DP0008,50.0,22.5,0.0
6505500996,DP0002,50.0,34.6,0.0
6503770460,DP0002,50.0,34.2,0.0
6503480682,DP0031,65.0,50.1,0.0
6499249145,DP0041,50.0,24.8,0.0
6503971191,DP0041,45.0,21.2,0.0
6502798883,DP0041,45.0,35.1,0.0
6496210425,DP0041,50.0,41.0,0.0
6500765460,DP0041,45.0,30.8,0.0
6502558936,DP0043,50.0,51.0,1.0
6503228898,DP0043,40.0,34.3,0.0
6497020351,DP0041,45.0,30.4,0.0
6484673863,DP0012,45.0,21.8,0.0
6501408962,DP0041,50.0,26.7,0.0
6501845221,DP0041,40.0,31.0,0.0
6496238777,DP0041,65.0,40.3,0.0
6499688335,DP0041,45.0,22.5,0.0
6492767895,DP0005,55.0,49.2,0.0
6493628105,DP0006,45.0,30.1,0.0
6499504994,DP0043,60.0,45.3,0.0
6499415485,DP0041,45.0,30.1,0.0
6499375720,DP0019,50.0,24.8,0.0
6498049046,DP0019,45.0,24.1,0.0
6485542453,DP0041,55.0,41.2,0.0
6482510714,DP0035,55.0,34.8,0.0
6494434424,DP0039,65.0,45.5,0.0
6485911576,DP0005,50.0,42.6,0.0
6496078378,DP0008,50.0,20.4,0.0
6497342646,DP0033,45.0,22.9,0.0
6493692973,DP0041,40.0,25.9,0.0
6464443629,DP0005,40.0,18.7,0.0
6494337304,DP0026,60.0,36.9,0.0
6495047211,DP0041,50.0,26.3,0.0
6490271409,DP0041,40.0,32.8,0.0
6494830714,DP0013,60.0,44.5,0.0
6487174432,DP0041,70.0,45.9,0.0
6494677309,DP0047,55.0,36.6,0.0
6494465145,DP0043,50.0,25.9,0.0
6489127880,DP0041,55.0,45.0,0.0
6489580130,DP0041,50.0,29.5,0.0
6491289944,DP0015,50.0,24.4,0.0
6479299760,DP0041,45.0,23.2,0.0
6487956696,DP0041,65.0,55.8,0.0
6490033860,DP0035,50.0,31.8,0.0
6488165228,DP0041,40.0,12.2,0.0
6489863801,DP0041,65.0,45.3,0.0
6488498640,DP0047,50.0,44.4,0.0
6479822609,DP0019,55.0,37.2,0.0
6479817219,DP0018,45.0,45.9,1.0
6511645207,DP0041,40.0,24.3,0.0
6512250405,DP0008,40.0,30.5,0.0
6512428842,DP0041,40.0,23.2,0.0
6495188286,DP0005,50.0,37.3,0.0
6511915237,DP0041,50.0,32.5,0.0
6511681585,DP0041,50.0,39.2,0.0
6514756452,DP0005,40.0,34.3,0.0
6513877682,DP0015,45.0,25.3,0.0
6513933358,DP0026,40.0,49.4,1.0
6510668910,DP0028,60.0,34.1,0.0
6513752277,DP0041,45.0,25.9,0.0
6505748327,DP0041,40.0,16.6,0.0
6512806399,DP0031,45.0,22.9,0.0
6500976747,DP0039,45.0,22.6,0.0
6510546000,DP0002,45.0,20.3,0.0
6509175220,DP0041,40.0,22.7,0.0
6509117930,DP0005,65.0,40.8,0.0
6510599096,DP0042,55.0,33.1,0.0
6512466847,DP0041,40.0,30.9,0.0
6511244171,DP0041,40.0,26.7,0.0
6512559543,DP0041,40.0,47.3,1.0
6511453418,DP0043,40.0,42.1,1.0
6495840272,DP0044,45.0,36.2,0.0
6511203776,DP0041,60.0,35.1,0.0
6510083237,DP0008,55.0,56.1,1.0
6511213936,DP0043,45.0,22.6,0.0
6510489286,DP0005,60.0,49.0,0.0
6503279522,DP0041,40.0,39.0,0.0
6507706199,DP0041,50.0,27.3,0.0
6510813781,DP0043,40.0,29.7,0.0
6511186939,DP0043,65.0,46.2,0.0
6500953861,DP0005,40.0,39.7,0.0
6492756632,DP0041,50.0,31.5,0.0
6505136065,DP0008,45.0,26.0,0.0
6488502369,DP0005,45.0,29.1,0.0
6508733618,DP0039,40.0,19.9,0.0
6508077200,DP0006,55.0,39.8,0.0
6509321976,DP0041,50.0,40.1,0.0
6503779281,DP0048,55.0,58.1,1.0
6506409799,DP0041,45.0,29.5,0.0
6501013147,DP0015,40.0,21.7,0.0
6507566260,DP0043,40.0,34.6,0.0
6507524129,DP0043,55.0,45.3,0.0
6507353340,DP0041,40.0,26.6,0.0
6503136717,DP0041,65.0,38.4,0.0
6497904457,DP0043,55.0,33.5,0.0
6505841192,DP0009,40.0,28.8,0.0
6499852238,DP0043,50.0,26.2,0.0
6501620020,DP0046,50.0,54.2,1.0
6507020606,DP0043,45.0,18.9,0.0
6500437147,DP0018,40.0,18.8,0.0
6506904544,DP0043,55.0,36.2,0.0
6497140482,DP0041,50.0,36.9,0.0
6506019172,DP0041,40.0,38.1,0.0
6505674641,DP0043,45.0,36.4,0.0
6495684414,DP0004,40.0,34.8,0.0
6500950450,DP0028,50.0,33.7,0.0
6504898611,DP0041,45.0,22.3,0.0
6505794324,DP0041,40.0,41.6,1.0
6504605408,DP0043,50.0,46.9,0.0
6503936552,DP0009,40.0,16.7,0.0
6505220061,,,,
6504266146,DP0008,55.0,31.4,0.0
6503789129,DP0041,40.0,21.8,0.0
6493634897,DP0017,55.0,49.8,0.0
6503749625,DP0041,50.0,29.0,0.0
6492704619,DP0041,65.0,55.9,0.0
6503136356,DP0049,45.0,36.3,0.0
6500601744,DP0041,45.0,36.5,0.0
6487973953,DP0041,50.0,34.6,0.0
6487391204,DP0028,40.0,18.2,0.0
6502266331,DP0041,40.0,35.4,0.0
6503315627,DP0041,55.0,33.5,0.0
6492718570,DP0003,45.0,22.4,0.0
6503006596,DP0041,50.0,27.0,0.0
6496462271,DP0042,50.0,39.5,0.0
6491142585,DP0015,45.0,31.1,0.0
6502586196,DP0015,40.0,19.6,0.0
6498685199,DP0041,50.0,32.4,0.0
6502433736,DP0041,40.0,31.6,0.0
6494630655,DP0018,40.0,33.0,0.0
6501067956,DP0043,40.0,34.2,0.0
6497726574,DP0043,55.0,50.3,0.0
6500890305,DP0015,40.0,39.5,0.0
6501715185,DP0019,55.0,40.3,0.0
6501200488,DP0041,55.0,36.3,0.0
6497187556,DP0047,55.0,42.6,0.0
6500453070,DP0041,40.0,40.3,1.0
6481722718,DP0039,40.0,17.5,0.0
6497202093,DP0009,50.0,35.0,0.0
6491902638,DP0041,40.0,25.5,0.0
6499142512,DP0041,55.0,39.9,0.0
6491621351,DP0025,40.0,45.3,1.0
6491266827,DP0041,50.0,39.3,0.0
6496936570,DP0008,40.0,25.3,0.0
6499001486,DP0040,40.0,25.3,0.0
6496731306,DP0005,50.0,26.0,0.0
6499061693,DP0005,55.0,33.9,0.0
6496513864,DP0043,50.0,36.5,0.0
6489129609,DP0015,40.0,31.4,0.0
6488431849,DP0041,40.0,25.2,0.0
6493416277,DP0008,60.0,44.2,0.0
6497128132,DP0019,40.0,18.6,0.0
6489209150,DP0028,45.0,37.8,0.0
6492375365,DP0008,40.0,58.3,1.0
6497866398,DP0005,45.0,40.9,0.0
6496552332,DP0043,40.0,21.3,0.0
6496874598,DP0002,45.0,30.8,0.0
6496005663,DP0005,60.0,37.8,0.0
6478247797,DP0041,40.0,18.0,0.0
6479170007,DP0019,40.0,34.9,0.0
6487932984,DP0041,55.0,38.3,0.0
6496517391,DP0008,50.0,20.6,0.0
6496653237,DP0016,55.0,33.0,0.0
6495843043,DP0041,45.0,23.2,0.0
6483201537,DP0049,55.0,39.4,0.0
6487190957,DP0005,60.0,47.3,0.0
6486968800,DP0034,40.0,16.4,0.0
6492351038,DP0005,55.0,38.7,0.0
6485674305,DP0014,40.0,24.5,0.0
6495045713,DP0043,55.0,47.8,0.0
6495484006,DP0006,40.0,33.2,0.0
6493716864,DP0043,60.0,33.6,0.0
6495191765,DP0011,65.0,42.7,0.0
6488703494,DP0043,50.0,36.3,0.0
6486986277,DP0041,45.0,24.1,0.0
6488860877,DP0043,50.0,47.3,0.0
6488761312,DP0008,55.0,30.9,0.0
6473986094,DP0041,40.0,20.6,0.0
6492312222,DP0041,55.0,36.5,0.0
6483579764,DP0041,55.0,38.1,0.0
6488190734,DP0041,65.0,36.4,0.0
6482878777,DP0041,55.0,27.6,0.0
6493429533,DP0043,65.0,47.1,0.0
6493763707,DP0031,50.0,35.3,0.0
6491932638,DP0041,40.0,32.1,0.0
6493341868,DP0043,55.0,32.0,0.0
6492450154,DP0015,55.0,43.3,0.0
6491290774,DP0041,40.0,32.8,0.0
6485617120,DP0047,50.0,28.8,0.0
6469200804,DP0041,40.0,42.3,1.0
6493507143,DP0019,40.0,34.3,0.0
6487277807,DP0027,40.0,36.1,0.0
6489652433,DP0043,60.0,43.9,0.0
6485929964,DP0047,40.0,33.2,0.0
6488017422,DP0046,40.0,27.9,0.0
6477334899,DP0041,50.0,53.2,1.0
6492201304,DP0041,45.0,25.8,0.0
6490728964,DP0012,55.0,52.8,0.0
6490123364,DP0008,55.0,54.7,0.0
6489468584,DP0005,65.0,54.8,0.0
6491381388,DP0003,50.0,36.5,0.0
6487466634,DP0043,40.0,26.4,0.0
6490488724,DP0041,45.0,63.6,1.0
6486331599,DP0041,40.0,48.2,1.0
6491149919,DP0050,45.0,55.1,1.0
6491228359,DP0047,55.0,38.4,0.0
6490695233,DP0041,40.0,24.2,0.0
6484812705,DP0041,55.0,42.3,0.0
6481302662,DP0008,55.0,40.0,0.0
6487413432,DP0041,40.0,23.4,0.0
6480214863,DP0009,40.0,28.5,0.0
6476735584,DP0034,50.0,34.3,0.0
6488060021,DP0044,40.0,45.6,1.0
6486936922,DP0026,65.0,57.7,0.0
6487680794,DP0008,55.0,48.1,0.0
6515173039,DP0041,50.0,23.4,0.0
6514329163,DP0041,50.0,36.8,0.0
6514526289,DP0014,55.0,36.2,0.0
6514461369,DP0014,60.0,37.9,0.0
6514385425,DP0049,45.0,30.8,0.0
6515460148,DP0017,45.0,25.7,0.0
6514531720,DP0043,60.0,40.7,0.0
6513747057,DP0041,45.0,59.3,1.0
6494904203,DP0039,40.0,23.2,0.0
6514868062,DP0019,45.0,31.4,0.0
6514915253,DP0041,45.0,32.7,0.0
6509932147,DP0043,45.0,29.7,0.0
6508186308,DP0019,60.0,34.2,0.0
6512172355,DP0006,50.0,40.8,0.0
6512750757,DP0008,40.0,22.5,0.0
6512571404,DP0041,85.0,70.5,0.0
6499275400,DP0039,40.0,59.3,1.0
6514126328,DP0008,40.0,38.1,0.0
6511684646,DP0026,50.0,33.4,0.0
6504772287,DP0041,40.0,21.1,0.0
6507474861,DP0043,45.0,32.4,0.0
6514587269,DP0041,45.0,24.2,0.0
6512989729,DP0010,55.0,43.7,0.0
6511506285,DP0009,50.0,63.0,1.0
6507239967,DP0037,50.0,31.2,0.0
6508329864,DP0005,45.0,25.8,0.0
6513872211,DP0041,70.0,51.5,0.0
6513587880,DP0034,60.0,47.3,0.0
6491660457,DP0026,55.0,36.0,0.0
6502949771,DP0041,50.0,35.7,0.0
6508505598,DP0041,50.0,36.3,0.0
6510601152,DP0041,55.0,33.6,0.0
6512175428,DP0041,40.0,24.0,0.0
6512323431,,,,
6512595255,DP0041,60.0,37.0,0.0
6511592654,DP0041,50.0,35.2,0.0
6512547209,DP0014,45.0,43.5,0.0
6511270524,DP0005,75.0,52.2,0.0
6506740538,DP0043,50.0,35.1,0.0
6504152347,DP0046,55.0,65.5,1.0
6492593059,DP0041,40.0,20.5,0.0
6511165731,DP0041,45.0,51.5,1.0
6509088986,DP0019,50.0,45.5,0.0
6506966088,DP0041,45.0,35.6,0.0
6511222868,DP0050,50.0,46.5,0.0
6483932125,DP0043,50.0,28.1,0.0
6509894034,DP0021,55.0,32.5,0.0
6500192684,DP0020,50.0,31.3,0.0
6510279537,DP0041,50.0,54.7,1.0
6509516299,DP0034,55.0,40.1,0.0
6506668451,DP0029,55.0,51.2,0.0
6499437637,DP0041,45.0,39.7,0.0
6509836323,DP0002,50.0,25.1,0.0
6501510487,DP0041,55.0,45.9,0.0
6506955586,DP0041,45.0,54.0,1.0
6510209826,DP0042,45.0,35.7,0.0
6507358994,DP0043,55.0,28.5,0.0
6509920648,DP0041,55.0,37.5,0.0
6508488670,DP0041,40.0,20.8,0.0
6500854011,DP0041,40.0,34.9,0.0
6502535480,DP0047,50.0,27.8,0.0
6492549152,DP0013,70.0,61.5,0.0
6506462487,DP0043,50.0,37.1,0.0
6500272192,DP0019,50.0,42.7,0.0
6475617603,DP0006,55.0,31.4,0.0
6508305025,DP0039,55.0,33.1,0.0
6507121023,DP0041,55.0,29.9,0.0
6506588675,DP0015,40.0,21.3,0.0
6499584700,DP0041,40.0,23.4,0.0
6500259012,DP0041,60.0,42.0,0.0
6502190728,DP0019,50.0,28.2,0.0
6502954737,DP0041,40.0,29.8,0.0
6503833619,DP0026,45.0,28.2,0.0
6507704009,DP0041,55.0,40.9,0.0
6507983819,DP0041,65.0,40.6,0.0
6504958139,DP0027,45.0,14.7,0.0
6502938048,DP0050,40.0,35.1,0.0
6504263614,DP0041,40.0,38.1,0.0
6495413504,DP0041,40.0,25.5,0.0
6500347841,DP0041,65.0,36.0,0.0
6505059538,DP0043,55.0,25.4,0.0
6506205515,DP0010,50.0,22.5,0.0
6506901642,DP0015,55.0,29.7,0.0
6493416528,DP0041,55.0,30.3,0.0
6500197682,DP0043,40.0,20.5,0.0
6506029823,DP0014,50.0,26.0,0.0
6506329983,DP0048,45.0,35.4,0.0
6499464433,DP0008,55.0,39.6,0.0
6505229219,DP0010,40.0,40.6,1.0
6498527700,DP0009,45.0,42.4,0.0
6502665040,DP0041,75.0,49.8,0.0
6505234984,DP0043,60.0,37.8,0.0
6504859927,DP0019,50.0,30.0,0.0
6497561492,DP0041,50.0,27.6,0.0
6497938351,DP0010,45.0,18.5,0.0
6503414208,DP0041,60.0,29.8,0.0
6504860198,DP0008,50.0,33.1,0.0
6491803855,DP0041,65.0,39.1,0.0
6506002297,DP0041,45.0,22.4,0.0
6497106426,DP0041,75.0,48.7,0.0
6501623648,DP0008,40.0,39.8,0.0
6503222631,DP0009,45.0,21.8,0.0
6501327787,DP0041,55.0,27.9,0.0
6505470401,DP0041,50.0,56.4,1.0
6505053300,DP0043,40.0,36.4,0.0
6503503533,DP0041,55.0,31.2,0.0
6503760691,DP0048,50.0,45.1,0.0
6492054619,DP0036,50.0,36.5,0.0
6504176168,DP0025,50.0,45.7,0.0
6493200874,DP0004,50.0,63.2,1.0
6481007400,DP0039,55.0,30.0,0.0
6500566155,DP0041,40.0,19.1,0.0
6499066700,DP0041,45.0,32.1,0.0
6502928475,DP0019,40.0,20.2,0.0
6496395267,DP0041,45.0,29.9,0.0
6501406604,DP0041,50.0,22.2,0.0
6503388063,DP0041,50.0,34.3,0.0
6502692691,DP0019,40.0,19.6,0.0
6499042087,DP0041,55.0,34.3,0.0
6498498508,DP0010,45.0,22.1,0.0
6503309386,DP0043,50.0,36.9,0.0
6501800032,DP0047,45.0,30.8,0.0
6486778833,DP0028,45.0,25.2,0.0
6501900093,DP0030,45.0,38.6,0.0
6501235691,DP0041,50.0,47.6,0.0
6499195012,DP0041,45.0,46.0,1.0
6492046850,DP0004,55.0,69.1,1.0
6500764680,DP0043,45.0,49.1,1.0
6492939364,DP0038,55.0,38.8,0.0
6498977139,DP0015,50.0,36.3,0.0
6501675416,DP0041,55.0,28.6,0.0
6500307709,DP0015,45.0,30.8,0.0
6498804595,DP0015,50.0,34.3,0.0
6497433800,DP0041,50.0,30.4,0.0
6499406032,DP0033,45.0,25.4,0.0
6500047592,DP0041,65.0,44.2,0.0
6496059344,DP0050,40.0,36.4,0.0
6500007400,DP0043,55.0,40.4,0.0
6499587329,DP0002,50.0,37.4,0.0
6494740694,DP0005,50.0,27.0,0.0
6493134029,DP0041,45.0,21.2,0.0
6498274076,DP0041,50.0,30.8,0.0
6495633978,DP0043,40.0,26.0,0.0
6493200755,DP0041,50.0,37.3,0.0
6497776277,DP0015,40.0,26.9,0.0
6498102032,DP0041,40.0,32.4,0.0
6487736910,DP0041,45.0,18.3,0.0
6482727962,DP0043,40.0,15.3,0.0
6497509550,DP0016,70.0,41.3,0.0
6491952072,DP0041,50.0,28.5,0.0
6478931084,DP0009,45.0,31.8,0.0
6476847138,DP0041,50.0,23.1,0.0
6497586233,DP0005,40.0,32.4,0.0
6495353468,DP0044,50.0,26.2,0.0
6494814703,DP0041,45.0,28.8,0.0
6488500943,DP0043,55.0,44.1,0.0
6488970128,DP0050,50.0,55.2,1.0
6495306608,DP0012,50.0,40.2,0.0
6490130162,DP0041,55.0,34.7,0.0
6498057776,DP0043,55.0,38.2,0.0
6476661799,DP0041,45.0,18.4,0.0
6492125894,DP0041,50.0,34.6,0.0
6496174535,DP0036,65.0,45.6,0.0
6495149398,DP0041,55.0,30.4,0.0
6494737028,DP0033,40.0,29.5,0.0
6494425220,DP0041,55.0,53.3,0.0
6476000112,DP0006,50.0,31.5,0.0
6495585218,DP0002,45.0,23.2,0.0
6481416650,DP0005,50.0,26.3,0.0
6494114420,DP0014,40.0,20.4,0.0
6487095958,DP0041,50.0,25.4,0.0
6493133584,DP0003,50.0,23.3,0.0
6490291745,DP0008,55.0,36.0,0.0
6491028623,DP0041,45.0,55.6,1.0
6487948078,DP0041,50.0,32.0,0.0
6489341286,DP0041,40.0,27.0,0.0
6492725584,DP0043,50.0,22.8,0.0
6493797217,DP0007,40.0,17.2,0.0
6488890504,DP0009,40.0,25.6,0.0
6482739174,DP0026,55.0,33.1,0.0
6492735205,DP0043,60.0,46.0,0.0
6491318549,DP0041,65.0,62.1,0.0
6492292444,DP0024,50.0,35.1,0.0
6481163637,DP0005,55.0,41.2,0.0
6488023406,DP0041,40.0,28.9,0.0
6487623018,DP0019,90.0,63.9,0.0
6478650226,DP0041,50.0,36.5,0.0
6492382138,DP0044,40.0,23.4,0.0
6491148792,DP0041,45.0,25.9,0.0
6492698767,DP0043,50.0,26.1,0.0
6492690555,DP0033,40.0,29.5,0.0
6485833893,DP0041,50.0,43.1,0.0
6483295127,DP0043,50.0,19.9,0.0
6484380267,DP0041,40.0,17.4,0.0
6491853888,DP0041,40.0,24.0,0.0
6488008486,DP0041,50.0,40.4,0.0
6489713881,DP0043,65.0,39.4,0.0
6489191067,DP0005,55.0,41.9,0.0
6490208091,DP0026,50.0,45.2,0.0
6476337256,DP0034,55.0,43.4,0.0
6490822219,DP0043,50.0,38.6,0.0
6480688815,DP0047,45.0,69.8,1.0
6491041766,DP0007,60.0,81.7,1.0
6491874138,DP0007,50.0,51.7,1.0
6490113493,DP0043,45.0,69.4,1.0
6491520967,DP0019,55.0,68.6,1.0
6488948802,DP0016,45.0,76.3,1.0
6490833279,DP0005,55.0,78.9,1.0
6487407314,DP0019,50.0,54.0,1.0
6470724109,DP0041,50.0,65.9,1.0
6491437528,DP0038,70.0,62.0,0.0
6472392816,DP0041,40.0,57.8,1.0
6482437525,DP0043,45.0,58.4,1.0
6491039931,DP0007,40.0,52.5,1.0
6487688440,DP0005,50.0,54.3,1.0
6485604025,,,,
6490671495,,,,
6486149566,,,,
6485550498,DP0024,50.0,33.8,0.0
6484007528,DP0021,40.0,39.7,0.0
6490517559,DP0041,40.0,22.7,0.0
6477939861,DP0005,45.0,24.0,0.0
6490607205,DP0041,45.0,30.8,0.0
6484815254,DP0008,60.0,47.3,0.0
6481451115,DP0041,60.0,42.3,0.0
6490356079,DP0031,60.0,35.6,0.0
6489580590,DP0041,65.0,47.3,0.0
6489552963,DP0004,40.0,43.4,1.0
6490077039,DP0005,45.0,19.3,0.0
6490336963,DP0041,50.0,40.0,0.0
6485990797,DP0041,50.0,47.3,0.0
6489789829,DP0041,50.0,43.5,0.0
6446111103,DP0041,55.0,48.0,0.0
6489420178,DP0007,45.0,24.1,0.0
6485533307,DP0041,40.0,34.9,0.0
6489671058,DP0012,60.0,48.5,0.0
6487356053,DP0006,50.0,27.0,0.0
6482510705,DP0041,50.0,32.3,0.0
6487557855,DP0043,55.0,33.8,0.0
6482924277,DP0041,50.0,50.5,1.0
6488293575,DP0041,50.0,34.5,0.0
6488321653,DP0049,50.0,28.8,0.0
6488308164,DP0008,50.0,36.2,0.0
6485259586,DP0047,50.0,63.1,1.0
6488591900,DP0041,55.0,56.7,1.0
6487303946,DP0041,50.0,28.5,0.0
6485995000,DP0041,55.0,57.3,1.0
6485945711,DP0041,55.0,82.9,1.0
6484175369,DP0041,40.0,37.3,0.0
6486470403,DP0023,40.0,27.5,0.0
6515337509,DP0043,55.0,30.7,0.0
6501962738,DP0007,60.0,44.4,0.0
6512885931,DP0023,50.0,20.0,0.0
6507609847,DP0005,65.0,38.3,0.0
6515436672,DP0019,65.0,35.1,0.0
6511208165,DP0015,60.0,52.0,0.0
6515067296,DP0005,60.0,59.6,0.0
6497470128,DP0041,65.0,46.6,0.0
6505335175,DP0041,65.0,78.2,1.0
6511538733,DP0005,50.0,32.7,0.0
6512954736,DP0019,55.0,39.7,0.0
6514549781,DP0047,60.0,34.9,0.0
6508941376,DP0007,50.0,24.4,0.0
6512639309,DP0021,65.0,38.9,0.0
6515023736,DP0005,45.0,38.0,0.0
6514897242,DP0008,60.0,37.9,0.0
6510361227,DP0041,50.0,28.6,0.0
6510722452,DP0028,55.0,27.8,0.0
6514473831,DP0040,40.0,27.3,0.0
6512993401,DP0008,55.0,31.3,0.0
6509884727,DP0041,50.0,32.4,0.0
6510992466,DP0041,50.0,44.2,0.0
6513039460,DP0012,45.0,37.3,0.0
6508168299,DP0005,65.0,50.7,0.0
6509993274,DP0005,50.0,39.0,0.0
6513029242,DP0041,50.0,37.2,0.0
6505023216,DP0008,65.0,37.2,0.0
6510502589,DP0041,50.0,26.6,0.0
6474397845,DP0008,50.0,28.1,0.0
6510622797,DP0009,40.0,25.1,0.0
6511548788,DP0002,55.0,43.8,0.0
6505034491,DP0023,50.0,64.8,1.0
6509285439,DP0005,75.0,50.4,0.0
6506447329,DP0033,60.0,39.3,0.0
6503602956,DP0041,40.0,29.2,0.0
6506792318,DP0028,55.0,40.5,0.0
6503611279,DP0041,45.0,25.9,0.0
6510990487,DP0041,60.0,57.6,0.0
6508019217,DP0041,45.0,36.0,0.0
6504968066,DP0044,50.0,21.7,0.0
6507960518,DP0016,55.0,32.3,0.0
6508509072,DP0013,60.0,43.7,0.0
6508435152,DP0041,80.0,53.4,0.0
6509121992,DP0041,65.0,47.2,0.0
6505527725,DP0041,55.0,35.5,0.0
6505284912,DP0002,55.0,39.0,0.0
6506902167,DP0041,50.0,30.9,0.0
6504847499,DP0043,65.0,58.8,0.0
6509307345,DP0026,50.0,33.6,0.0
6509893431,DP0048,40.0,36.6,0.0
6499898499,DP0028,45.0,36.8,0.0
6498481879,DP0008,45.0,31.3,0.0
6505211495,DP0034,40.0,26.0,0.0
6495454875,DP0041,55.0,30.1,0.0
6508266879,DP0041,45.0,25.8,0.0
6502376937,DP0041,50.0,42.9,0.0
6508612832,DP0041,55.0,40.0,0.0
6501217670,DP0003,65.0,44.0,0.0
6501417026,DP0019,45.0,20.2,0.0
6505006976,DP0021,65.0,38.1,0.0
6484024024,DP0049,50.0,32.3,0.0
6505993722,DP0019,40.0,20.4,0.0
6503832069,DP0043,50.0,29.4,0.0
6506291099,DP0021,45.0,27.6,0.0
6502806580,DP0006,40.0,35.4,0.0
6503568621,DP0018,55.0,30.9,0.0
6507670557,DP0019,50.0,40.3,0.0
6507643271,DP0048,90.0,68.5,0.0
6505768537,DP0041,65.0,44.9,0.0
6500043880,DP0043,75.0,55.0,0.0
6497624145,DP0043,45.0,36.6,0.0
6496661221,DP0041,55.0,35.4,0.0
6504749717,DP0041,65.0,52.3,0.0
6494323526,DP0041,40.0,19.1,0.0
6500390915,DP0041,45.0,16.7,0.0
6503881308,DP0019,60.0,44.7,0.0
6503442393,DP0036,55.0,35.8,0.0
6501867209,DP0041,40.0,24.3,0.0
6505184545,DP0005,55.0,46.1,0.0
6505637868,DP0041,40.0,37.2,0.0
6504379568,DP0043,65.0,59.7,0.0
6494580200,DP0041,45.0,20.6,0.0
6504830410,DP0041,40.0,33.5,0.0
6488796512,DP0015,55.0,26.6,0.0
6497022109,DP0041,40.0,18.9,0.0
6500298952,DP0028,70.0,63.7,0.0
6495151323,DP0047,50.0,68.0,1.0
6502923546,DP0050,100.0,110.8,1.0
6492744414,DP0043,55.0,34.8,0.0
6491704288,DP0005,45.0,22.4,0.0
6500551062,DP0026,50.0,52.2,1.0
6504533766,DP0045,70.0,51.5,0.0
6504060996,DP0041,75.0,47.4,0.0
6504011518,DP0043,40.0,37.7,0.0
6502189642,DP0041,60.0,48.1,0.0
6495841308,DP0041,50.0,27.9,0.0
6499730462,DP0007,65.0,55.4,0.0
6504183416,DP0043,55.0,33.7,0.0
6502375083,DP0041,45.0,30.7,0.0
6501522413,DP0005,65.0,47.5,0.0
6499982579,DP0015,55.0,27.2,0.0
6499620002,DP0041,40.0,30.9,0.0
6490063379,DP0041,45.0,23.4,0.0
6502981209,DP0008,50.0,27.4,0.0
6503132520,DP0017,65.0,33.6,0.0
6500746590,DP0014,45.0,19.1,0.0
6493900890,DP0015,55.0,49.2,0.0
6487319020,DP0043,55.0,30.7,0.0
6497409807,DP0041,65.0,58.6,0.0
6491370717,DP0041,65.0,24.0,0.0
6491250419,DP0041,65.0,36.8,0.0
6500959979,DP0028,50.0,39.3,0.0
6501258737,DP0041,50.0,46.1,0.0
6493354842,DP0048,75.0,85.5,1.0
6500409867,DP0041,65.0,62.2,0.0
6502157409,DP0037,50.0,31.9,0.0
6496121226,DP0041,40.0,26.1,0.0
6500331916,DP0043,50.0,27.8,0.0
6494941584,DP0008,65.0,53.6,0.0
6492074237,DP0019,50.0,37.4,0.0
6500677854,DP0043,55.0,42.1,0.0
6496700973,DP0046,45.0,37.3,0.0
6486357931,DP0041,50.0,22.5,0.0
6498717373,DP0030,40.0,69.1,1.0
6499422656,DP0019,60.0,51.1,0.0
6498801376,DP0041,65.0,44.0,0.0
6487722927,DP0043,55.0,45.6,0.0
6488461238,DP0008,50.0,33.8,0.0
6487560949,DP0038,40.0,25.3,0.0
6500088525,DP0043,65.0,47.4,0.0
6500320182,DP0027,60.0,46.3,0.0
6498561420,DP0041,85.0,49.8,0.0
6496837728,DP0033,45.0,24.0,0.0
6493624252,DP0041,50.0,24.3,0.0
6472569569,DP0048,50.0,52.0,1.0
6498294500,DP0033,60.0,44.3,0.0
6493237424,DP0043,55.0,40.8,0.0
6491952073,DP0049,50.0,24.8,0.0
6488877651,DP0049,45.0,27.0,0.0
6498443745,DP0039,65.0,40.8,0.0
6490212499,DP0041,50.0,29.3,0.0
6496785720,DP0021,45.0,34.9,0.0
6495450880,DP0021,45.0,40.5,0.0
6492577067,DP0041,70.0,54.7,0.0
6496014409,DP0015,55.0,45.2,0.0
6498822817,DP0041,55.0,29.1,0.0
6481107853,DP0041,50.0,28.7,0.0
6495568483,DP0043,65.0,50.0,0.0
6492144552,DP0041,65.0,43.4,0.0
6483699746,DP0023,55.0,35.5,0.0
6498277977,DP0041,50.0,35.2,0.0
6496563264,DP0041,55.0,40.2,0.0
6493403812,DP0014,65.0,40.1,0.0
6493342823,DP0005,65.0,46.9,0.0
6485654212,DP0043,55.0,43.7,0.0
6490584501,DP0008,45.0,26.0,0.0
6494502053,DP0043,50.0,48.1,0.0
6485864213,DP0043,55.0,29.5,0.0
6496314226,DP0041,50.0,20.3,0.0
6496020189,DP0041,50.0,35.4,0.0
6489207382,DP0028,60.0,53.8,0.0
6491573562,DP0043,65.0,69.7,1.0
6487051390,DP0041,45.0,29.4,0.0
6494668733,DP0005,65.0,47.7,0.0
6487735848,DP0041,50.0,39.0,0.0
6494286944,DP0041,55.0,40.2,0.0
6474651442,DP0001,45.0,27.1,0.0
6492762073,DP0048,40.0,41.6,1.0
6490920422,DP0035,65.0,42.1,0.0
6494940397,DP0041,55.0,33.9,0.0
6490228382,DP0014,40.0,33.2,0.0
6467616521,DP0041,55.0,35.4,0.0
6494610146,DP0041,55.0,34.0,0.0
6491417520,DP0041,80.0,46.1,0.0
6490517129,DP0041,55.0,46.6,0.0
6487535840,DP0041,55.0,47.3,0.0
6486588060,DP0016,60.0,36.7,0.0
6491037968,DP0039,40.0,20.4,0.0
6492592062,DP0008,65.0,33.7,0.0
6491339455,DP0005,45.0,19.7,0.0
6482925643,DP0005,40.0,30.1,0.0
6487161123,DP0044,40.0,24.7,0.0
6488467319,DP0049,50.0,38.9,0.0
6479258246,DP0006,50.0,37.9,0.0
6488574632,DP0026,45.0,22.7,0.0
6490307785,DP0007,60.0,35.3,0.0
6487676505,DP0043,40.0,23.5,0.0
6492552145,DP0041,40.0,27.1,0.0
6490532658,DP0041,45.0,39.2,0.0
6479857963,DP0041,40.0,28.7,0.0
6482373708,DP0041,55.0,43.2,0.0
6481951635,DP0023,55.0,41.2,0.0
6484021625,DP0008,50.0,157.6,1.0
6491404694,DP0003,65.0,49.6,0.0
6482268109,DP0039,40.0,40.7,1.0
6492722592,DP0043,90.0,88.5,0.0
6486991243,DP0021,65.0,65.5,1.0
6490906848,DP0014,55.0,55.7,1.0
6485156461,DP0043,55.0,60.3,1.0
6481807229,DP0007,40.0,45.3,1.0
6485690652,DP0005,65.0,67.8,1.0
6492364459,DP0043,45.0,30.9,0.0
6487169791,DP0041,65.0,56.6,0.0
6490983906,DP0038,55.0,56.7,1.0
6487156452,DP0041,45.0,43.3,0.0
6490413967,DP0041,40.0,28.9,0.0
6480481982,DP0005,55.0,33.6,0.0
6490912881,DP0041,55.0,36.5,0.0
6492217778,DP0041,55.0,40.2,0.0
6484597040,DP0047,50.0,33.7,0.0
6482954160,DP0048,55.0,56.2,1.0
6490772250,DP0030,55.0,45.5,0.0
6485913067,DP0041,55.0,48.3,0.0
6486878991,DP0008,55.0,47.4,0.0
6477762531,DP0005,50.0,54.3,1.0
6489468417,DP0038,45.0,36.8,0.0
6483645354,DP0041,65.0,91.3,1.0
6483069086,DP0041,65.0,71.0,1.0
6491427821,DP0038,50.0,39.5,0.0
6487602402,DP0041,50.0,49.9,0.0
6476863536,DP0041,70.0,51.6,0.0
6480817522,DP0041,40.0,43.7,1.0
6485641660,DP0005,45.0,109.3,1.0
6491016656,DP0041,45.0,55.1,1.0
6472634744,DP0043,50.0,40.4,0.0
6481795424,DP0005,45.0,79.6,1.0
6486697731,DP0034,45.0,50.8,1.0
6474390740,DP0049,75.0,68.2,0.0
6491273687,DP0041,65.0,63.0,0.0
6489948202,DP0041,55.0,50.3,0.0
6488083788,DP0011,85.0,67.4,0.0
6491270783,DP0041,45.0,41.3,0.0
6482450474,DP0039,80.0,61.0,0.0
6481534810,DP0008,55.0,44.3,0.0
6481556116,DP0041,45.0,41.9,0.0
6486772154,DP0009,50.0,35.8,0.0
6449974337,DP0041,50.0,38.8,0.0
6490344672,DP0048,45.0,62.2,1.0
6478713778,DP0041,55.0,42.8,0.0
6491217929,DP0041,45.0,36.2,0.0
6488535514,DP0038,55.0,57.8,1.0
6490431154,DP0008,45.0,29.2,0.0
6480945832,DP0048,65.0,61.3,0.0
6488892128,DP0008,50.0,40.5,0.0
6490087621,DP0007,50.0,35.8,0.0
6479806346,DP0041,40.0,38.2,0.0
6487492241,DP0041,60.0,51.1,0.0
6482139236,DP0028,55.0,37.4,0.0
6485436974,DP0014,55.0,42.6,0.0
6486935317,DP0041,65.0,62.2,0.0
6488912523,DP0028,65.0,49.0,0.0
6489055253,DP0014,70.0,62.0,0.0
6487274698,DP0028,50.0,36.3,0.0
6482103664,DP0015,50.0,47.5,0.0
6489279594,DP0041,55.0,39.9,0.0
6486133607,DP0041,55.0,34.7,0.0
6486027183,DP0041,80.0,51.5,0.0
6487681373,DP0015,65.0,37.6,0.0
6489425980,DP0009,45.0,29.2,0.0
6486604494,DP0003,40.0,24.7,0.0
6483370310,DP0015,50.0,38.5,0.0
6480975880,DP0003,45.0,54.7,1.0
6489095871,DP0027,40.0,60.4,1.0
6486726159,DP0008,50.0,73.2,1.0
6488766508,DP0041,85.0,76.0,0.0
6482203369,DP0032,45.0,33.3,0.0
6482543786,DP0006,55.0,63.0,1.0
6475674724,DP0034,65.0,57.1,0.0
6486052377,DP0015,90.0,62.9,0.0
6487867932,DP0041,50.0,55.2,1.0
6476695922,DP0028,65.0,83.8,1.0
6512069479,DP0008,60.0,36.4,0.0
6516199552,DP0027,50.0,33.2,0.0
6515270408,DP0015,60.0,41.7,0.0
6515649619,DP0041,50.0,33.6,0.0
6515089783,DP0049,50.0,31.1,0.0
6506165389,DP0003,50.0,54.1,1.0
6513397547,DP0041,60.0,39.2,0.0
6513628131,DP0019,45.0,30.4,0.0
6499927357,DP0005,50.0,41.6,0.0
6509539932,DP0002,55.0,32.0,0.0
6505528180,DP0043,50.0,40.9,0.0
6511939737,DP0028,40.0,40.8,1.0
6513799671,DP0050,75.0,60.4,0.0
6511045577,DP0039,50.0,34.3,0.0
6507835976,DP0012,65.0,46.5,0.0
6511246250,DP0041,45.0,28.5,0.0
6507405176,DP0043,65.0,41.6,0.0
6510979257,DP0041,75.0,53.0,0.0
6508451888,DP0041,55.0,32.5,0.0
6501359316,DP0026,55.0,32.0,0.0
6503369748,DP0005,85.0,60.5,0.0
6510392202,DP0015,45.0,24.1,0.0
6506640023,DP0039,50.0,34.0,0.0
6502747028,DP0047,50.0,34.9,0.0
6503908363,DP0041,65.0,44.2,0.0
6510702184,DP0042,55.0,34.4,0.0
6507675953,DP0019,55.0,41.6,0.0
6504442427,DP0041,50.0,37.0,0.0
6501941003,DP0043,65.0,40.0,0.0
6499453071,DP0041,65.0,42.3,0.0
6497166603,DP0038,70.0,51.1,0.0
6509495190,DP0041,55.0,37.6,0.0
6509289435,DP0041,50.0,32.8,0.0
6501655623,DP0050,55.0,52.1,0.0
6506248728,DP0038,55.0,43.1,0.0
6489573407,DP0010,55.0,50.3,0.0
6498979161,DP0041,45.0,24.3,0.0
6507147903,DP0015,55.0,52.4,0.0
6506169662,DP0041,45.0,36.0,0.0
6507449974,DP0008,60.0,40.4,0.0
6495795020,DP0046,75.0,56.7,0.0
6507549619,DP0043,55.0,32.8,0.0
6504970851,DP0008,50.0,40.9,0.0
6505558816,DP0010,55.0,35.7,0.0
6507508380,DP0041,75.0,48.3,0.0
6506451537,DP0041,75.0,51.5,0.0
6504427502,DP0015,55.0,50.8,0.0
6506253499,DP0005,50.0,43.0,0.0
6506169763,DP0041,90.0,67.7,0.0
6503919877,DP0041,65.0,37.5,0.0
6501099635,DP0017,55.0,19.1,0.0
6505486935,DP0041,55.0,34.8,0.0
6501274045,DP0046,60.0,55.3,0.0
6504351799,DP0008,50.0,30.7,0.0
6502287100,DP0041,60.0,41.6,0.0
6500273450,DP0005,50.0,33.5,0.0
6496307133,DP0015,50.0,38.9,0.0
6504475916,DP0005,50.0,25.6,0.0
6502540077,DP0034,55.0,33.2,0.0
6500152247,DP0041,50.0,35.5,0.0
6500429956,DP0041,45.0,42.9,0.0
6501486776,DP0015,55.0,38.9,0.0
6498408900,DP0005,85.0,55.3,0.0
6502394789,DP0041,50.0,39.7,0.0
6501700823,DP0008,60.0,42.8,0.0
6493015036,DP0026,70.0,48.6,0.0
6502154576,DP0041,55.0,41.9,0.0
6498692500,DP0043,50.0,30.1,0.0
6501287348,DP0005,50.0,33.1,0.0
6498445563,DP0041,50.0,31.5,0.0
6497418471,DP0002,55.0,43.4,0.0
6480904820,DP0041,55.0,40.0,0.0
6499390864,DP0041,65.0,41.3,0.0
6494944334,DP0041,60.0,55.5,0.0
6501242166,DP0041,50.0,35.1,0.0
6494597343,DP0028,55.0,48.9,0.0
6496808250,DP0017,55.0,53.8,0.0
6488097722,DP0005,85.0,56.8,0.0
6500201370,DP0041,55.0,38.4,0.0
6490361051,DP0043,45.0,36.1,0.0
6491376060,DP0041,55.0,40.1,0.0
6495428915,DP0041,45.0,27.3,0.0
6493817995,DP0020,50.0,31.7,0.0
6487075325,DP0039,45.0,34.7,0.0
6497484741,DP0024,50.0,35.7,0.0
6498122101,,,,
6497416401,DP0038,65.0,56.3,0.0
6497709092,DP0041,45.0,29.6,0.0
6496803326,DP0033,50.0,33.0,0.0
6497895172,DP0041,45.0,65.8,1.0
6490564885,DP0041,40.0,41.1,1.0
6497229365,DP0023,40.0,27.9,0.0
6496568846,DP0041,65.0,45.4,0.0
6495929626,DP0026,55.0,38.3,0.0
6495986388,DP0019,50.0,26.5,0.0
6477927011,DP0015,50.0,56.8,1.0
6490330616,DP0015,55.0,37.5,0.0
6495945883,DP0041,55.0,52.4,0.0
6485064112,DP0043,55.0,46.4,0.0
6494638405,DP0015,50.0,64.0,1.0
6478826761,DP0005,50.0,33.2,0.0
6488012173,DP0021,45.0,33.9,0.0
6486122805,,,,
6493791165,,,,
6494279702,DP0041,50.0,36.2,0.0
6488847950,DP0041,50.0,37.0,0.0
6486031702,DP0036,60.0,37.9,0.0
6492746646,DP0050,50.0,36.3,0.0
6478743389,DP0020,50.0,30.2,0.0
6484718472,DP0048,55.0,42.4,0.0
6488099283,DP0015,55.0,46.6,0.0
6490362917,DP0007,50.0,32.7,0.0
6490862339,DP0041,75.0,55.1,0.0
6484102455,DP0041,65.0,55.2,0.0
6478119355,DP0041,65.0,47.1,0.0
6482183089,DP0027,55.0,29.0,0.0
6491273567,DP0043,55.0,52.0,0.0
6489548791,DP0007,50.0,33.5,0.0
6492625346,DP0004,55.0,62.4,1.0
6490922902,DP0020,65.0,49.3,0.0
6486637139,DP0041,55.0,39.7,0.0
6488167087,DP0041,55.0,47.1,0.0
6488475428,DP0039,55.0,50.5,0.0
6490809969,DP0019,55.0,44.4,0.0
6480291955,DP0005,55.0,41.8,0.0
6489114060,DP0026,75.0,59.2,0.0
6488454203,DP0041,70.0,52.9,0.0
6478035665,DP0041,45.0,35.5,0.0
6491404251,DP0041,60.0,44.4,0.0
6488309644,DP0046,50.0,52.6,1.0
6487732510,DP0006,85.0,55.4,0.0
6489660283,DP0026,55.0,41.5,0.0
6482912605,DP0041,55.0,41.6,0.0
6487666244,DP0041,55.0,37.4,0.0
6491669186,DP0041,50.0,35.6,0.0
6472957128,DP0043,50.0,37.8,0.0
6482956957,DP0041,65.0,67.1,1.0
6488049622,DP0005,50.0,43.2,0.0
6488304606,DP0007,55.0,44.8,0.0
6473785694,DP0041,60.0,37.5,0.0
6491185029,DP0041,55.0,48.0,0.0
6474412273,DP0008,45.0,30.5,0.0
6482091043,DP0005,45.0,34.0,0.0
6490420410,DP0041,50.0,39.8,0.0
6490285935,DP0041,65.0,49.9,0.0
6490014837,DP0008,55.0,68.0,1.0
6490217697,DP0041,55.0,45.7,0.0
6489753448,DP0021,45.0,66.0,1.0
6488839992,DP0043,45.0,44.9,0.0
6484141718,DP0015,50.0,30.9,0.0
6489706922,DP0041,70.0,60.6,0.0
6490673459,DP0041,50.0,38.0,0.0
6489241127,DP0002,50.0,45.9,0.0
6488643527,DP0041,40.0,28.6,0.0
6485806009,DP0006,55.0,44.6,0.0
6483593736,DP0041,45.0,57.6,1.0
6489465679,DP0041,45.0,59.8,1.0
6488536867,DP0002,40.0,39.6,0.0
6481886065,DP0015,65.0,75.9,1.0
6486384609,DP0041,50.0,32.3,0.0
6481604596,DP0019,45.0,32.2,0.0
6486896060,DP0041,50.0,39.4,0.0
6485316903,DP0021,65.0,40.6,0.0
6487873100,DP0043,90.0,82.5,0.0
6512702686,DP0041,45.0,34.0,0.0
6512468030,DP0041,45.0,30.3,0.0
6513874814,DP0005,55.0,34.3,0.0
6505489766,DP0005,45.0,21.3,0.0
6512266196,DP0019,55.0,34.1,0.0
6505839963,DP0021,50.0,31.1,0.0
6513566634,DP0041,55.0,39.3,0.0
6502626860,DP0041,55.0,36.7,0.0
6511667974,DP0030,55.0,38.7,0.0
6510255417,DP0041,55.0,40.2,0.0
6510350131,DP0009,50.0,42.6,0.0
6495269970,DP0005,55.0,59.1,1.0
6509580727,DP0043,45.0,29.8,0.0
6497478675,,,,
6509477443,DP0041,45.0,39.9,0.0
6507383111,DP0021,50.0,23.3,0.0
6499138905,DP0029,50.0,39.8,0.0
6506217969,DP0005,40.0,28.3,0.0
6506418461,DP0043,50.0,41.8,0.0
6503997344,DP0041,75.0,46.3,0.0
6505060780,DP0005,55.0,43.5,0.0
6497550825,DP0041,60.0,58.3,0.0
6504757305,DP0039,50.0,32.8,0.0
6496759761,DP0041,55.0,45.1,0.0
6500349651,DP0002,55.0,38.2,0.0
6496394715,DP0004,50.0,55.1,1.0
6501608037,DP0009,45.0,40.1,0.0
6499267948,DP0015,55.0,43.3,0.0
6492879555,DP0041,60.0,38.1,0.0
6494095392,DP0041,45.0,24.6,0.0
6491417494,DP0041,50.0,37.7,0.0
6497368013,DP0043,55.0,46.2,0.0
6492090957,DP0018,45.0,23.0,0.0
6497382401,DP0043,55.0,34.7,0.0
6487654385,DP0043,50.0,35.0,0.0
6488207933,DP0039,45.0,40.3,0.0
6493523393,DP0006,50.0,34.1,0.0
6494818469,DP0041,45.0,36.9,0.0
6493323718,DP0026,50.0,28.7,0.0
6493790264,DP0041,55.0,37.6,0.0
6491729196,DP0009,50.0,45.5,0.0
6492127446,DP0041,50.0,38.4,0.0
6486676366,DP0041,45.0,30.6,0.0
6479966649,DP0006,50.0,34.4,0.0
6489755776,DP0028,45.0,49.3,1.0
6489003276,DP0005,60.0,44.9,0.0
6489634720,DP0041,50.0,32.5,0.0
6489075286,DP0043,50.0,28.6,0.0
6505102185,DP0019,55.0,62.1,1.0
6502693141,DP0041,55.0,28.3,0.0
6502050788,DP0012,45.0,27.3,0.0
6493121303,DP0041,45.0,29.6,0.0
6492371328,DP0043,50.0,52.0,1.0
6489247534,DP0024,45.0,27.3,0.0
6515553402,DP0043,60.0,48.7,0.0
6512551697,DP0041,60.0,36.2,0.0
6514499111,DP0022,40.0,23.3,0.0
6511000116,DP0043,55.0,57.9,1.0
6512230526,DP0005,55.0,38.7,0.0
6513378329,DP0004,40.0,51.2,1.0
6501593191,DP0041,90.0,69.0,0.0
6503716450,DP0041,50.0,24.2,0.0
6512732937,DP0041,40.0,23.7,0.0
6512112668,DP0005,65.0,49.9,0.0
6506353859,DP0046,85.0,72.1,0.0
6493755035,,,,
6508426101,DP0046,50.0,51.5,1.0
6510305429,DP0024,45.0,21.2,0.0
6510128060,DP0041,50.0,53.1,1.0
6509616202,DP0043,45.0,31.1,0.0
6493115729,DP0031,65.0,55.8,0.0
6508325226,DP0047,60.0,39.7,0.0
6508813696,DP0019,40.0,12.0,0.0
6507993836,DP0022,45.0,31.6,0.0
6508488173,DP0043,55.0,35.6,0.0
6507614659,DP0048,45.0,37.5,0.0
6507219525,DP0019,55.0,65.4,1.0
6507296092,DP0008,50.0,81.8,1.0
6504337074,DP0041,60.0,42.3,0.0
6504465902,DP0043,45.0,30.4,0.0
6505178616,DP0041,45.0,42.1,0.0
6504804807,DP0041,85.0,64.1,0.0
6505104073,DP0041,40.0,26.4,0.0
6505063544,DP0008,55.0,53.8,0.0
6503066659,DP0048,70.0,69.5,0.0
6493325494,DP0028,55.0,51.3,0.0
6504013154,DP0041,60.0,44.0,0.0
6480594837,DP0041,45.0,34.7,0.0
6492472837,DP0041,50.0,40.9,0.0
6500183509,DP0041,60.0,52.5,0.0
6502240260,DP0050,45.0,62.7,1.0
6503110992,DP0041,55.0,49.7,0.0
6493366057,DP0041,80.0,52.6,0.0
6501538640,DP0004,60.0,64.7,1.0
6491526601,DP0041,85.0,68.0,0.0
6502280841,DP0020,40.0,13.4,0.0
6499627771,DP0008,50.0,18.3,0.0
6500002633,DP0007,55.0,34.5,0.0
6499375694,DP0041,45.0,34.1,0.0
6501970920,DP0050,70.0,69.8,0.0
6492638673,DP0041,65.0,51.5,0.0
6500436410,DP0019,40.0,42.1,1.0
6501965515,DP0015,40.0,24.8,0.0
6485351517,DP0041,55.0,50.2,0.0
6501229870,DP0005,45.0,34.5,0.0
6497153025,DP0034,85.0,70.4,0.0
6495854900,DP0041,50.0,34.1,0.0
6487031819,DP0048,40.0,33.1,0.0
6498042407,DP0038,60.0,50.1,0.0
6492950150,DP0015,60.0,62.2,1.0
6497188875,DP0041,45.0,26.9,0.0
6491055015,DP0041,50.0,24.7,0.0
6495506464,DP0043,50.0,27.8,0.0
6481140556,DP0015,45.0,30.8,0.0
6494419719,DP0034,55.0,36.3,0.0
6490198819,DP0049,50.0,43.6,0.0
6495518284,DP0009,55.0,38.7,0.0
6486835722,DP0041,50.0,42.1,0.0
6494911508,DP0016,45.0,48.4,1.0
6491678512,DP0041,65.0,46.6,0.0
6492220400,DP0041,55.0,53.2,0.0
6492552267,DP0041,55.0,32.9,0.0
6493707246,DP0041,60.0,47.8,0.0
6485331000,DP0038,45.0,40.4,0.0
6489373569,DP0050,90.0,82.2,0.0
6492173844,DP0039,65.0,65.6,1.0
6489239692,DP0008,40.0,29.9,0.0
6474690305,DP0034,40.0,38.7,0.0
6490276319,DP0041,45.0,47.9,1.0
6490337977,DP0043,50.0,38.1,0.0
6492227896,DP0041,50.0,29.8,0.0
6486335187,DP0041,50.0,43.1,0.0
6483905264,DP0043,40.0,22.2,0.0
6478131386,DP0041,50.0,43.9,0.0
6488675622,DP0041,40.0,25.4,0.0
6482252751,DP0041,60.0,34.3,0.0
6491386103,DP0041,60.0,45.9,0.0
6490548703,DP0002,55.0,33.0,0.0
6483931257,DP0005,60.0,40.2,0.0
6490216381,DP0048,55.0,61.5,1.0
6490644924,DP0008,40.0,32.6,0.0
6484861836,DP0034,65.0,47.0,0.0
6491073493,DP0043,40.0,19.3,0.0
6485583214,DP0014,50.0,32.8,0.0
6487625703,DP0043,65.0,45.0,0.0
6482077575,DP0041,40.0,27.3,0.0
6490348908,DP0049,40.0,31.0,0.0
6475178212,DP0019,50.0,38.9,0.0
6484041001,DP0021,40.0,36.4,0.0
6488962675,DP0043,40.0,35.4,0.0
6488045091,DP0015,40.0,22.3,0.0
6488864136,DP0041,50.0,32.8,0.0
6514966558,DP0041,45.0,41.5,0.0
6511600199,DP0019,50.0,52.6,1.0
6498278431,DP0044,45.0,48.9,1.0
6495947042,DP0041,50.0,57.7,1.0
6507727196,DP0005,55.0,40.6,0.0
6507772446,DP0008,55.0,35.5,0.0
6498113021,DP0013,55.0,47.1,0.0
6503479382,DP0017,65.0,54.6,0.0
6502180523,DP0041,60.0,33.7,0.0
6489462901,DP0005,55.0,41.1,0.0
6504803256,DP0027,55.0,50.3,0.0
6499741470,DP0043,65.0,40.5,0.0
6491750966,DP0041,55.0,27.2,0.0
6485506562,DP0019,50.0,39.2,0.0
6489409863,DP0047,55.0,51.4,0.0
6503001828,DP0017,40.0,32.4,0.0
6488847343,DP0043,50.0,52.1,1.0
6494402086,DP0041,50.0,39.3,0.0
6500036181,DP0041,60.0,47.3,0.0
6494231285,DP0041,65.0,44.6,0.0
6495522797,DP0041,40.0,20.9,0.0
6493642992,DP0041,50.0,28.1,0.0
6497394395,DP0043,55.0,31.4,0.0
6494749735,DP0028,55.0,42.7,0.0
6498400119,DP0034,55.0,53.4,0.0
6487602337,DP0043,45.0,32.7,0.0
6496201926,DP0041,60.0,69.6,1.0
6492841257,DP0043,40.0,37.8,0.0
6496303601,DP0041,40.0,20.8,0.0
6468822982,DP0041,55.0,38.8,0.0
6495949945,DP0005,45.0,29.5,0.0
6490523319,DP0019,50.0,32.7,0.0
6491628529,DP0041,45.0,25.5,0.0
6476441011,DP0041,40.0,27.8,0.0
6492709188,DP0041,50.0,31.4,0.0
6490686131,DP0041,55.0,33.7,0.0
6486583792,DP0041,45.0,31.6,0.0
6490722655,DP0043,55.0,33.3,0.0
6482529060,DP0019,55.0,38.7,0.0
6491729786,DP0041,40.0,24.0,0.0
6489997289,DP0005,40.0,23.3,0.0
6487415464,DP0041,45.0,26.5,0.0
6489414222,DP0019,40.0,28.6,0.0
6491051960,DP0031,45.0,39.5,0.0
6489955150,DP0028,85.0,59.6,0.0
6490185697,DP0005,55.0,40.5,0.0
6490424263,DP0041,80.0,47.9,0.0
6489769747,DP0050,40.0,33.7,0.0
6470351918,DP0020,45.0,27.1,0.0
6481414153,DP0041,45.0,30.6,0.0
6483069405,DP0041,55.0,42.8,0.0
6481884519,DP0024,50.0,40.2,0.0
6486521389,DP0005,40.0,33.9,0.0
6515499724,DP0015,55.0,42.4,0.0
6515716687,DP0041,60.0,36.3,0.0
6511755243,DP0019,55.0,46.0,0.0
6510318640,DP0008,50.0,41.5,0.0
6511233431,DP0025,50.0,29.2,0.0
6511093142,DP0041,45.0,42.2,0.0
6512378963,DP0041,50.0,36.7,0.0
6513084243,DP0033,40.0,25.6,0.0
6507647422,DP0041,40.0,35.9,0.0
6497898940,DP0040,55.0,39.3,0.0
6488095298,DP0002,50.0,44.9,0.0
6511526181,DP0033,55.0,92.1,1.0
6503366203,DP0041,85.0,57.3,0.0
6506415472,DP0041,40.0,7.5,0.0
6507875870,DP0041,50.0,29.4,0.0
6507684852,DP0041,40.0,68.0,1.0
6507736287,DP0019,55.0,112.8,1.0
6490042630,DP0019,50.0,38.6,0.0
6496588544,DP0041,45.0,29.5,0.0
6499640314,DP0041,40.0,22.8,0.0
6494570615,DP0006,40.0,30.6,0.0
6500050856,DP0046,45.0,55.5,1.0
6497071460,DP0041,60.0,36.5,0.0
6499961851,DP0021,55.0,35.9,0.0
6498466977,DP0041,40.0,20.2,0.0
6499469347,DP0005,40.0,30.9,0.0
6496538558,DP0041,55.0,63.7,1.0
6497967041,DP0041,50.0,43.2,0.0
6494783138,DP0009,55.0,48.0,0.0
6496164689,DP0043,40.0,24.0,0.0
6493216678,DP0041,60.0,39.2,0.0
6489442237,DP0008,40.0,30.0,0.0
6476605762,DP0028,40.0,42.3,1.0
6493045147,DP0006,55.0,59.3,1.0
6491343078,DP0043,55.0,46.5,0.0
6487307903,DP0023,40.0,28.6,0.0
6491220515,DP0039,40.0,43.5,1.0
6488339127,DP0024,60.0,56.3,0.0
6491373810,DP0021,55.0,46.5,0.0
6483190903,DP0041,50.0,50.3,1.0
6490102995,DP0041,40.0,37.8,0.0
6512863670,DP0041,55.0,42.7,0.0
6498091467,DP0041,85.0,47.0,0.0
6495237772,DP0041,75.0,94.4,1.0
6539188624,DP0004,55.0,61.5,1.0
6538699983,DP0005,50.0,24.0,0.0
6522587661,DP0032,65.0,46.1,0.0
6542447333,DP0041,45.0,34.3,0.0
6511095944,DP0043,50.0,28.3,0.0
6533137769,DP0004,55.0,47.5,0.0
6538386642,DP0028,45.0,38.0,0.0
6539670248,DP0015,50.0,43.1,0.0
6538166891,DP0041,40.0,39.0,0.0
6540023121,DP0043,40.0,21.0,0.0
6542533486,DP0015,70.0,42.8,0.0
6543682139,DP0041,45.0,24.9,0.0
6538175233,DP0041,55.0,31.7,0.0
6531960612,DP0011,55.0,36.8,0.0
6542752910,DP0038,45.0,30.5,0.0
6536550706,DP0041,50.0,28.5,0.0
6537181762,DP0003,50.0,27.8,0.0
6543640828,DP0034,55.0,34.7,0.0
6541949418,DP0008,65.0,37.9,0.0
6543237839,DP0041,50.0,33.5,0.0
6541408794,DP0043,55.0,37.1,0.0
6538314050,DP0041,55.0,37.3,0.0
6522958328,DP0005,50.0,32.9,0.0
6530208435,DP0004,45.0,39.1,0.0
6542011835,DP0041,40.0,30.1,0.0
6536254970,DP0024,55.0,46.8,0.0
6538420024,DP0041,45.0,28.7,0.0
6540236703,DP0009,65.0,44.0,0.0
6536169265,DP0041,65.0,49.2,0.0
6538898143,DP0043,50.0,45.9,0.0
6536169247,DP0043,45.0,24.2,0.0
6541781899,DP0021,50.0,27.5,0.0
6540192862,DP0041,55.0,27.0,0.0
6531315096,DP0019,65.0,41.0,0.0
6529559104,DP0041,45.0,28.8,0.0
6524122071,DP0007,65.0,37.3,0.0
6529394482,DP0041,60.0,36.8,0.0
6535521889,DP0039,55.0,39.1,0.0
6540383130,DP0043,40.0,23.4,0.0
6519937816,DP0041,45.0,65.2,1.0
6538265801,DP0030,50.0,31.5,0.0
6540104713,DP0043,65.0,50.0,0.0
6538147262,DP0019,55.0,46.1,0.0
6530162911,DP0048,40.0,33.9,0.0
6526815184,DP0041,50.0,27.4,0.0
6534322324,DP0049,50.0,30.3,0.0
6536788159,DP0005,55.0,30.7,0.0
6535573894,DP0019,55.0,34.2,0.0
6513144056,DP0041,55.0,42.8,0.0
6522754642,DP0043,50.0,37.6,0.0
6533152974,DP0004,45.0,31.2,0.0
6534807241,DP0001,45.0,39.1,0.0
6531630820,DP0019,40.0,23.3,0.0
6534946588,DP0043,50.0,26.1,0.0
6530550913,DP0041,45.0,21.9,0.0
6533014189,DP0026,45.0,18.1,0.0
6531251247,DP0001,65.0,39.4,0.0
6532941742,DP0041,50.0,26.6,0.0
6524538138,DP0016,70.0,42.3,0.0
6531727073,DP0041,50.0,26.3,0.0
6533092804,DP0039,45.0,24.7,0.0
6529349934,DP0041,50.0,25.5,0.0
6529429932,DP0043,55.0,38.1,0.0
6533539228,DP0041,55.0,40.2,0.0
6533683291,DP0026,45.0,26.7,0.0
6533488314,DP0041,55.0,30.3,0.0
6531310996,DP0019,40.0,46.3,1.0
6532608194,,,,
6532091447,DP0005,50.0,36.8,0.0
6525356410,DP0043,40.0,26.6,0.0
6526850450,DP0006,45.0,38.1,0.0
6531469148,DP0005,40.0,35.6,0.0
6526334638,DP0028,65.0,38.5,0.0
6518608781,DP0047,40.0,38.4,0.0
6525000462,DP0049,50.0,49.4,0.0
6527964296,DP0015,50.0,50.1,1.0
6525887902,DP0008,40.0,33.8,0.0
6530195249,DP0028,50.0,24.6,0.0
6525991624,DP0026,70.0,49.9,0.0
6526427806,DP0041,45.0,28.6,0.0
6522215029,DP0039,40.0,62.0,1.0
6523051224,DP0041,65.0,43.6,0.0
6526212428,DP0041,50.0,36.1,0.0
6526613486,DP0041,40.0,37.3,0.0
6527622735,DP0043,50.0,49.4,0.0
6509637277,DP0014,60.0,59.5,0.0
6522526474,DP0009,50.0,41.0,0.0
6523963892,DP0041,50.0,38.4,0.0
6526908873,DP0017,50.0,30.2,0.0
6505718313,DP0001,50.0,39.6,0.0
6506969742,DP0043,45.0,31.3,0.0
6518022817,DP0041,40.0,24.2,0.0
6517579581,DP0039,55.0,31.8,0.0
6524543446,DP0041,65.0,47.8,0.0
6522699168,DP0026,55.0,34.2,0.0
6519242631,DP0047,40.0,35.0,0.0
6522564564,DP0005,50.0,29.4,0.0
6512812846,DP0041,40.0,15.7,0.0
6519137745,DP0041,40.0,25.4,0.0
6522731942,DP0041,55.0,50.3,0.0
6521030177,DP0041,55.0,34.2,0.0
6517226961,DP0043,65.0,45.3,0.0
6516827213,DP0041,50.0,35.1,0.0
6519844877,DP0021,45.0,28.8,0.0
6516777399,DP0041,50.0,24.9,0.0
6515728414,DP0043,60.0,39.7,0.0
6521015172,DP0039,55.0,28.9,0.0
6519946272,DP0041,65.0,48.1,0.0
6516015132,DP0041,40.0,26.8,0.0
6507913254,DP0008,45.0,27.0,0.0
6515928854,DP0005,50.0,31.0,0.0
6515490896,DP0047,45.0,35.8,0.0
6506625186,DP0041,50.0,30.1,0.0
6512056029,DP0006,45.0,30.1,0.0
6517469370,DP0043,60.0,44.0,0.0
6517458450,DP0041,65.0,40.4,0.0
6508671774,DP0041,40.0,14.4,0.0
6515382388,DP0008,65.0,49.9,0.0
6514803257,DP0043,45.0,41.3,0.0
6535456387,DP0041,55.0,32.1,0.0
6542400712,DP0041,50.0,28.9,0.0
6537324494,DP0005,45.0,33.3,0.0
6539338660,DP0021,45.0,53.1,1.0
6543535103,DP0019,40.0,41.2,1.0
6543012300,DP0046,50.0,37.2,0.0
6518479529,DP0012,40.0,22.5,0.0
6543493971,DP0041,55.0,37.5,0.0
6541911761,DP0005,45.0,31.4,0.0
6538561865,DP0014,40.0,26.3,0.0
6534768498,DP0026,55.0,33.3,0.0
6539497806,DP0041,55.0,42.5,0.0
6543574024,DP0041,50.0,51.8,1.0
6541987594,DP0047,55.0,41.7,0.0
6519730385,DP0043,55.0,39.6,0.0
6539848561,DP0005,55.0,26.7,0.0
6538602723,DP0042,45.0,23.9,0.0
6534792551,DP0039,40.0,21.5,0.0
6542711959,DP0043,45.0,22.9,0.0
6541995212,DP0005,45.0,22.8,0.0
6536610447,DP0041,65.0,47.8,0.0
6543178937,DP0009,40.0,18.0,0.0
6542207438,DP0026,40.0,29.1,0.0
6539391364,DP0004,40.0,48.8,1.0
6540056106,DP0008,55.0,35.5,0.0
6541816101,DP0039,60.0,30.8,0.0
6537393671,DP0041,50.0,34.4,0.0
6543056718,DP0041,40.0,28.8,0.0
6540641423,DP0015,40.0,33.3,0.0
6541185496,DP0008,40.0,22.4,0.0
6541770475,DP0033,45.0,25.2,0.0
6524172785,DP0043,55.0,42.6,0.0
6541868797,DP0006,55.0,48.5,0.0
6538142947,DP0041,50.0,31.2,0.0
6540625552,DP0005,55.0,37.7,0.0
6542444409,DP0041,55.0,37.0,0.0
6537267456,DP0008,60.0,40.7,0.0
6541254032,DP0005,55.0,44.4,0.0
6532793396,DP0013,45.0,36.2,0.0
6513928231,DP0019,55.0,39.0,0.0
6541964685,DP0019,45.0,18.9,0.0
6539980163,DP0041,50.0,31.5,0.0
6539494348,DP0005,40.0,32.2,0.0
6536968983,DP0005,55.0,29.3,0.0
6535084417,DP0013,65.0,35.1,0.0
6533183354,DP0043,55.0,32.9,0.0
6541808372,DP0041,40.0,23.5,0.0
6537128849,DP0041,40.0,26.6,0.0
6538045957,DP0029,40.0,18.4,0.0
6540829096,DP0015,40.0,21.5,0.0
6540992227,DP0005,50.0,15.0,0.0
6540449957,DP0041,50.0,24.7,0.0
6535557052,DP0041,40.0,31.1,0.0
6535093420,DP0043,55.0,46.7,0.0
6533755821,DP0043,40.0,22.5,0.0
6539387958,DP0038,45.0,35.6,0.0
6539493553,DP0038,40.0,42.3,1.0
6533868977,DP0009,40.0,31.8,0.0
6540075676,DP0019,40.0,26.6,0.0
6536755512,DP0043,40.0,22.6,0.0
6533110829,DP0008,40.0,23.3,0.0
6534451966,DP0048,40.0,28.9,0.0
6529933973,DP0041,50.0,25.5,0.0
6533075040,DP0041,50.0,24.4,0.0
6527921316,DP0010,40.0,25.1,0.0
6536903800,DP0041,50.0,49.7,0.0
6533563300,DP0041,50.0,34.1,0.0
6533241796,DP0029,40.0,21.9,0.0
6537247797,DP0019,40.0,15.7,0.0
6531588242,DP0005,45.0,24.1,0.0
6526572469,DP0041,55.0,42.3,0.0
6537043880,DP0021,40.0,31.5,0.0
6536453268,DP0041,55.0,36.2,0.0
6534270710,DP0041,45.0,22.7,0.0
6536224836,DP0025,55.0,27.6,0.0
6512125291,DP0041,45.0,32.8,0.0
6533338495,DP0019,40.0,35.2,0.0
6533626209,DP0041,55.0,30.4,0.0
6532724128,DP0003,50.0,53.0,1.0
6521358007,DP0008,40.0,27.7,0.0
6516771156,DP0017,55.0,37.9,0.0
6529463279,DP0041,45.0,36.1,0.0
6535212798,DP0005,40.0,25.9,0.0
6530612892,DP0013,45.0,45.7,1.0
6533314839,DP0028,50.0,35.2,0.0
6533860479,DP0002,40.0,31.3,0.0
6534241146,DP0041,50.0,32.7,0.0
6523977650,DP0041,55.0,33.0,0.0
6534011879,DP0043,45.0,29.0,0.0
6533124211,DP0005,50.0,33.1,0.0
6534172090,DP0019,50.0,30.5,0.0
6530389005,DP0041,55.0,50.8,0.0
6529996428,DP0041,45.0,26.2,0.0
6531899522,DP0017,40.0,15.7,0.0
6527648223,DP0041,40.0,23.8,0.0
6533258075,DP0041,50.0,25.9,0.0
6522775672,DP0005,40.0,30.7,0.0
6530611387,DP0041,50.0,30.4,0.0
6531823950,DP0018,55.0,31.7,0.0
6527984815,DP0046,45.0,28.0,0.0
6530945873,DP0041,55.0,36.3,0.0
6522758455,DP0005,45.0,38.2,0.0
6530554962,DP0034,45.0,37.0,0.0
6532199709,DP0048,50.0,65.3,1.0
6531901130,DP0041,40.0,27.1,0.0
6532155667,DP0020,40.0,27.4,0.0
6518768300,DP0041,40.0,31.3,0.0
6532455732,DP0041,45.0,30.6,0.0
6515730870,DP0003,40.0,21.3,0.0
6529634910,DP0011,50.0,31.3,0.0
6527806746,DP0041,50.0,36.1,0.0
6529871986,DP0034,50.0,30.1,0.0
6527971505,DP0013,40.0,32.9,0.0
6521849672,DP0041,55.0,25.7,0.0
6529254378,DP0041,60.0,47.5,0.0
6520105936,DP0021,55.0,34.8,0.0
6520744169,DP0009,55.0,50.1,0.0
6530410877,DP0041,45.0,37.5,0.0
6518888975,DP0041,40.0,31.1,0.0
6528826158,DP0041,45.0,37.2,0.0
6527909120,DP0015,45.0,31.0,0.0
6528036337,DP0041,40.0,32.4,0.0
6527893926,DP0043,40.0,29.4,0.0
6527357510,DP0028,55.0,35.1,0.0
6524780051,DP0015,45.0,20.8,0.0
6525294987,DP0041,40.0,34.7,0.0
6526224470,DP0011,45.0,28.1,0.0
6524560795,DP0019,50.0,42.1,0.0
6528169648,DP0006,55.0,36.9,0.0
6523198083,DP0019,55.0,36.6,0.0
6526421220,DP0036,55.0,41.8,0.0
6523041560,DP0005,55.0,47.7,0.0
6524612950,DP0043,40.0,22.9,0.0
6516438091,DP0041,45.0,28.3,0.0
6527166963,DP0041,45.0,29.8,0.0
6523451529,DP0029,50.0,35.9,0.0
6523718562,DP0041,55.0,29.0,0.0
6522834210,DP0038,55.0,35.3,0.0
6523099471,DP0041,55.0,31.3,0.0
6526258254,DP0041,50.0,40.0,0.0
6525403505,DP0041,50.0,46.7,0.0
6522255171,DP0041,55.0,33.1,0.0
6517203451,DP0041,55.0,35.5,0.0
6517989590,DP0041,40.0,36.4,0.0
6520541801,DP0007,50.0,27.2,0.0
6522153907,DP0007,55.0,36.0,0.0
6520628571,DP0046,45.0,106.5,1.0
6523940994,DP0015,55.0,36.7,0.0
6521385522,DP0041,55.0,44.6,0.0
6523641741,DP0018,45.0,38.9,0.0
6521417903,DP0038,50.0,30.9,0.0
6513946800,DP0041,45.0,28.2,0.0
6513887506,DP0009,55.0,34.3,0.0
6518775004,DP0041,40.0,35.4,0.0
6520166038,DP0041,40.0,35.9,0.0
6522103750,DP0041,40.0,23.1,0.0
6513689031,DP0041,40.0,24.8,0.0
6522084542,DP0007,45.0,21.7,0.0
6521355487,DP0039,40.0,20.5,0.0
6520983688,DP0005,40.0,37.6,0.0
6518311813,DP0021,45.0,29.4,0.0
6519338692,DP0043,45.0,43.6,0.0
6519620858,DP0041,45.0,28.3,0.0
6516710696,DP0041,55.0,44.0,0.0
6505095569,DP0041,45.0,29.8,0.0
6517573997,DP0014,50.0,17.5,0.0
6517585683,DP0041,40.0,25.1,0.0
6517307393,DP0041,50.0,22.9,0.0
6514729375,DP0008,45.0,43.2,0.0
6516934845,DP0041,45.0,27.7,0.0
6519154500,DP0041,45.0,33.4,0.0
6519228618,DP0002,40.0,18.4,0.0
6507785149,DP0041,40.0,29.3,0.0
6508455889,DP0033,40.0,41.2,1.0
6515208526,DP0020,40.0,15.6,0.0
6515434262,DP0041,45.0,30.9,0.0
6516772548,DP0043,40.0,23.4,0.0
6506247268,DP0041,40.0,22.2,0.0
6508715275,DP0043,40.0,28.1,0.0
6516605147,DP0043,40.0,34.1,0.0
6516033664,DP0043,55.0,56.7,1.0
6515197549,DP0007,40.0,28.8,0.0
6515862722,DP0041,40.0,39.8,0.0
6537304922,DP0001,40.0,21.6,0.0
6536902247,DP0041,50.0,24.3,0.0
6542042991,DP0043,50.0,21.6,0.0
6541961742,DP0014,50.0,29.1,0.0
6542221244,DP0041,75.0,45.1,0.0
6540223105,DP0041,65.0,38.5,0.0
6536354290,DP0009,50.0,23.5,0.0
6539875665,DP0016,50.0,27.3,0.0
6541757351,DP0041,80.0,65.1,0.0
6537909988,DP0013,50.0,29.7,0.0
6539454108,DP0041,50.0,31.0,0.0
6541454719,DP0041,55.0,37.2,0.0
6534583406,DP0041,75.0,45.9,0.0
6540451226,DP0008,40.0,36.7,0.0
6531088717,DP0041,40.0,42.9,1.0
6511860618,DP0005,45.0,53.6,1.0
6540639259,DP0043,55.0,37.2,0.0
6541462837,DP0026,55.0,34.2,0.0
6541461377,DP0043,50.0,25.0,0.0
6541868072,DP0041,55.0,39.6,0.0
6533267606,DP0041,50.0,56.3,1.0
6537022451,DP0021,55.0,55.6,1.0
6539084096,DP0015,40.0,39.2,0.0
6540480192,DP0035,65.0,40.3,0.0
6535632455,DP0003,40.0,16.9,0.0
6541382258,DP0043,40.0,26.8,0.0
6536932131,DP0033,85.0,59.8,0.0
6532028345,DP0049,50.0,26.0,0.0
6538979097,DP0041,40.0,33.2,0.0
6534218794,DP0005,45.0,41.5,0.0
6538890586,DP0041,45.0,20.8,0.0
6535065828,DP0019,75.0,44.9,0.0
6537559210,DP0017,50.0,42.7,0.0
6535656096,DP0019,45.0,36.8,0.0
6532005953,DP0043,55.0,37.0,0.0
6526899221,DP0041,55.0,30.5,0.0
6539967940,DP0041,45.0,35.9,0.0
6535546801,DP0019,50.0,43.6,0.0
6533228120,DP0041,55.0,59.9,1.0
6536849891,DP0027,65.0,35.4,0.0
6531970384,DP0023,55.0,42.7,0.0
6524840232,DP0018,55.0,40.1,0.0
6534453225,DP0036,45.0,22.9,0.0
6536407673,DP0041,50.0,28.8,0.0
6538152320,DP0015,40.0,21.7,0.0
6532987146,DP0048,40.0,40.4,1.0
6528520793,DP0008,40.0,19.5,0.0
6534081440,DP0041,55.0,53.2,0.0
6534904327,DP0005,40.0,40.5,1.0
6525792172,DP0003,40.0,30.5,0.0
6537750653,DP0043,65.0,46.4,0.0
6537468629,DP0041,70.0,60.9,0.0
6538327797,DP0041,50.0,78.8,1.0
6538025353,DP0043,40.0,16.6,0.0
6538280720,DP0041,75.0,49.9,0.0
6535319263,DP0041,50.0,43.9,0.0
6536209986,DP0043,55.0,35.3,0.0
6537069588,DP0033,75.0,52.7,0.0
6532720486,DP0041,55.0,37.8,0.0
6518099669,DP0041,40.0,27.7,0.0
6533293676,DP0005,45.0,28.8,0.0
6534403809,DP0043,50.0,34.1,0.0
6537099081,DP0008,55.0,29.1,0.0
6531286387,DP0043,50.0,39.0,0.0
6535995541,DP0021,50.0,31.7,0.0
6531958759,DP0024,50.0,30.1,0.0
6522476894,DP0005,40.0,25.0,0.0
6535587572,DP0043,45.0,25.9,0.0
6528477049,DP0010,50.0,28.7,0.0
6534682541,DP0041,60.0,41.3,0.0
6535191662,DP0041,50.0,46.4,0.0
6537468424,DP0019,40.0,30.4,0.0
6531602927,DP0049,50.0,23.6,0.0
6532556740,DP0005,50.0,19.7,0.0
6525407350,DP0041,40.0,32.8,0.0
6531728057,DP0041,45.0,30.8,0.0
6532542262,DP0017,55.0,51.5,0.0
6534290023,DP0009,50.0,38.2,0.0
6533850129,DP0041,50.0,38.7,0.0
6535402316,DP0043,45.0,24.5,0.0
6536617113,DP0007,40.0,22.2,0.0
6531809250,DP0014,75.0,53.0,0.0
6531425077,DP0049,55.0,30.2,0.0
6533844111,,,,
6531806791,DP0041,60.0,44.4,0.0
6528874427,DP0041,50.0,39.6,0.0
6530470860,DP0019,40.0,26.6,0.0
6533685287,DP0041,55.0,34.9,0.0
6527435978,DP0045,50.0,26.7,0.0
6530168080,DP0039,55.0,32.3,0.0
6530798055,DP0041,40.0,24.1,0.0
6524545496,DP0041,40.0,27.7,0.0
6509212636,DP0041,55.0,33.8,0.0
6534082986,DP0005,50.0,21.5,0.0
6526759674,DP0041,40.0,18.3,0.0
6533468396,DP0028,45.0,31.8,0.0
6529832870,DP0015,50.0,50.1,1.0
6532520226,DP0046,45.0,37.8,0.0
6533367511,DP0041,40.0,17.6,0.0
6512450344,DP0047,40.0,16.3,0.0
6533609036,DP0019,55.0,29.4,0.0
6532829173,DP0043,45.0,26.6,0.0
6534801143,DP0041,55.0,40.8,0.0
6529375302,DP0049,70.0,60.2,0.0
6533248593,DP0046,45.0,32.8,0.0
6528114007,DP0048,45.0,49.6,1.0
6531254192,DP0047,40.0,42.4,1.0
6529811811,DP0002,40.0,22.8,0.0
6533428972,DP0041,50.0,33.2,0.0
6529275210,DP0019,55.0,39.4,0.0
6532557762,DP0041,45.0,28.5,0.0
6533565553,DP0048,45.0,53.4,1.0
6532235784,DP0005,45.0,24.0,0.0
6532722434,DP0041,50.0,27.0,0.0
6533532120,DP0041,55.0,45.5,0.0
6527166558,DP0019,50.0,28.7,0.0
6531858725,DP0015,50.0,46.3,0.0
6530023828,DP0005,65.0,61.5,0.0
6524040908,DP0006,50.0,33.9,0.0
6527475374,DP0041,45.0,21.5,0.0
6532809220,DP0041,40.0,20.7,0.0
6532333817,DP0004,55.0,49.6,0.0
6527307784,DP0048,55.0,48.4,0.0
6531440945,DP0041,65.0,51.2,0.0
6532877051,DP0041,45.0,22.3,0.0
6531936940,DP0019,40.0,25.6,0.0
6528410566,DP0041,50.0,29.6,0.0
6530126532,DP0028,55.0,31.2,0.0
6528405643,DP0041,40.0,27.4,0.0
6520313957,DP0041,45.0,29.6,0.0
6531372780,DP0006,40.0,26.9,0.0
6529827559,DP0043,65.0,37.6,0.0
6530191063,DP0041,50.0,47.2,0.0
6529573482,DP0033,45.0,47.5,1.0
6530390810,DP0047,45.0,45.0,1.0
6526394741,DP0039,40.0,22.9,0.0
6521907228,DP0041,45.0,24.5,0.0
6525913090,DP0041,75.0,51.6,0.0
6525818531,DP0009,55.0,31.1,0.0
6528810752,DP0049,40.0,22.8,0.0
6530570802,DP0041,55.0,31.6,0.0
6527836830,DP0033,55.0,25.2,0.0
6530372391,DP0043,40.0,33.1,0.0
6528242329,DP0041,50.0,26.0,0.0
6516443871,DP0041,40.0,26.9,0.0
6529910514,DP0043,50.0,43.3,0.0
6529072977,DP0015,65.0,40.6,0.0
6521460152,DP0009,55.0,28.5,0.0
6530353237,DP0005,50.0,32.1,0.0
6527335856,DP0043,65.0,42.7,0.0
6528409407,DP0015,50.0,27.3,0.0
6525431486,DP0021,45.0,48.2,1.0
6529416537,DP0019,40.0,36.0,0.0
6529349864,DP0021,55.0,42.7,0.0
6529596371,DP0041,55.0,51.0,0.0
6529695296,DP0047,50.0,38.9,0.0
6528772112,DP0025,40.0,33.3,0.0
6528860409,DP0036,55.0,38.6,0.0
6528853929,DP0041,60.0,32.8,0.0
6528094613,DP0038,40.0,31.9,0.0
6527869457,DP0043,40.0,29.5,0.0
6499872757,DP0041,75.0,44.9,0.0
6522212366,DP0027,40.0,29.9,0.0
6528002500,DP0048,45.0,41.6,0.0
6524497814,DP0038,50.0,30.8,0.0
6521115593,DP0015,85.0,71.7,0.0
6528236569,DP0011,45.0,31.8,0.0
6518051104,DP0050,60.0,79.2,1.0
6518931856,DP0041,50.0,23.9,0.0
6526612004,DP0036,55.0,36.3,0.0
6527378711,DP0041,40.0,23.3,0.0
6523617382,DP0041,40.0,38.9,0.0
6526201937,DP0023,65.0,39.9,0.0
6526302672,DP0041,50.0,27.9,0.0
6526496220,DP0041,45.0,31.1,0.0
6527445619,DP0041,55.0,46.9,0.0
6519632873,DP0005,40.0,26.8,0.0
6523314815,DP0005,45.0,38.8,0.0
6527150659,DP0041,50.0,30.9,0.0
6523548730,DP0041,50.0,30.5,0.0
6526534244,DP0041,50.0,29.3,0.0
6490300284,DP0043,65.0,36.0,0.0
6511652776,DP0041,55.0,29.1,0.0
6523361383,DP0043,55.0,53.3,0.0
6524752999,DP0008,55.0,23.4,0.0
6502982873,DP0033,55.0,35.3,0.0
6522096661,DP0041,40.0,28.6,0.0
6525222087,DP0020,45.0,29.2,0.0
6523093639,DP0041,50.0,30.2,0.0
6517490010,DP0043,50.0,33.1,0.0
6525691053,DP0037,55.0,28.5,0.0
6526622726,DP0044,45.0,22.9,0.0
6522131473,DP0041,45.0,30.8,0.0
6493705430,DP0041,40.0,26.3,0.0
6519575715,DP0041,40.0,28.3,0.0
6525297456,DP0019,55.0,30.7,0.0
6517620528,DP0032,50.0,50.1,1.0
6526644735,DP0041,50.0,27.1,0.0
6519889070,DP0044,40.0,19.0,0.0
6524328241,DP0041,40.0,23.4,0.0
6520671701,DP0026,50.0,28.5,0.0
6522932761,DP0002,55.0,34.2,0.0
6524459664,DP0049,40.0,30.4,0.0
6520120278,DP0041,65.0,46.2,0.0
6514501062,DP0044,55.0,42.3,0.0
6526466915,DP0041,50.0,38.0,0.0
6504170163,DP0041,55.0,34.0,0.0
6513833269,DP0041,50.0,31.5,0.0
6525907396,DP0023,60.0,51.5,0.0
6512252801,DP0041,45.0,42.3,0.0
6523808014,DP0041,60.0,35.5,0.0
6522227679,,,,
6523069078,DP0043,50.0,29.9,0.0
6522606896,DP0012,55.0,34.7,0.0
6520460814,DP0041,55.0,38.9,0.0
6520007848,DP0005,50.0,35.2,0.0
6516407644,DP0006,60.0,50.0,0.0
6524754528,DP0041,50.0,41.7,0.0
6524430114,DP0005,55.0,28.0,0.0
6522323945,DP0041,50.0,34.4,0.0
6524446652,DP0015,55.0,30.5,0.0
6523222197,DP0021,40.0,33.1,0.0
6516316967,DP0008,40.0,18.6,0.0
6515584235,DP0018,40.0,16.7,0.0
6518992202,DP0041,65.0,44.1,0.0
6522910639,DP0041,50.0,33.4,0.0
6522703553,DP0046,40.0,43.2,1.0
6520022174,DP0005,45.0,37.7,0.0
6521526912,DP0041,45.0,37.0,0.0
6515737388,DP0041,40.0,27.9,0.0
6517355843,DP0019,50.0,29.0,0.0
6524540702,DP0041,55.0,29.7,0.0
6522613909,DP0041,50.0,28.0,0.0
6518116341,DP0041,70.0,41.8,0.0
6521731035,DP0041,65.0,53.0,0.0
6519682855,DP0039,60.0,53.6,0.0
6518677731,DP0026,45.0,35.2,0.0
6519176545,DP0041,70.0,50.4,0.0
6520934889,DP0043,50.0,28.8,0.0
6517244174,DP0032,50.0,33.1,0.0
6519019434,DP0034,40.0,35.1,0.0
6521643290,DP0041,40.0,31.8,0.0
6521928221,DP0041,45.0,42.3,0.0
6521694154,DP0041,50.0,33.9,0.0
6510415417,DP0003,50.0,30.8,0.0
6518377391,DP0041,40.0,28.0,0.0
6510162292,DP0039,40.0,22.6,0.0
6518164914,DP0041,50.0,38.2,0.0
6513166106,DP0041,40.0,16.0,0.0
6518673785,DP0041,45.0,26.4,0.0
6520165760,DP0042,55.0,30.5,0.0
6501806280,DP0041,65.0,46.5,0.0
6519580996,DP0041,55.0,25.6,0.0
6520319017,DP0029,50.0,27.7,0.0
6517047678,DP0008,40.0,41.9,1.0
6521007963,DP0047,55.0,35.1,0.0
6508072122,DP0041,50.0,35.0,0.0
6518458643,DP0041,45.0,53.9,1.0
6519553685,DP0041,55.0,57.6,1.0
6513528285,DP0005,45.0,23.9,0.0
6521414971,DP0043,40.0,22.5,0.0
6518732689,DP0041,40.0,31.6,0.0
6519248333,DP0041,55.0,42.3,0.0
6519371665,DP0003,50.0,31.1,0.0
6512929160,DP0041,40.0,27.7,0.0
6515578793,DP0005,40.0,47.2,1.0
6517713915,DP0041,50.0,26.3,0.0
6517864374,DP0041,55.0,43.4,0.0
6508298006,DP0008,50.0,35.2,0.0
6515912124,DP0041,45.0,22.3,0.0
6515461634,DP0039,40.0,31.1,0.0
6518502186,DP0041,45.0,22.4,0.0
6512465422,DP0041,45.0,23.3,0.0
6516530732,DP0026,40.0,25.5,0.0
6515446539,DP0025,40.0,31.2,0.0
6519112279,DP0043,40.0,30.4,0.0
6509887969,DP0040,50.0,24.8,0.0
6507455362,DP0035,40.0,22.5,0.0
6513006376,DP0005,40.0,29.8,0.0
6518668576,DP0028,45.0,28.7,0.0
6510157697,DP0043,40.0,26.0,0.0
6512869807,DP0041,40.0,24.1,0.0
6515119119,DP0015,40.0,33.0,0.0
6515683260,DP0037,40.0,25.9,0.0
6518406229,DP0014,40.0,27.3,0.0
6518327446,DP0047,40.0,28.3,0.0
6514522046,DP0041,40.0,18.8,0.0
6482297494,DP0041,55.0,38.4,0.0
6509722173,DP0041,50.0,45.2,0.0
6514086519,DP0043,40.0,28.0,0.0
6516885036,DP0046,40.0,31.6,0.0
6516833553,DP0005,50.0,33.0,0.0
6511154109,DP0048,40.0,37.1,0.0
6517311282,DP0043,60.0,31.3,0.0
6516549979,DP0032,45.0,43.9,0.0
6515863851,DP0043,45.0,29.2,0.0
6504773243,DP0041,55.0,51.1,0.0
6513713506,DP0041,55.0,49.2,0.0
6512561509,DP0015,45.0,20.9,0.0
6514041515,DP0041,40.0,31.6,0.0
6513575770,DP0003,40.0,29.0,0.0
6503480497,DP0043,45.0,21.8,0.0
6509753684,DP0046,55.0,55.1,1.0
6536163043,DP0041,65.0,53.1,0.0
6543443209,DP0041,60.0,36.8,0.0
6543340673,DP0041,50.0,35.1,0.0
6543353413,DP0024,50.0,35.4,0.0
6542387842,DP0041,55.0,32.8,0.0
6538926341,DP0041,55.0,30.4,0.0
6539371591,DP0008,40.0,31.5,0.0
6539674935,DP0008,40.0,22.6,0.0
6541551178,DP0041,55.0,28.6,0.0
6539178699,DP0038,50.0,28.5,0.0
6540503778,DP0043,40.0,31.0,0.0
6541780067,DP0021,75.0,50.5,0.0
6531383034,DP0005,60.0,30.3,0.0
6532361035,DP0041,60.0,27.8,0.0
6515622863,DP0041,60.0,36.4,0.0
6528433878,DP0041,75.0,46.6,0.0
6538903985,DP0041,65.0,35.3,0.0
6539616989,DP0041,55.0,24.0,0.0
6539339362,DP0041,60.0,37.4,0.0
6536580469,DP0005,65.0,46.0,0.0
6532130286,DP0028,65.0,47.5,0.0
6520271517,DP0015,65.0,39.8,0.0
6536374730,DP0006,50.0,29.1,0.0
6536311232,DP0015,45.0,29.3,0.0
6536769780,DP0013,40.0,21.0,0.0
6539431213,DP0048,45.0,52.6,1.0
6538875882,DP0019,75.0,63.6,0.0
6536637277,DP0015,55.0,65.2,1.0
6538666958,DP0043,40.0,45.2,1.0
6537249133,DP0038,50.0,30.1,0.0
6538567333,DP0038,45.0,22.0,0.0
6531116250,DP0039,50.0,27.7,0.0
6536438501,DP0037,50.0,33.4,0.0
6539598504,DP0024,40.0,37.3,0.0
6538769178,DP0019,45.0,35.4,0.0
6539654756,DP0043,40.0,28.1,0.0
6536983191,DP0009,50.0,45.0,0.0
6538941624,DP0012,50.0,46.7,0.0
6537185452,DP0041,65.0,47.7,0.0
6537122858,DP0027,50.0,30.9,0.0
6537204309,DP0038,65.0,39.8,0.0
6522379042,DP0041,50.0,26.2,0.0
6532270608,DP0043,55.0,28.8,0.0
6538723294,DP0041,70.0,48.1,0.0
6523035148,DP0015,50.0,34.9,0.0
6535964488,DP0048,50.0,39.1,0.0
6514241596,DP0028,50.0,35.4,0.0
6537107226,DP0009,50.0,29.9,0.0
6512552103,DP0041,45.0,25.7,0.0
6536595676,DP0041,45.0,32.9,0.0
6537219747,DP0005,50.0,30.8,0.0
6536107492,DP0041,55.0,31.5,0.0
6537420583,DP0043,50.0,30.4,0.0
6536792408,DP0019,45.0,30.4,0.0
6534194695,DP0041,40.0,27.9,0.0
6532998996,DP0034,45.0,23.5,0.0
6531341845,DP0037,50.0,32.1,0.0
6536780956,DP0019,55.0,33.4,0.0
6532847832,DP0041,70.0,55.8,0.0
6537036800,DP0028,65.0,55.1,0.0
6531925468,DP0042,45.0,38.0,0.0
6537097386,DP0047,40.0,33.5,0.0
6536562065,DP0043,65.0,48.6,0.0
6536529744,DP0009,50.0,19.5,0.0
6529500333,DP0002,45.0,23.4,0.0
6530245610,DP0039,55.0,41.4,0.0
6536704076,DP0041,45.0,34.2,0.0
6528521408,DP0048,40.0,30.7,0.0
6531515289,DP0041,45.0,27.3,0.0
6536056389,DP0041,50.0,43.6,0.0
6535114406,DP0003,50.0,26.1,0.0
6535533936,DP0041,70.0,53.2,0.0
6535339795,DP0011,40.0,17.8,0.0
6510660570,DP0005,55.0,31.4,0.0
6536280416,DP0043,55.0,44.1,0.0
6534386627,DP0041,45.0,31.4,0.0
6536031925,DP0008,60.0,66.3,1.0
6536285740,DP0033,45.0,36.3,0.0
6535529080,DP0005,50.0,23.4,0.0
6533646790,DP0041,50.0,29.0,0.0
6531896101,DP0019,55.0,30.3,0.0
6531557324,DP0043,55.0,42.5,0.0
6525922296,DP0028,50.0,21.9,0.0
6511530796,DP0041,55.0,23.5,0.0
6522550457,DP0005,65.0,35.9,0.0
6527770097,DP0019,50.0,36.5,0.0
6534143855,DP0041,40.0,21.7,0.0
6532998397,DP0041,50.0,39.0,0.0
6535412938,DP0017,65.0,41.3,0.0
6521091362,DP0041,55.0,29.2,0.0
6534798467,DP0041,50.0,32.9,0.0
6531022968,DP0031,75.0,46.4,0.0
6534853338,DP0008,55.0,28.3,0.0
6533248226,DP0038,65.0,41.3,0.0
6533714255,DP0041,65.0,40.3,0.0
6530037417,DP0002,50.0,23.5,0.0
6532589246,DP0027,45.0,28.2,0.0
6530317939,DP0041,40.0,26.9,0.0
6529297493,DP0047,65.0,54.8,0.0
6532290759,DP0036,45.0,32.9,0.0
6534671571,DP0009,50.0,36.7,0.0
6531352801,DP0041,65.0,53.2,0.0
6533353854,DP0019,50.0,21.4,0.0
6521783788,DP0015,55.0,37.5,0.0
6532043535,DP0041,55.0,69.2,1.0
6523949424,DP0043,45.0,26.7,0.0
6506142838,DP0043,40.0,29.5,0.0
6531613484,DP0012,55.0,35.9,0.0
6533077061,DP0041,40.0,39.7,0.0
6528183292,DP0015,40.0,34.9,0.0
6532417295,DP0019,45.0,45.7,1.0
6533811841,DP0043,55.0,34.8,0.0
6524575730,DP0043,40.0,24.1,0.0
6523440031,DP0009,40.0,21.6,0.0
6532193398,DP0005,60.0,36.9,0.0
6532875300,DP0019,50.0,28.5,0.0
6531494881,DP0041,40.0,32.8,0.0
6532801995,DP0043,55.0,27.5,0.0
6531148869,DP0007,50.0,27.6,0.0
6529542844,DP0037,50.0,26.1,0.0
6531334190,DP0019,55.0,38.0,0.0
6530669282,DP0002,60.0,34.2,0.0
6529611677,DP0041,65.0,35.2,0.0
6532084480,DP0041,45.0,26.0,0.0
6527381282,DP0015,50.0,33.5,0.0
6519796691,DP0008,45.0,40.1,0.0
6529302115,DP0008,65.0,35.7,0.0
6530171472,DP0041,45.0,26.0,0.0
6529617721,DP0018,50.0,35.6,0.0
6530324344,DP0041,65.0,47.9,0.0
6521078270,DP0032,40.0,64.5,1.0
6529029552,DP0015,40.0,30.2,0.0
6523719758,DP0041,45.0,36.8,0.0
6527305728,DP0008,45.0,25.9,0.0
6531164870,DP0041,40.0,34.1,0.0
6529387486,DP0041,70.0,45.2,0.0
6529871216,DP0043,45.0,20.7,0.0
6529304683,DP0002,50.0,21.2,0.0
6530483002,DP0041,95.0,60.5,0.0
6530428485,DP0005,55.0,40.3,0.0
6530516705,DP0046,65.0,57.6,0.0
6530031833,DP0041,50.0,22.7,0.0
6526568968,DP0023,50.0,39.1,0.0
6522501167,DP0023,55.0,33.8,0.0
6527245649,DP0043,55.0,38.4,0.0
6524583510,DP0043,55.0,32.9,0.0
6525658408,DP0043,50.0,27.7,0.0
6527877758,DP0041,65.0,52.4,0.0
6527441575,DP0041,55.0,43.1,0.0
6520031037,DP0041,65.0,39.1,0.0
6511201036,DP0004,85.0,73.9,0.0
6521422533,DP0005,65.0,53.4,0.0
6497273251,DP0041,45.0,29.6,0.0
6527891414,DP0034,40.0,26.0,0.0
6523649387,DP0041,50.0,22.2,0.0
6522225119,DP0015,60.0,27.5,0.0
6520717194,DP0041,55.0,39.6,0.0
6523589896,DP0017,40.0,32.4,0.0
6523511919,DP0041,40.0,27.6,0.0
6524926373,DP0041,45.0,23.9,0.0
6527714720,DP0011,40.0,21.5,0.0
6518572427,DP0043,50.0,25.2,0.0
6526530538,DP0041,75.0,47.9,0.0
6525144526,DP0043,55.0,33.5,0.0
6518952193,DP0019,55.0,37.9,0.0
6524016945,DP0010,55.0,40.1,0.0
6526225677,DP0003,55.0,31.7,0.0
6525594451,DP0006,50.0,34.3,0.0
6521582466,DP0008,55.0,29.8,0.0
6523203023,DP0005,45.0,22.4,0.0
6516843657,DP0043,55.0,27.7,0.0
6525066122,DP0043,65.0,43.4,0.0
6525639476,DP0044,45.0,21.8,0.0
6526483632,DP0047,45.0,16.1,0.0
6526705695,DP0041,45.0,29.0,0.0
6525534603,DP0041,55.0,24.5,0.0
6517675152,DP0008,50.0,30.8,0.0
6522661986,DP0008,55.0,32.8,0.0
6506852474,DP0041,65.0,37.4,0.0
6525938452,DP0043,45.0,24.0,0.0
6521800787,DP0041,70.0,58.7,0.0
6524843192,DP0043,50.0,29.6,0.0
6526457130,DP0019,55.0,47.3,0.0
6525391179,DP0041,60.0,49.2,0.0
6526701864,DP0041,40.0,23.9,0.0
6517949789,DP0050,55.0,65.0,1.0
6523385102,DP0046,55.0,61.6,1.0
6526445852,DP0041,65.0,56.1,0.0
6516921448,DP0008,55.0,33.2,0.0
6526036293,DP0019,55.0,29.9,0.0
6524643237,DP0028,55.0,38.5,0.0
6517662722,DP0043,45.0,25.0,0.0
6514251461,DP0009,50.0,27.3,0.0
6526071902,DP0015,50.0,31.6,0.0
6517219451,DP0027,55.0,36.7,0.0
6524902593,DP0043,50.0,28.9,0.0
6523749006,DP0041,45.0,22.3,0.0
6525230987,DP0041,55.0,39.4,0.0
6517799948,DP0033,50.0,24.5,0.0
6524776379,DP0013,50.0,24.4,0.0
6525234635,DP0015,55.0,35.0,0.0
6521196782,DP0041,55.0,40.0,0.0
6521609415,DP0043,60.0,36.7,0.0
6523186877,DP0041,70.0,59.3,0.0
6500723735,DP0028,45.0,23.1,0.0
6523727816,DP0041,70.0,48.0,0.0
6520528064,DP0041,55.0,32.3,0.0
6523207568,DP0005,50.0,38.1,0.0
6521077160,DP0027,50.0,30.5,0.0
6516811330,DP0041,55.0,37.8,0.0
6522555277,DP0041,75.0,43.4,0.0
6521401469,DP0048,55.0,55.5,1.0
6522258403,DP0043,45.0,20.2,0.0
6517264484,DP0005,55.0,32.9,0.0
6517291425,DP0041,60.0,55.3,0.0
6523249756,DP0026,85.0,56.3,0.0
6523275063,DP0041,50.0,39.3,0.0
6517316981,DP0041,50.0,30.1,0.0
6522231595,DP0041,50.0,31.9,0.0
6509157780,DP0043,40.0,23.6,0.0
6519973320,DP0041,40.0,18.8,0.0
6500782445,DP0043,55.0,24.1,0.0
6518768982,DP0019,50.0,44.4,0.0
6522569288,DP0027,55.0,48.8,0.0
6521597087,DP0041,55.0,29.5,0.0
6522541638,DP0048,40.0,38.4,0.0
6513809872,DP0029,50.0,24.6,0.0
6515119857,DP0005,50.0,37.0,0.0
6522109220,DP0039,55.0,34.1,0.0
6513210779,DP0041,50.0,44.2,0.0
6511760753,DP0041,70.0,66.0,0.0
6519529453,DP0041,40.0,32.1,0.0
6520894085,DP0047,75.0,50.0,0.0
6515457650,DP0041,55.0,38.0,0.0
6517898385,DP0020,50.0,37.4,0.0
6519269004,DP0041,50.0,66.2,1.0
6513061363,DP0041,65.0,67.5,1.0
6519541983,DP0050,65.0,76.1,1.0
6521143054,DP0008,55.0,47.0,0.0
6510960136,DP0013,60.0,44.4,0.0
6520748520,DP0008,50.0,24.0,0.0
6517787967,DP0041,50.0,42.8,0.0
6494911094,DP0008,40.0,35.7,0.0
6515163664,DP0041,45.0,33.9,0.0
6514321238,DP0041,50.0,29.5,0.0
6520315842,DP0038,45.0,36.9,0.0
6514418408,DP0041,40.0,26.9,0.0
6519770014,DP0043,65.0,49.7,0.0
6515431714,DP0041,60.0,37.3,0.0
6513674169,DP0015,40.0,24.6,0.0
6509669663,DP0026,45.0,25.7,0.0
6503597458,DP0041,45.0,21.1,0.0
6518331216,DP0008,40.0,38.7,0.0
6509934805,DP0041,45.0,33.2,0.0
6505171992,DP0050,50.0,56.1,1.0
6515652518,DP0041,45.0,28.4,0.0
6513374745,DP0029,45.0,27.4,0.0
6502487229,DP0025,55.0,48.0,0.0
6515336182,DP0043,50.0,46.4,0.0
6511615752,DP0043,50.0,28.0,0.0
6517513437,DP0041,55.0,40.1,0.0
6517525749,DP0028,40.0,21.4,0.0
6517295856,DP0041,65.0,42.4,0.0
6515055605,DP0021,55.0,35.1,0.0
6511980415,DP0007,45.0,34.0,0.0
6509620373,DP0021,50.0,21.2,0.0
6516709484,DP0039,65.0,60.1,0.0
6515566028,DP0019,55.0,48.4,0.0
6513124216,DP0015,45.0,35.7,0.0
6513822639,DP0002,45.0,34.5,0.0
6508526512,DP0041,45.0,49.1,1.0
6508411743,DP0041,40.0,16.7,0.0
6506928467,DP0013,75.0,47.1,0.0
6516040817,DP0045,45.0,37.1,0.0
6513234525,DP0036,60.0,35.3,0.0
6516550361,,,,
6509020968,DP0015,50.0,30.1,0.0
6511050856,DP0041,55.0,34.1,0.0
6512412165,DP0015,55.0,23.4,0.0
6510392992,DP0005,60.0,41.3,0.0
6541704898,DP0041,75.0,47.4,0.0
6534476452,DP0041,50.0,25.6,0.0
6536787643,DP0041,50.0,26.8,0.0
6541021340,DP0041,50.0,45.9,0.0
6542436163,DP0047,50.0,33.6,0.0
6532434755,DP0005,50.0,28.1,0.0
6536160843,DP0005,45.0,29.9,0.0
6537002523,DP0049,65.0,53.4,0.0
6535999660,DP0041,85.0,68.9,0.0
6539730248,DP0041,45.0,20.8,0.0
6534164287,DP0006,55.0,43.5,0.0
6528139014,DP0005,50.0,35.3,0.0
6536065791,DP0009,45.0,37.0,0.0
6501410855,DP0038,70.0,59.5,0.0
6534952462,DP0007,85.0,52.4,0.0
6537534578,DP0039,50.0,33.6,0.0
6538848304,DP0041,55.0,43.8,0.0
6538637345,DP0001,45.0,43.6,0.0
6538257690,DP0007,75.0,57.4,0.0
6537144505,DP0030,40.0,30.1,0.0
6530168593,DP0005,65.0,44.0,0.0
6537826231,DP0008,50.0,34.1,0.0
6531276481,DP0015,60.0,41.8,0.0
6534434196,DP0038,40.0,17.5,0.0
6532376700,DP0041,55.0,36.7,0.0
6536306218,DP0008,50.0,41.5,0.0
6537066869,DP0041,55.0,39.0,0.0
6536198991,DP0043,50.0,36.3,0.0
6528787054,DP0041,65.0,40.0,0.0
6535664299,DP0005,50.0,33.4,0.0
6495719852,DP0039,50.0,41.1,0.0
6534183854,DP0041,45.0,31.7,0.0
6532044234,DP0048,70.0,64.9,0.0
6530699691,DP0047,50.0,35.6,0.0
6527627484,DP0033,55.0,37.5,0.0
6534564790,DP0041,40.0,33.9,0.0
6531459244,DP0043,80.0,62.9,0.0
6530107414,DP0042,45.0,26.7,0.0
6529244652,DP0041,50.0,26.6,0.0
6526540258,DP0019,50.0,31.3,0.0
6532613198,DP0008,50.0,36.2,0.0
6526498050,DP0041,70.0,47.4,0.0
6530969560,DP0041,45.0,29.2,0.0
6531783237,DP0048,75.0,57.3,0.0
6528149555,DP0043,45.0,27.4,0.0
6511489675,DP0015,55.0,26.7,0.0
6532794861,DP0041,55.0,44.5,0.0
6523088017,DP0019,75.0,54.5,0.0
6532007079,DP0041,95.0,80.7,0.0
6532667272,DP0041,60.0,38.4,0.0
6531073102,DP0019,50.0,38.6,0.0
6525961782,DP0015,50.0,38.3,0.0
6524680154,DP0007,50.0,30.3,0.0
6532235532,DP0005,60.0,37.5,0.0
6529387869,DP0043,50.0,37.5,0.0
6526835587,DP0005,70.0,60.9,0.0
6528747381,DP0005,50.0,34.2,0.0
6530524981,DP0016,40.0,49.6,1.0
6522391851,DP0043,50.0,31.9,0.0
6530633412,DP0026,70.0,52.7,0.0
6526695255,DP0013,40.0,20.4,0.0
6520744846,DP0041,85.0,57.1,0.0
6522975270,DP0023,50.0,30.0,0.0
6529581051,DP0026,55.0,43.1,0.0
6529703540,DP0041,50.0,33.8,0.0
6523949176,DP0018,50.0,27.3,0.0
6523785415,DP0043,70.0,56.2,0.0
6523477115,DP0041,45.0,51.6,1.0
6526551606,DP0041,45.0,44.7,0.0
6526999755,DP0019,50.0,34.1,0.0
6526027783,DP0043,50.0,23.7,0.0
6525565244,DP0041,55.0,43.2,0.0
6490196076,DP0008,55.0,39.5,0.0
6521779857,DP0015,80.0,57.9,0.0
6526310628,,,,
6514229098,DP0041,55.0,33.2,0.0
6522582035,DP0044,50.0,21.5,0.0
6526098073,DP0041,50.0,31.0,0.0
6526531883,DP0041,55.0,31.5,0.0
6527122637,DP0018,50.0,31.9,0.0
6519532445,DP0041,45.0,39.9,0.0
6525672799,DP0049,65.0,54.1,0.0
6525360686,DP0041,50.0,39.4,0.0
6522722242,DP0009,80.0,55.6,0.0
6526899689,DP0006,50.0,43.5,0.0
6525452528,DP0019,50.0,38.4,0.0
6526504572,DP0041,50.0,31.7,0.0
6526444691,DP0046,40.0,53.9,1.0
6525015614,DP0020,50.0,38.6,0.0
6523769659,DP0021,50.0,53.6,1.0
6521280380,DP0041,55.0,43.2,0.0
6526180290,DP0043,50.0,33.1,0.0
6522476277,DP0038,45.0,26.4,0.0
6521930107,DP0015,50.0,26.2,0.0
6515486104,DP0009,55.0,37.6,0.0
6523854626,DP0041,55.0,38.7,0.0
6522587649,DP0041,50.0,32.8,0.0
6522213071,DP0019,45.0,26.1,0.0
6520833360,DP0041,45.0,40.9,0.0
6522987560,DP0041,50.0,36.2,0.0
6524207885,DP0039,85.0,59.2,0.0
6522834298,DP0013,50.0,46.9,0.0
6521548312,DP0043,50.0,48.7,0.0
6516654053,DP0041,80.0,47.2,0.0
6513768499,DP0041,50.0,43.0,0.0
6519929762,DP0041,55.0,31.6,0.0
6521676061,DP0050,45.0,52.4,1.0
6519902812,DP0041,55.0,53.6,0.0
6522409948,,,,
6522723222,DP0028,65.0,54.3,0.0
6522569829,DP0028,45.0,28.4,0.0
6520794166,DP0019,65.0,40.8,0.0
6522184544,DP0048,55.0,63.4,1.0
6521861003,DP0043,45.0,33.2,0.0
6520085140,DP0022,55.0,32.9,0.0
6519594139,DP0021,55.0,39.7,0.0
6517674672,DP0006,50.0,41.1,0.0
6510440929,DP0043,45.0,54.5,1.0
6519264104,DP0029,65.0,45.6,0.0
6515572523,DP0041,55.0,48.7,0.0
6519623503,DP0043,45.0,25.7,0.0
6514453722,DP0036,50.0,29.4,0.0
6495021681,DP0041,60.0,48.4,0.0
6519122791,DP0038,45.0,38.8,0.0
6516575308,DP0041,50.0,29.0,0.0
6515094002,DP0038,45.0,27.0,0.0
6513883596,DP0033,50.0,25.6,0.0
6516403508,DP0049,40.0,51.4,1.0
6515033208,DP0041,60.0,64.7,1.0
6513983908,DP0028,45.0,39.3,0.0
6517508097,DP0019,45.0,35.9,0.0
6510892764,DP0005,55.0,37.1,0.0
6508789323,DP0041,55.0,34.6,0.0
6515726161,DP0029,40.0,38.8,0.0
6516374116,DP0041,55.0,46.2,0.0
6542184698,DP0028,40.0,25.6,0.0
6534307633,DP0029,40.0,25.0,0.0
6540851133,DP0041,50.0,41.0,0.0
6543517447,DP0041,45.0,22.0,0.0
6532935291,DP0043,60.0,43.0,0.0
6531850884,DP0041,50.0,27.3,0.0
6530493227,DP0016,55.0,31.8,0.0
6541361680,DP0041,50.0,32.0,0.0
6532073969,DP0002,55.0,36.3,0.0
6533254524,DP0021,45.0,27.5,0.0
6541695196,DP0015,55.0,34.1,0.0
6541136280,DP0041,50.0,33.5,0.0
6541886312,DP0008,50.0,39.6,0.0
6542983663,DP0019,50.0,44.8,0.0
6542289479,DP0025,60.0,41.5,0.0
6543382182,DP0002,55.0,40.5,0.0
6542133194,DP0005,55.0,32.6,0.0
6543245440,DP0021,55.0,38.8,0.0
6540612134,DP0015,60.0,59.9,0.0
6538946045,DP0007,50.0,29.9,0.0
6541244390,DP0008,40.0,19.3,0.0
6539097856,DP0043,65.0,39.3,0.0
6533584262,DP0041,50.0,25.4,0.0
6539177666,DP0041,70.0,51.6,0.0
6537090075,DP0043,50.0,47.0,0.0
6540605834,DP0004,45.0,47.4,1.0
6538680480,DP0027,45.0,23.2,0.0
6529476871,DP0041,45.0,22.7,0.0
6532413170,DP0041,45.0,14.6,0.0
6535058027,DP0049,50.0,35.5,0.0
6534917331,DP0045,50.0,53.3,1.0
6537558797,DP0009,60.0,46.1,0.0
6531283764,DP0048,65.0,53.2,0.0
6531734109,DP0046,45.0,50.9,1.0
6533402807,DP0029,55.0,37.2,0.0
6532051895,DP0049,50.0,32.3,0.0
6530024129,DP0005,50.0,37.2,0.0
6529216880,DP0041,50.0,63.2,1.0
6525555208,DP0019,45.0,27.8,0.0
6524435938,DP0008,45.0,32.7,0.0
6503325682,DP0041,55.0,49.7,0.0
6528395871,DP0021,45.0,32.1,0.0
6529071239,DP0041,45.0,51.6,1.0
6526195515,DP0041,55.0,33.3,0.0
6525520696,DP0033,45.0,24.4,0.0
6515217792,DP0012,45.0,34.1,0.0
6513846465,DP0041,55.0,42.3,0.0
6523673769,DP0042,45.0,39.0,0.0
6520809266,DP0041,45.0,37.7,0.0
6524298336,DP0041,55.0,36.2,0.0
6521064236,DP0041,55.0,47.9,0.0
6523180833,DP0033,60.0,37.6,0.0
6509591749,DP0041,55.0,33.5,0.0
6521982052,DP0049,50.0,39.2,0.0
6521634739,DP0041,55.0,36.3,0.0
6518033243,DP0038,50.0,29.5,0.0
6513612986,DP0041,50.0,33.2,0.0
6520167921,DP0041,55.0,33.0,0.0
6518762258,DP0041,55.0,44.4,0.0
6515728367,DP0041,45.0,37.3,0.0
6543053457,DP0041,55.0,32.3,0.0
6533113909,DP0024,45.0,33.1,0.0
6532457041,DP0036,55.0,50.9,0.0
6530825464,DP0043,45.0,38.9,0.0
6528600492,,,,
6529516298,DP0047,55.0,39.2,0.0
6525532630,DP0010,50.0,33.3,0.0
6524322926,DP0016,55.0,53.9,0.0
6541063242,DP0041,50.0,38.6,0.0
6536176455,DP0041,40.0,37.8,0.0
6517543420,DP0041,55.0,35.1,0.0
6531037899,DP0010,65.0,49.9,0.0
6530539869,DP0015,40.0,30.3,0.0
6524264289,DP0041,40.0,16.7,0.0
6514230432,DP0019,45.0,29.0,0.0
6533799887,DP0038,50.0,27.3,0.0
6540000033,DP0041,55.0,39.1,0.0
6536783395,DP0041,45.0,36.6,0.0
6537780346,DP0018,40.0,15.0,0.0
6533720985,DP0009,40.0,32.5,0.0
6528748139,DP0034,50.0,48.3,0.0
6535477130,DP0005,55.0,35.0,0.0
6519275103,DP0041,55.0,33.6,0.0
6531727440,DP0043,45.0,34.0,0.0
6506509715,DP0007,40.0,24.2,0.0
6525743944,DP0007,40.0,21.6,0.0
6526580436,DP0005,40.0,34.0,0.0
6521551171,DP0043,45.0,31.8,0.0
6519340981,DP0005,40.0,25.4,0.0
6516252863,DP0049,45.0,27.0,0.0
6518314906,DP0028,45.0,17.4,0.0
6536641129,DP0024,55.0,43.9,0.0
6540375947,DP0006,55.0,40.8,0.0
6542235977,DP0041,50.0,36.1,0.0
6537260691,DP0041,65.0,50.4,0.0
6541588993,DP0041,65.0,45.0,0.0
6528879006,DP0021,40.0,18.3,0.0
6528679234,DP0028,55.0,31.6,0.0
6540540604,DP0023,50.0,32.1,0.0
6533113848,DP0038,50.0,28.2,0.0
6539665622,DP0026,50.0,31.0,0.0
6496915379,DP0041,60.0,34.2,0.0
6531744302,DP0019,50.0,39.5,0.0
6516643554,DP0027,40.0,25.5,0.0
6534414101,DP0039,55.0,37.4,0.0
6531856493,DP0002,55.0,38.3,0.0
6530377812,DP0041,95.0,68.2,0.0
6537646793,DP0019,55.0,33.0,0.0
6532560480,DP0005,40.0,27.3,0.0
6534259598,DP0043,75.0,67.8,0.0
6534491250,DP0023,65.0,41.9,0.0
6531170348,DP0038,70.0,48.8,0.0
6536406906,DP0042,65.0,37.7,0.0
6535339144,DP0009,50.0,33.0,0.0
6530544859,DP0043,50.0,28.6,0.0
6535149481,DP0016,40.0,23.6,0.0
6534641023,DP0041,45.0,36.1,0.0
6527328636,DP0041,50.0,40.3,0.0
6529249145,DP0043,40.0,24.0,0.0
6533116778,DP0041,40.0,26.4,0.0
6525170607,DP0040,75.0,51.9,0.0
6533571051,DP0041,40.0,31.3,0.0
6528460657,DP0015,50.0,34.3,0.0
6528910120,DP0041,55.0,39.9,0.0
6528901796,DP0012,50.0,36.9,0.0
6532607134,DP0041,50.0,39.9,0.0
6531720959,DP0041,45.0,21.5,0.0
6525596263,DP0043,55.0,49.3,0.0
6524252678,DP0039,50.0,33.1,0.0
6525029080,DP0041,40.0,34.6,0.0
6524828762,DP0009,45.0,24.9,0.0
6530798095,DP0008,70.0,37.7,0.0
6531397851,,,,
6526086062,DP0041,45.0,36.2,0.0
6522306592,DP0041,65.0,43.7,0.0
6525485992,DP0041,40.0,37.1,0.0
6529507302,DP0019,40.0,37.1,0.0
6529736519,DP0041,90.0,67.7,0.0
6518312664,DP0013,85.0,84.7,0.0
6520737811,DP0015,40.0,28.2,0.0
6527472436,DP0005,55.0,47.9,0.0
6522939934,DP0041,55.0,33.3,0.0
6526114027,DP0041,50.0,28.6,0.0
6526752615,DP0016,50.0,30.2,0.0
6527657244,DP0041,40.0,31.8,0.0
6527297330,DP0028,40.0,22.1,0.0
6525651188,DP0043,85.0,83.1,0.0
6525067135,DP0041,50.0,24.7,0.0
6520497943,DP0004,40.0,32.2,0.0
6527151659,DP0049,55.0,34.6,0.0
6526315018,DP0005,50.0,27.0,0.0
6525667231,DP0041,50.0,28.7,0.0
6525769102,DP0039,90.0,58.9,0.0
6525482985,DP0018,45.0,24.5,0.0
6526772933,DP0041,55.0,29.9,0.0
6524960383,DP0008,55.0,55.2,1.0
6525400397,DP0043,50.0,23.5,0.0
6519455786,DP0018,75.0,51.4,0.0
6524952585,DP0028,75.0,51.6,0.0
6520848264,DP0041,40.0,35.8,0.0
6525481199,DP0001,50.0,43.3,0.0
6520082223,DP0041,40.0,40.5,1.0
6525442244,DP0043,55.0,39.3,0.0
6493514938,DP0041,50.0,25.2,0.0
6521532379,DP0033,40.0,32.6,0.0
6502459041,DP0041,45.0,34.8,0.0
6522027033,DP0044,50.0,68.7,1.0
6524850765,DP0013,50.0,53.4,1.0
6518780949,DP0041,40.0,34.3,0.0
6523686104,DP0015,50.0,41.2,0.0
6521888352,DP0043,55.0,56.5,1.0
6517605431,DP0041,50.0,37.5,0.0
6516496562,DP0041,45.0,24.3,0.0
6517526256,DP0044,50.0,43.6,0.0
6519044027,DP0015,50.0,16.8,0.0
6517731869,DP0005,55.0,34.4,0.0
6520110018,DP0019,40.0,25.1,0.0
6519508481,DP0034,55.0,43.5,0.0
6519028415,DP0041,50.0,32.0,0.0
6520220958,DP0041,50.0,29.8,0.0
6516714557,DP0027,50.0,31.2,0.0
6519122827,DP0041,60.0,44.1,0.0
6518434154,DP0041,50.0,34.5,0.0
6518697677,DP0015,50.0,24.6,0.0
6518223566,DP0015,40.0,36.4,0.0
6510454386,DP0041,40.0,18.8,0.0
6501249243,DP0039,40.0,25.6,0.0
6518004772,DP0046,40.0,35.5,0.0
6517055032,DP0028,75.0,49.1,0.0
6517149376,DP0041,50.0,31.3,0.0
6516148021,DP0041,40.0,24.3,0.0
6516512818,DP0005,50.0,30.8,0.0
6510842746,DP0005,70.0,50.9,0.0
6513147145,DP0015,50.0,50.4,1.0
6507980066,DP0008,45.0,25.7,0.0
6508904961,,,,
6542141553,DP0041,40.0,41.9,1.0
6542336369,DP0041,50.0,30.6,0.0
6537591535,DP0041,50.0,40.1,0.0
6494505306,DP0007,45.0,28.8,0.0
6527566736,DP0041,50.0,42.0,0.0
6516621997,DP0036,40.0,31.6,0.0
6530166314,DP0043,55.0,38.4,0.0
6508846835,DP0043,55.0,31.3,0.0
6515445444,DP0041,50.0,40.9,0.0
6512377059,DP0041,45.0,28.9,0.0
6511945949,DP0007,55.0,44.9,0.0
6538888492,DP0005,75.0,53.7,0.0
6538856102,DP0043,50.0,45.2,0.0
6518422301,DP0038,50.0,33.8,0.0
6537696825,DP0039,55.0,30.0,0.0
6543744334,DP0043,55.0,33.2,0.0
6543416768,DP0041,70.0,63.5,0.0
6532480978,DP0012,40.0,39.9,0.0
6543867662,DP0015,50.0,37.6,0.0
6528888506,DP0002,50.0,43.5,0.0
6541845025,DP0041,50.0,34.0,0.0
6539681049,DP0041,40.0,28.0,0.0
6540304957,DP0046,50.0,46.8,0.0
6537370010,DP0041,50.0,51.9,1.0
6538496159,DP0006,50.0,27.7,0.0
6538502532,DP0009,40.0,26.1,0.0
6534787016,DP0041,40.0,24.1,0.0
6533081527,DP0043,60.0,38.5,0.0
6535383167,DP0018,90.0,72.1,0.0
6535347183,DP0041,60.0,34.6,0.0
6534993386,DP0021,85.0,55.7,0.0
6522714614,DP0019,55.0,31.6,0.0
6527535098,DP0043,55.0,47.9,0.0
6478844555,DP0005,40.0,32.0,0.0
6527352700,DP0041,55.0,55.8,1.0
6526278858,DP0005,55.0,45.6,0.0
6525927684,DP0041,40.0,32.3,0.0
6522822116,DP0042,50.0,23.8,0.0
6518270312,DP0043,50.0,42.3,0.0
6524671223,DP0012,40.0,53.6,1.0
6524606569,DP0008,40.0,27.9,0.0
6522656843,DP0041,55.0,60.1,1.0
6521339298,DP0019,65.0,56.0,0.0
6520778586,DP0041,40.0,29.4,0.0
6521967548,DP0041,40.0,26.1,0.0
6519223771,DP0008,40.0,32.3,0.0
6519169651,DP0041,50.0,35.6,0.0
6517215437,DP0041,40.0,25.1,0.0
6512318398,DP0047,50.0,47.4,0.0
6511924680,DP0033,50.0,43.0,0.0
6512255210,DP0026,45.0,35.8,0.0
6520003120,DP0014,55.0,36.7,0.0
6533148494,DP0012,65.0,36.8,0.0
6529519526,DP0023,85.0,61.8,0.0
6533532443,DP0049,55.0,35.3,0.0
6530701960,DP0006,65.0,50.1,0.0
6533818621,DP0019,85.0,59.7,0.0
6535477260,DP0005,65.0,34.8,0.0
6534045701,DP0019,85.0,65.7,0.0
6528930766,DP0006,70.0,52.3,0.0
6530006797,DP0041,65.0,57.6,0.0
6522396513,DP0039,65.0,44.5,0.0
6524718795,DP0010,65.0,50.4,0.0
6524280566,DP0010,65.0,47.4,0.0
6527886098,DP0041,65.0,46.3,0.0
6531019490,DP0033,65.0,33.0,0.0
6526515277,DP0005,75.0,50.4,0.0
6529746873,DP0043,40.0,18.1,0.0
6531535197,DP0034,65.0,54.8,0.0
6531685884,DP0041,55.0,34.0,0.0
6524026445,DP0043,65.0,31.9,0.0
6529592658,DP0034,65.0,38.7,0.0
6528361783,DP0041,90.0,71.1,0.0
6524306558,DP0043,90.0,92.8,1.0
6523518116,DP0010,65.0,63.1,0.0
6528772075,DP0043,90.0,65.1,0.0
6519048863,DP0007,50.0,41.0,0.0
6541615872,DP0019,65.0,52.8,0.0
6541230185,DP0041,85.0,50.8,0.0
6528092005,DP0043,65.0,58.1,0.0
6536391636,DP0041,85.0,54.7,0.0
6535166607,DP0007,65.0,33.2,0.0
6527603734,DP0041,45.0,22.6,0.0
6531573452,DP0041,65.0,36.8,0.0
6533009485,DP0019,65.0,56.3,0.0
6523132819,DP0049,65.0,39.0,0.0
6523447961,DP0026,65.0,39.9,0.0
6533524401,DP0015,85.0,62.8,0.0
6530745989,,,,
6529552347,DP0030,75.0,49.2,0.0
6529177136,DP0041,40.0,25.7,0.0
6502115523,DP0015,65.0,39.2,0.0
6530437995,DP0041,65.0,44.9,0.0
6530212323,,,,
6528898186,DP0039,65.0,34.1,0.0
6526365125,DP0041,65.0,40.3,0.0
6528706664,DP0008,90.0,52.2,0.0
6522585109,DP0041,90.0,65.7,0.0
6504226343,DP0041,90.0,55.4,0.0
6521088513,DP0041,85.0,54.5,0.0
6524308699,DP0041,65.0,46.5,0.0
6510474192,DP0043,65.0,70.9,1.0
6572395200,DP0049,40.0,25.5,0.0
6568558124,DP0012,50.0,30.1,0.0
6569229564,DP0041,50.0,36.8,0.0
6571261621,DP0005,50.0,29.2,0.0
6572755124,DP0005,55.0,33.6,0.0
6564380625,DP0019,45.0,17.4,0.0
6572324400,DP0048,50.0,44.9,0.0
6572415198,DP0041,50.0,32.0,0.0
6555748484,DP0019,40.0,23.3,0.0
6561718946,DP0008,55.0,30.8,0.0
6571967859,DP0043,70.0,47.2,0.0
6570499764,DP0028,45.0,25.8,0.0
6563103295,DP0021,60.0,43.2,0.0
6569084273,DP0043,45.0,50.0,1.0
6563143205,DP0041,45.0,35.6,0.0
6563863445,DP0009,55.0,41.1,0.0
6572342711,DP0038,45.0,32.2,0.0
6568788474,DP0043,40.0,26.0,0.0
6570995779,DP0043,55.0,42.4,0.0
6571670270,DP0005,50.0,33.2,0.0
6569449373,DP0019,50.0,35.7,0.0
6568691503,DP0008,55.0,41.5,0.0
6572088398,DP0041,40.0,25.0,0.0
6572000694,DP0041,40.0,30.9,0.0
6566198629,DP0019,50.0,35.4,0.0
6570587528,DP0041,45.0,24.9,0.0
6564229842,DP0041,40.0,19.6,0.0
6565380919,DP0041,50.0,33.3,0.0
6570211069,DP0046,50.0,36.8,0.0
6571056283,DP0038,55.0,42.2,0.0
6570747527,DP0026,60.0,42.6,0.0
6541302789,DP0041,55.0,48.6,0.0
6548749942,DP0041,40.0,29.6,0.0
6559803787,DP0013,60.0,47.5,0.0
6567218980,DP0043,55.0,49.8,0.0
6564109519,DP0005,45.0,37.6,0.0
6568195812,DP0002,45.0,25.4,0.0
6569818723,DP0009,45.0,24.9,0.0
6565715000,DP0048,55.0,36.9,0.0
6569276211,DP0041,50.0,40.5,0.0
6568081937,DP0005,65.0,48.2,0.0
6566597959,DP0050,50.0,31.6,0.0
6567909867,DP0041,40.0,9.1,0.0
6547139548,,,,
6564322479,DP0015,50.0,35.0,0.0
6564852961,DP0007,50.0,38.0,0.0
6566918665,DP0041,55.0,29.3,0.0
6562127519,DP0041,55.0,34.9,0.0
6564420712,DP0041,50.0,29.5,0.0
6565170083,DP0041,50.0,59.4,1.0
6564652185,DP0041,40.0,19.9,0.0
6538362361,DP0015,50.0,40.6,0.0
6564446005,DP0041,45.0,21.5,0.0
6557300755,DP0033,50.0,36.9,0.0
6562571306,DP0005,45.0,24.1,0.0
6552086797,DP0015,50.0,37.8,0.0
6564786158,DP0041,65.0,51.2,0.0
6553695708,DP0043,65.0,54.0,0.0
6555545580,DP0019,65.0,40.9,0.0
6561967709,DP0013,40.0,23.7,0.0
6559707641,DP0004,45.0,53.9,1.0
6563669566,DP0046,40.0,42.8,1.0
6563211586,DP0041,50.0,29.0,0.0
6554287853,DP0047,55.0,33.8,0.0
6554296599,DP0043,45.0,28.3,0.0
6562166586,DP0026,50.0,26.6,0.0
6558281795,DP0007,40.0,41.6,1.0
6561951758,DP0041,65.0,55.2,0.0
6559999276,DP0004,65.0,83.3,1.0
6560129465,DP0008,70.0,44.7,0.0
6547228870,DP0015,50.0,36.9,0.0
6561129246,DP0041,60.0,42.4,0.0
6561298754,DP0041,60.0,44.3,0.0
6545504002,DP0021,55.0,49.0,0.0
6553771595,DP0041,60.0,45.3,0.0
6556258834,DP0008,50.0,31.6,0.0
6560454892,DP0041,50.0,39.7,0.0
6556762513,DP0041,55.0,28.4,0.0
6559879757,DP0015,60.0,50.2,0.0
6559937864,DP0041,65.0,45.8,0.0
6556706681,DP0041,65.0,60.8,0.0
6551996411,DP0005,65.0,57.6,0.0
6557266532,DP0019,65.0,69.2,1.0
6558215311,DP0050,55.0,42.2,0.0
6557295515,DP0006,75.0,56.0,0.0
6555423086,DP0041,55.0,36.2,0.0
6554133417,DP0043,50.0,39.5,0.0
6552868147,DP0020,50.0,27.2,0.0
6554754663,DP0019,70.0,55.5,0.0
6554222986,DP0043,70.0,47.7,0.0
6555380890,DP0021,50.0,39.4,0.0
6553688748,DP0041,55.0,39.5,0.0
6550554764,DP0041,50.0,33.4,0.0
6555615702,DP0041,50.0,35.3,0.0
6555581392,DP0050,55.0,43.7,0.0
6554077369,DP0041,60.0,51.1,0.0
6550017520,DP0041,55.0,51.2,0.0
6542544120,DP0043,55.0,44.6,0.0
6553334005,DP0043,65.0,39.2,0.0
6551235205,DP0048,50.0,43.3,0.0
6543475569,DP0041,45.0,27.6,0.0
6550719434,DP0014,50.0,27.0,0.0
6553645286,DP0041,55.0,39.0,0.0
6551608473,DP0005,40.0,18.9,0.0
6548018052,DP0023,50.0,24.1,0.0
6547270824,DP0007,60.0,46.8,0.0
6549290401,DP0046,50.0,45.1,0.0
6551774558,DP0026,50.0,30.1,0.0
6551390053,DP0041,50.0,36.3,0.0
6542570341,DP0041,50.0,30.0,0.0
6547205751,DP0007,45.0,26.6,0.0
6550672961,DP0041,45.0,31.4,0.0
6550225458,DP0041,50.0,32.9,0.0
6549031482,DP0043,45.0,27.3,0.0
6542958279,DP0005,55.0,33.4,0.0
6546371706,DP0019,40.0,30.4,0.0
6544369253,DP0041,70.0,57.7,0.0
6549138401,DP0005,45.0,33.9,0.0
6547293684,DP0015,65.0,53.2,0.0
6545076122,DP0015,45.0,38.8,0.0
6525586096,DP0041,55.0,45.0,0.0
6546963815,DP0019,40.0,30.3,0.0
6546870131,DP0041,65.0,50.1,0.0
6546182113,DP0047,75.0,52.6,0.0
6540864203,DP0041,60.0,28.8,0.0
6528655918,DP0026,45.0,31.7,0.0
6536631999,DP0041,60.0,30.0,0.0
6542352258,,,,
6545574278,DP0002,50.0,33.9,0.0
6533469994,DP0019,40.0,23.5,0.0
6544538206,DP0029,55.0,33.1,0.0
6544879762,DP0041,60.0,46.7,0.0
6543560059,DP0045,50.0,29.8,0.0
6542141328,DP0046,60.0,63.5,1.0
6538366308,DP0005,60.0,41.2,0.0
6541243552,DP0041,45.0,39.2,0.0
6571201675,DP0005,45.0,36.3,0.0
6567805647,DP0041,50.0,32.8,0.0
6562072123,DP0007,55.0,33.5,0.0
6564628841,DP0046,65.0,60.5,0.0
6566914428,DP0043,40.0,28.2,0.0
6560538601,DP0003,50.0,39.0,0.0
6570990812,DP0041,40.0,23.9,0.0
6564687774,DP0041,45.0,33.1,0.0
6572689299,DP0041,50.0,29.9,0.0
6569649103,DP0041,40.0,22.0,0.0
6569074064,DP0041,45.0,34.2,0.0
6567507831,DP0043,45.0,27.8,0.0
6524291941,DP0041,40.0,23.2,0.0
6570320079,DP0041,50.0,29.9,0.0
6571857111,DP0041,40.0,20.0,0.0
6553121232,DP0049,50.0,34.5,0.0
6570801253,DP0020,40.0,28.3,0.0
6571491482,DP0007,40.0,24.4,0.0
6571350658,DP0041,40.0,38.1,0.0
6557136111,DP0048,40.0,37.6,0.0
6571970354,DP0007,55.0,61.4,1.0
6570877098,DP0038,45.0,34.7,0.0
6564055943,DP0005,40.0,69.0,1.0
6569716162,DP0041,50.0,46.7,0.0
6567872306,DP0046,50.0,51.8,1.0
6570481029,DP0041,55.0,53.7,0.0
6571926452,DP0036,40.0,40.2,1.0
6564913301,DP0043,55.0,55.7,1.0
6565536077,DP0008,55.0,50.0,0.0
6572084413,DP0043,50.0,42.9,0.0
6571925652,DP0033,40.0,40.5,1.0
6570312809,DP0041,45.0,43.6,0.0
6571063281,DP0041,55.0,41.1,0.0
6571478960,DP0041,40.0,36.3,0.0
6564614261,DP0044,60.0,51.5,0.0
6561608677,DP0046,50.0,44.3,0.0
6567777051,DP0042,40.0,28.1,0.0
6569618538,DP0013,45.0,27.2,0.0
6554680669,DP0026,40.0,18.5,0.0
6569110084,DP0041,55.0,39.5,0.0
6568693587,DP0043,55.0,43.4,0.0
6570658267,DP0041,40.0,34.0,0.0
6564515061,DP0048,55.0,49.3,0.0
6568305556,DP0049,40.0,29.9,0.0
6566004246,DP0041,50.0,30.3,0.0
6569432054,DP0043,55.0,30.2,0.0
6568203757,DP0050,55.0,46.7,0.0
6568508371,DP0043,45.0,21.3,0.0
6568932752,DP0041,40.0,21.1,0.0
6567669839,DP0043,55.0,31.0,0.0
6562675492,DP0005,50.0,57.8,1.0
6561844291,DP0041,40.0,22.7,0.0
6558280223,DP0015,40.0,20.9,0.0
6565710363,DP0007,40.0,24.7,0.0
6568110722,DP0043,55.0,37.5,0.0
6567465829,DP0041,40.0,23.7,0.0
6567352327,DP0017,50.0,26.6,0.0
6567754154,DP0033,40.0,27.2,0.0
6567809740,DP0048,45.0,38.5,0.0
6562758003,DP0043,45.0,30.0,0.0
6563536523,DP0002,50.0,33.2,0.0
6561677856,DP0048,40.0,46.7,1.0
6564518437,DP0028,40.0,18.0,0.0
6562184036,DP0041,55.0,38.8,0.0
6560599264,DP0041,45.0,31.8,0.0
6558782264,DP0043,40.0,27.7,0.0
6556375203,DP0043,65.0,43.6,0.0
6565651748,DP0019,75.0,46.6,0.0
6561897110,DP0041,55.0,26.6,0.0
6558866248,DP0033,50.0,22.2,0.0
6561086364,DP0041,65.0,44.9,0.0
6565347315,DP0041,40.0,14.4,0.0
6565463540,DP0033,50.0,35.1,0.0
6564739446,DP0041,55.0,32.5,0.0
6563608531,DP0015,50.0,30.0,0.0
6550069279,DP0041,40.0,29.7,0.0
6561677189,DP0041,55.0,37.1,0.0
6535190926,DP0038,50.0,27.0,0.0
6563241496,DP0048,55.0,61.6,1.0
6555112034,DP0005,55.0,44.5,0.0
6564836857,DP0041,45.0,23.9,0.0
6553246321,DP0041,55.0,48.5,0.0
6563561482,DP0005,50.0,35.2,0.0
6563832984,DP0015,45.0,19.6,0.0
6558783719,DP0043,55.0,35.2,0.0
6555188920,DP0041,50.0,30.5,0.0
6559936135,DP0039,55.0,48.1,0.0
6552726549,DP0037,40.0,26.9,0.0
6552876573,DP0043,50.0,35.7,0.0
6562234919,DP0028,45.0,41.7,0.0
6562377150,DP0043,40.0,24.3,0.0
6560398967,DP0021,45.0,21.6,0.0
6560978882,DP0041,55.0,31.6,0.0
6559792685,DP0008,50.0,32.0,0.0
6561094202,DP0041,50.0,34.6,0.0
6557316110,DP0041,40.0,9.9,0.0
6558572141,DP0041,55.0,40.9,0.0
6557398551,DP0003,60.0,78.0,1.0
6556773500,DP0041,45.0,51.2,1.0
6551410448,DP0015,55.0,31.4,0.0
6558636177,DP0037,40.0,22.5,0.0
6556696113,DP0043,40.0,30.0,0.0
6557659887,DP0041,45.0,36.9,0.0
6556687000,DP0016,60.0,38.1,0.0
6556076491,DP0049,40.0,30.4,0.0
6558262420,DP0043,45.0,22.8,0.0
6555137263,DP0041,40.0,17.5,0.0
6556975384,DP0041,40.0,31.7,0.0
6554521148,DP0043,50.0,32.2,0.0
6554158370,DP0041,50.0,30.7,0.0
6557035888,DP0041,55.0,54.6,0.0
6553805762,DP0041,50.0,24.8,0.0
6547719198,DP0015,55.0,44.5,0.0
6553200328,DP0043,55.0,38.7,0.0
6542112025,DP0041,50.0,35.7,0.0
6557824858,DP0041,50.0,50.6,1.0
6551764906,DP0005,40.0,40.1,1.0
6557223937,DP0021,55.0,34.3,0.0
6554204815,DP0038,40.0,34.1,0.0
6539108770,DP0037,55.0,27.0,0.0
6547941719,DP0041,50.0,21.3,0.0
6552174562,DP0019,65.0,59.4,0.0
6552383653,DP0012,55.0,37.9,0.0
6556526366,DP0041,50.0,30.0,0.0
6548900133,DP0041,45.0,13.8,0.0
6548467520,DP0008,55.0,41.2,0.0
6555401013,DP0001,45.0,35.0,0.0
6552015256,DP0043,50.0,48.3,0.0
6551027370,DP0005,50.0,29.5,0.0
6543360808,DP0043,45.0,26.6,0.0
6545369716,DP0034,50.0,30.9,0.0
6554061392,DP0041,45.0,27.3,0.0
6551763788,DP0012,70.0,48.8,0.0
6552614926,DP0041,50.0,27.4,0.0
6552236208,DP0012,40.0,14.8,0.0
6545659441,DP0032,50.0,27.1,0.0
6551999992,DP0016,55.0,40.4,0.0
6551639243,DP0043,40.0,23.2,0.0
6545542087,DP0043,45.0,26.1,0.0
6552743893,DP0029,40.0,11.5,0.0
6551453184,DP0021,50.0,27.3,0.0
6536693794,DP0041,45.0,31.2,0.0
6549329589,DP0043,55.0,35.4,0.0
6547432133,DP0041,55.0,46.7,0.0
6550635526,DP0043,65.0,51.7,0.0
6548528907,DP0032,55.0,44.4,0.0
6549328344,DP0008,40.0,22.4,0.0
6543203646,DP0012,45.0,31.9,0.0
6550199542,DP0041,40.0,30.0,0.0
6542970914,DP0036,40.0,22.2,0.0
6546726480,DP0008,45.0,21.8,0.0
6537738010,DP0019,40.0,30.0,0.0
6548660882,DP0041,50.0,26.7,0.0
6548405905,DP0008,45.0,34.4,0.0
6540889690,DP0002,50.0,42.3,0.0
6529263488,DP0043,55.0,46.9,0.0
6550744385,DP0021,40.0,22.4,0.0
6549292590,DP0015,40.0,22.6,0.0
6549195795,DP0041,50.0,28.6,0.0
6545907268,DP0043,40.0,26.4,0.0
6539247075,DP0041,40.0,21.3,0.0
6545485723,DP0019,40.0,24.1,0.0
6541809507,DP0043,45.0,14.3,0.0
6544027183,DP0041,70.0,43.0,0.0
6548464862,DP0031,50.0,36.6,0.0
6547482597,DP0041,55.0,53.1,0.0
6539279160,DP0041,50.0,35.5,0.0
6548091659,DP0041,50.0,31.7,0.0
6548146153,DP0043,40.0,39.7,0.0
6546875139,DP0041,55.0,42.1,0.0
6545232955,DP0043,50.0,44.0,0.0
6547471048,DP0041,50.0,39.0,0.0
6529989806,DP0025,50.0,23.9,0.0
6546456204,DP0041,50.0,33.4,0.0
6544645748,DP0005,50.0,34.3,0.0
6540897814,DP0015,40.0,17.1,0.0
6545254289,DP0041,40.0,19.9,0.0
6543917875,DP0041,40.0,32.0,0.0
6543429846,DP0009,55.0,46.9,0.0
6542612556,DP0039,55.0,33.5,0.0
6540748080,DP0008,40.0,23.3,0.0
6542061477,DP0043,50.0,26.4,0.0
6534221964,DP0007,55.0,44.4,0.0
6519620094,DP0041,50.0,29.4,0.0
6541164543,DP0041,50.0,48.5,0.0
6545433633,DP0041,40.0,20.4,0.0
6535124826,DP0019,40.0,40.1,1.0
6527508418,DP0034,40.0,38.0,0.0
6536458327,DP0041,45.0,32.5,0.0
6572391212,DP0041,45.0,31.3,0.0
6555804820,DP0041,65.0,42.7,0.0
6573391990,DP0041,55.0,33.0,0.0
6546538396,DP0008,50.0,24.1,0.0
6570962982,DP0006,40.0,27.9,0.0
6573148810,DP0043,45.0,31.4,0.0
6567974634,DP0043,55.0,32.8,0.0
6560484429,DP0041,55.0,33.0,0.0
6572948251,DP0041,40.0,44.2,1.0
6569958775,DP0028,55.0,49.0,0.0
6567469797,DP0015,40.0,21.1,0.0
6562309106,DP0041,50.0,27.0,0.0
6572630664,DP0043,40.0,19.2,0.0
6569302777,DP0039,55.0,40.0,0.0
6559721898,DP0021,40.0,25.3,0.0
6565445660,DP0019,40.0,27.0,0.0
6560692932,DP0003,55.0,47.9,0.0
6571661842,,,,
6568146880,DP0049,45.0,31.6,0.0
6569084909,DP0041,55.0,33.3,0.0
6570718954,DP0043,50.0,23.1,0.0
6555653232,DP0041,60.0,35.7,0.0
6570576116,DP0041,60.0,32.3,0.0
6570249033,DP0049,45.0,29.4,0.0
6551544019,DP0039,50.0,44.8,0.0
6558475487,DP0043,65.0,40.6,0.0
6568558303,DP0041,40.0,16.4,0.0
6563558853,DP0025,40.0,22.4,0.0
6569050085,DP0041,55.0,35.5,0.0
6561924238,DP0032,55.0,37.0,0.0
6568944629,DP0008,55.0,25.0,0.0
6570475703,DP0028,55.0,26.2,0.0
6570643646,DP0043,60.0,36.2,0.0
6569884522,DP0041,40.0,19.5,0.0
6560853287,DP0019,50.0,23.7,0.0
6562414638,DP0028,50.0,30.3,0.0
6568038838,DP0041,75.0,54.0,0.0
6563933616,DP0037,55.0,32.5,0.0
6568178690,DP0041,45.0,29.3,0.0
6556446190,DP0041,55.0,42.3,0.0
6564236377,DP0041,55.0,41.2,0.0
6557816297,DP0013,55.0,31.3,0.0
6567212923,DP0041,55.0,41.8,0.0
6563487497,DP0028,50.0,23.4,0.0
6567540390,DP0019,40.0,24.7,0.0
6548636524,DP0024,55.0,38.5,0.0
6568155862,DP0039,50.0,25.3,0.0
6559491701,DP0043,45.0,26.7,0.0
6547877439,DP0041,50.0,24.7,0.0
6563655864,DP0041,40.0,21.9,0.0
6567484580,DP0041,45.0,23.2,0.0
6558583996,DP0001,50.0,34.5,0.0
6564345495,DP0026,50.0,25.2,0.0
6561961340,DP0041,50.0,26.5,0.0
6561899769,DP0033,45.0,24.2,0.0
6567674383,DP0041,65.0,38.5,0.0
6567455430,DP0015,55.0,34.8,0.0
6566845744,DP0043,55.0,32.6,0.0
6565022238,DP0043,40.0,21.1,0.0
6560677407,DP0008,65.0,48.7,0.0
6560921463,DP0041,40.0,49.8,1.0
6562781280,DP0005,40.0,32.2,0.0
6557324231,DP0041,45.0,19.6,0.0
6560641037,DP0011,55.0,32.9,0.0
6562569286,DP0008,45.0,30.4,0.0
6566596126,DP0002,50.0,29.6,0.0
6558313916,DP0044,40.0,23.2,0.0
6560362029,DP0042,50.0,31.5,0.0
6564483329,DP0005,40.0,16.1,0.0
6563576194,DP0041,45.0,26.6,0.0
6565884206,DP0015,55.0,30.1,0.0
6565172814,DP0019,45.0,23.1,0.0
6558015974,DP0043,55.0,39.1,0.0
6565440276,DP0007,40.0,15.4,0.0
6557565224,,,,
6565133495,DP0034,40.0,22.7,0.0
6560189472,DP0013,55.0,32.8,0.0
6561065403,DP0040,45.0,27.0,0.0
6564291283,DP0044,60.0,47.5,0.0
6560784359,DP0041,40.0,22.4,0.0
6563765199,DP0008,40.0,13.1,0.0
6528541883,DP0043,70.0,48.4,0.0
6561250126,DP0044,55.0,43.6,0.0
6563513212,DP0019,40.0,22.2,0.0
6557457498,DP0026,55.0,43.8,0.0
6563195338,DP0008,50.0,28.8,0.0
6547365012,DP0027,50.0,22.6,0.0
6559644258,DP0041,50.0,24.9,0.0
6561836229,DP0019,50.0,28.3,0.0
6559748846,DP0002,40.0,34.1,0.0
6561367934,DP0026,50.0,26.3,0.0
6563790926,DP0040,45.0,31.7,0.0
6561769880,DP0041,40.0,25.4,0.0
6561745678,DP0041,50.0,65.1,1.0
6558747715,DP0005,50.0,25.2,0.0
6562536792,DP0041,45.0,24.1,0.0
6547224016,DP0019,50.0,21.8,0.0
6559744021,DP0046,55.0,48.2,0.0
6538159331,DP0028,40.0,18.0,0.0
6562014094,DP0006,45.0,20.0,0.0
6561036685,DP0005,50.0,33.3,0.0
6562567733,DP0019,45.0,25.8,0.0
6560810611,DP0011,40.0,22.0,0.0
6560673392,DP0041,40.0,20.9,0.0
6556301353,DP0043,50.0,50.6,1.0
6557486381,DP0021,75.0,55.0,0.0
6561278536,DP0041,40.0,22.8,0.0
6553516338,DP0041,55.0,32.7,0.0
6558325358,DP0034,45.0,42.5,0.0
6558378475,DP0005,50.0,22.9,0.0
6556128327,DP0015,40.0,23.4,0.0
6558895775,DP0043,55.0,34.0,0.0
6556624744,DP0041,50.0,38.5,0.0
6549406946,DP0005,50.0,37.4,0.0
6553105734,DP0015,55.0,33.6,0.0
6556689246,DP0041,50.0,22.7,0.0
6558656421,DP0041,45.0,26.2,0.0
6561035451,DP0041,50.0,29.3,0.0
6558894068,DP0015,55.0,33.0,0.0
6556212607,DP0047,40.0,35.4,0.0
6560013462,DP0041,50.0,32.8,0.0
6557219657,DP0014,65.0,37.6,0.0
6558682533,DP0041,45.0,26.2,0.0
6549653218,DP0007,50.0,33.0,0.0
6559371546,DP0028,45.0,26.9,0.0
6557335758,DP0041,55.0,42.0,0.0
6559225053,DP0025,75.0,53.6,0.0
6555899009,DP0041,40.0,32.3,0.0
6554426003,DP0017,45.0,29.1,0.0
6554131586,DP0041,40.0,18.7,0.0
6552316405,DP0028,45.0,42.3,0.0
6545849554,DP0041,40.0,21.3,0.0
6554901710,DP0008,45.0,24.4,0.0
6555829460,DP0028,50.0,36.4,0.0
6546801790,DP0041,55.0,34.9,0.0
6553915954,DP0038,65.0,49.5,0.0
6545673074,DP0038,50.0,32.5,0.0
6551415139,DP0039,55.0,27.0,0.0
6553967451,DP0049,90.0,69.7,0.0
6556240552,DP0014,40.0,22.4,0.0
6553152448,DP0041,55.0,41.6,0.0
6557641735,DP0041,50.0,30.5,0.0
6547454462,DP0037,55.0,42.6,0.0
6555322642,DP0041,50.0,24.6,0.0
6554141666,DP0043,45.0,27.9,0.0
6552883141,DP0041,40.0,34.9,0.0
6556966841,DP0043,40.0,39.6,0.0
6548080743,DP0006,55.0,50.5,0.0
6552516144,DP0041,50.0,31.3,0.0
6557069392,DP0026,40.0,30.5,0.0
6550983878,DP0033,40.0,20.7,0.0
6557551356,DP0041,50.0,22.6,0.0
6553241298,DP0041,45.0,26.6,0.0
6553202478,DP0031,75.0,45.8,0.0
6556303192,DP0021,50.0,30.3,0.0
6554047270,DP0041,40.0,25.2,0.0
6557476703,DP0041,75.0,48.2,0.0
6552570379,DP0023,60.0,34.2,0.0
6557558140,DP0015,70.0,42.0,0.0
6554200718,DP0041,45.0,30.7,0.0
6556440001,DP0041,45.0,28.9,0.0
6554606364,DP0015,55.0,34.3,0.0
6554921512,DP0019,50.0,22.8,0.0
6555459360,DP0016,45.0,20.7,0.0
6553492617,DP0043,50.0,33.8,0.0
6555881955,DP0041,50.0,28.9,0.0
6550258419,DP0005,85.0,51.8,0.0
6554898958,DP0043,40.0,27.5,0.0
6554319819,DP0005,50.0,35.6,0.0
6553009061,DP0019,55.0,30.3,0.0
6556273861,DP0043,55.0,35.8,0.0
6551759517,DP0043,50.0,40.0,0.0
6556780364,DP0041,40.0,48.8,1.0
6555640658,DP0041,50.0,37.2,0.0
6553182181,DP0023,45.0,30.5,0.0
6555304297,DP0043,40.0,27.1,0.0
6555174077,DP0041,45.0,26.1,0.0
6556918784,DP0019,50.0,32.9,0.0
6556202008,DP0041,55.0,38.9,0.0
6555978458,DP0043,55.0,39.0,0.0
6556767808,DP0043,50.0,38.3,0.0
6551768714,DP0041,40.0,27.0,0.0
6554921012,DP0041,60.0,42.9,0.0
6556743780,DP0005,40.0,24.5,0.0
6549979584,DP0041,45.0,23.0,0.0
6556510453,DP0041,40.0,26.5,0.0
6552391340,DP0003,40.0,31.7,0.0
6555427487,DP0043,40.0,30.4,0.0
6553829953,DP0043,50.0,25.2,0.0
6536769612,DP0016,40.0,26.2,0.0
6549385654,DP0043,60.0,33.2,0.0
6555626482,DP0041,40.0,27.8,0.0
6555255729,DP0041,40.0,19.7,0.0
6543209490,DP0043,55.0,35.0,0.0
6555874157,DP0019,55.0,41.2,0.0
6556139404,DP0041,50.0,26.7,0.0
6545397934,DP0021,50.0,26.7,0.0
6556078905,DP0041,40.0,27.2,0.0
6551504924,DP0039,50.0,46.9,0.0
6548905855,DP0007,55.0,38.5,0.0
6552507744,DP0031,40.0,29.6,0.0
6554720875,DP0015,50.0,28.8,0.0
6553123307,DP0006,55.0,29.2,0.0
6552880835,DP0007,50.0,45.2,0.0
6554625773,DP0041,50.0,42.0,0.0
6545418806,DP0043,55.0,38.1,0.0
6554174676,DP0043,50.0,34.5,0.0
6553561724,DP0043,40.0,26.6,0.0
6548251094,DP0042,45.0,30.0,0.0
6549610988,DP0005,50.0,31.4,0.0
6552492816,DP0041,50.0,38.6,0.0
6549170998,DP0041,60.0,38.6,0.0
6540833207,DP0008,55.0,35.2,0.0
6553044292,DP0041,55.0,37.8,0.0
6555484756,DP0040,55.0,35.9,0.0
6549338009,DP0043,55.0,36.3,0.0
6544585999,DP0041,60.0,46.7,0.0
6554496580,DP0046,40.0,35.2,0.0
6555566100,DP0007,40.0,28.4,0.0
6555616515,DP0005,55.0,49.5,0.0
6555176581,DP0048,65.0,84.5,1.0
6552277168,DP0005,45.0,23.1,0.0
6552843900,DP0032,50.0,40.1,0.0
6549342139,DP0041,65.0,51.3,0.0
6555499903,DP0043,40.0,42.7,1.0
6551388812,DP0019,50.0,34.6,0.0
6554696866,DP0004,55.0,52.0,0.0
6542874685,DP0041,55.0,41.4,0.0
6553688334,DP0041,45.0,28.1,0.0
6550709896,DP0021,40.0,21.5,0.0
6540108223,DP0043,40.0,32.5,0.0
6553755579,DP0041,55.0,46.2,0.0
6552635669,DP0043,50.0,40.2,0.0
6554716296,DP0009,40.0,26.3,0.0
6531924819,DP0041,45.0,22.8,0.0
6538392465,DP0048,50.0,46.4,0.0
6533585129,DP0041,70.0,39.2,0.0
6552442221,DP0010,40.0,23.9,0.0
6531301397,DP0050,45.0,33.3,0.0
6550223355,DP0041,40.0,26.4,0.0
6549390345,DP0043,75.0,56.5,0.0
6553143856,DP0008,45.0,25.3,0.0
6552247473,,,,
6549204309,DP0043,40.0,22.8,0.0
6546566954,DP0041,50.0,24.5,0.0
6551812943,DP0019,60.0,49.9,0.0
6546870521,DP0008,45.0,26.0,0.0
6549688397,DP0019,45.0,34.6,0.0
6547550926,DP0028,40.0,28.8,0.0
6550780112,DP0041,40.0,22.7,0.0
6546241476,DP0011,65.0,67.5,1.0
6545116499,DP0007,50.0,30.5,0.0
6548595311,DP0033,50.0,27.4,0.0
6551770968,DP0041,40.0,25.1,0.0
6552120316,DP0041,55.0,27.3,0.0
6552670705,DP0041,65.0,38.7,0.0
6551334698,DP0043,55.0,51.9,0.0
6550895388,DP0019,55.0,56.2,1.0
6549432506,DP0041,50.0,57.8,1.0
6550160035,DP0028,50.0,31.9,0.0
6550365278,DP0001,40.0,51.4,1.0
6547261593,DP0041,50.0,26.3,0.0
6536758301,DP0041,40.0,25.9,0.0
6548741327,DP0005,55.0,40.8,0.0
6542573423,DP0002,40.0,24.3,0.0
6550960783,DP0041,45.0,21.1,0.0
6536456739,DP0041,40.0,24.2,0.0
6548301974,DP0035,50.0,39.1,0.0
6547176819,DP0041,40.0,22.1,0.0
6550474843,DP0047,55.0,24.9,0.0
6538172893,DP0018,40.0,20.8,0.0
6548846147,DP0018,40.0,22.7,0.0
6548610368,DP0012,50.0,26.7,0.0
6549562590,DP0041,40.0,21.5,0.0
6549626262,DP0028,45.0,29.1,0.0
6551115981,DP0049,50.0,41.4,0.0
6550484124,DP0041,65.0,45.7,0.0
6548789531,DP0028,50.0,37.0,0.0
6547627677,DP0008,45.0,30.5,0.0
6548558481,DP0041,45.0,30.2,0.0
6528233682,DP0019,50.0,32.9,0.0
6547990667,DP0043,50.0,32.6,0.0
6549979185,DP0039,70.0,51.3,0.0
6549645369,DP0019,40.0,28.1,0.0
6545236316,DP0041,55.0,38.2,0.0
6548695699,DP0008,40.0,20.3,0.0
6544879115,DP0041,50.0,47.3,0.0
6543931482,DP0005,40.0,25.9,0.0
6537925198,DP0041,50.0,32.8,0.0
6540939646,DP0041,45.0,24.5,0.0
6542957915,DP0041,50.0,31.9,0.0
6529912394,DP0041,45.0,28.8,0.0
6539989496,DP0005,40.0,33.7,0.0
6547633538,DP0041,50.0,24.5,0.0
6546734075,DP0039,50.0,32.8,0.0
6531859564,DP0041,65.0,44.5,0.0
6548251730,DP0048,55.0,37.8,0.0
6545717669,DP0008,50.0,41.5,0.0
6548349051,DP0041,40.0,22.6,0.0
6537581514,DP0034,45.0,33.7,0.0
6524279009,DP0041,50.0,26.3,0.0
6547128617,DP0041,55.0,31.7,0.0
6530406279,DP0008,40.0,35.6,0.0
6548169448,DP0041,55.0,37.3,0.0
6546568998,DP0005,60.0,31.4,0.0
6548492491,DP0041,40.0,20.8,0.0
6544136129,DP0041,45.0,44.0,0.0
6529448947,DP0014,55.0,34.7,0.0
6544136134,DP0041,45.0,37.2,0.0
6543356213,DP0009,40.0,32.5,0.0
6544267484,DP0041,65.0,62.4,0.0
6543294932,DP0041,40.0,34.1,0.0
6543025447,DP0041,55.0,45.9,0.0
6546041224,DP0043,40.0,23.0,0.0
6547025865,DP0036,45.0,27.8,0.0
6547178694,DP0015,45.0,35.7,0.0
6520786831,DP0043,40.0,27.4,0.0
6540982681,DP0009,75.0,55.6,0.0
6547301907,DP0041,40.0,35.2,0.0
6547529994,DP0043,40.0,38.2,0.0
6540903418,DP0041,70.0,62.4,0.0
6546765239,DP0014,40.0,31.9,0.0
6534499635,DP0008,75.0,63.6,0.0
6541724431,DP0019,55.0,30.8,0.0
6544005247,DP0033,45.0,33.6,0.0
6535791612,DP0009,60.0,36.3,0.0
6545898442,DP0041,50.0,27.9,0.0
6542119572,DP0028,45.0,21.7,0.0
6545880541,DP0044,75.0,44.3,0.0
6545429781,DP0043,45.0,26.0,0.0
6537664043,DP0043,45.0,27.6,0.0
6535698891,DP0019,40.0,29.2,0.0
6544071929,DP0041,50.0,46.3,0.0
6544542957,DP0023,70.0,49.5,0.0
6542706743,DP0019,55.0,57.6,1.0
6543149664,DP0041,55.0,39.1,0.0
6542719086,DP0041,65.0,70.5,1.0
6545747164,DP0006,55.0,62.9,1.0
6545633576,DP0019,75.0,54.8,0.0
6533055282,DP0015,55.0,33.7,0.0
6532597897,DP0041,40.0,19.5,0.0
6525475510,DP0043,50.0,27.9,0.0
6532602392,DP0005,55.0,35.1,0.0
6538665199,DP0031,55.0,46.6,0.0
6544160556,DP0043,50.0,31.4,0.0
6544753618,DP0027,50.0,25.4,0.0
6530987982,DP0041,50.0,27.1,0.0
6536714953,DP0006,40.0,22.3,0.0
6541343288,DP0039,40.0,18.3,0.0
6544215081,DP0041,55.0,34.8,0.0
6520665252,DP0041,55.0,31.3,0.0
6572570421,DP0019,40.0,29.0,0.0
6563103133,DP0019,65.0,50.7,0.0
6571586426,DP0021,70.0,46.8,0.0
6571399162,DP0041,50.0,30.2,0.0
6554346253,DP0043,50.0,30.9,0.0
6564340262,DP0042,45.0,30.2,0.0
6571649319,DP0005,50.0,28.0,0.0
6571534473,DP0043,50.0,44.9,0.0
6569194719,DP0006,70.0,54.1,0.0
6565956128,DP0037,50.0,53.0,1.0
6562659456,DP0041,55.0,50.3,0.0
6568743710,DP0005,65.0,53.5,0.0
6571831596,DP0005,40.0,36.9,0.0
6566098257,DP0025,50.0,38.0,0.0
6567042217,DP0041,40.0,26.2,0.0
6570503409,DP0041,55.0,45.3,0.0
6569650834,DP0038,65.0,60.3,0.0
6570956055,DP0041,75.0,45.5,0.0
6568077607,DP0041,60.0,42.3,0.0
6561756419,DP0041,80.0,57.7,0.0
6570398294,DP0041,60.0,34.7,0.0
6569036983,DP0003,55.0,33.3,0.0
6567010175,DP0010,50.0,24.6,0.0
6570619331,DP0041,75.0,53.4,0.0
6548420598,DP0041,50.0,40.6,0.0
6569504742,DP0048,40.0,55.6,1.0
6567714035,DP0013,55.0,35.0,0.0
6564490400,DP0008,55.0,43.4,0.0
6562809530,DP0008,55.0,40.6,0.0
6568660314,DP0012,40.0,21.8,0.0
6569545580,DP0041,65.0,38.0,0.0
6564259309,DP0048,50.0,38.1,0.0
6569986385,DP0041,75.0,50.1,0.0
6545013334,DP0041,50.0,36.3,0.0
6570025120,DP0041,50.0,54.9,1.0
6553088597,DP0005,65.0,59.4,0.0
6559076968,DP0041,40.0,45.8,1.0
6553646950,DP0041,45.0,36.3,0.0
6568768791,DP0010,50.0,33.1,0.0
6566476510,DP0041,45.0,27.7,0.0
6562658927,DP0041,40.0,38.5,0.0
6567355656,DP0005,50.0,34.6,0.0
6565738551,DP0019,60.0,35.3,0.0
6561387572,DP0033,50.0,35.5,0.0
6567204931,DP0017,50.0,29.6,0.0
6568705883,DP0017,40.0,30.1,0.0
6568707989,DP0041,40.0,31.5,0.0
6559975790,DP0041,45.0,32.6,0.0
6565553638,DP0041,50.0,36.4,0.0
6563791051,DP0047,75.0,60.8,0.0
6566810099,DP0041,50.0,28.1,0.0
6561533201,DP0041,50.0,33.7,0.0
6567012762,DP0043,70.0,55.7,0.0
6566327176,DP0041,70.0,52.7,0.0
6562497802,DP0009,45.0,28.0,0.0
6567924699,DP0021,50.0,37.7,0.0
6561423964,DP0041,45.0,28.8,0.0
6566745106,DP0041,50.0,39.9,0.0
6567578751,DP0049,40.0,31.2,0.0
6567141868,DP0041,55.0,49.5,0.0
6567940534,DP0043,55.0,44.2,0.0
6566938817,DP0005,50.0,53.7,1.0
6567176857,DP0041,45.0,46.8,1.0
6567014612,DP0043,60.0,57.3,0.0
6565199900,DP0019,45.0,19.7,0.0
6555680155,DP0008,60.0,33.6,0.0
6567479812,DP0027,55.0,53.1,0.0
6567193893,DP0041,55.0,36.0,0.0
6560214384,DP0005,90.0,69.9,0.0
6566153067,DP0041,50.0,37.1,0.0
6564728035,DP0008,45.0,23.7,0.0
6565738473,DP0039,40.0,33.3,0.0
6564386172,DP0048,65.0,74.2,1.0
6564721717,DP0014,60.0,46.2,0.0
6565694646,DP0005,55.0,37.3,0.0
6563045221,DP0038,90.0,63.3,0.0
6548629297,DP0041,65.0,49.5,0.0
6557519144,DP0020,50.0,43.7,0.0
6561381740,DP0041,50.0,24.3,0.0
6563023499,DP0047,65.0,39.2,0.0
6562851542,DP0021,55.0,36.4,0.0
6563566666,DP0021,45.0,26.7,0.0
6565347201,DP0041,60.0,42.8,0.0
6561566800,DP0041,50.0,14.3,0.0
6562070439,DP0001,55.0,42.5,0.0
6562443965,DP0041,45.0,48.3,1.0
6563187288,DP0050,50.0,56.2,1.0
6559724139,DP0019,75.0,59.3,0.0
6560889585,DP0041,50.0,40.0,0.0
6559708501,DP0002,50.0,26.6,0.0
6562853860,DP0041,65.0,58.7,0.0
6563523404,DP0039,50.0,45.0,0.0
6560999299,DP0041,45.0,30.5,0.0
6561019769,DP0041,55.0,39.3,0.0
6550256679,DP0011,40.0,32.2,0.0
6563181875,DP0041,60.0,43.0,0.0
6548232753,DP0041,45.0,38.2,0.0
6559633298,DP0019,55.0,60.4,1.0
6560294679,DP0044,45.0,32.5,0.0
6562354085,DP0002,50.0,35.8,0.0
6560698877,DP0041,50.0,35.4,0.0
6561457025,DP0031,40.0,24.6,0.0
6551412976,DP0041,60.0,47.2,0.0
6562795259,DP0019,65.0,41.9,0.0
6561592155,DP0023,45.0,29.2,0.0
6561403831,DP0002,50.0,46.9,0.0
6558620719,DP0041,75.0,52.7,0.0
6558633212,DP0041,45.0,24.9,0.0
6547906687,DP0041,40.0,20.8,0.0
6555898966,DP0043,40.0,21.4,0.0
6556223115,DP0043,55.0,42.8,0.0
6553076487,DP0041,55.0,32.1,0.0
6560221968,DP0041,50.0,34.8,0.0
6561682916,DP0002,40.0,29.4,0.0
6557152901,DP0043,55.0,39.9,0.0
6559509503,DP0041,85.0,51.0,0.0
6560510162,DP0003,50.0,37.9,0.0
6559324486,DP0041,45.0,33.6,0.0
6540186604,DP0043,65.0,37.7,0.0
6551203868,DP0012,55.0,40.7,0.0
6558588257,DP0028,70.0,55.7,0.0
6558657990,DP0025,45.0,41.1,0.0
6557470157,DP0028,55.0,23.7,0.0
6542379517,DP0005,50.0,26.0,0.0
6557940572,DP0019,50.0,27.5,0.0
6560211715,DP0019,40.0,7.0,0.0
6554946820,DP0043,60.0,25.0,0.0
6558153348,DP0027,60.0,38.6,0.0
6557869888,DP0039,45.0,48.2,1.0
6551773613,DP0031,55.0,49.6,0.0
6557392116,DP0008,50.0,51.4,1.0
6547425563,DP0049,55.0,51.8,0.0
6557885354,DP0041,65.0,48.5,0.0
6553490928,DP0041,75.0,51.6,0.0
6556849747,DP0041,65.0,37.6,0.0
6559500321,DP0041,40.0,27.7,0.0
6558845715,DP0024,45.0,37.0,0.0
6558938500,DP0005,55.0,46.8,0.0
6554903328,DP0034,70.0,44.8,0.0
6558139112,DP0049,75.0,62.1,0.0
6559298679,DP0012,45.0,33.0,0.0
6556172780,DP0041,40.0,25.9,0.0
6554473292,DP0002,60.0,38.1,0.0
6553150813,DP0008,50.0,36.0,0.0
6550077867,DP0041,50.0,28.6,0.0
6557133126,DP0020,50.0,36.8,0.0
6557732679,DP0043,65.0,46.9,0.0
6556501013,DP0035,55.0,34.2,0.0
6545124138,DP0015,45.0,26.7,0.0
6557585748,DP0041,55.0,40.0,0.0
6545721223,DP0041,50.0,45.9,0.0
6555768151,DP0003,50.0,42.8,0.0
6556144441,DP0041,40.0,37.1,0.0
6557491289,DP0041,75.0,54.4,0.0
6542666608,DP0006,50.0,29.0,0.0
6532558395,DP0043,75.0,62.6,0.0
6549155668,DP0019,40.0,35.5,0.0
6554837797,DP0009,60.0,48.4,0.0
6545353002,DP0041,50.0,45.7,0.0
6556882050,DP0010,50.0,38.0,0.0
6556541829,DP0041,45.0,24.2,0.0
6553916999,DP0041,55.0,34.5,0.0
6547796091,DP0007,65.0,43.2,0.0
6546277022,DP0043,55.0,33.0,0.0
6549165182,DP0041,50.0,90.8,1.0
6547970721,DP0041,40.0,40.3,1.0
6539525034,DP0030,55.0,41.8,0.0
6556982446,DP0008,45.0,41.6,0.0
6552448245,DP0041,55.0,70.5,1.0
6552204724,DP0041,60.0,40.4,0.0
6556531541,DP0008,60.0,80.0,1.0
6546849620,DP0041,45.0,16.8,0.0
6553888184,DP0041,45.0,30.1,0.0
6556837560,DP0027,50.0,28.9,0.0
6533510016,DP0041,45.0,24.5,0.0
6553792987,DP0006,50.0,30.5,0.0
6555068866,DP0015,60.0,36.0,0.0
6544338832,DP0001,75.0,48.0,0.0
6556926280,DP0029,55.0,34.3,0.0
6551576403,DP0019,55.0,35.0,0.0
6545341767,DP0043,55.0,30.5,0.0
6552423070,DP0041,55.0,25.5,0.0
6552574347,DP0005,45.0,26.2,0.0
6554210957,DP0041,55.0,33.8,0.0
6556539059,DP0041,50.0,30.3,0.0
6553372767,DP0019,50.0,30.4,0.0
6551041400,DP0002,55.0,33.0,0.0
6551739751,DP0007,55.0,39.6,0.0
6552909198,DP0018,50.0,30.2,0.0
6551541729,DP0041,40.0,33.8,0.0
6553329822,DP0041,50.0,27.8,0.0
6554767016,DP0043,50.0,24.6,0.0
6552127298,DP0041,55.0,36.4,0.0
6553288823,DP0019,50.0,32.6,0.0
6554706845,DP0043,60.0,42.7,0.0
6552469662,DP0007,65.0,36.5,0.0
6547116146,DP0005,55.0,51.5,0.0
6547824410,DP0041,50.0,38.7,0.0
6555377422,DP0026,40.0,33.8,0.0
6554769134,DP0025,65.0,36.2,0.0
6555044234,DP0041,65.0,36.8,0.0
6554410185,DP0043,50.0,32.5,0.0
6555559361,DP0023,45.0,26.2,0.0
6548435393,DP0024,50.0,23.2,0.0
6554521057,DP0041,65.0,40.6,0.0
6549505859,DP0041,40.0,25.6,0.0
6539178145,DP0015,55.0,51.0,0.0
6552947893,DP0043,50.0,36.4,0.0
6554514872,DP0041,60.0,32.9,0.0
6554681406,DP0041,55.0,30.6,0.0
6554823064,DP0043,75.0,59.0,0.0
6553572668,DP0043,65.0,50.0,0.0
6544676539,DP0008,50.0,31.4,0.0
6548545706,DP0008,60.0,43.5,0.0
6546956929,DP0041,50.0,36.9,0.0
6554524341,DP0047,40.0,31.0,0.0
6553941434,DP0041,50.0,29.0,0.0
6553726239,DP0036,45.0,32.4,0.0
6553706153,DP0041,40.0,38.4,0.0
6554840659,DP0015,50.0,33.9,0.0
6551776743,DP0050,65.0,63.7,0.0
6551404930,DP0038,55.0,39.2,0.0
6553767755,DP0043,75.0,50.0,0.0
6551095734,DP0038,40.0,32.7,0.0
6552363960,DP0043,60.0,42.5,0.0
6552922280,DP0026,65.0,45.7,0.0
6549482145,DP0041,45.0,27.3,0.0
6551446936,DP0046,65.0,61.2,0.0
6551982407,DP0041,60.0,37.3,0.0
6542445434,DP0041,80.0,62.5,0.0
6549030824,DP0006,50.0,34.4,0.0
6548588594,DP0041,50.0,38.2,0.0
6548744374,DP0043,45.0,22.2,0.0
6551560333,DP0016,75.0,46.1,0.0
6543905593,DP0041,65.0,72.1,1.0
6541932024,DP0041,65.0,50.3,0.0
6552745684,DP0015,50.0,40.2,0.0
6553148414,DP0019,75.0,55.7,0.0
6543781447,DP0038,50.0,30.1,0.0
6550678843,DP0008,40.0,22.8,0.0
6543693813,DP0043,50.0,24.5,0.0
6551551211,DP0041,40.0,23.9,0.0
6551023364,DP0028,40.0,22.3,0.0
6552253625,DP0020,40.0,33.2,0.0
6550490695,DP0041,40.0,34.2,0.0
6546356635,DP0038,60.0,59.0,0.0
6545849081,DP0015,45.0,23.3,0.0
6551570330,DP0038,45.0,42.3,0.0
6550882344,DP0043,40.0,20.7,0.0
6547994245,DP0005,40.0,29.5,0.0
6543090670,DP0028,65.0,39.9,0.0
6550712617,DP0047,50.0,40.5,0.0
6549179544,DP0002,75.0,52.8,0.0
6533630607,,,,
6548859131,DP0030,55.0,41.2,0.0
6549636272,DP0013,45.0,27.2,0.0
6549251791,DP0002,75.0,49.1,0.0
6540726263,DP0005,50.0,28.1,0.0
6550537353,DP0010,55.0,33.0,0.0
6548883609,DP0003,50.0,26.5,0.0
6546947964,DP0026,90.0,55.9,0.0
6549245386,DP0005,55.0,32.7,0.0
6549350972,DP0041,50.0,39.1,0.0
6549639643,DP0041,55.0,40.0,0.0
6546819196,DP0043,65.0,35.6,0.0
6515031696,,,,
6544426946,DP0046,50.0,44.3,0.0
6548709213,DP0002,60.0,46.7,0.0
6543187476,DP0008,55.0,48.3,0.0
6545548964,DP0019,45.0,34.5,0.0
6538852737,DP0041,65.0,35.8,0.0
6543758171,DP0043,55.0,25.9,0.0
6541219115,DP0041,65.0,54.6,0.0
6540146276,DP0032,55.0,37.0,0.0
6537504565,DP0041,55.0,63.7,1.0
6547774963,DP0012,50.0,42.1,0.0
6540341944,DP0041,55.0,59.1,1.0
6526565698,DP0041,60.0,46.2,0.0
6528428990,DP0007,60.0,43.4,0.0
6548828648,DP0005,50.0,28.7,0.0
6543550500,DP0041,40.0,22.3,0.0
6543738123,DP0041,50.0,26.1,0.0
6547527765,DP0025,65.0,42.9,0.0
6547100690,DP0039,65.0,40.4,0.0
6547946161,DP0047,55.0,34.6,0.0
6540243148,DP0032,40.0,33.1,0.0
6547898529,DP0006,55.0,40.5,0.0
6546128532,DP0041,65.0,46.2,0.0
6543189565,DP0041,40.0,20.0,0.0
6542819037,DP0002,55.0,37.1,0.0
6527426996,DP0025,70.0,63.1,0.0
6540907682,DP0033,60.0,36.2,0.0
6542885924,DP0041,50.0,30.8,0.0
6546981417,DP0021,50.0,38.4,0.0
6546567655,DP0041,45.0,29.3,0.0
6543574546,DP0045,50.0,30.7,0.0
6542696336,DP0043,50.0,26.6,0.0
6541544294,DP0041,45.0,23.8,0.0
6545898962,DP0041,55.0,51.2,0.0
6545276528,DP0041,65.0,57.4,0.0
6546162347,DP0043,50.0,38.0,0.0
6541646410,DP0042,50.0,24.1,0.0
6540791651,DP0009,65.0,46.3,0.0
6536358034,DP0003,40.0,23.4,0.0
6545002197,DP0049,45.0,46.3,1.0
6532137427,DP0047,55.0,38.4,0.0
6545318174,DP0041,50.0,45.9,0.0
6539888692,DP0050,55.0,53.1,0.0
6535473399,DP0041,40.0,18.7,0.0
6567469287,DP0041,50.0,33.0,0.0
6571788500,DP0033,40.0,26.9,0.0
6572524699,DP0041,70.0,51.5,0.0
6570309738,DP0041,60.0,43.4,0.0
6567809651,DP0050,60.0,50.2,0.0
6572824422,DP0041,55.0,33.0,0.0
6563792345,DP0043,50.0,32.3,0.0
6571811591,DP0041,45.0,22.4,0.0
6563343703,DP0005,40.0,25.4,0.0
6565223507,DP0005,50.0,38.1,0.0
6572301905,DP0041,75.0,52.5,0.0
6567547832,DP0019,40.0,34.6,0.0
6571647213,DP0041,40.0,38.9,0.0
6571834438,DP0008,45.0,31.6,0.0
6568413858,DP0033,45.0,30.1,0.0
6567147998,DP0006,50.0,40.6,0.0
6561798479,DP0019,50.0,40.7,0.0
6570370459,DP0005,45.0,29.3,0.0
6567068424,DP0048,55.0,44.8,0.0
6553513657,DP0033,55.0,31.7,0.0
6567444517,DP0043,45.0,22.6,0.0
6563489036,DP0048,50.0,51.4,1.0
6569798372,DP0043,65.0,44.4,0.0
6569756377,DP0041,45.0,37.3,0.0
6567010693,DP0041,80.0,55.7,0.0
6564498852,DP0008,55.0,33.2,0.0
6568467630,DP0006,75.0,45.8,0.0
6569204631,DP0043,50.0,28.6,0.0
6529660840,DP0005,50.0,43.4,0.0
6559322376,DP0048,45.0,33.4,0.0
6563844650,DP0041,50.0,49.2,0.0
6562399365,DP0038,45.0,26.2,0.0
6558749024,DP0008,55.0,48.7,0.0
6557931346,DP0041,65.0,59.6,0.0
6568054944,DP0041,65.0,36.6,0.0
6543184022,DP0041,65.0,56.9,0.0
6565535675,DP0038,50.0,35.9,0.0
6549066128,DP0005,45.0,30.6,0.0
6565847709,DP0021,75.0,54.4,0.0
6567316567,DP0021,55.0,38.9,0.0
6567847811,DP0002,55.0,46.2,0.0
6559053858,DP0002,55.0,35.9,0.0
6566720243,DP0025,100.0,74.8,0.0
6563810711,DP0041,50.0,40.1,0.0
6555127550,DP0041,40.0,28.6,0.0
6562631670,DP0016,55.0,44.0,0.0
6560338202,DP0041,65.0,46.4,0.0
6563081680,DP0041,50.0,40.8,0.0
6565819647,DP0041,45.0,35.9,0.0
6558163908,DP0041,50.0,19.0,0.0
6552658347,DP0029,60.0,36.0,0.0
6562524785,DP0008,55.0,60.8,1.0
6565307645,DP0032,50.0,40.3,0.0
6557457117,DP0027,45.0,28.2,0.0
6563607170,DP0041,40.0,22.7,0.0
6513799131,DP0043,50.0,22.1,0.0
6559501345,DP0030,70.0,48.5,0.0
6561138975,DP0041,45.0,24.3,0.0
6562496424,DP0041,55.0,38.4,0.0
6560928684,DP0015,65.0,45.0,0.0
6557701828,DP0043,75.0,54.1,0.0
6554591432,DP0005,50.0,52.8,1.0
6555305122,DP0043,45.0,29.9,0.0
6562555583,DP0009,70.0,59.1,0.0
6563556710,DP0026,45.0,26.8,0.0
6563068764,DP0041,50.0,36.8,0.0
6563372185,DP0043,50.0,47.1,0.0
6555140011,DP0019,50.0,34.1,0.0
6561174185,DP0041,45.0,37.1,0.0
6559047407,DP0041,65.0,42.3,0.0
6562580584,DP0009,60.0,42.7,0.0
6540525844,DP0041,50.0,30.6,0.0
6557549914,DP0041,50.0,34.7,0.0
6547776718,DP0021,50.0,40.9,0.0
6560654264,DP0041,50.0,42.9,0.0
6561087182,DP0043,55.0,33.8,0.0
6561234499,,,,
6561001204,DP0048,75.0,59.3,0.0
6557023727,DP0005,65.0,39.6,0.0
6559465421,DP0005,50.0,26.1,0.0
6559164305,DP0043,50.0,40.9,0.0
6559579982,DP0043,75.0,54.6,0.0
6557359402,DP0007,45.0,35.4,0.0
6533147270,DP0028,50.0,43.3,0.0
6558216478,DP0043,45.0,25.2,0.0
6560214825,DP0008,65.0,44.2,0.0
6551005218,DP0019,55.0,34.7,0.0
6557867199,DP0041,75.0,46.7,0.0
6559846858,DP0049,70.0,52.5,0.0
6560224453,DP0041,40.0,25.3,0.0
6559382578,DP0041,65.0,64.8,0.0
6555370826,DP0026,75.0,57.3,0.0
6556639896,DP0041,75.0,50.9,0.0
6555851685,DP0007,70.0,57.9,0.0
6557026646,DP0050,50.0,39.0,0.0
6556581952,DP0041,60.0,54.8,0.0
6556037631,DP0041,65.0,62.9,0.0
6557385298,DP0043,45.0,35.8,0.0
6554472178,DP0001,55.0,40.7,0.0
6547884698,DP0048,60.0,80.6,1.0
6551476097,DP0028,45.0,62.5,1.0
6541542122,DP0026,55.0,49.9,0.0
6540012057,DP0008,50.0,29.4,0.0
6556380388,DP0043,45.0,24.2,0.0
6547994995,DP0043,50.0,44.8,0.0
6554836115,DP0003,45.0,28.7,0.0
6557242401,DP0005,65.0,49.5,0.0
6554298863,DP0043,55.0,55.1,1.0
6557315330,DP0008,45.0,27.9,0.0
6546972117,DP0041,40.0,29.0,0.0
6554801518,DP0041,60.0,44.3,0.0
6535937218,DP0043,65.0,41.7,0.0
6552729809,DP0041,55.0,33.4,0.0
6545591627,DP0039,60.0,36.5,0.0
6543845653,DP0048,55.0,52.2,0.0
6557053764,DP0015,50.0,30.6,0.0
6555168894,DP0019,40.0,29.0,0.0
6555251635,DP0005,55.0,46.1,0.0
6554935050,DP0048,60.0,55.6,0.0
6554982707,DP0041,50.0,34.4,0.0
6555300248,DP0002,50.0,38.0,0.0
6554041872,DP0041,45.0,24.9,0.0
6556316235,DP0034,85.0,59.4,0.0
6551994285,DP0048,55.0,45.3,0.0
6555732277,DP0019,80.0,72.3,0.0
6555072561,DP0041,50.0,31.3,0.0
6544089961,DP0041,55.0,43.8,0.0
6556021087,DP0002,45.0,40.8,0.0
6550833175,DP0043,45.0,47.5,1.0
6552228325,DP0008,40.0,26.9,0.0
6549365527,DP0041,60.0,43.9,0.0
6553070743,DP0041,45.0,32.6,0.0
6550500945,DP0041,50.0,43.4,0.0
6555877407,,,,
6543597148,DP0048,55.0,52.6,0.0
6543524341,DP0015,50.0,41.7,0.0
6553972262,DP0041,40.0,33.7,0.0
6555699677,DP0041,45.0,38.5,0.0
6552287133,DP0044,45.0,40.4,0.0
6550173122,DP0041,60.0,46.5,0.0
6554428193,DP0019,45.0,28.4,0.0
6553471260,DP0043,60.0,46.7,0.0
6551442203,DP0009,55.0,56.8,1.0
6548407789,DP0003,55.0,67.0,1.0
6554056859,DP0043,50.0,35.6,0.0
6549501090,DP0041,60.0,46.9,0.0
6554087048,DP0005,40.0,18.8,0.0
6547177773,DP0041,55.0,32.8,0.0
6551688279,DP0008,75.0,52.1,0.0
6549759479,DP0005,45.0,28.4,0.0
6546980635,DP0007,45.0,27.8,0.0
6553721820,DP0041,55.0,35.7,0.0
6553677960,DP0041,65.0,40.5,0.0
6540612038,DP0041,45.0,27.0,0.0
6552313556,DP0015,55.0,30.6,0.0
6552923587,DP0041,55.0,34.2,0.0
6552780835,DP0036,75.0,47.5,0.0
6540665643,DP0041,40.0,30.7,0.0
6550752653,DP0043,55.0,42.8,0.0
6549062545,DP0041,65.0,56.2,0.0
6548149240,DP0041,45.0,31.6,0.0
6552420693,DP0047,55.0,36.2,0.0
6550298487,DP0039,60.0,41.9,0.0
6544876610,DP0041,50.0,35.1,0.0
6548338992,DP0041,55.0,60.6,1.0
6546496408,DP0016,50.0,27.5,0.0
6550490162,DP0041,45.0,30.9,0.0
6550929711,DP0041,50.0,45.4,0.0
6542640332,DP0015,65.0,37.5,0.0
6549336497,DP0002,50.0,27.0,0.0
6543966186,DP0050,55.0,57.6,1.0
6548360667,DP0041,55.0,36.7,0.0
6543977293,DP0012,55.0,48.4,0.0
6548860218,DP0019,45.0,49.4,1.0
6543667507,DP0041,55.0,47.7,0.0
6545427400,DP0008,75.0,49.1,0.0
6521185367,DP0005,45.0,31.2,0.0
6545468310,DP0041,45.0,35.2,0.0
6542592740,DP0041,60.0,35.9,0.0
6545304264,DP0021,50.0,30.4,0.0
6546561600,DP0005,90.0,68.2,0.0
6547450466,DP0041,85.0,67.7,0.0
6544825447,DP0019,55.0,37.5,0.0
6538417900,DP0034,45.0,38.0,0.0
6545731784,DP0019,45.0,29.4,0.0
6541794611,DP0010,65.0,47.8,0.0
6544577939,DP0033,65.0,47.9,0.0
6544958869,DP0047,70.0,69.3,0.0
6542972159,DP0019,55.0,24.4,0.0
6543744509,,,,
6541553426,DP0025,40.0,18.9,0.0
6543417317,DP0041,55.0,30.8,0.0
6544828420,DP0043,50.0,34.3,0.0
6541004249,DP0034,50.0,32.6,0.0
6539779540,DP0041,60.0,36.0,0.0
6555947113,DP0007,40.0,34.3,0.0
6570549726,DP0043,60.0,41.2,0.0
6570977285,DP0012,55.0,38.5,0.0
6572839841,DP0005,55.0,36.2,0.0
6572498083,DP0009,50.0,34.2,0.0
6566188706,DP0013,50.0,32.6,0.0
6563174637,DP0041,45.0,29.2,0.0
6565757045,DP0039,65.0,40.3,0.0
6570251139,DP0041,60.0,36.1,0.0
6569972459,DP0005,50.0,25.4,0.0
6569547238,DP0041,55.0,39.0,0.0
6572356074,DP0025,50.0,40.2,0.0
6567441050,DP0041,50.0,35.9,0.0
6571504920,DP0005,55.0,41.3,0.0
6567539963,DP0005,55.0,46.5,0.0
6570060627,DP0038,45.0,31.5,0.0
6566733272,DP0041,55.0,36.2,0.0
6559235339,DP0041,45.0,25.0,0.0
6567193381,DP0003,45.0,26.5,0.0
6568152391,DP0011,50.0,40.6,0.0
6559537271,DP0015,45.0,28.3,0.0
6568942903,DP0038,65.0,51.6,0.0
6568105643,DP0041,45.0,44.6,0.0
6568359508,DP0015,50.0,34.4,0.0
6565713031,DP0032,50.0,32.3,0.0
6541031120,DP0041,45.0,25.2,0.0
6565365653,DP0032,55.0,41.9,0.0
6561064958,DP0008,45.0,34.3,0.0
6564362347,DP0041,55.0,43.9,0.0
6565372398,DP0024,50.0,33.8,0.0
6563950507,DP0043,40.0,27.4,0.0
6566149519,DP0041,45.0,22.5,0.0
6566592250,DP0013,45.0,32.9,0.0
6560676698,DP0008,45.0,29.9,0.0
6564599011,DP0027,50.0,36.1,0.0
6563829442,DP0036,45.0,39.1,0.0
6563730770,DP0043,45.0,28.5,0.0
6562566737,DP0021,50.0,34.1,0.0
6533272629,DP0043,50.0,21.9,0.0
6560832004,DP0041,55.0,33.7,0.0
6559733791,DP0043,55.0,37.1,0.0
6541628776,DP0041,55.0,23.6,0.0
6560630307,DP0041,55.0,40.3,0.0
6559910862,DP0041,50.0,39.3,0.0
6543168626,DP0043,50.0,35.2,0.0
6555209837,DP0019,50.0,40.3,0.0
6551219390,DP0043,50.0,49.0,0.0
6555814731,DP0041,45.0,34.1,0.0
6548337558,DP0039,50.0,36.6,0.0
6555448893,DP0049,55.0,43.3,0.0
6548487434,DP0043,65.0,45.3,0.0
6550458569,DP0041,50.0,34.0,0.0
6545163114,DP0019,50.0,33.5,0.0
6552434753,DP0048,45.0,46.6,1.0
6555755121,DP0041,60.0,42.3,0.0
6554170118,DP0041,45.0,25.1,0.0
6542290394,DP0043,60.0,47.0,0.0
6552319470,DP0009,45.0,27.5,0.0
6552849597,DP0008,45.0,32.8,0.0
6538775558,DP0041,45.0,26.8,0.0
6551375607,DP0005,55.0,36.0,0.0
6551347062,DP0041,60.0,44.6,0.0
6548337833,DP0016,45.0,38.8,0.0
6544318247,DP0007,50.0,39.8,0.0
6549445792,DP0036,50.0,29.5,0.0
6550554077,DP0041,45.0,27.3,0.0
6543228618,DP0009,65.0,39.6,0.0
6549381967,DP0005,50.0,35.1,0.0
6544039452,DP0037,50.0,39.1,0.0
6535708101,DP0041,45.0,45.1,1.0
6548475763,DP0043,55.0,40.0,0.0
6538489447,DP0006,55.0,28.3,0.0
6540583848,DP0041,55.0,38.0,0.0
6518252384,DP0019,60.0,48.3,0.0
6540698708,DP0030,50.0,36.5,0.0
6547561863,DP0043,55.0,37.2,0.0
6545618990,DP0027,50.0,30.7,0.0
6542895081,DP0028,50.0,34.5,0.0
6535949333,DP0015,60.0,46.1,0.0
6538579322,DP0047,50.0,34.6,0.0
6543630387,DP0041,55.0,36.7,0.0
6542727633,DP0041,50.0,29.8,0.0
6527430072,DP0040,55.0,33.4,0.0
6544516769,DP0019,45.0,37.0,0.0
6570559856,DP0041,50.0,38.8,0.0
6569259152,DP0004,45.0,40.7,0.0
6568502677,DP0041,45.0,31.0,0.0
6557327911,DP0041,45.0,31.4,0.0
6562672347,DP0008,55.0,42.4,0.0
6558735412,DP0009,55.0,36.5,0.0
6541876572,DP0041,50.0,32.5,0.0
6552964101,DP0021,55.0,33.7,0.0
6549757980,DP0019,55.0,65.6,1.0
6546431075,DP0005,45.0,24.2,0.0
6570978652,DP0041,50.0,40.9,0.0
6566817732,DP0043,45.0,22.7,0.0
6563808641,DP0041,45.0,24.1,0.0
6550212850,DP0041,45.0,30.7,0.0
6562415342,DP0041,40.0,22.5,0.0
6561337048,DP0016,50.0,19.4,0.0
6559240917,DP0010,50.0,36.2,0.0
6558827683,DP0041,50.0,35.9,0.0
6554674555,DP0041,40.0,32.0,0.0
6554860638,DP0041,55.0,73.1,1.0
6552115035,DP0041,40.0,56.9,1.0
6554108308,DP0043,45.0,29.9,0.0
6548180528,DP0043,50.0,35.8,0.0
6548450743,DP0024,50.0,29.1,0.0
6543564825,DP0015,40.0,32.0,0.0
6569221531,DP0041,60.0,43.3,0.0
6566092797,DP0012,40.0,24.6,0.0
6562130169,DP0043,40.0,23.2,0.0
6565256789,DP0026,40.0,23.3,0.0
6563017445,DP0041,40.0,27.8,0.0
6569990529,DP0041,45.0,28.5,0.0
6564116690,DP0041,40.0,30.0,0.0
6566206464,DP0008,55.0,34.1,0.0
6544752502,DP0049,40.0,34.0,0.0
6565323079,DP0010,45.0,41.4,0.0
6542258001,DP0041,40.0,14.7,0.0
6560702072,DP0041,40.0,23.6,0.0
6546980546,DP0008,55.0,36.2,0.0
6562224703,DP0043,40.0,24.0,0.0
6554410045,DP0041,50.0,34.4,0.0
6561920389,DP0041,50.0,37.3,0.0
6550227095,DP0041,50.0,28.3,0.0
6557442834,DP0041,40.0,29.2,0.0
6556567926,DP0008,45.0,32.5,0.0
6556983367,DP0041,50.0,26.5,0.0
6543105040,DP0041,55.0,38.2,0.0
6554304621,DP0007,40.0,19.4,0.0
6554067168,DP0041,40.0,21.9,0.0
6542316907,DP0041,50.0,50.0,1.0
6550003132,DP0041,50.0,21.9,0.0
6532834679,DP0005,45.0,19.2,0.0
6546536542,DP0028,40.0,35.7,0.0
6546991637,,,,
6545993901,DP0041,55.0,53.9,0.0
6546473644,DP0043,55.0,44.2,0.0
6547884464,DP0001,55.0,59.3,1.0
6545269604,DP0019,40.0,39.3,0.0
6544293821,DP0041,45.0,28.3,0.0
6542443781,DP0002,55.0,38.7,0.0
6534938595,DP0002,45.0,30.2,0.0
6541642935,DP0041,45.0,31.6,0.0
6540729363,DP0041,50.0,33.1,0.0
6552811182,DP0041,40.0,23.8,0.0
6566743801,DP0041,50.0,30.8,0.0
6571138225,DP0028,55.0,30.2,0.0
6569386341,DP0043,55.0,50.9,0.0
6569014951,DP0002,75.0,52.7,0.0
6568430400,DP0021,55.0,38.3,0.0
6567859488,DP0026,40.0,34.3,0.0
6568586308,DP0009,50.0,32.8,0.0
6568919545,DP0026,40.0,22.9,0.0
6567872978,DP0041,50.0,39.3,0.0
6568187769,DP0041,85.0,73.3,0.0
6564949844,DP0023,40.0,28.7,0.0
6551547246,DP0041,40.0,27.3,0.0
6567096492,DP0041,80.0,55.4,0.0
6564243905,DP0019,50.0,45.1,0.0
6561596527,DP0023,50.0,34.5,0.0
6564895246,DP0019,55.0,42.6,0.0
6563688229,DP0008,40.0,32.6,0.0
6562145940,DP0041,50.0,36.0,0.0
6559270605,DP0005,50.0,40.3,0.0
6565763684,DP0008,45.0,52.5,1.0
6566182153,DP0007,50.0,40.5,0.0
6560657399,DP0041,50.0,40.4,0.0
6562357030,DP0005,50.0,27.3,0.0
6557535752,DP0041,40.0,25.1,0.0
6563074310,DP0005,65.0,37.0,0.0
6546806932,DP0041,40.0,30.2,0.0
6564463046,DP0043,60.0,33.9,0.0
6563838935,DP0041,55.0,40.8,0.0
6563165826,DP0041,55.0,48.8,0.0
6558366401,DP0041,50.0,42.1,0.0
6555358628,,,,
6563007575,DP0041,55.0,57.6,1.0
6563499447,DP0015,40.0,29.8,0.0
6563695291,DP0041,55.0,41.4,0.0
6559899219,DP0047,40.0,26.0,0.0
6553707990,DP0027,55.0,49.2,0.0
6559496368,DP0048,40.0,40.0,1.0
6561514939,DP0041,45.0,29.9,0.0
6540507430,DP0041,55.0,24.7,0.0
6557365352,DP0041,50.0,42.4,0.0
6558794252,DP0041,55.0,47.0,0.0
6559979340,DP0033,50.0,29.8,0.0
6559343163,DP0005,40.0,25.4,0.0
6558823060,DP0041,55.0,33.1,0.0
6557673332,DP0047,50.0,23.6,0.0
6550977426,DP0041,55.0,37.2,0.0
6559224472,DP0013,50.0,42.0,0.0
6552590228,DP0018,50.0,54.6,1.0
6557986582,DP0043,80.0,66.1,0.0
6545567274,DP0002,60.0,40.4,0.0
6551510223,DP0041,75.0,71.3,0.0
6547882813,DP0009,70.0,38.8,0.0
6552042939,DP0019,50.0,37.5,0.0
6556366508,DP0021,75.0,48.6,0.0
6548882675,DP0015,55.0,36.2,0.0
6554202366,DP0041,50.0,34.4,0.0
6551671362,DP0025,95.0,68.2,0.0
6556297405,DP0027,65.0,39.7,0.0
6555384937,DP0040,55.0,48.9,0.0
6555485033,DP0043,40.0,26.0,0.0
6549328866,DP0041,70.0,42.8,0.0
6548926514,DP0005,90.0,73.1,0.0
6554204049,DP0005,50.0,38.3,0.0
6552523089,DP0041,70.0,41.0,0.0
6554356011,DP0043,50.0,40.7,0.0
6555166855,DP0023,50.0,31.6,0.0
6522281482,DP0018,50.0,38.3,0.0
6555281803,DP0041,55.0,40.2,0.0
6547700555,DP0041,65.0,51.9,0.0
6545886925,DP0041,40.0,21.6,0.0
6555273964,DP0008,55.0,41.1,0.0
6552663039,DP0010,40.0,30.1,0.0
6549437079,DP0019,50.0,31.6,0.0
6550623528,DP0015,55.0,36.4,0.0
6550208412,DP0048,75.0,68.6,0.0
6547135149,DP0003,55.0,27.8,0.0
6550765468,DP0041,50.0,20.1,0.0
6540856250,,,,
6549417833,DP0023,50.0,28.8,0.0
6552960271,DP0043,50.0,26.2,0.0
6542428542,DP0041,45.0,41.3,0.0
6552940052,DP0050,55.0,53.3,0.0
6550164536,DP0009,40.0,42.8,1.0
6551179865,DP0005,55.0,37.3,0.0
6552725580,DP0008,50.0,37.7,0.0
6548669062,DP0019,50.0,30.4,0.0
6534970821,DP0037,55.0,35.3,0.0
6546232537,DP0043,40.0,29.3,0.0
6549619696,DP0019,70.0,65.2,0.0
6542995609,DP0043,50.0,32.9,0.0
6549842090,DP0041,50.0,38.0,0.0
6546528321,DP0041,55.0,35.8,0.0
6550008573,DP0019,45.0,33.8,0.0
6546078049,DP0008,50.0,38.0,0.0
6548364371,DP0043,50.0,46.2,0.0
6532722409,DP0007,55.0,55.9,1.0
6545174452,DP0041,50.0,31.8,0.0
6540274468,DP0041,50.0,43.2,0.0
6543845648,DP0043,55.0,48.9,0.0
6540335766,DP0041,55.0,51.4,0.0
6544285671,DP0019,50.0,29.8,0.0
6538525312,DP0041,90.0,67.0,0.0
6545645325,DP0002,75.0,77.0,1.0
6545258866,DP0041,85.0,58.7,0.0
6540321026,DP0005,70.0,88.4,1.0
6543054016,DP0038,50.0,45.8,0.0
6541792959,DP0007,50.0,30.3,0.0
6543433197,DP0047,40.0,36.9,0.0
6539680982,DP0041,55.0,49.5,0.0
6545210612,DP0043,50.0,40.3,0.0
6566078377,DP0003,40.0,22.6,0.0
6566582967,DP0041,40.0,23.8,0.0
6547480172,DP0021,50.0,40.0,0.0
6551482423,DP0038,50.0,48.8,0.0
6555470868,DP0043,50.0,31.6,0.0
6552818655,DP0048,50.0,54.0,1.0
6550375802,DP0018,50.0,33.1,0.0
6550232580,DP0046,40.0,60.3,1.0
6545366639,DP0041,50.0,35.3,0.0
6545113942,DP0046,55.0,49.8,0.0
6570103408,DP0041,55.0,45.4,0.0
6567414159,DP0047,55.0,42.8,0.0
6549419042,DP0043,95.0,67.8,0.0
6548899996,DP0008,50.0,36.7,0.0
6539436788,DP0021,55.0,46.3,0.0
6557211617,DP0017,50.0,31.8,0.0
6524999889,DP0041,50.0,47.8,0.0
6546030276,DP0041,50.0,34.9,0.0
6534034310,DP0041,50.0,44.3,0.0
6572516856,DP0041,45.0,28.3,0.0
6567007998,DP0030,50.0,27.5,0.0
6564733524,DP0008,55.0,40.9,0.0
6572061259,DP0015,50.0,30.0,0.0
6567733660,DP0041,40.0,38.9,0.0
6555885676,DP0008,55.0,39.0,0.0
6569084163,DP0015,40.0,25.9,0.0
6559937657,DP0038,55.0,35.2,0.0
6558417444,DP0005,50.0,35.9,0.0
6572082251,DP0015,55.0,49.8,0.0
6569090010,DP0008,70.0,58.4,0.0
6563851427,DP0046,45.0,46.4,1.0
6553686006,DP0013,40.0,26.4,0.0
6567970093,DP0043,55.0,38.3,0.0
6567740858,DP0007,40.0,31.5,0.0
6570602415,DP0043,50.0,59.8,1.0
6569147350,DP0041,75.0,50.5,0.0
6568537675,DP0043,40.0,21.9,0.0
6568006785,DP0043,55.0,43.3,0.0
6563297440,DP0041,40.0,24.9,0.0
6566716684,DP0043,45.0,22.2,0.0
6565069427,DP0041,50.0,27.4,0.0
6565507380,DP0041,50.0,43.2,0.0
6559910709,DP0037,65.0,47.0,0.0
6558673968,DP0043,75.0,43.8,0.0
6564884489,DP0041,45.0,41.7,0.0
6563415350,DP0009,65.0,64.7,0.0
6556038396,DP0041,55.0,33.9,0.0
6563742952,DP0043,40.0,34.8,0.0
6547404241,DP0041,50.0,31.7,0.0
6557250066,DP0047,75.0,47.1,0.0
6558924626,DP0015,55.0,33.4,0.0
6558403861,DP0028,65.0,79.1,1.0
6554961937,DP0041,50.0,43.7,0.0
6558259277,DP0015,50.0,42.6,0.0
6548683413,DP0033,40.0,40.5,1.0
6554226810,DP0041,55.0,39.6,0.0
6552721086,DP0013,70.0,58.0,0.0
6541999438,DP0019,40.0,25.0,0.0
6555655747,DP0008,55.0,34.9,0.0
6550264351,DP0041,60.0,37.5,0.0
6552999725,DP0028,40.0,27.2,0.0
6547944754,DP0015,40.0,21.7,0.0
6543373060,DP0041,50.0,45.8,0.0
6550728554,DP0005,40.0,33.0,0.0
6530397021,DP0043,40.0,25.5,0.0
6548486119,DP0019,40.0,33.1,0.0
6539988234,DP0043,50.0,43.3,0.0
6545994049,DP0041,50.0,34.9,0.0
6543836896,DP0043,50.0,41.2,0.0
6543289565,DP0018,50.0,25.0,0.0
6545239289,DP0010,40.0,32.1,0.0
6539964867,DP0043,50.0,36.8,0.0
6545103237,DP0015,65.0,41.5,0.0
6528943439,DP0041,50.0,58.6,1.0
6545496132,DP0027,70.0,48.4,0.0
6568490993,DP0041,55.0,39.8,0.0
6564842673,DP0043,55.0,47.3,0.0
6553527557,DP0049,65.0,47.7,0.0
6541170157,DP0028,65.0,39.2,0.0
6543973010,DP0028,50.0,40.4,0.0
6446252691,DP0026,50.0,32.8,0.0
6438984506,DP0001,40.0,35.6,0.0
6431939078,DP0006,55.0,44.8,0.0
6305781884,DP0017,65.0,41.5,0.0
6274718827,DP0031,65.0,44.4,0.0
6255799581,DP0048,50.0,34.4,0.0
6529695296,DP0004,50.0,38.9,0.0
6275566586,DP0010,55.0,46.2,0.0
6545366639,DP0048,50.0,35.3,0.0
6211110682,DP0039,55.0,21.2,0.0
6202050697,DP0034,40.0,33.2,0.0
6557701828,DP0022,75.0,54.1,0.0
6335610534,DP0022,50.0,79.0,1.0
6151024451,DP0007,65.0,52.6,0.0
6397620120,DP0039,50.0,35.2,0.0
6323591242,DP0037,40.0,21.3,0.0
6397322687,DP0015,55.0,28.9,0.0
6388125340,DP0019,50.0,30.2,0.0
6273814893,DP0010,70.0,44.0,0.0
6513713506,DP0037,55.0,49.2,0.0
6258532758,DP0037,40.0,27.9,0.0
6336368241,DP0050,40.0,33.3,0.0
6326104534,DP0004,50.0,28.5,0.0
6365523541,DP0046,60.0,60.9,1.0
6424343115,DP0050,40.0,31.3,0.0
6543184022,DP0041,65.0,56.9,0.0
6513061363,DP0025,65.0,67.5,1.0
6535412938,DP0028,65.0,41.3,0.0
6471522479,DP0049,40.0,26.0,0.0
6179199337,DP0044,45.0,23.8,0.0
