order_id,partner_id,promised_sla_minutes,actual_fulfillment_minutes,is_late
6573391991,DP0007,50.0,31.2,0.0
6573391992,DP0041,50.0,32.6,0.0
6573391993,DP0008,50.0,33.2,0.0
6573391994,DP0017,50.0,37.2,0.0
6573391995,DP0024,50.0,44.6,0.0
6573391996,DP0043,50.0,36.3,0.0
6573391997,DP0041,50.0,35.4,0.0
6573391998,DP0041,60.0,34.1,0.0
6573391999,DP0004,60.0,66.5,1.0
6573392000,DP0041,60.0,31.5,0.0
6573392001,DP0033,60.0,49.7,0.0
6573392002,DP0041,60.0,52.2,0.0
6573392003,DP0019,60.0,50.1,0.0
6573392004,DP0005,60.0,50.1,0.0
6573392005,DP0043,50.0,36.7,0.0
6573392006,DP0015,55.0,27.3,0.0
6573392007,DP0034,60.0,55.6,0.0
6573392008,DP0022,60.0,55.4,0.0
6573392009,DP0005,60.0,41.7,0.0
6573392010,DP0043,60.0,53.5,0.0
6573392011,DP0043,75.0,48.9,0.0
6573392012,DP0048,75.0,61.9,0.0
6573392013,DP0032,75.0,49.8,0.0
6573392014,DP0047,75.0,49.5,0.0
6573392015,DP0039,55.0,30.4,0.0
6573392016,DP0041,55.0,32.3,0.0
6573392017,DP0005,55.0,31.3,0.0
6573392018,DP0043,55.0,33.7,0.0
6573392019,DP0020,55.0,30.8,0.0
6573392020,DP0019,40.0,21.9,0.0
6573392021,DP0002,40.0,21.6,0.0
6573392022,DP0041,40.0,24.8,0.0
6573392023,DP0041,40.0,25.0,0.0
6573392024,DP0041,40.0,20.6,0.0
6573392025,DP0048,40.0,33.5,0.0
6573392026,DP0043,40.0,25.3,0.0
6573392027,DP0043,40.0,28.2,0.0
6573392028,,,,
6573392029,DP0007,40.0,23.5,0.0
6573392030,DP0012,40.0,26.6,0.0
6573392031,DP0047,40.0,28.2,0.0
6573392032,DP0036,40.0,28.2,0.0
6573392033,DP0043,40.0,24.4,0.0
6573392034,DP0041,55.0,27.1,0.0
6573392035,DP0041,55.0,35.7,0.0
6573392036,DP0019,40.0,26.4,0.0
6573392037,DP0043,40.0,24.0,0.0
6573392038,DP0015,40.0,25.9,0.0
6573392039,DP0034,40.0,29.2,0.0
6573392040,DP0050,40.0,53.4,1.0
6573392041,DP0041,45.0,28.6,0.0
6573392042,DP0039,45.0,33.6,0.0
6573392043,DP0041,45.0,32.8,0.0
6573392044,DP0036,80.0,43.3,0.0
6573392045,DP0041,55.0,36.7,0.0
6573392046,DP0034,55.0,33.1,0.0
6573392047,DP0041,55.0,29.2,0.0
6573392048,DP0041,55.0,40.7,0.0
6573392049,DP0041,55.0,34.6,0.0
6573392050,DP0041,50.0,33.3,0.0
6573392051,DP0015,50.0,30.0,0.0
6573392052,DP0015,65.0,42.3,0.0
6573392053,DP0041,65.0,45.3,0.0
6573392054,DP0019,60.0,42.5,0.0
6573392055,DP0041,60.0,39.3,0.0
6573392056,DP0020,60.0,46.1,0.0
6573392057,DP0008,60.0,52.9,0.0
6573392058,DP0034,60.0,57.2,0.0
6573392059,DP0021,45.0,40.6,0.0
6573392060,DP0018,60.0,40.4,0.0
6573392061,DP0041,65.0,39.2,0.0
6573392062,DP0018,65.0,43.9,0.0
6573392063,DP0041,55.0,47.1,0.0
6573392064,DP0041,55.0,58.5,1.0
6573392065,DP0041,55.0,59.4,1.0
6573392066,DP0006,55.0,45.4,0.0
6573392067,DP0044,50.0,43.5,0.0
6573392068,DP0041,50.0,35.3,0.0
6573392069,DP0043,50.0,31.7,0.0
6573392070,DP0015,50.0,43.4,0.0
6573392071,DP0041,40.0,40.6,1.0
6573392072,DP0047,50.0,35.9,0.0
6573392073,DP0050,50.0,52.9,1.0
6573392074,DP0003,55.0,38.9,0.0
6573392075,DP0041,55.0,51.2,0.0
6573392076,DP0019,55.0,52.8,0.0
6573392077,DP0005,55.0,51.2,0.0
6573392078,DP0041,55.0,50.4,0.0
6573392079,DP0002,55.0,42.0,0.0
6573392080,DP0041,55.0,38.8,0.0
6573392081,DP0043,45.0,18.6,0.0
6573392082,DP0043,55.0,30.0,0.0
6573392083,DP0047,55.0,26.0,0.0
6573392084,DP0041,55.0,27.6,0.0
6573392085,DP0012,55.0,31.3,0.0
6573392086,DP0039,55.0,25.6,0.0
6573392087,DP0043,55.0,32.0,0.0
6573392088,DP0019,55.0,27.9,0.0
6573392089,DP0039,55.0,38.7,0.0
6573392090,DP0041,55.0,51.8,0.0
6573392091,DP0007,45.0,37.4,0.0
6573392092,DP0041,40.0,28.2,0.0
6573392093,DP0005,50.0,24.3,0.0
6573392094,DP0021,50.0,30.6,0.0
6573392095,DP0041,50.0,23.7,0.0
6573392096,DP0041,40.0,28.7,0.0
6573392097,DP0044,55.0,34.0,0.0
6573392098,DP0041,55.0,34.9,0.0
6573392099,DP0015,55.0,37.6,0.0
6573392100,DP0043,55.0,35.1,0.0
6573392101,DP0041,55.0,33.9,0.0
6573392102,DP0043,55.0,39.0,0.0
6573392103,DP0043,55.0,48.4,0.0
6573392104,DP0042,50.0,30.1,0.0
6573392105,DP0033,50.0,27.9,0.0
6573392106,DP0041,50.0,36.1,0.0
6573392107,DP0038,50.0,25.5,0.0
6573392108,DP0041,50.0,43.5,0.0
6573392109,DP0041,50.0,39.6,0.0
6573392110,DP0008,50.0,28.9,0.0
6573392111,DP0041,40.0,32.6,0.0
6573392112,DP0015,40.0,29.7,0.0
6573392113,DP0041,45.0,37.9,0.0
6573392114,DP0007,45.0,32.0,0.0
6573392115,DP0002,55.0,39.6,0.0
6573392116,DP0026,50.0,36.8,0.0
6573392117,DP0048,55.0,50.1,0.0
6573392118,DP0041,50.0,43.4,0.0
6573392119,DP0037,50.0,30.1,0.0
6573392120,DP0008,50.0,37.4,0.0
6573392121,DP0005,50.0,32.1,0.0
6573392122,DP0041,50.0,32.0,0.0
6573392123,DP0043,50.0,33.8,0.0
6573392124,DP0002,50.0,28.4,0.0
6573392125,DP0041,50.0,36.1,0.0
6573392126,DP0041,45.0,29.4,0.0
6573392127,DP0019,45.0,31.9,0.0
6573392128,DP0041,60.0,44.8,0.0
6573392129,DP0041,40.0,26.2,0.0
6573392130,DP0041,40.0,13.7,0.0
6573392131,DP0031,40.0,34.2,0.0
6573392132,DP0005,40.0,39.2,0.0
6573392133,DP0041,40.0,36.8,0.0
6573392134,DP0041,40.0,30.6,0.0
6573392135,DP0012,40.0,16.0,0.0
6573392136,DP0005,80.0,68.0,0.0
6573392137,DP0041,80.0,57.8,0.0
6573392138,DP0025,80.0,58.7,0.0
6573392139,DP0015,80.0,69.5,0.0
6573392140,DP0006,80.0,69.2,0.0
6573392141,DP0043,80.0,68.7,0.0
6573392142,DP0028,80.0,54.1,0.0
6573392143,DP0041,65.0,42.0,0.0
6573392144,DP0003,65.0,44.0,0.0
6573392145,DP0001,65.0,42.3,0.0
6573392146,DP0043,65.0,38.5,0.0
6573392147,DP0041,60.0,35.8,0.0
6573392148,DP0050,60.0,55.4,0.0
6573392149,DP0041,50.0,28.2,0.0
6573392150,DP0009,50.0,23.4,0.0
6573392151,DP0046,60.0,67.8,1.0
6573392152,DP0009,60.0,49.4,0.0
6573392153,DP0028,50.0,35.2,0.0
6573392154,DP0043,55.0,41.9,0.0
6573392155,DP0005,55.0,45.6,0.0
6573392156,DP0040,55.0,48.3,0.0
6573392157,DP0043,55.0,34.3,0.0
6573392158,DP0023,55.0,49.2,0.0
6573392159,DP0047,55.0,32.9,0.0
6573392160,DP0050,55.0,47.0,0.0
6573392161,DP0041,60.0,43.6,0.0
6573392162,DP0023,60.0,39.0,0.0
6573392163,DP0048,60.0,71.3,1.0
6573392164,DP0050,60.0,57.6,0.0
6573392165,DP0039,50.0,46.2,0.0
6573392166,DP0005,55.0,33.4,0.0
6573392167,DP0039,45.0,33.0,0.0
6573392168,DP0041,45.0,35.3,0.0
6573392169,DP0041,45.0,33.2,0.0
6573392170,DP0041,45.0,28.2,0.0
6573392171,DP0048,45.0,56.9,1.0
6573392172,DP0041,45.0,31.5,0.0
6573392173,DP0006,45.0,32.0,0.0
6573392174,DP0041,55.0,34.0,0.0
6573392175,DP0015,55.0,46.3,0.0
6573392176,DP0041,55.0,38.8,0.0
6573392177,DP0027,55.0,33.0,0.0
6573392178,DP0041,70.0,60.4,0.0
6573392179,DP0041,40.0,30.6,0.0
6573392180,DP0010,40.0,17.5,0.0
6573392181,DP0041,45.0,32.5,0.0
6573392182,DP0009,45.0,24.4,0.0
6573392183,DP0041,45.0,28.8,0.0
6573392184,DP0025,40.0,25.8,0.0
6573392185,DP0041,40.0,23.4,0.0
6573392186,DP0042,40.0,26.6,0.0
6573392187,DP0048,40.0,36.4,0.0
6573392188,DP0024,40.0,19.7,0.0
6573392189,DP0005,40.0,21.9,0.0
6573392190,DP0047,40.0,23.1,0.0
6573392191,DP0049,45.0,20.9,0.0
6573392192,DP0043,45.0,26.5,0.0
6573392193,DP0043,45.0,44.8,0.0
6573392194,DP0041,45.0,27.7,0.0
6573392195,DP0041,45.0,42.9,0.0
6573392196,DP0041,45.0,39.4,0.0
6573392197,DP0007,45.0,47.1,1.0
6573392198,DP0043,85.0,74.8,0.0
6573392199,DP0041,85.0,72.0,0.0
6573392200,DP0049,85.0,79.7,0.0
6573392201,DP0041,85.0,62.9,0.0
6573392202,DP0028,50.0,25.5,0.0
6573392203,DP0010,50.0,23.3,0.0
6573392204,DP0005,50.0,19.0,0.0
6573392205,DP0024,50.0,24.5,0.0
6573392206,DP0028,50.0,23.7,0.0
6573392207,DP0041,50.0,17.5,0.0
6573392208,DP0041,50.0,37.9,0.0
6573392209,DP0005,55.0,42.9,0.0
6573392210,DP0020,50.0,31.2,0.0
6573392211,DP0015,55.0,52.1,0.0
6573392212,DP0041,55.0,37.6,0.0
6573392213,DP0041,55.0,47.3,0.0
6573392214,DP0041,40.0,38.5,0.0
6573392215,DP0015,50.0,34.9,0.0
6573392216,DP0003,50.0,31.6,0.0
6573392217,DP0005,60.0,32.2,0.0
6573392218,DP0041,60.0,48.9,0.0
6573392219,DP0043,60.0,41.9,0.0
6573392220,DP0041,60.0,42.0,0.0
6573392221,DP0041,60.0,39.1,0.0
6573392222,DP0041,60.0,31.2,0.0
6573392223,DP0041,60.0,33.5,0.0
6573392224,DP0043,50.0,36.9,0.0
6573392225,DP0036,50.0,34.4,0.0
6573392226,DP0041,50.0,41.2,0.0
6573392227,DP0042,50.0,41.6,0.0
6573392228,DP0041,55.0,30.7,0.0
6573392229,DP0014,55.0,28.6,0.0
6573392230,DP0041,55.0,30.2,0.0
6573392231,DP0002,55.0,27.6,0.0
6573392232,DP0005,55.0,31.0,0.0
6573392233,DP0041,55.0,29.5,0.0
6573392234,DP0019,50.0,32.0,0.0
6573392235,DP0019,55.0,37.5,0.0
6573392236,DP0005,60.0,46.2,0.0
6573392237,DP0043,60.0,35.2,0.0
6573392238,DP0041,55.0,37.8,0.0
6573392239,DP0003,55.0,43.9,0.0
6573392240,DP0041,55.0,37.7,0.0
6573392241,DP0041,60.0,38.4,0.0
6573392242,DP0041,45.0,36.4,0.0
6573392243,DP0039,45.0,45.7,1.0
6573392244,DP0038,45.0,39.6,0.0
6573392245,DP0019,55.0,41.1,0.0
6573392246,DP0045,55.0,43.6,0.0
6573392247,DP0041,55.0,45.6,0.0
6573392248,DP0049,55.0,48.6,0.0
6573392249,DP0043,55.0,45.5,0.0
6573392250,DP0035,40.0,22.8,0.0
6573392251,DP0039,40.0,27.4,0.0
6573392252,DP0041,40.0,22.2,0.0
6573392253,DP0024,40.0,28.3,0.0
6573392254,DP0005,40.0,25.1,0.0
6573392255,DP0009,40.0,34.8,0.0
6573392256,DP0041,40.0,34.8,0.0
6573392257,DP0041,45.0,20.6,0.0
6573392258,DP0048,50.0,56.0,1.0
6573392259,DP0041,45.0,45.1,1.0
6573392260,DP0041,45.0,42.4,0.0
6573392261,DP0019,45.0,43.9,0.0
6573392262,DP0033,50.0,36.5,0.0
6573392263,DP0005,55.0,51.0,0.0
6573392264,DP0039,55.0,70.4,1.0
6573392265,DP0015,55.0,52.5,0.0
6573392266,DP0005,55.0,57.8,1.0
6573392267,DP0041,55.0,62.8,1.0
6573392268,DP0008,55.0,70.2,1.0
6573392269,DP0043,55.0,58.0,1.0
6573392270,DP0012,45.0,31.3,0.0
6573392271,DP0041,45.0,15.8,0.0
6573392272,DP0043,45.0,17.7,0.0
6573392273,DP0002,45.0,19.3,0.0
6573392274,DP0041,65.0,41.5,0.0
6573392275,DP0041,65.0,43.0,0.0
6573392276,DP0043,65.0,60.7,0.0
6573392277,DP0041,40.0,29.9,0.0
6573392278,DP0041,50.0,42.5,0.0
6573392279,DP0041,50.0,38.8,0.0
6573392280,DP0041,50.0,47.8,0.0
6573392281,DP0016,50.0,38.2,0.0
6573392282,DP0038,45.0,34.8,0.0
6573392283,DP0041,45.0,34.6,0.0
6573392284,DP0019,45.0,31.3,0.0
6573392285,DP0039,45.0,33.2,0.0
6573392286,DP0045,45.0,35.8,0.0
6573392287,DP0007,45.0,34.3,0.0
6573392288,DP0034,45.0,33.6,0.0
6573392289,DP0041,50.0,26.4,0.0
6573392290,DP0006,50.0,27.1,0.0
6573392291,DP0041,50.0,21.1,0.0
6573392292,DP0027,50.0,20.7,0.0
6573392293,DP0041,55.0,33.8,0.0
6573392294,DP0024,50.0,22.3,0.0
6573392295,DP0005,55.0,33.8,0.0
6573392296,DP0043,50.0,44.8,0.0
6573392297,DP0049,55.0,38.8,0.0
6573392298,DP0038,50.0,42.6,0.0
6573392299,DP0041,50.0,39.1,0.0
6573392300,DP0038,55.0,39.9,0.0
6573392301,DP0041,50.0,44.1,0.0
6573392302,DP0041,85.0,50.8,0.0
6573392303,DP0021,85.0,55.0,0.0
6573392304,DP0005,50.0,28.6,0.0
6573392305,DP0050,50.0,52.4,1.0
6573392306,DP0041,50.0,26.5,0.0
6573392307,DP0041,50.0,35.5,0.0
6573392308,DP0041,50.0,31.3,0.0
6573392309,DP0005,55.0,29.3,0.0
6573392310,DP0005,40.0,27.7,0.0
6573392311,DP0041,40.0,17.5,0.0
6573392312,DP0041,40.0,30.0,0.0
6573392313,DP0048,40.0,38.7,0.0
6573392314,DP0041,40.0,26.2,0.0
6573392315,DP0006,40.0,28.4,0.0
6573392316,DP0027,40.0,17.8,0.0
6573392317,DP0044,50.0,30.4,0.0
6573392318,DP0041,50.0,44.9,0.0
6573392319,DP0038,50.0,37.2,0.0
6573392320,DP0047,50.0,45.1,0.0
6573392321,DP0041,50.0,46.9,0.0
6573392322,DP0009,50.0,34.1,0.0
6573392323,DP0008,50.0,29.7,0.0
6573392324,DP0041,50.0,35.0,0.0
6573392325,DP0048,50.0,46.8,0.0
6573392326,DP0041,50.0,46.7,0.0
6573392327,DP0041,65.0,52.0,0.0
6573392328,DP0041,65.0,53.2,0.0
6573392329,,,,
6573392330,,,,
6573392331,,,,
6573392332,,,,
6573392333,,,,
6573392334,DP0019,55.0,36.7,0.0
6573392335,DP0043,55.0,40.5,0.0
6573392336,DP0005,55.0,37.8,0.0
6573392337,DP0019,55.0,32.2,0.0
6573392338,DP0006,55.0,29.9,0.0
6573392339,DP0041,55.0,32.4,0.0
6573392340,DP0019,50.0,32.7,0.0
6573392341,DP0041,50.0,33.8,0.0
6573392342,DP0020,50.0,26.3,0.0
6573392343,DP0043,50.0,29.8,0.0
6573392344,DP0041,45.0,23.7,0.0
6573392345,DP0014,40.0,31.9,0.0
6573392346,DP0041,45.0,22.4,0.0
6573392347,DP0008,45.0,27.2,0.0
6573392348,DP0020,60.0,42.0,0.0
6573392349,DP0028,45.0,35.5,0.0
6573392350,DP0036,45.0,36.5,0.0
6573392351,DP0043,45.0,35.7,0.0
6573392352,DP0005,45.0,33.1,0.0
6573392353,DP0041,45.0,34.1,0.0
6573392354,DP0041,45.0,32.0,0.0
6573392355,DP0041,45.0,31.0,0.0
6573392356,DP0019,45.0,28.7,0.0
6573392357,DP0003,45.0,23.5,0.0
6573392358,DP0005,45.0,28.5,0.0
6573392359,DP0005,45.0,23.3,0.0
6573392360,DP0009,55.0,48.3,0.0
6573392361,DP0010,55.0,46.2,0.0
6573392362,DP0041,55.0,34.1,0.0
6573392363,DP0041,55.0,40.2,0.0
6573392364,DP0005,55.0,35.6,0.0
6573392365,DP0041,55.0,52.4,0.0
6573392366,DP0043,55.0,48.4,0.0
6573392367,DP0041,40.0,20.8,0.0
6573392368,DP0038,40.0,24.6,0.0
6573392369,DP0008,40.0,24.8,0.0
6573392370,DP0041,65.0,48.7,0.0
6573392371,DP0033,55.0,47.3,0.0
6573392372,DP0021,55.0,44.0,0.0
6573392373,DP0007,55.0,44.1,0.0
6573392374,DP0021,55.0,48.2,0.0
6573392375,DP0009,55.0,46.1,0.0
6573392376,DP0027,55.0,43.8,0.0
6573392377,DP0013,55.0,43.9,0.0
6573392378,DP0041,55.0,47.1,0.0
6573392379,DP0041,45.0,38.0,0.0
6573392380,DP0041,55.0,36.5,0.0
6573392381,DP0038,45.0,34.2,0.0
6573392382,DP0018,45.0,35.7,0.0
6573392383,DP0041,45.0,25.7,0.0
6573392384,DP0043,50.0,24.7,0.0
6573392385,DP0041,50.0,23.1,0.0
6573392386,DP0041,90.0,61.4,0.0
6573392387,DP0030,90.0,56.7,0.0
6573392388,DP0010,40.0,29.9,0.0
6573392389,DP0009,40.0,26.5,0.0
6573392390,DP0050,40.0,37.5,0.0
6573392391,DP0009,40.0,59.5,1.0
6573392392,DP0043,40.0,59.0,1.0
6573392393,DP0041,40.0,28.2,0.0
6573392394,DP0041,40.0,28.4,0.0
6573392395,DP0043,60.0,51.7,0.0
6573392396,DP0043,55.0,40.2,0.0
6573392397,DP0043,60.0,50.1,0.0
6573392398,DP0009,60.0,49.6,0.0
6573392399,DP0024,60.0,64.8,1.0
6573392400,DP0041,55.0,53.4,0.0
6573392401,DP0033,55.0,57.6,1.0
6573392402,DP0006,45.0,23.1,0.0
6573392403,DP0043,45.0,23.0,0.0
6573392404,DP0019,45.0,22.6,0.0
6573392405,DP0022,45.0,24.8,0.0
6573392406,DP0041,45.0,24.1,0.0
6573392407,DP0026,45.0,17.1,0.0
6573392408,DP0041,45.0,30.1,0.0
6573392409,DP0007,45.0,36.6,0.0
6573392410,DP0041,45.0,35.0,0.0
6573392411,DP0028,45.0,36.1,0.0
6573392412,DP0019,45.0,37.3,0.0
6573392413,DP0041,45.0,37.1,0.0
6573392414,DP0021,45.0,39.3,0.0
6573392415,DP0041,55.0,43.2,0.0
6573392416,DP0041,55.0,47.7,0.0
6573392417,DP0043,55.0,72.9,1.0
6573392418,DP0023,55.0,27.5,0.0
6573392419,DP0043,55.0,41.2,0.0
6573392420,DP0049,55.0,45.5,0.0
6573392421,DP0041,55.0,73.0,1.0
6573392422,DP0028,55.0,43.0,0.0
6573392423,DP0047,55.0,43.5,0.0
6573392424,DP0041,55.0,42.1,0.0
6573392425,DP0041,55.0,42.7,0.0
6573392426,DP0041,45.0,22.1,0.0
6573392427,DP0043,45.0,20.6,0.0
6573392428,DP0019,45.0,30.6,0.0
6573392429,DP0007,45.0,29.8,0.0
6573392430,DP0041,45.0,20.2,0.0
6573392431,DP0039,45.0,23.9,0.0
6573392432,DP0014,45.0,19.4,0.0
6573392433,DP0034,60.0,52.2,0.0
6573392434,DP0041,60.0,58.2,0.0
6573392435,DP0041,60.0,60.0,0.0
6573392436,DP0041,60.0,41.0,0.0
6573392437,DP0041,60.0,40.6,0.0
6573392438,DP0041,60.0,57.8,0.0
6573392439,DP0005,60.0,61.3,1.0
6573392440,DP0047,50.0,38.5,0.0
6573392441,DP0007,50.0,32.0,0.0
6573392442,DP0005,50.0,36.2,0.0
6573392443,DP0047,50.0,43.2,0.0
6573392444,DP0043,50.0,37.8,0.0
6573392445,DP0047,50.0,41.4,0.0
6573392446,DP0050,50.0,54.5,1.0
6573392447,DP0041,45.0,42.7,0.0
6573392448,DP0041,45.0,39.6,0.0
6573392449,DP0019,45.0,41.6,0.0
6573392450,DP0007,40.0,26.9,0.0
6573392451,DP0041,40.0,26.7,0.0
6573392452,DP0041,40.0,30.0,0.0
6573392453,DP0015,40.0,21.9,0.0
6573392454,DP0043,50.0,27.6,0.0
6573392455,DP0041,45.0,52.0,1.0
6573392456,DP0014,50.0,31.8,0.0
6573392457,DP0041,45.0,34.8,0.0
6573392458,DP0007,45.0,23.1,0.0
6573392459,DP0041,55.0,33.7,0.0
6573392460,DP0041,55.0,31.6,0.0
6573392461,DP0017,45.0,29.8,0.0
6573392462,DP0041,55.0,40.4,0.0
6573392463,DP0010,45.0,37.9,0.0
6573392464,DP0041,55.0,39.3,0.0
6573392465,DP0020,55.0,42.9,0.0
6573392466,DP0048,55.0,66.4,1.0
6573392467,DP0041,45.0,31.3,0.0
6573392468,DP0033,45.0,33.8,0.0
6573392469,DP0041,50.0,28.3,0.0
6573392470,DP0002,50.0,21.6,0.0
6573392471,DP0041,50.0,25.6,0.0
6573392472,DP0041,45.0,35.4,0.0
6573392473,DP0043,50.0,28.7,0.0
6573392474,DP0046,45.0,43.7,0.0
6573392475,DP0041,65.0,55.6,0.0
6573392476,DP0005,50.0,40.7,0.0
6573392477,DP0048,50.0,51.3,1.0
6573392478,DP0041,50.0,26.4,0.0
6573392479,DP0041,50.0,44.2,0.0
6573392480,DP0032,40.0,24.6,0.0
6573392481,DP0005,40.0,30.9,0.0
6573392482,DP0041,40.0,27.4,0.0
6573392483,DP0005,40.0,26.8,0.0
6573392484,DP0041,40.0,24.4,0.0
6573392485,DP0041,40.0,32.6,0.0
6573392486,DP0041,40.0,75.2,1.0
6573392487,DP0041,40.0,34.0,0.0
6573392488,DP0020,55.0,66.0,1.0
6573392489,DP0002,55.0,32.4,0.0
6573392490,DP0041,55.0,65.2,1.0
6573392491,DP0041,55.0,39.1,0.0
6573392492,DP0005,55.0,42.3,0.0
6573392493,DP0043,55.0,40.7,0.0
6573392494,DP0019,55.0,43.3,0.0
6573392495,DP0039,55.0,41.0,0.0
6573392496,DP0041,55.0,39.4,0.0
6573392497,DP0013,45.0,47.0,1.0
6573392498,DP0005,50.0,36.1,0.0
6573392499,DP0039,50.0,39.1,0.0
6573392500,DP0015,50.0,33.9,0.0
6573392501,DP0049,50.0,37.0,0.0
6573392502,DP0005,50.0,34.5,0.0
6573392503,DP0041,50.0,24.5,0.0
6573392504,DP0041,50.0,31.0,0.0
6573392505,DP0041,50.0,29.8,0.0
6573392506,DP0028,50.0,43.3,0.0
6573392507,DP0005,50.0,26.5,0.0
6573392508,DP0041,50.0,29.9,0.0
6573392509,DP0041,50.0,25.0,0.0
6573392510,DP0015,50.0,20.8,0.0
6573392511,DP0008,50.0,19.7,0.0
6573392512,DP0041,50.0,30.3,0.0
6573392513,DP0041,40.0,46.8,1.0
6573392514,DP0008,40.0,49.3,1.0
6573392515,DP0041,40.0,25.6,0.0
6573392516,DP0041,50.0,31.1,0.0
6573392517,DP0015,50.0,32.6,0.0
6573392518,DP0041,55.0,42.0,0.0
6573392519,DP0041,55.0,49.4,0.0
6573392520,DP0015,55.0,28.9,0.0
6573392521,DP0017,65.0,43.1,0.0
6573392522,DP0041,65.0,46.9,0.0
6573392523,DP0006,55.0,41.7,0.0
6573392524,DP0037,65.0,43.0,0.0
6573392525,DP0041,55.0,43.7,0.0
6573392526,DP0023,45.0,27.9,0.0
6573392527,DP0008,45.0,27.1,0.0
6573392528,DP0032,45.0,20.8,0.0
6573392529,DP0041,45.0,25.1,0.0
6573392530,DP0015,45.0,30.1,0.0
6573392531,DP0002,45.0,26.7,0.0
6573392532,DP0028,45.0,29.1,0.0
6573392533,DP0008,45.0,30.8,0.0
6573392534,DP0009,50.0,29.3,0.0
6573392535,DP0041,50.0,37.7,0.0
6573392536,DP0039,50.0,43.3,0.0
6573392537,DP0019,50.0,40.6,0.0
6573392538,DP0019,45.0,24.8,0.0
6573392539,DP0041,50.0,40.9,0.0
6573392540,DP0043,50.0,28.9,0.0
6573392541,DP0050,50.0,42.8,0.0
6573392542,DP0041,50.0,56.0,1.0
6573392543,DP0041,45.0,49.8,1.0
6573392544,DP0005,45.0,47.9,1.0
6573392545,DP0049,45.0,32.5,0.0
6573392546,DP0049,45.0,29.2,0.0
6573392547,DP0016,45.0,32.4,0.0
6573392548,DP0041,45.0,33.3,0.0
6573392549,DP0041,45.0,47.5,1.0
6573392550,DP0041,50.0,28.5,0.0
6573392551,DP0041,40.0,19.1,0.0
6573392552,DP0041,40.0,21.1,0.0
6573392553,DP0038,40.0,24.3,0.0
6573392554,DP0041,40.0,17.4,0.0
6573392555,DP0041,40.0,25.2,0.0
6573392556,DP0041,40.0,16.5,0.0
6573392557,DP0041,40.0,22.4,0.0
6573392558,DP0012,65.0,57.2,0.0
6573392559,DP0043,40.0,49.6,1.0
6573392560,DP0023,40.0,29.1,0.0
6573392561,DP0019,40.0,33.3,0.0
6573392562,DP0019,40.0,34.8,0.0
6573392563,DP0041,40.0,32.2,0.0
6573392564,DP0041,40.0,33.7,0.0
6573392565,DP0041,40.0,31.0,0.0
6573392566,DP0041,40.0,25.7,0.0
6573392567,DP0005,55.0,44.5,0.0
6573392568,DP0028,55.0,42.9,0.0
6573392569,DP0041,55.0,39.5,0.0
6573392570,DP0041,90.0,57.7,0.0
6573392571,DP0045,90.0,65.1,0.0
6573392572,DP0041,90.0,63.8,0.0
6573392573,DP0043,90.0,62.6,0.0
6573392574,DP0019,40.0,34.2,0.0
6573392575,DP0041,55.0,27.9,0.0
6573392576,DP0008,55.0,27.9,0.0
6573392577,DP0041,55.0,35.4,0.0
6573392578,DP0041,50.0,25.1,0.0
6573392579,DP0041,50.0,23.1,0.0
6573392580,DP0043,50.0,34.1,0.0
6573392581,DP0041,50.0,23.7,0.0
6573392582,DP0041,50.0,51.3,1.0
6573392583,DP0019,50.0,28.6,0.0
6573392584,DP0041,40.0,29.9,0.0
6573392585,DP0043,50.0,22.3,0.0
6573392586,DP0041,40.0,17.6,0.0
6573392587,DP0006,50.0,29.6,0.0
6573392588,DP0006,40.0,17.3,0.0
6573392589,DP0041,40.0,19.9,0.0
6573392590,DP0043,70.0,47.8,0.0
6573392591,DP0041,65.0,60.2,0.0
6573392592,DP0041,70.0,41.0,0.0
6573392593,DP0041,70.0,45.0,0.0
6573392594,DP0009,45.0,18.5,0.0
6573392595,DP0041,45.0,24.1,0.0
6573392596,DP0041,50.0,33.2,0.0
6573392597,DP0005,55.0,39.0,0.0
6573392598,DP0041,60.0,40.8,0.0
6573392599,DP0007,60.0,45.5,0.0
6573392600,DP0041,50.0,41.7,0.0
6573392601,DP0037,50.0,42.0,0.0
6573392602,DP0023,50.0,48.5,0.0
6573392603,DP0008,55.0,47.0,0.0
6573392604,DP0043,55.0,47.7,0.0
6573392605,DP0005,40.0,29.4,0.0
6573392606,DP0041,40.0,19.3,0.0
6573392607,DP0041,40.0,29.7,0.0
6573392608,DP0048,40.0,38.6,0.0
6573392609,DP0027,40.0,35.6,0.0
6573392610,DP0041,55.0,31.7,0.0
6573392611,DP0015,55.0,46.8,0.0
6573392612,DP0019,55.0,46.1,0.0
6573392613,DP0041,55.0,45.2,0.0
6573392614,DP0041,55.0,44.6,0.0
6573392615,DP0002,55.0,48.7,0.0
6573392616,DP0041,55.0,35.7,0.0
6573392617,DP0041,40.0,17.7,0.0
6573392618,DP0041,40.0,18.5,0.0
6573392619,DP0015,40.0,22.2,0.0
6573392620,DP0005,60.0,46.1,0.0
6573392621,DP0021,60.0,46.0,0.0
6573392622,DP0041,60.0,59.7,0.0
6573392623,DP0041,60.0,40.7,0.0
6573392624,DP0015,55.0,38.3,0.0
6573392625,DP0041,55.0,44.5,0.0
6573392626,DP0005,55.0,41.1,0.0
6573392627,DP0027,55.0,39.8,0.0
6573392628,DP0041,55.0,36.2,0.0
6573392629,DP0041,55.0,48.5,0.0
6573392630,DP0041,55.0,41.0,0.0
6573392631,DP0041,45.0,29.4,0.0
6573392632,DP0033,45.0,34.4,0.0
6573392633,DP0046,45.0,46.8,1.0
6573392634,DP0008,45.0,30.6,0.0
6573392635,DP0043,45.0,32.0,0.0
6573392636,DP0041,45.0,28.5,0.0
6573392637,DP0041,45.0,27.7,0.0
6573392638,DP0038,50.0,32.8,0.0
6573392639,DP0041,50.0,29.2,0.0
6573392640,DP0041,70.0,60.9,0.0
6573392641,DP0031,50.0,36.1,0.0
6573392642,DP0041,50.0,27.8,0.0
6573392643,DP0006,50.0,31.9,0.0
6573392644,DP0041,50.0,32.4,0.0
6573392645,DP0006,50.0,38.6,0.0
6573392646,DP0038,50.0,31.3,0.0
6573392647,DP0048,50.0,49.8,0.0
6573392648,DP0008,50.0,33.6,0.0
6573392649,DP0043,50.0,38.3,0.0
6573392650,DP0026,75.0,49.1,0.0
6573392651,DP0033,55.0,32.9,0.0
6573392652,DP0028,55.0,49.4,0.0
6573392653,DP0043,55.0,38.2,0.0
6573392654,DP0019,55.0,35.5,0.0
6573392655,DP0041,75.0,50.5,0.0
6573392656,DP0041,75.0,51.5,0.0
6573392657,DP0003,50.0,24.2,0.0
6573392658,DP0041,45.0,37.2,0.0
6573392659,DP0041,50.0,23.1,0.0
6573392660,DP0005,50.0,36.6,0.0
6573392661,DP0043,40.0,29.3,0.0
6573392662,DP0020,55.0,29.7,0.0
6573392663,DP0043,55.0,68.1,1.0
6573392664,DP0028,55.0,34.8,0.0
6573392665,DP0041,55.0,38.2,0.0
6573392666,DP0041,45.0,49.3,1.0
6573392667,DP0041,45.0,23.4,0.0
6573392668,DP0008,45.0,43.9,0.0
6573392669,DP0033,45.0,19.0,0.0
6573392670,DP0043,45.0,22.1,0.0
6573392671,DP0020,65.0,62.4,0.0
6573392672,DP0050,65.0,82.9,1.0
6573392673,DP0041,55.0,29.2,0.0
6573392674,DP0043,65.0,69.8,1.0
6573392675,DP0041,55.0,34.2,0.0
6573392676,DP0041,55.0,31.6,0.0
6573392677,DP0010,55.0,49.8,0.0
6573392678,DP0015,55.0,32.0,0.0
6573392679,DP0043,55.0,28.7,0.0
6573392680,DP0041,55.0,39.5,0.0
6573392681,DP0041,55.0,44.0,0.0
6573392682,DP0050,45.0,35.5,0.0
6573392683,DP0043,45.0,28.3,0.0
6573392684,DP0038,70.0,42.7,0.0
6573392685,DP0039,70.0,42.3,0.0
6573392686,DP0041,70.0,47.1,0.0
6573392687,DP0041,70.0,44.3,0.0
6573392688,DP0041,70.0,45.6,0.0
6573392689,DP0015,70.0,39.8,0.0
6573392690,DP0029,50.0,43.0,0.0
6573392691,DP0043,40.0,21.6,0.0
6573392692,DP0014,40.0,26.3,0.0
6573392693,DP0041,40.0,26.2,0.0
6573392694,DP0043,40.0,30.0,0.0
6573392695,DP0041,50.0,30.8,0.0
6573392696,DP0012,50.0,32.6,0.0
6573392697,DP0022,50.0,38.8,0.0
6573392698,DP0045,50.0,37.0,0.0
6573392699,DP0023,50.0,38.1,0.0
6573392700,DP0043,65.0,41.6,0.0
6573392701,DP0041,60.0,43.3,0.0
6573392702,DP0046,60.0,58.3,0.0
6573392703,DP0034,55.0,41.3,0.0
6573392704,DP0041,55.0,35.3,0.0
6573392705,DP0005,55.0,39.8,0.0
6573392706,DP0008,55.0,40.8,0.0
6573392707,DP0041,60.0,44.0,0.0
6573392708,DP0004,60.0,73.7,1.0
6573392709,DP0005,45.0,32.1,0.0
6573392710,DP0015,45.0,21.3,0.0
6573392711,DP0038,45.0,30.1,0.0
6573392712,DP0008,45.0,30.1,0.0
6573392713,DP0041,45.0,19.6,0.0
6573392714,DP0005,45.0,32.3,0.0
6573392715,DP0027,45.0,25.8,0.0
6573392716,DP0027,65.0,45.5,0.0
6573392717,DP0021,65.0,43.8,0.0
6573392718,DP0019,65.0,47.8,0.0
6573392719,DP0041,65.0,44.4,0.0
6573392720,DP0008,65.0,41.1,0.0
6573392721,DP0041,65.0,42.3,0.0
6573392722,DP0041,65.0,43.5,0.0
6573392723,DP0041,55.0,42.7,0.0
6573392724,DP0028,55.0,54.0,0.0
6573392725,DP0038,55.0,36.2,0.0
6573392726,DP0044,50.0,26.7,0.0
6573392727,DP0041,50.0,41.4,0.0
6573392728,DP0033,50.0,25.4,0.0
6573392729,DP0030,45.0,29.4,0.0
6573392730,DP0008,50.0,23.5,0.0
6573392731,DP0043,45.0,35.1,0.0
6573392732,DP0043,50.0,37.5,0.0
6573392733,DP0041,40.0,23.1,0.0
6573392734,DP0041,40.0,21.0,0.0
6573392735,DP0041,40.0,20.0,0.0
6573392736,DP0043,40.0,23.8,0.0
6573392737,DP0041,40.0,53.7,1.0
6573392738,DP0044,40.0,52.0,1.0
6573392739,DP0041,40.0,24.2,0.0
6573392740,DP0008,50.0,35.2,0.0
6573392741,DP0041,50.0,35.6,0.0
6573392742,DP0041,50.0,28.2,0.0
6573392743,DP0050,50.0,46.5,0.0
6573392744,DP0026,40.0,23.1,0.0
6573392745,DP0016,40.0,35.9,0.0
6573392746,DP0041,40.0,25.6,0.0
6573392747,DP0003,40.0,36.8,0.0
6573392748,DP0005,55.0,41.8,0.0
6573392749,DP0041,65.0,41.9,0.0
6573392750,DP0043,65.0,44.3,0.0
6573392751,DP0043,65.0,39.6,0.0
6573392752,DP0041,65.0,43.1,0.0
6573392753,DP0043,65.0,50.0,0.0
6573392754,DP0047,65.0,35.8,0.0
6573392755,DP0041,65.0,46.5,0.0
6573392756,DP0041,40.0,27.7,0.0
6573392757,DP0043,40.0,24.5,0.0
6573392758,DP0041,40.0,32.1,0.0
6573392759,DP0043,40.0,30.0,0.0
6573392760,DP0041,40.0,22.7,0.0
6573392761,DP0024,40.0,22.7,0.0
6573392762,DP0033,40.0,20.5,0.0
6573392763,DP0015,40.0,22.6,0.0
6573392764,DP0002,40.0,14.6,0.0
6573392765,DP0002,45.0,20.7,0.0
6573392766,DP0042,45.0,30.2,0.0
6573392767,DP0026,40.0,19.2,0.0
6573392768,DP0041,50.0,30.0,0.0
6573392769,DP0041,40.0,64.2,1.0
6573392770,DP0038,40.0,23.3,0.0
6573392771,DP0019,55.0,52.6,0.0
6573392772,DP0038,50.0,43.5,0.0
6573392773,DP0041,50.0,38.9,0.0
6573392774,DP0043,50.0,47.2,0.0
6573392775,DP0019,50.0,39.3,0.0
6573392776,DP0005,50.0,41.4,0.0
6573392777,DP0049,50.0,39.7,0.0
6573392778,DP0041,50.0,37.9,0.0
6573392779,DP0041,45.0,40.5,0.0
6573392780,DP0003,45.0,40.7,0.0
6573392781,DP0041,45.0,37.3,0.0
6573392782,DP0005,45.0,38.5,0.0
6573392783,DP0032,45.0,35.6,0.0
6573392784,DP0041,45.0,43.1,0.0
6573392785,DP0029,50.0,61.3,1.0
6573392786,DP0021,50.0,56.9,1.0
6573392787,DP0043,50.0,51.5,1.0
6573392788,DP0019,50.0,51.3,1.0
6573392789,DP0015,45.0,33.3,0.0
6573392790,DP0048,45.0,43.4,0.0
6573392791,DP0037,45.0,27.4,0.0
6573392792,DP0041,45.0,28.4,0.0
6573392793,DP0043,45.0,29.3,0.0
6573392794,DP0041,50.0,24.9,0.0
6573392795,DP0038,50.0,28.5,0.0
6573392796,DP0043,50.0,36.4,0.0
6573392797,DP0041,50.0,24.0,0.0
6573392798,DP0043,50.0,31.0,0.0
6573392799,DP0041,50.0,30.7,0.0
6573392800,DP0041,40.0,26.3,0.0
6573392801,DP0043,40.0,28.7,0.0
6573392802,DP0015,40.0,31.1,0.0
6573392803,DP0041,40.0,23.6,0.0
6573392804,DP0039,40.0,31.2,0.0
6573392805,DP0019,40.0,25.6,0.0
6573392806,DP0041,40.0,27.5,0.0
6573392807,DP0038,50.0,29.4,0.0
6573392808,DP0041,50.0,43.8,0.0
6573392809,DP0021,50.0,38.3,0.0
6573392810,DP0041,50.0,33.8,0.0
6573392811,DP0041,50.0,38.4,0.0
6573392812,DP0005,50.0,39.2,0.0
6573392813,DP0009,50.0,57.2,1.0
6573392814,DP0019,40.0,25.7,0.0
6573392815,DP0041,40.0,22.4,0.0
6573392816,DP0043,40.0,28.6,0.0
6573392817,DP0043,40.0,29.5,0.0
6573392818,DP0033,40.0,27.9,0.0
6573392819,DP0015,40.0,31.3,0.0
6573392820,DP0043,55.0,41.4,0.0
6573392821,DP0041,40.0,46.2,1.0
6573392822,DP0021,40.0,43.6,1.0
6573392823,DP0006,40.0,47.6,1.0
6573392824,DP0041,40.0,40.8,1.0
6573392825,DP0041,40.0,51.5,1.0
6573392826,DP0047,40.0,27.7,0.0
6573392827,DP0041,40.0,30.5,0.0
6573392828,DP0035,40.0,38.8,0.0
6573392829,DP0005,40.0,31.0,0.0
6573392830,DP0041,40.0,38.2,0.0
6573392831,DP0021,40.0,30.9,0.0
6573392832,DP0041,40.0,38.4,0.0
6573392833,DP0041,75.0,67.0,0.0
6573392834,DP0043,75.0,67.3,0.0
6573392835,DP0048,75.0,76.6,1.0
6573392836,DP0041,75.0,65.3,0.0
6573392837,DP0041,75.0,69.6,0.0
6573392838,DP0002,50.0,44.4,0.0
6573392839,DP0023,50.0,44.1,0.0
6573392840,DP0041,50.0,41.8,0.0
6573392841,DP0008,50.0,42.3,0.0
6573392842,DP0041,50.0,35.6,0.0
6573392843,DP0041,50.0,43.0,0.0
6573392844,DP0047,50.0,43.4,0.0
6573392845,DP0047,50.0,35.9,0.0
6573392846,DP0041,40.0,39.2,0.0
6573392847,DP0007,40.0,37.2,0.0
6573392848,DP0008,40.0,25.2,0.0
6573392849,DP0002,40.0,40.3,1.0
6573392850,DP0041,40.0,32.5,0.0
6573392851,DP0008,40.0,21.7,0.0
6573392852,DP0028,50.0,28.4,0.0
6573392853,DP0015,55.0,41.1,0.0
6573392854,DP0033,50.0,28.9,0.0
6573392855,DP0043,50.0,26.3,0.0
6573392856,DP0043,55.0,42.3,0.0
6573392857,DP0041,50.0,24.2,0.0
6573392858,DP0041,50.0,45.2,0.0
6573392859,DP0041,65.0,64.3,0.0
6573392860,DP0041,45.0,30.7,0.0
6573392861,DP0043,45.0,36.0,0.0
6573392862,DP0041,45.0,23.3,0.0
6573392863,DP0007,45.0,26.3,0.0
6573392864,DP0041,45.0,36.8,0.0
6573392865,DP0048,65.0,77.7,1.0
6573392866,DP0013,45.0,33.4,0.0
6573392867,DP0041,45.0,31.6,0.0
6573392868,DP0021,45.0,35.3,0.0
6573392869,DP0008,45.0,40.6,0.0
6573392870,DP0046,45.0,49.1,1.0
6573392871,DP0041,45.0,46.7,1.0
6573392872,DP0005,45.0,33.0,0.0
6573392873,DP0023,45.0,34.8,0.0
6573392874,DP0043,45.0,39.5,0.0
6573392875,DP0014,45.0,36.1,0.0
6573392876,DP0005,50.0,35.3,0.0
6573392877,DP0009,50.0,34.9,0.0
6573392878,DP0041,50.0,34.5,0.0
6573392879,DP0049,50.0,36.2,0.0
6573392880,DP0008,50.0,36.6,0.0
6573392881,DP0007,50.0,39.6,0.0
6573392882,DP0019,50.0,34.3,0.0
6573392883,DP0008,55.0,55.1,1.0
6573392884,DP0043,55.0,33.1,0.0
6573392885,DP0041,55.0,60.5,1.0
6573392886,DP0041,55.0,38.1,0.0
6573392887,DP0039,55.0,34.6,0.0
6573392888,DP0047,55.0,31.4,0.0
6573392889,DP0041,55.0,29.0,0.0
6573392890,DP0046,55.0,40.2,0.0
6573392891,DP0009,65.0,41.5,0.0
6573392892,DP0041,55.0,30.5,0.0
6573392893,DP0043,55.0,29.3,0.0
6573392894,DP0019,55.0,33.8,0.0
6573392895,DP0005,55.0,31.3,0.0
6573392896,DP0039,55.0,33.1,0.0
6573392897,DP0041,50.0,30.4,0.0
6573392898,DP0041,50.0,47.5,0.0
6573392899,DP0043,50.0,47.1,0.0
6573392900,DP0043,45.0,33.2,0.0
6573392901,DP0041,45.0,29.4,0.0
6573392902,DP0002,40.0,29.2,0.0
6573392903,DP0041,45.0,36.1,0.0
6573392904,DP0041,45.0,35.7,0.0
6573392905,DP0012,45.0,33.5,0.0
6573392906,DP0043,45.0,37.7,0.0
6573392907,DP0019,70.0,58.4,0.0
6573392908,DP0041,70.0,58.3,0.0
6573392909,DP0039,70.0,58.3,0.0
6573392910,DP0041,70.0,48.7,0.0
6573392911,DP0005,65.0,46.8,0.0
6573392912,DP0008,40.0,21.4,0.0
6573392913,DP0017,45.0,27.8,0.0
6573392914,DP0041,45.0,27.0,0.0
6573392915,DP0038,45.0,26.8,0.0
6573392916,DP0041,40.0,30.5,0.0
6573392917,DP0023,45.0,32.1,0.0
6573392918,DP0038,55.0,32.9,0.0
6573392919,DP0041,55.0,34.5,0.0
6573392920,DP0012,55.0,43.0,0.0
6573392921,DP0038,50.0,33.1,0.0
6573392922,DP0041,50.0,37.4,0.0
6573392923,DP0043,50.0,38.1,0.0
6573392924,DP0037,50.0,24.8,0.0
6573392925,DP0041,50.0,25.4,0.0
6573392926,DP0005,50.0,20.8,0.0
6573392927,DP0041,50.0,25.6,0.0
6573392928,DP0026,45.0,34.2,0.0
6573392929,DP0039,45.0,32.9,0.0
6573392930,DP0009,45.0,30.4,0.0
6573392931,DP0008,45.0,33.3,0.0
6573392932,DP0041,45.0,32.5,0.0
6573392933,DP0041,45.0,40.3,0.0
6573392934,DP0043,45.0,34.9,0.0
6573392935,DP0043,45.0,33.1,0.0
6573392936,DP0041,45.0,41.7,0.0
6573392937,DP0026,40.0,30.4,0.0
6573392938,DP0036,40.0,28.5,0.0
6573392939,DP0041,40.0,30.2,0.0
6573392940,DP0041,40.0,41.8,1.0
6573392941,DP0041,40.0,42.8,1.0
6573392942,DP0041,40.0,25.7,0.0
6573392943,DP0021,40.0,32.2,0.0
6573392944,DP0008,40.0,20.8,0.0
6573392945,DP0037,40.0,26.4,0.0
6573392946,DP0005,40.0,21.1,0.0
6573392947,DP0028,40.0,19.3,0.0
6573392948,DP0029,40.0,49.3,1.0
6573392949,DP0044,40.0,17.2,0.0
6573392950,DP0023,40.0,18.2,0.0
6573392951,DP0043,40.0,15.8,0.0
6573392952,DP0035,40.0,32.4,0.0
6573392953,DP0043,40.0,21.8,0.0
6573392954,DP0043,40.0,37.3,0.0
6573392955,DP0004,40.0,55.7,1.0
6573392956,DP0041,40.0,20.7,0.0
6573392957,DP0043,40.0,30.0,0.0
6573392958,DP0041,55.0,32.9,0.0
6573392959,DP0034,55.0,39.2,0.0
6573392960,DP0041,55.0,39.1,0.0
6573392961,DP0021,55.0,37.3,0.0
6573392962,DP0041,55.0,39.9,0.0
6573392963,DP0040,55.0,44.3,0.0
6573392964,DP0039,55.0,36.4,0.0
6573392965,DP0043,45.0,49.9,1.0
6573392966,DP0041,50.0,47.8,0.0
6573392967,DP0044,55.0,22.9,0.0
6573392968,,,,
6573392969,DP0028,55.0,46.2,0.0
6573392970,DP0041,50.0,72.1,1.0
6573392971,DP0019,55.0,46.0,0.0
6573392972,DP0021,50.0,44.7,0.0
6573392973,DP0020,50.0,31.4,0.0
6573392974,DP0015,50.0,57.8,1.0
6573392975,DP0041,50.0,47.4,0.0
6573392976,DP0015,50.0,34.7,0.0
6573392977,DP0008,50.0,41.1,0.0
6573392978,DP0013,50.0,39.6,0.0
6573392979,DP0043,60.0,55.3,0.0
6573392980,DP0014,55.0,40.9,0.0
6573392981,DP0041,50.0,31.2,0.0
6573392982,DP0041,45.0,23.0,0.0
6573392983,DP0043,45.0,24.1,0.0
6573392984,DP0048,45.0,45.1,1.0
6573392985,DP0043,45.0,33.8,0.0
6573392986,DP0041,45.0,28.2,0.0
6573392987,DP0041,45.0,39.3,0.0
6573392988,DP0041,55.0,35.7,0.0
6573392989,DP0023,55.0,40.5,0.0
6573392990,DP0032,55.0,36.4,0.0
6573392991,DP0041,55.0,40.4,0.0
6573392992,DP0007,55.0,32.9,0.0
6573392993,DP0043,55.0,41.6,0.0
6573392994,DP0005,55.0,36.3,0.0
6573392995,DP0039,55.0,29.2,0.0
6573392996,DP0041,75.0,49.0,0.0
6573392997,DP0041,75.0,50.4,0.0
6573392998,DP0041,75.0,49.4,0.0
6573392999,DP0043,75.0,46.7,0.0
6573393000,DP0041,50.0,31.1,0.0
6573393001,DP0021,50.0,51.8,1.0
6573393002,DP0019,50.0,49.9,0.0
6573393003,DP0041,50.0,28.0,0.0
6573393004,DP0003,50.0,32.2,0.0
6573393005,DP0041,95.0,63.8,0.0
6573393006,DP0002,45.0,21.6,0.0
6573393007,DP0041,95.0,64.2,0.0
6573393008,DP0041,95.0,67.7,0.0
6573393009,DP0024,95.0,64.4,0.0
6573393010,DP0041,45.0,29.5,0.0
6573393011,DP0041,45.0,28.7,0.0
6573393012,DP0043,50.0,30.1,0.0
6573393013,DP0041,45.0,35.8,0.0
6573393014,DP0043,50.0,31.1,0.0
6573393015,DP0041,50.0,28.6,0.0
6573393016,DP0010,45.0,38.3,0.0
6573393017,DP0008,50.0,25.4,0.0
6573393018,DP0043,45.0,36.0,0.0
6573393019,DP0012,45.0,39.4,0.0
6573393020,DP0041,45.0,36.5,0.0
6573393021,DP0015,45.0,40.2,0.0
6573393022,DP0027,45.0,35.0,0.0
6573393023,DP0007,50.0,37.1,0.0
6573393024,DP0002,65.0,38.1,0.0
6573393025,DP0037,85.0,71.3,0.0
6573393026,DP0041,60.0,34.9,0.0
6573393027,DP0041,85.0,59.4,0.0
6573393028,DP0005,60.0,36.9,0.0
6573393029,DP0041,60.0,34.5,0.0
6573393030,DP0005,60.0,42.8,0.0
6573393031,DP0041,60.0,34.1,0.0
6573393032,DP0006,60.0,31.2,0.0
6573393033,DP0041,40.0,25.6,0.0
6573393034,DP0043,40.0,30.0,0.0
6573393035,DP0041,45.0,35.9,0.0
6573393036,DP0043,45.0,36.5,0.0
6573393037,DP0005,55.0,45.8,0.0
6573393038,DP0041,55.0,48.2,0.0
6573393039,DP0011,55.0,47.6,0.0
6573393040,DP0016,55.0,50.0,0.0
6573393041,DP0042,55.0,52.8,0.0
6573393042,DP0041,55.0,47.8,0.0
6573393043,DP0041,55.0,37.5,0.0
6573393044,DP0041,55.0,35.4,0.0
6573393045,DP0005,50.0,36.7,0.0
6573393046,DP0041,50.0,33.9,0.0
6573393047,DP0008,50.0,53.6,1.0
6573393048,DP0043,50.0,49.8,0.0
6573393049,DP0041,50.0,34.2,0.0
6573393050,DP0042,50.0,52.5,1.0
6573393051,DP0041,50.0,36.8,0.0
6573393052,DP0026,55.0,37.1,0.0
6573393053,DP0029,55.0,32.9,0.0
6573393054,DP0005,55.0,32.2,0.0
6573393055,DP0041,70.0,40.3,0.0
6573393056,DP0019,70.0,39.2,0.0
6573393057,DP0041,70.0,38.9,0.0
6573393058,DP0031,70.0,39.7,0.0
6573393059,DP0041,55.0,38.0,0.0
6573393060,DP0029,55.0,37.5,0.0
6573393061,DP0043,55.0,41.3,0.0
6573393062,DP0015,55.0,42.8,0.0
6573393063,DP0041,55.0,51.7,0.0
6573393064,DP0008,50.0,45.3,0.0
6573393065,DP0041,55.0,36.3,0.0
6573393066,DP0015,55.0,40.6,0.0
6573393067,DP0020,55.0,35.3,0.0
6573393068,DP0033,55.0,39.1,0.0
6573393069,DP0043,55.0,37.3,0.0
6573393070,DP0041,50.0,36.9,0.0
6573393071,DP0043,40.0,30.4,0.0
6573393072,DP0028,40.0,26.1,0.0
6573393073,DP0041,40.0,27.2,0.0
6573393074,DP0041,40.0,32.1,0.0
6573393075,DP0033,40.0,26.1,0.0
6573393076,DP0039,45.0,27.5,0.0
6573393077,DP0015,45.0,29.8,0.0
6573393078,DP0028,45.0,28.3,0.0
6573393079,DP0030,45.0,28.6,0.0
6573393080,DP0041,45.0,29.1,0.0
6573393081,DP0041,45.0,28.9,0.0
6573393082,DP0005,45.0,29.4,0.0
6573393083,DP0041,40.0,30.8,0.0
6573393084,DP0020,40.0,35.3,0.0
6573393085,DP0007,40.0,33.1,0.0
6573393086,DP0041,40.0,29.5,0.0
6573393087,DP0041,40.0,36.3,0.0
6573393088,DP0041,40.0,34.1,0.0
6573393089,DP0029,50.0,15.8,0.0
6573393090,DP0031,50.0,49.9,0.0
6573393091,DP0041,50.0,42.4,0.0
6573393092,DP0021,55.0,51.7,0.0
6573393093,DP0041,50.0,27.2,0.0
6573393094,DP0041,50.0,40.0,0.0
6573393095,DP0015,50.0,48.0,0.0
6573393096,DP0043,55.0,36.0,0.0
6573393097,DP0041,40.0,51.1,1.0
6573393098,DP0018,55.0,35.9,0.0
6573393099,DP0031,55.0,34.4,0.0
6573393100,DP0041,55.0,32.7,0.0
6573393101,DP0043,55.0,39.6,0.0
6573393102,DP0019,55.0,25.8,0.0
6573393103,DP0026,55.0,37.3,0.0
6573393104,DP0043,55.0,41.2,0.0
6573393105,DP0049,55.0,36.7,0.0
6573393106,DP0008,55.0,37.3,0.0
6573393107,DP0041,60.0,48.2,0.0
6573393108,DP0041,55.0,50.8,0.0
6573393109,DP0041,60.0,36.5,0.0
6573393110,DP0033,60.0,44.0,0.0
6573393111,DP0034,55.0,33.1,0.0
6573393112,DP0041,55.0,34.0,0.0
6573393113,DP0015,55.0,59.4,1.0
6573393114,DP0023,55.0,57.8,1.0
6573393115,DP0047,55.0,60.8,1.0
6573393116,DP0041,55.0,57.5,1.0
6573393117,DP0043,55.0,60.0,1.0
6573393118,DP0046,45.0,66.2,1.0
6573393119,DP0041,45.0,51.3,1.0
6573393120,DP0014,45.0,50.7,1.0
6573393121,DP0041,45.0,51.1,1.0
6573393122,DP0041,45.0,47.1,1.0
6573393123,DP0004,45.0,60.2,1.0
6573393124,DP0041,45.0,49.6,1.0
6573393125,DP0041,50.0,33.7,0.0
6573393126,DP0041,50.0,24.9,0.0
6573393127,DP0043,50.0,27.2,0.0
6573393128,DP0041,50.0,35.1,0.0
6573393129,DP0021,50.0,51.4,1.0
6573393130,DP0021,50.0,52.1,1.0
6573393131,DP0015,50.0,50.7,1.0
6573393132,DP0028,50.0,61.7,1.0
6573393133,DP0041,40.0,23.2,0.0
6573393134,DP0043,40.0,23.8,0.0
6573393135,DP0005,40.0,19.6,0.0
6573393136,DP0015,40.0,22.9,0.0
6573393137,DP0009,40.0,42.4,1.0
6573393138,DP0007,45.0,22.5,0.0
6573393139,DP0025,40.0,25.5,0.0
6573393140,DP0041,45.0,31.0,0.0
6573393141,DP0041,45.0,38.0,0.0
6573393142,DP0029,65.0,70.4,1.0
6573393143,DP0041,55.0,38.7,0.0
6573393144,DP0041,55.0,31.7,0.0
6573393145,DP0009,55.0,35.7,0.0
6573393146,DP0041,55.0,31.0,0.0
6573393147,DP0041,55.0,34.7,0.0
6573393148,DP0017,75.0,45.8,0.0
6573393149,DP0041,55.0,33.7,0.0
6573393150,DP0041,50.0,25.5,0.0
6573393151,DP0050,50.0,36.4,0.0
6573393152,DP0041,50.0,26.4,0.0
6573393153,DP0026,50.0,23.7,0.0
6573393154,DP0028,50.0,28.4,0.0
6573393155,DP0037,50.0,24.7,0.0
6573393156,DP0005,50.0,25.2,0.0
6573393157,DP0041,50.0,40.5,0.0
6573393158,DP0034,50.0,22.3,0.0
6573393159,DP0034,50.0,42.3,0.0
6573393160,DP0006,50.0,42.9,0.0
6573393161,DP0019,50.0,41.9,0.0
6573393162,DP0023,50.0,33.6,0.0
6573393163,DP0047,50.0,35.6,0.0
6573393164,DP0015,40.0,22.1,0.0
6573393165,DP0041,55.0,32.2,0.0
6573393166,DP0034,55.0,37.5,0.0
6573393167,DP0008,55.0,36.4,0.0
6573393168,DP0005,55.0,38.5,0.0
6573393169,DP0041,50.0,24.6,0.0
6573393170,DP0047,50.0,36.2,0.0
6573393171,DP0003,50.0,33.3,0.0
6573393172,DP0018,50.0,26.8,0.0
6573393173,DP0042,50.0,34.8,0.0
6573393174,DP0039,60.0,42.3,0.0
6573393175,DP0008,60.0,43.7,0.0
6573393176,DP0042,60.0,43.5,0.0
6573393177,DP0008,65.0,65.0,1.0
6573393178,DP0041,60.0,41.0,0.0
6573393179,DP0005,60.0,39.4,0.0
6573393180,DP0008,65.0,58.6,0.0
6573393181,DP0041,50.0,32.6,0.0
6573393182,DP0036,45.0,27.7,0.0
6573393183,DP0038,45.0,26.1,0.0
6573393184,DP0041,45.0,29.4,0.0
6573393185,DP0043,45.0,28.5,0.0
6573393186,DP0009,45.0,28.4,0.0
6573393187,DP0043,45.0,34.6,0.0
6573393188,DP0039,50.0,27.5,0.0
6573393189,DP0041,50.0,27.6,0.0
6573393190,DP0009,50.0,31.7,0.0
6573393191,DP0019,50.0,25.3,0.0
6573393192,DP0048,50.0,46.0,0.0
6573393193,DP0041,40.0,38.7,0.0
6573393194,DP0041,40.0,38.8,0.0
6573393195,DP0008,40.0,27.3,0.0
6573393196,DP0047,40.0,37.2,0.0
6573393197,DP0041,40.0,37.0,0.0
6573393198,,,,
6573393199,,,,
6573393200,DP0043,50.0,43.1,0.0
6573393201,DP0021,50.0,45.8,0.0
6573393202,DP0028,50.0,38.2,0.0
6573393203,DP0043,70.0,41.0,0.0
6573393204,DP0048,55.0,64.3,1.0
6573393205,DP0041,50.0,41.3,0.0
6573393206,DP0041,50.0,41.6,0.0
6573393207,DP0026,50.0,41.3,0.0
6573393208,DP0041,65.0,40.4,0.0
6573393209,DP0041,65.0,26.8,0.0
6573393210,DP0039,65.0,36.1,0.0
6573393211,DP0041,65.0,27.3,0.0
6573393212,DP0041,65.0,36.6,0.0
6573393213,DP0025,65.0,36.7,0.0
6573393214,DP0041,65.0,40.6,0.0
6573393215,DP0028,45.0,29.9,0.0
6573393216,DP0041,45.0,28.6,0.0
6573393217,DP0041,45.0,32.1,0.0
6573393218,DP0007,45.0,47.2,1.0
6573393219,DP0005,45.0,33.1,0.0
6573393220,DP0041,45.0,44.2,0.0
6573393221,DP0041,45.0,36.8,0.0
6573393222,DP0005,50.0,41.4,0.0
6573393223,DP0002,50.0,32.4,0.0
6573393224,DP0033,50.0,34.7,0.0
6573393225,DP0041,45.0,22.4,0.0
6573393226,DP0042,45.0,25.8,0.0
6573393227,DP0044,45.0,39.1,0.0
6573393228,DP0041,60.0,56.7,0.0
6573393229,DP0043,60.0,54.5,0.0
6573393230,DP0041,60.0,38.5,0.0
6573393231,DP0028,60.0,42.9,0.0
6573393232,DP0046,60.0,47.7,0.0
6573393233,DP0043,60.0,59.1,0.0
6573393234,DP0040,60.0,51.8,0.0
6573393235,DP0015,40.0,28.5,0.0
6573393236,DP0026,40.0,47.8,1.0
6573393237,DP0041,40.0,38.7,0.0
6573393238,DP0041,40.0,31.0,0.0
6573393239,DP0041,40.0,28.7,0.0
6573393240,DP0043,40.0,46.2,1.0
6573393241,DP0008,40.0,32.1,0.0
6573393242,DP0041,55.0,38.1,0.0
6573393243,DP0041,55.0,39.7,0.0
6573393244,DP0015,55.0,39.0,0.0
6573393245,DP0041,55.0,32.2,0.0
6573393246,DP0043,55.0,47.5,0.0
6573393247,DP0041,55.0,40.6,0.0
6573393248,DP0041,75.0,46.9,0.0
6573393249,DP0041,75.0,49.8,0.0
6573393250,DP0041,75.0,48.2,0.0
6573393251,DP0039,75.0,45.9,0.0
6573393252,DP0041,75.0,47.3,0.0
6573393253,DP0041,75.0,53.3,0.0
6573393254,DP0041,75.0,46.4,0.0
6573393255,DP0049,60.0,36.1,0.0
6573393256,DP0032,60.0,37.0,0.0
6573393257,DP0041,45.0,44.6,0.0
6573393258,DP0041,45.0,35.1,0.0
6573393259,DP0041,45.0,35.5,0.0
6573393260,DP0014,45.0,33.5,0.0
6573393261,DP0041,45.0,34.5,0.0
6573393262,DP0041,45.0,39.5,0.0
6573393263,DP0041,45.0,33.2,0.0
6573393264,DP0041,65.0,41.4,0.0
6573393265,DP0013,65.0,60.0,0.0
6573393266,DP0005,65.0,38.7,0.0
6573393267,DP0017,65.0,51.9,0.0
6573393268,DP0043,40.0,40.0,1.0
6573393269,DP0008,40.0,38.2,0.0
6573393270,DP0019,40.0,36.3,0.0
6573393271,DP0005,40.0,39.3,0.0
6573393272,DP0041,40.0,26.8,0.0
6573393273,DP0039,40.0,36.5,0.0
6573393274,DP0041,65.0,48.0,0.0
6573393275,DP0005,65.0,48.2,0.0
6573393276,DP0005,55.0,33.0,0.0
6573393277,DP0018,45.0,26.0,0.0
6573393278,DP0043,45.0,24.5,0.0
6573393279,DP0041,45.0,28.7,0.0
6573393280,DP0041,45.0,25.0,0.0
6573393281,DP0041,45.0,24.1,0.0
6573393282,DP0043,45.0,29.9,0.0
6573393283,DP0041,45.0,25.0,0.0
6573393284,DP0041,45.0,20.8,0.0
6573393285,DP0041,45.0,22.4,0.0
6573393286,DP0019,55.0,34.7,0.0
6573393287,DP0015,60.0,46.6,0.0
6573393288,DP0043,60.0,51.6,0.0
6573393289,DP0041,60.0,47.6,0.0
6573393290,DP0002,65.0,44.8,0.0
6573393291,DP0043,65.0,45.8,0.0
6573393292,DP0041,55.0,33.6,0.0
6573393293,DP0043,65.0,44.4,0.0
6573393294,DP0034,60.0,41.7,0.0
6573393295,DP0041,60.0,41.9,0.0
6573393296,DP0019,60.0,45.8,0.0
6573393297,DP0041,60.0,44.5,0.0
6573393298,DP0002,55.0,41.8,0.0
6573393299,DP0041,55.0,38.9,0.0
6573393300,DP0019,55.0,39.1,0.0
6573393301,DP0005,45.0,30.6,0.0
6573393302,DP0005,45.0,29.4,0.0
6573393303,DP0041,45.0,31.5,0.0
6573393304,DP0041,45.0,24.4,0.0
6573393305,DP0041,45.0,25.6,0.0
6573393306,DP0049,45.0,34.3,0.0
6573393307,DP0041,45.0,28.0,0.0
6573393308,DP0002,40.0,24.8,0.0
6573393309,DP0033,65.0,54.4,0.0
6573393310,DP0041,40.0,20.4,0.0
6573393311,DP0007,65.0,43.7,0.0
6573393312,DP0006,65.0,52.3,0.0
6573393313,DP0046,40.0,36.9,0.0
6573393314,DP0041,40.0,30.2,0.0
6573393315,DP0043,55.0,38.6,0.0
6573393316,DP0041,55.0,35.2,0.0
6573393317,DP0041,55.0,34.5,0.0
6573393318,DP0005,55.0,38.3,0.0
6573393319,DP0041,55.0,39.8,0.0
6573393320,DP0021,55.0,35.7,0.0
6573393321,DP0047,55.0,41.7,0.0
6573393322,DP0043,80.0,59.4,0.0
6573393323,DP0007,80.0,60.5,0.0
6573393324,DP0018,80.0,53.6,0.0
6573393325,DP0008,80.0,63.0,0.0
6573393326,DP0026,80.0,61.8,0.0
6573393327,DP0048,80.0,87.0,1.0
6573393328,DP0043,80.0,53.1,0.0
6573393329,DP0023,50.0,37.4,0.0
6573393330,DP0041,45.0,31.3,0.0
6573393331,DP0041,45.0,30.3,0.0
6573393332,DP0041,50.0,36.2,0.0
6573393333,DP0016,50.0,31.0,0.0
6573393334,DP0041,50.0,24.6,0.0
6573393335,DP0041,50.0,20.4,0.0
6573393336,DP0043,100.0,89.5,0.0
6573393337,DP0008,100.0,90.9,0.0
6573393338,DP0044,100.0,86.1,0.0
6573393339,DP0043,50.0,47.5,0.0
6573393340,DP0005,50.0,44.2,0.0
6573393341,DP0041,100.0,90.3,0.0
6573393342,DP0007,50.0,41.1,0.0
6573393343,DP0038,45.0,28.0,0.0
6573393344,DP0041,45.0,42.5,0.0
6573393345,DP0041,45.0,28.8,0.0
6573393346,DP0046,45.0,60.5,1.0
6573393347,DP0043,45.0,42.0,0.0
6573393348,DP0043,45.0,36.6,0.0
6573393349,DP0002,45.0,40.8,0.0
6573393350,DP0008,40.0,11.5,0.0
6573393351,DP0043,40.0,18.7,0.0
6573393352,DP0041,40.0,22.6,0.0
6573393353,DP0033,50.0,33.3,0.0
6573393354,DP0012,55.0,47.8,0.0
6573393355,DP0005,50.0,34.1,0.0
6573393356,DP0041,50.0,28.0,0.0
6573393357,DP0043,50.0,26.7,0.0
6573393358,DP0041,50.0,26.0,0.0
6573393359,DP0002,45.0,34.1,0.0
6573393360,DP0038,50.0,44.8,0.0
6573393361,DP0031,50.0,45.0,0.0
6573393362,DP0008,50.0,47.8,0.0
6573393363,DP0041,50.0,45.2,0.0
6573393364,DP0039,50.0,40.3,0.0
6573393365,DP0041,50.0,31.4,0.0
6573393366,DP0041,50.0,36.1,0.0
6573393367,DP0028,50.0,47.4,0.0
6573393368,DP0041,50.0,37.8,0.0
6573393369,DP0021,75.0,72.9,0.0
6573393370,DP0049,75.0,73.5,0.0
6573393371,DP0041,75.0,75.9,1.0
6573393372,DP0041,75.0,76.1,1.0
6573393373,DP0011,50.0,27.6,0.0
6573393374,DP0041,45.0,25.0,0.0
6573393375,DP0008,45.0,24.0,0.0
6573393376,DP0041,45.0,45.0,1.0
6573393377,DP0041,45.0,26.9,0.0
6573393378,DP0043,45.0,19.8,0.0
6573393379,DP0006,45.0,45.6,1.0
6573393380,DP0041,45.0,25.4,0.0
6573393381,DP0001,55.0,36.1,0.0
6573393382,DP0041,55.0,32.9,0.0
6573393383,DP0015,65.0,42.5,0.0
6573393384,DP0037,65.0,45.0,0.0
6573393385,DP0043,65.0,44.2,0.0
6573393386,DP0041,65.0,50.8,0.0
6573393387,DP0041,80.0,58.4,0.0
6573393388,DP0041,55.0,66.5,1.0
6573393389,DP0043,55.0,66.0,1.0
6573393390,DP0041,55.0,62.0,1.0
6573393391,DP0013,55.0,64.6,1.0
6573393392,DP0041,55.0,60.4,1.0
6573393393,DP0014,55.0,63.2,1.0
6573393394,DP0043,55.0,61.0,1.0
6573393395,DP0043,50.0,37.0,0.0
6573393396,DP0041,50.0,37.6,0.0
6573393397,DP0041,50.0,36.0,0.0
6573393398,DP0026,50.0,34.3,0.0
6573393399,DP0008,50.0,39.3,0.0
6573393400,DP0028,50.0,41.6,0.0
6573393401,DP0007,50.0,36.0,0.0
6573393402,DP0041,45.0,26.3,0.0
6573393403,DP0021,65.0,40.2,0.0
6573393404,DP0026,65.0,38.9,0.0
6573393405,DP0048,65.0,66.6,1.0
6573393406,DP0008,65.0,44.5,0.0
6573393407,DP0041,65.0,41.9,0.0
6573393408,DP0041,65.0,45.0,0.0
6573393409,DP0041,65.0,42.7,0.0
6573393410,DP0041,85.0,52.2,0.0
6573393411,DP0041,45.0,24.6,0.0
6573393412,DP0041,45.0,21.6,0.0
6573393413,DP0041,45.0,17.1,0.0
6573393414,DP0043,45.0,21.0,0.0
6573393415,DP0026,45.0,28.4,0.0
6573393416,DP0016,45.0,29.8,0.0
6573393417,DP0015,45.0,18.1,0.0
6573393418,DP0041,55.0,37.7,0.0
6573393419,DP0019,55.0,36.3,0.0
6573393420,DP0048,40.0,37.0,0.0
6573393421,DP0041,40.0,32.0,0.0
6573393422,DP0043,40.0,21.5,0.0
6573393423,DP0041,40.0,26.9,0.0
6573393424,DP0050,40.0,48.6,1.0
6573393425,DP0041,40.0,26.7,0.0
6573393426,DP0039,40.0,15.7,0.0
6573393427,DP0041,40.0,33.2,0.0
6573393428,DP0005,45.0,49.1,1.0
6573393429,DP0041,50.0,25.5,0.0
6573393430,DP0039,50.0,33.8,0.0
6573393431,DP0041,50.0,19.5,0.0
6573393432,DP0005,50.0,29.6,0.0
6573393433,DP0041,50.0,31.8,0.0
6573393434,DP0012,50.0,23.9,0.0
6573393435,DP0019,50.0,22.6,0.0
6573393436,DP0041,60.0,46.3,0.0
6573393437,DP0041,60.0,44.9,0.0
6573393438,DP0006,60.0,43.6,0.0
6573393439,DP0019,60.0,44.4,0.0
6573393440,DP0043,60.0,48.8,0.0
6573393441,DP0043,60.0,43.4,0.0
6573393442,DP0041,60.0,44.5,0.0
6573393443,DP0050,55.0,53.9,0.0
6573393444,DP0026,55.0,42.5,0.0
6573393445,DP0033,60.0,32.3,0.0
6573393446,DP0041,60.0,35.8,0.0
6573393447,DP0005,60.0,38.0,0.0
6573393448,DP0032,55.0,33.7,0.0
6573393449,DP0041,55.0,36.2,0.0
6573393450,DP0005,55.0,55.8,1.0
6573393451,DP0043,55.0,33.1,0.0
6573393452,DP0041,55.0,56.2,1.0
6573393453,DP0027,55.0,39.2,0.0
6573393454,DP0007,55.0,36.9,0.0
6573393455,DP0049,55.0,33.4,0.0
6573393456,DP0041,55.0,30.8,0.0
6573393457,DP0046,55.0,42.4,0.0
6573393458,DP0041,55.0,30.1,0.0
6573393459,DP0041,55.0,34.9,0.0
6573393460,DP0005,50.0,37.5,0.0
6573393461,DP0041,50.0,45.5,0.0
6573393462,DP0005,40.0,45.2,1.0
6573393463,,,,
6573393464,DP0002,40.0,43.6,1.0
6573393465,DP0041,60.0,38.8,0.0
6573393466,DP0008,60.0,36.6,0.0
6573393467,DP0044,90.0,63.2,0.0
6573393468,DP0041,90.0,64.8,0.0
6573393469,DP0008,45.0,34.3,0.0
6573393470,DP0041,40.0,22.1,0.0
6573393471,DP0041,40.0,30.2,0.0
6573393472,DP0041,40.0,35.9,0.0
6573393473,DP0041,65.0,53.7,0.0
6573393474,DP0007,65.0,50.6,0.0
6573393475,DP0019,65.0,53.9,0.0
6573393476,DP0041,55.0,46.3,0.0
6573393477,DP0005,55.0,43.9,0.0
6573393478,DP0041,55.0,47.2,0.0
6573393479,DP0041,55.0,40.1,0.0
6573393480,DP0007,55.0,32.3,0.0
6573393481,DP0037,55.0,34.5,0.0
6573393482,DP0019,55.0,37.4,0.0
6573393483,DP0041,55.0,40.1,0.0
6573393484,DP0043,55.0,33.9,0.0
6573393485,DP0043,55.0,38.6,0.0
6573393486,DP0043,55.0,40.4,0.0
6573393487,DP0043,55.0,41.4,0.0
6573393488,DP0010,55.0,46.3,0.0
6573393489,DP0041,55.0,42.9,0.0
6573393490,DP0022,55.0,48.8,0.0
6573393491,DP0041,65.0,42.7,0.0
6573393492,DP0041,65.0,44.4,0.0
6573393493,DP0041,60.0,36.4,0.0
6573393494,DP0041,60.0,33.2,0.0
6573393495,DP0021,60.0,39.2,0.0
6573393496,DP0041,65.0,45.4,0.0
6573393497,DP0041,65.0,32.4,0.0
6573393498,DP0041,65.0,36.4,0.0
6573393499,DP0023,65.0,41.1,0.0
6573393500,DP0043,75.0,59.7,0.0
6573393501,DP0015,75.0,61.6,0.0
6573393502,DP0005,75.0,64.3,0.0
6573393503,DP0038,75.0,61.8,0.0
6573393504,DP0019,45.0,23.1,0.0
6573393505,DP0023,45.0,31.2,0.0
6573393506,DP0041,45.0,30.1,0.0
6573393507,DP0005,45.0,22.9,0.0
6573393508,DP0041,45.0,32.9,0.0
6573393509,DP0041,45.0,30.1,0.0
6573393510,DP0007,45.0,33.9,0.0
6573393511,DP0014,40.0,24.9,0.0
6573393512,DP0015,50.0,41.4,0.0
6573393513,DP0012,50.0,38.7,0.0
6573393514,DP0027,50.0,38.1,0.0
6573393515,DP0019,50.0,41.5,0.0
6573393516,DP0041,50.0,41.0,0.0
6573393517,DP0043,50.0,39.9,0.0
6573393518,DP0002,50.0,35.2,0.0
6573393519,DP0043,45.0,24.3,0.0
6573393520,DP0041,45.0,22.1,0.0
6573393521,DP0041,45.0,22.0,0.0
6573393522,DP0043,45.0,21.4,0.0
6573393523,DP0041,45.0,23.7,0.0
6573393524,DP0002,45.0,23.9,0.0
6573393525,DP0026,45.0,23.4,0.0
6573393526,DP0041,65.0,44.7,0.0
6573393527,DP0043,65.0,44.1,0.0
6573393528,DP0007,65.0,44.2,0.0
6573393529,DP0007,90.0,63.5,0.0
6573393530,DP0026,40.0,41.8,1.0
6573393531,DP0041,90.0,59.9,0.0
6573393532,DP0021,90.0,62.6,0.0
6573393533,DP0041,40.0,42.2,1.0
6573393534,DP0043,40.0,42.1,1.0
6573393535,DP0039,40.0,41.5,1.0
6573393536,DP0043,50.0,68.1,1.0
6573393537,DP0043,50.0,28.4,0.0
6573393538,DP0015,50.0,68.1,1.0
6573393539,DP0043,50.0,27.8,0.0
6573393540,DP0041,50.0,30.4,0.0
6573393541,DP0019,50.0,33.7,0.0
6573393542,DP0033,50.0,37.0,0.0
6573393543,DP0048,40.0,54.1,1.0
6573393544,DP0002,40.0,39.4,0.0
6573393545,DP0003,40.0,37.4,0.0
6573393546,DP0041,40.0,59.8,1.0
6573393547,DP0019,40.0,58.7,1.0
6573393548,DP0019,40.0,44.9,1.0
6573393549,DP0043,40.0,58.1,1.0
6573393550,DP0041,45.0,31.9,0.0
6573393551,DP0019,45.0,43.4,0.0
6573393552,DP0041,45.0,41.2,0.0
6573393553,DP0008,45.0,47.5,1.0
6573393554,DP0020,50.0,36.2,0.0
6573393555,DP0041,50.0,37.0,0.0
6573393556,DP0043,45.0,27.3,0.0
6573393557,DP0007,45.0,29.5,0.0
6573393558,DP0041,45.0,32.3,0.0
6573393559,DP0036,45.0,29.9,0.0
6573393560,DP0008,45.0,34.0,0.0
6573393561,DP0005,40.0,33.7,0.0
6573393562,DP0008,40.0,26.3,0.0
6573393563,DP0041,40.0,35.1,0.0
6573393564,DP0033,40.0,64.4,1.0
6573393565,DP0014,40.0,29.6,0.0
6573393566,DP0041,40.0,28.9,0.0
6573393567,DP0043,40.0,25.5,0.0
6573393568,DP0043,50.0,40.1,0.0
6573393569,DP0038,50.0,43.6,0.0
6573393570,DP0043,50.0,38.5,0.0
6573393571,DP0019,50.0,39.5,0.0
6573393572,DP0005,55.0,40.8,0.0
6573393573,DP0043,55.0,37.1,0.0
6573393574,DP0041,55.0,36.0,0.0
6573393575,DP0009,50.0,38.7,0.0
6573393576,DP0041,50.0,41.0,0.0
6573393577,DP0018,50.0,35.9,0.0
6573393578,DP0041,55.0,50.8,0.0
6573393579,DP0048,55.0,69.9,1.0
6573393580,DP0005,55.0,46.1,0.0
6573393581,DP0041,55.0,34.4,0.0
6573393582,DP0015,55.0,47.3,0.0
6573393583,DP0007,55.0,34.8,0.0
6573393584,DP0041,55.0,37.4,0.0
6573393585,DP0047,50.0,20.6,0.0
6573393586,DP0041,55.0,27.6,0.0
6573393587,DP0041,55.0,28.8,0.0
6573393588,DP0019,55.0,37.3,0.0
6573393589,DP0041,55.0,32.6,0.0
6573393590,DP0041,55.0,34.2,0.0
6573393591,DP0002,55.0,27.9,0.0
6573393592,DP0036,55.0,37.4,0.0
6573393593,DP0041,50.0,47.5,0.0
6573393594,DP0008,50.0,46.2,0.0
6573393595,DP0021,50.0,43.4,0.0
6573393596,DP0041,50.0,43.3,0.0
6573393597,DP0043,50.0,46.1,0.0
6573393598,DP0002,50.0,44.4,0.0
6573393599,DP0016,50.0,43.5,0.0
6573393600,DP0021,65.0,43.8,0.0
6573393601,DP0050,65.0,64.1,0.0
6573393602,DP0019,65.0,52.7,0.0
6573393603,DP0019,45.0,24.3,0.0
6573393604,DP0013,45.0,32.7,0.0
6573393605,DP0041,45.0,45.7,1.0
6573393606,DP0041,45.0,53.3,1.0
6573393607,DP0041,45.0,37.2,0.0
6573393608,DP0015,45.0,19.8,0.0
6573393609,DP0047,45.0,51.5,1.0
6573393610,DP0041,40.0,21.7,0.0
6573393611,DP0041,40.0,31.1,0.0
6573393612,DP0041,65.0,38.8,0.0
6573393613,DP0021,65.0,48.4,0.0
6573393614,DP0041,65.0,39.3,0.0
6573393615,DP0041,65.0,42.3,0.0
6573393616,DP0019,65.0,42.6,0.0
6573393617,DP0026,65.0,43.3,0.0
6573393618,DP0041,65.0,40.1,0.0
6573393619,DP0008,60.0,44.8,0.0
6573393620,DP0008,60.0,49.7,0.0
6573393621,DP0041,60.0,49.7,0.0
6573393622,DP0019,60.0,48.7,0.0
6573393623,DP0043,55.0,41.6,0.0
6573393624,DP0041,55.0,40.3,0.0
6573393625,DP0044,55.0,39.4,0.0
6573393626,DP0041,55.0,43.5,0.0
6573393627,DP0023,55.0,35.9,0.0
6573393628,DP0015,55.0,40.6,0.0
6573393629,DP0041,55.0,40.9,0.0
6573393630,DP0008,55.0,38.5,0.0
6573393631,DP0005,55.0,37.8,0.0
6573393632,DP0043,55.0,36.6,0.0
6573393633,DP0001,55.0,36.1,0.0
6573393634,DP0043,55.0,40.7,0.0
6573393635,DP0041,55.0,34.9,0.0
6573393636,DP0043,55.0,35.4,0.0
6573393637,DP0043,55.0,32.8,0.0
6573393638,DP0043,55.0,36.3,0.0
6573393639,DP0041,60.0,33.7,0.0
6573393640,DP0003,60.0,65.9,1.0
6573393641,DP0043,60.0,29.0,0.0
6573393642,DP0043,55.0,32.4,0.0
6573393643,DP0041,55.0,47.0,0.0
6573393644,DP0003,60.0,61.9,1.0
6573393645,DP0041,60.0,31.3,0.0
6573393646,DP0043,40.0,31.8,0.0
6573393647,DP0010,40.0,22.6,0.0
6573393648,DP0041,40.0,20.7,0.0
6573393649,DP0028,40.0,31.9,0.0
6573393650,DP0008,45.0,31.3,0.0
6573393651,DP0041,45.0,18.9,0.0
6573393652,DP0023,45.0,41.4,0.0
6573393653,DP0043,45.0,25.5,0.0
6573393654,DP0049,45.0,43.6,0.0
6573393655,DP0044,45.0,33.8,0.0
6573393656,DP0043,50.0,55.3,1.0
6573393657,DP0041,50.0,58.1,1.0
6573393658,DP0041,50.0,48.6,0.0
6573393659,DP0041,50.0,51.3,1.0
6573393660,DP0043,50.0,55.5,1.0
6573393661,DP0041,50.0,51.0,1.0
6573393662,DP0041,50.0,54.1,1.0
6573393663,DP0041,55.0,54.5,0.0
6573393664,DP0007,55.0,47.6,0.0
6573393665,DP0048,55.0,45.3,0.0
6573393666,DP0028,55.0,33.7,0.0
6573393667,DP0043,55.0,50.9,0.0
6573393668,DP0041,55.0,54.7,0.0
6573393669,DP0041,50.0,25.5,0.0
6573393670,DP0041,50.0,25.8,0.0
6573393671,DP0041,50.0,29.2,0.0
6573393672,DP0002,40.0,25.7,0.0
6573393673,DP0008,40.0,16.6,0.0
6573393674,DP0032,40.0,32.4,0.0
6573393675,DP0043,50.0,36.5,0.0
6573393676,DP0026,50.0,31.7,0.0
6573393677,DP0012,50.0,30.0,0.0
6573393678,DP0041,50.0,25.6,0.0
6573393679,DP0015,50.0,28.8,0.0
6573393680,DP0043,50.0,36.5,0.0
6573393681,DP0019,50.0,30.6,0.0
6573393682,DP0005,45.0,12.9,0.0
6573393683,,,,
6573393684,DP0007,45.0,17.1,0.0
6573393685,,,,
6573393686,DP0041,45.0,23.2,0.0
6573393687,DP0036,45.0,22.5,0.0
6573393688,DP0041,45.0,25.3,0.0
6573393689,DP0043,80.0,60.1,0.0
6573393690,DP0041,80.0,54.6,0.0
6573393691,DP0028,80.0,56.9,0.0
6573393692,DP0043,80.0,50.2,0.0
6573393693,DP0041,60.0,56.0,0.0
6573393694,DP0034,90.0,90.5,1.0
6573393695,DP0027,50.0,31.8,0.0
6573393696,DP0041,65.0,43.8,0.0
6573393697,DP0041,45.0,29.1,0.0
6573393698,DP0043,45.0,26.9,0.0
6573393699,DP0043,45.0,31.3,0.0
6573393700,DP0041,45.0,29.5,0.0
6573393701,DP0009,45.0,29.0,0.0
6573393702,DP0041,65.0,38.3,0.0
6573393703,DP0007,65.0,40.3,0.0
6573393704,DP0043,65.0,33.1,0.0
6573393705,DP0043,50.0,33.2,0.0
6573393706,DP0043,50.0,31.2,0.0
6573393707,DP0041,50.0,23.3,0.0
6573393708,DP0021,50.0,26.7,0.0
6573393709,DP0041,50.0,27.5,0.0
6573393710,DP0015,50.0,28.8,0.0
6573393711,DP0041,50.0,30.2,0.0
6573393712,DP0041,75.0,47.5,0.0
6573393713,,,,
6573393714,DP0019,75.0,46.3,0.0
6573393715,,,,
6573393716,DP0007,75.0,48.8,0.0
6573393717,DP0039,45.0,27.3,0.0
6573393718,DP0043,45.0,27.5,0.0
6573393719,DP0048,45.0,43.5,0.0
6573393720,DP0041,45.0,31.5,0.0
6573393721,DP0006,45.0,30.1,0.0
6573393722,DP0041,45.0,28.6,0.0
6573393723,DP0033,45.0,29.4,0.0
6573393724,DP0003,55.0,33.2,0.0
6573393725,DP0041,55.0,37.5,0.0
6573393726,DP0041,55.0,39.2,0.0
6573393727,DP0029,55.0,34.7,0.0
6573393728,DP0001,40.0,31.1,0.0
6573393729,DP0041,40.0,25.0,0.0
6573393730,DP0019,40.0,38.7,0.0
6573393731,DP0006,40.0,30.8,0.0
6573393732,DP0048,40.0,50.3,1.0
6573393733,DP0042,40.0,25.8,0.0
6573393734,DP0041,55.0,35.1,0.0
6573393735,DP0019,55.0,43.3,0.0
6573393736,DP0020,55.0,38.9,0.0
6573393737,DP0005,55.0,38.4,0.0
6573393738,DP0039,45.0,30.1,0.0
6573393739,DP0024,45.0,27.9,0.0
6573393740,DP0005,45.0,32.1,0.0
6573393741,DP0041,45.0,27.9,0.0
6573393742,DP0041,85.0,61.4,0.0
6573393743,DP0018,85.0,61.0,0.0
6573393744,DP0041,85.0,61.6,0.0
6573393745,DP0039,65.0,46.1,0.0
6573393746,DP0041,50.0,40.0,0.0
6573393747,DP0043,65.0,41.2,0.0
6573393748,DP0019,65.0,37.3,0.0
6573393749,DP0041,65.0,38.0,0.0
6573393750,DP0041,65.0,39.5,0.0
6573393751,DP0008,65.0,44.6,0.0
6573393752,DP0028,55.0,53.4,0.0
6573393753,DP0043,55.0,46.8,0.0
6573393754,DP0007,55.0,39.0,0.0
6573393755,DP0039,55.0,35.0,0.0
6573393756,DP0041,55.0,49.7,0.0
6573393757,DP0041,55.0,39.9,0.0
6573393758,DP0041,55.0,39.5,0.0
6573393759,DP0043,55.0,28.4,0.0
6573393760,DP0041,55.0,56.1,1.0
6573393761,DP0041,55.0,39.7,0.0
6573393762,DP0041,55.0,27.9,0.0
6573393763,DP0050,55.0,36.1,0.0
6573393764,DP0012,55.0,27.7,0.0
6573393765,DP0041,55.0,23.3,0.0
6573393766,DP0028,55.0,26.8,0.0
6573393767,DP0041,55.0,40.4,0.0
6573393768,DP0029,55.0,38.3,0.0
6573393769,DP0019,55.0,35.2,0.0
6573393770,DP0015,55.0,34.1,0.0
6573393771,DP0019,55.0,54.1,0.0
6573393772,DP0008,55.0,37.1,0.0
6573393773,DP0005,55.0,51.0,0.0
6573393774,DP0041,40.0,31.8,0.0
6573393775,DP0013,40.0,29.0,0.0
6573393776,DP0041,40.0,25.0,0.0
6573393777,DP0041,40.0,33.5,0.0
6573393778,DP0041,40.0,28.0,0.0
6573393779,DP0019,40.0,34.1,0.0
6573393780,DP0015,40.0,29.5,0.0
6573393781,DP0021,45.0,32.6,0.0
6573393782,DP0013,45.0,31.9,0.0
6573393783,DP0037,45.0,30.9,0.0
6573393784,DP0048,45.0,46.2,1.0
6573393785,DP0034,40.0,24.1,0.0
6573393786,DP0043,40.0,23.3,0.0
6573393787,DP0041,45.0,30.8,0.0
6573393788,DP0008,45.0,42.4,0.0
6573393789,DP0043,45.0,41.5,0.0
6573393790,DP0008,45.0,36.4,0.0
6573393791,DP0043,40.0,22.7,0.0
6573393792,DP0041,50.0,29.9,0.0
6573393793,DP0041,50.0,27.7,0.0
6573393794,DP0028,50.0,39.5,0.0
6573393795,DP0037,50.0,23.5,0.0
6573393796,DP0015,50.0,24.1,0.0
6573393797,DP0041,50.0,39.9,0.0
6573393798,DP0041,50.0,25.8,0.0
6573393799,DP0019,50.0,33.8,0.0
6573393800,DP0041,50.0,33.6,0.0
6573393801,DP0048,75.0,73.1,0.0
6573393802,DP0043,85.0,54.3,0.0
6573393803,DP0041,75.0,54.8,0.0
6573393804,DP0041,75.0,63.1,0.0
6573393805,DP0041,85.0,58.6,0.0
6573393806,DP0008,75.0,48.2,0.0
6573393807,DP0041,75.0,45.3,0.0
6573393808,DP0041,45.0,15.4,0.0
6573393809,DP0015,45.0,23.1,0.0
6573393810,DP0014,45.0,36.9,0.0
6573393811,DP0043,45.0,36.9,0.0
6573393812,DP0043,45.0,38.5,0.0
6573393813,DP0041,45.0,20.5,0.0
6573393814,DP0041,45.0,24.4,0.0
6573393815,,,,
6573393816,,,,
6573393817,,,,
6573393818,,,,
6573393819,,,,
6573393820,,,,
6573393821,,,,
6573393822,DP0015,65.0,48.1,0.0
6573393823,DP0036,60.0,45.3,0.0
6573393824,DP0041,65.0,46.0,0.0
6573393825,DP0018,65.0,41.5,0.0
6573393826,DP0047,60.0,48.3,0.0
6573393827,DP0005,65.0,43.2,0.0
6573393828,DP0019,60.0,43.5,0.0
6573393829,DP0015,45.0,38.5,0.0
6573393830,DP0016,45.0,21.1,0.0
6573393831,DP0033,50.0,37.3,0.0
6573393832,DP0007,45.0,32.8,0.0
6573393833,DP0008,45.0,31.6,0.0
6573393834,DP0019,45.0,36.4,0.0
6573393835,DP0041,55.0,30.9,0.0
6573393836,DP0037,55.0,28.8,0.0
6573393837,DP0041,55.0,23.7,0.0
6573393838,DP0043,55.0,40.4,0.0
6573393839,DP0019,55.0,35.7,0.0
6573393840,DP0041,55.0,32.0,0.0
6573393841,DP0041,55.0,36.4,0.0
6573393842,DP0041,40.0,27.4,0.0
6573393843,DP0041,40.0,24.8,0.0
6573393844,DP0041,65.0,55.1,0.0
6573393845,DP0041,65.0,49.3,0.0
6573393846,DP0043,50.0,31.3,0.0
6573393847,DP0041,50.0,39.7,0.0
6573393848,DP0043,50.0,32.8,0.0
6573393849,DP0015,50.0,37.4,0.0
6573393850,DP0048,50.0,53.3,1.0
6573393851,DP0041,50.0,34.3,0.0
6573393852,DP0039,40.0,23.4,0.0
6573393853,DP0008,40.0,26.2,0.0
6573393854,DP0008,45.0,45.5,1.0
6573393855,DP0005,45.0,38.2,0.0
6573393856,DP0010,45.0,38.0,0.0
6573393857,DP0015,45.0,35.1,0.0
6573393858,DP0041,45.0,47.9,1.0
6573393859,DP0041,45.0,46.1,1.0
6573393860,DP0049,45.0,36.0,0.0
6573393861,DP0030,50.0,31.9,0.0
6573393862,DP0003,55.0,67.7,1.0
6573393863,DP0041,55.0,73.2,1.0
6573393864,DP0041,40.0,53.5,1.0
6573393865,DP0041,40.0,25.3,0.0
6573393866,DP0041,40.0,19.5,0.0
6573393867,DP0041,40.0,17.5,0.0
6573393868,DP0016,40.0,23.0,0.0
6573393869,DP0034,40.0,35.6,0.0
6573393870,DP0047,40.0,28.8,0.0
6573393871,DP0041,50.0,41.7,0.0
6573393872,DP0047,50.0,29.5,0.0
6573393873,DP0043,50.0,43.1,0.0
6573393874,DP0041,40.0,23.4,0.0
6573393875,DP0043,55.0,40.8,0.0
6573393876,DP0041,55.0,42.5,0.0
6573393877,DP0005,55.0,62.6,1.0
6573393878,DP0041,55.0,37.7,0.0
6573393879,DP0008,55.0,41.1,0.0
6573393880,DP0002,55.0,58.7,1.0
6573393881,DP0041,55.0,40.7,0.0
6573393882,DP0043,55.0,43.4,0.0
6573393883,DP0002,55.0,51.1,0.0
6573393884,DP0049,55.0,54.4,0.0
6573393885,DP0003,50.0,32.5,0.0
6573393886,DP0008,50.0,23.0,0.0
6573393887,DP0039,40.0,15.6,0.0
6573393888,DP0038,65.0,49.1,0.0
6573393889,DP0041,65.0,40.6,0.0
6573393890,DP0015,40.0,20.4,0.0
6573393891,DP0043,65.0,43.2,0.0
6573393892,DP0041,65.0,45.8,0.0
6573393893,DP0041,40.0,20.2,0.0
6573393894,DP0041,60.0,36.7,0.0
6573393895,DP0041,45.0,25.3,0.0
6573393896,DP0032,45.0,26.8,0.0
6573393897,DP0013,40.0,41.9,1.0
6573393898,DP0047,45.0,58.4,1.0
6573393899,DP0041,50.0,28.4,0.0
6573393900,DP0041,45.0,21.2,0.0
6573393901,DP0041,45.0,30.1,0.0
6573393902,DP0041,55.0,36.9,0.0
6573393903,DP0041,55.0,31.1,0.0
6573393904,DP0026,55.0,27.6,0.0
6573393905,DP0020,55.0,51.2,0.0
6573393906,DP0044,55.0,33.5,0.0
6573393907,DP0041,55.0,26.6,0.0
6573393908,DP0039,50.0,37.2,0.0
6573393909,DP0042,50.0,31.5,0.0
6573393910,DP0041,50.0,33.8,0.0
6573393911,DP0043,50.0,35.1,0.0
6573393912,DP0004,50.0,43.3,0.0
6573393913,DP0043,50.0,37.3,0.0
6573393914,DP0028,50.0,36.4,0.0
6573393915,DP0043,55.0,45.6,0.0
6573393916,DP0041,55.0,36.4,0.0
6573393917,DP0015,55.0,45.0,0.0
6573393918,DP0006,55.0,43.3,0.0
6573393919,DP0040,40.0,24.7,0.0
6573393920,DP0005,40.0,50.9,1.0
6573393921,DP0041,40.0,24.7,0.0
6573393922,DP0041,40.0,26.5,0.0
6573393923,DP0007,40.0,52.2,1.0
6573393924,DP0043,40.0,22.3,0.0
6573393925,DP0015,40.0,29.9,0.0
6573393926,DP0043,50.0,53.0,1.0
6573393927,DP0041,50.0,49.9,0.0
6573393928,DP0003,50.0,38.1,0.0
6573393929,DP0016,50.0,25.4,0.0
6573393930,DP0011,50.0,48.8,0.0
6573393931,DP0005,50.0,25.5,0.0
6573393932,DP0041,50.0,27.4,0.0
6573393933,DP0007,55.0,41.8,0.0
6573393934,DP0038,55.0,37.7,0.0
6573393935,DP0041,55.0,44.3,0.0
6573393936,DP0043,55.0,41.2,0.0
6573393937,DP0008,55.0,40.4,0.0
6573393938,DP0041,55.0,41.6,0.0
6573393939,DP0041,55.0,42.1,0.0
6573393940,DP0042,40.0,29.8,0.0
6573393941,DP0043,65.0,66.6,1.0
6573393942,DP0041,75.0,48.9,0.0
6573393943,DP0041,65.0,51.1,0.0
6573393944,DP0041,65.0,49.8,0.0
6573393945,DP0015,45.0,25.9,0.0
6573393946,DP0005,45.0,22.4,0.0
6573393947,DP0007,40.0,25.2,0.0
6573393948,DP0041,60.0,45.3,0.0
6573393949,DP0021,45.0,28.0,0.0
6573393950,DP0034,40.0,24.1,0.0
6573393951,DP0041,40.0,39.6,0.0
6573393952,DP0041,40.0,47.6,1.0
6573393953,DP0041,40.0,44.2,1.0
6573393954,DP0041,40.0,25.9,0.0
6573393955,DP0041,40.0,38.4,0.0
6573393956,DP0008,45.0,24.3,0.0
6573393957,DP0019,45.0,19.7,0.0
6573393958,DP0002,45.0,21.3,0.0
6573393959,DP0041,45.0,17.7,0.0
6573393960,DP0041,45.0,25.4,0.0
6573393961,DP0019,45.0,21.5,0.0
6573393962,DP0041,45.0,14.9,0.0
6573393963,DP0041,55.0,37.8,0.0
6573393964,,,,
6573393965,DP0043,55.0,41.2,0.0
6573393966,,,,
6573393967,DP0005,55.0,34.3,0.0
6573393968,DP0043,55.0,52.7,0.0
6573393969,,,,
6573393970,DP0041,65.0,50.2,0.0
6573393971,DP0041,65.0,48.8,0.0
6573393972,DP0043,65.0,47.6,0.0
6573393973,DP0043,65.0,48.5,0.0
6573393974,DP0005,65.0,47.1,0.0
6573393975,DP0041,65.0,46.7,0.0
6573393976,DP0043,65.0,51.6,0.0
6573393977,DP0041,40.0,28.2,0.0
6573393978,DP0041,40.0,21.4,0.0
6573393979,DP0041,40.0,24.2,0.0
6573393980,DP0038,40.0,20.1,0.0
6573393981,DP0041,40.0,21.7,0.0
6573393982,DP0041,40.0,23.1,0.0
6573393983,DP0043,40.0,26.4,0.0
6573393984,DP0028,50.0,29.8,0.0
6573393985,DP0041,50.0,32.6,0.0
6573393986,DP0027,50.0,39.5,0.0
6573393987,DP0015,50.0,31.3,0.0
6573393988,DP0005,50.0,32.2,0.0
6573393989,DP0049,50.0,32.6,0.0
6573393990,DP0023,45.0,37.5,0.0
6573393991,DP0043,45.0,37.6,0.0
6573393992,DP0038,45.0,35.8,0.0
6573393993,DP0041,50.0,34.4,0.0
6573393994,DP0008,45.0,36.4,0.0
6573393995,DP0002,50.0,35.8,0.0
6573393996,DP0041,50.0,45.7,0.0
6573393997,DP0041,50.0,33.3,0.0
6573393998,DP0006,50.0,37.1,0.0
6573393999,DP0005,50.0,42.9,0.0
6573394000,DP0041,50.0,45.0,0.0
6573394001,DP0036,50.0,40.4,0.0
6573394002,DP0008,50.0,29.4,0.0
6573394003,DP0047,60.0,45.6,0.0
6573394004,DP0008,60.0,43.8,0.0
6573394005,DP0038,45.0,35.7,0.0
6573394006,DP0030,50.0,56.2,1.0
6573394007,DP0041,50.0,54.3,1.0
6573394008,DP0016,50.0,58.3,1.0
6573394009,DP0015,50.0,57.7,1.0
6573394010,DP0019,50.0,57.8,1.0
6573394011,DP0043,50.0,58.5,1.0
6573394012,DP0027,45.0,28.5,0.0
6573394013,DP0041,45.0,34.4,0.0
6573394014,DP0041,45.0,35.2,0.0
6573394015,DP0028,45.0,25.7,0.0
6573394016,DP0028,45.0,19.5,0.0
6573394017,DP0021,45.0,23.4,0.0
6573394018,DP0041,45.0,26.9,0.0
6573394019,DP0043,45.0,24.5,0.0
6573394020,DP0041,45.0,20.3,0.0
6573394021,DP0041,45.0,23.0,0.0
6573394022,DP0022,55.0,33.0,0.0
6573394023,DP0043,45.0,21.9,0.0
6573394024,DP0041,55.0,33.6,0.0
6573394025,DP0012,55.0,32.5,0.0
6573394026,DP0041,55.0,36.1,0.0
6573394027,DP0033,50.0,34.8,0.0
6573394028,DP0041,50.0,42.8,0.0
6573394029,DP0041,50.0,30.3,0.0
6573394030,DP0048,50.0,59.2,1.0
6573394031,DP0041,50.0,32.6,0.0
6573394032,DP0043,50.0,26.6,0.0
6573394033,DP0036,50.0,20.0,0.0
6573394034,DP0041,50.0,28.9,0.0
6573394035,DP0041,50.0,26.7,0.0
6573394036,DP0036,50.0,28.4,0.0
6573394037,DP0015,50.0,22.7,0.0
6573394038,DP0041,50.0,30.4,0.0
6573394039,DP0041,75.0,41.8,0.0
6573394040,DP0028,75.0,47.7,0.0
6573394041,DP0049,60.0,37.4,0.0
6573394042,DP0005,65.0,54.9,0.0
6573394043,DP0041,65.0,51.8,0.0
6573394044,DP0041,60.0,31.9,0.0
6573394045,DP0041,60.0,30.1,0.0
6573394046,DP0043,65.0,50.3,0.0
6573394047,DP0041,60.0,34.3,0.0
6573394048,DP0041,55.0,62.5,1.0
6573394049,DP0025,55.0,47.5,0.0
6573394050,DP0021,55.0,44.2,0.0
6573394051,DP0041,55.0,37.1,0.0
6573394052,DP0016,55.0,35.0,0.0
6573394053,DP0049,55.0,49.1,0.0
6573394054,DP0047,55.0,54.2,0.0
6573394055,DP0041,50.0,29.5,0.0
6573394056,DP0008,60.0,43.5,0.0
6573394057,DP0041,60.0,46.7,0.0
6573394058,DP0021,55.0,43.9,0.0
6573394059,DP0043,45.0,29.3,0.0
6573394060,DP0005,45.0,25.3,0.0
6573394061,DP0008,45.0,25.3,0.0
6573394062,DP0041,45.0,22.3,0.0
6573394063,DP0044,45.0,27.2,0.0
6573394064,DP0041,50.0,41.2,0.0
6573394065,DP0041,50.0,40.0,0.0
6573394066,DP0012,50.0,52.7,1.0
6573394067,DP0043,50.0,46.0,0.0
6573394068,DP0003,50.0,49.8,0.0
6573394069,DP0041,50.0,39.6,0.0
6573394070,DP0041,50.0,43.2,0.0
6573394071,DP0041,45.0,55.6,1.0
6573394072,DP0008,45.0,52.6,1.0
6573394073,DP0035,65.0,65.4,1.0
6573394074,DP0005,65.0,61.6,0.0
6573394075,DP0005,45.0,37.1,0.0
6573394076,DP0048,45.0,44.1,0.0
6573394077,DP0041,45.0,23.7,0.0
6573394078,DP0041,45.0,37.3,0.0
6573394079,DP0019,45.0,31.1,0.0
6573394080,DP0012,45.0,29.6,0.0
6573394081,DP0041,45.0,23.6,0.0
6573394082,DP0041,40.0,48.2,1.0
6573394083,DP0041,40.0,23.4,0.0
6573394084,DP0041,55.0,36.6,0.0
6573394085,DP0041,55.0,43.4,0.0
6573394086,DP0041,55.0,30.2,0.0
6573394087,DP0048,55.0,48.5,0.0
6573394088,DP0034,40.0,21.1,0.0
6573394089,DP0041,40.0,23.0,0.0
6573394090,DP0041,40.0,23.1,0.0
6573394091,DP0005,40.0,25.7,0.0
6573394092,DP0015,40.0,23.8,0.0
6573394093,DP0041,40.0,26.2,0.0
6573394094,DP0041,40.0,27.8,0.0
6573394095,DP0041,50.0,29.7,0.0
6573394096,DP0006,50.0,28.0,0.0
6573394097,DP0038,50.0,27.3,0.0
6573394098,DP0039,50.0,31.1,0.0
6573394099,DP0008,50.0,27.1,0.0
6573394100,DP0047,50.0,27.3,0.0
6573394101,DP0043,50.0,33.0,0.0
6573394102,DP0041,55.0,43.6,0.0
6573394103,DP0019,55.0,39.0,0.0
6573394104,DP0041,55.0,40.7,0.0
6573394105,DP0036,55.0,35.6,0.0
6573394106,DP0041,55.0,44.0,0.0
6573394107,DP0043,65.0,49.7,0.0
6573394108,DP0007,65.0,51.5,0.0
6573394109,DP0041,45.0,48.9,1.0
6573394110,DP0043,45.0,53.3,1.0
6573394111,DP0041,45.0,45.2,1.0
6573394112,DP0041,45.0,46.5,1.0
6573394113,DP0041,45.0,49.3,1.0
6573394114,DP0041,45.0,44.4,0.0
6573394115,DP0041,45.0,48.2,1.0
6573394116,DP0027,60.0,35.0,0.0
6573394117,DP0041,55.0,43.4,0.0
6573394118,DP0049,55.0,46.1,0.0
6573394119,DP0041,55.0,43.0,0.0
6573394120,DP0041,50.0,26.7,0.0
6573394121,DP0008,50.0,43.4,0.0
6573394122,DP0041,50.0,23.1,0.0
6573394123,DP0041,50.0,25.5,0.0
6573394124,DP0046,50.0,42.5,0.0
6573394125,DP0050,50.0,51.1,1.0
6573394126,,,,
6573394127,,,,
6573394128,,,,
6573394129,,,,
6573394130,,,,
6573394131,DP0041,45.0,19.8,0.0
6573394132,DP0043,45.0,24.8,0.0
6573394133,DP0019,45.0,24.2,0.0
6573394134,DP0008,45.0,40.5,0.0
6573394135,DP0039,50.0,30.5,0.0
6573394136,DP0041,55.0,42.5,0.0
6573394137,DP0043,55.0,55.4,1.0
6573394138,DP0044,50.0,39.8,0.0
6573394139,DP0043,55.0,31.7,0.0
6573394140,DP0041,90.0,61.8,0.0
6573394141,DP0038,90.0,65.9,0.0
6573394142,DP0041,50.0,24.5,0.0
6573394143,DP0042,40.0,33.1,0.0
6573394144,DP0041,40.0,28.4,0.0
6573394145,DP0019,60.0,49.1,0.0
6573394146,DP0020,60.0,44.7,0.0
6573394147,DP0043,60.0,48.1,0.0
6573394148,DP0026,45.0,29.3,0.0
6573394149,DP0005,45.0,23.6,0.0
6573394150,DP0041,40.0,17.8,0.0
6573394151,DP0043,45.0,33.4,0.0
6573394152,DP0041,45.0,25.2,0.0
6573394153,DP0028,40.0,23.1,0.0
6573394154,DP0041,45.0,29.3,0.0
6573394155,DP0047,40.0,20.4,0.0
6573394156,DP0018,40.0,41.3,1.0
6573394157,DP0044,40.0,45.6,1.0
6573394158,DP0034,40.0,49.5,1.0
6573394159,DP0041,40.0,40.0,0.0
6573394160,DP0041,40.0,39.7,0.0
6573394161,DP0041,40.0,23.9,0.0
6573394162,DP0041,45.0,23.9,0.0
6573394163,DP0019,45.0,21.9,0.0
6573394164,DP0048,60.0,52.4,0.0
6573394165,DP0043,60.0,31.0,0.0
6573394166,DP0005,60.0,28.5,0.0
6573394167,DP0005,60.0,29.2,0.0
6573394168,DP0007,60.0,28.7,0.0
6573394169,DP0043,60.0,33.8,0.0
6573394170,DP0003,90.0,72.6,0.0
6573394171,DP0023,90.0,75.3,0.0
6573394172,DP0041,90.0,72.3,0.0
6573394173,DP0043,90.0,74.7,0.0
6573394174,DP0034,90.0,72.1,0.0
6573394175,DP0019,90.0,75.0,0.0
6573394176,DP0041,90.0,68.8,0.0
6573394177,DP0021,55.0,31.7,0.0
6573394178,DP0005,55.0,36.9,0.0
6573394179,DP0013,55.0,37.6,0.0
6573394180,DP0041,55.0,35.9,0.0
6573394181,DP0028,55.0,34.6,0.0
6573394182,DP0041,55.0,38.6,0.0
6573394183,DP0041,55.0,34.9,0.0
6573394184,DP0009,45.0,42.4,0.0
6573394185,DP0012,50.0,34.9,0.0
6573394186,DP0041,45.0,35.4,0.0
6573394187,DP0046,45.0,57.5,1.0
6573394188,DP0041,45.0,35.6,0.0
6573394189,DP0041,45.0,41.1,0.0
6573394190,DP0041,45.0,32.5,0.0
6573394191,DP0041,45.0,34.9,0.0
6573394192,DP0041,45.0,36.2,0.0
6573394193,DP0043,40.0,19.8,0.0
6573394194,DP0043,40.0,34.2,0.0
6573394195,DP0043,40.0,35.5,0.0
6573394196,DP0041,40.0,22.9,0.0
6573394197,DP0041,60.0,45.2,0.0
6573394198,DP0013,40.0,33.9,0.0
6573394199,DP0047,40.0,28.8,0.0
6573394200,DP0021,40.0,42.0,1.0
6573394201,DP0038,40.0,29.8,0.0
6573394202,DP0041,40.0,42.6,1.0
6573394203,DP0041,40.0,34.0,0.0
6573394204,DP0012,40.0,29.9,0.0
6573394205,DP0047,40.0,21.1,0.0
6573394206,DP0041,40.0,26.0,0.0
6573394207,DP0006,40.0,20.8,0.0
6573394208,DP0040,40.0,22.9,0.0
6573394209,DP0008,40.0,22.6,0.0
6573394210,DP0007,40.0,20.6,0.0
6573394211,DP0004,40.0,41.5,1.0
6573394212,DP0041,40.0,27.9,0.0
6573394213,DP0039,55.0,55.6,1.0
6573394214,DP0035,55.0,51.6,0.0
6573394215,DP0041,55.0,63.1,1.0
6573394216,DP0019,55.0,34.8,0.0
6573394217,DP0043,55.0,34.1,0.0
6573394218,DP0027,55.0,35.6,0.0
6573394219,DP0005,40.0,41.1,1.0
6573394220,DP0039,40.0,34.8,0.0
6573394221,DP0043,40.0,27.6,0.0
6573394222,DP0041,40.0,38.8,0.0
6573394223,DP0037,40.0,28.2,0.0
6573394224,DP0003,40.0,25.8,0.0
6573394225,DP0021,40.0,40.0,1.0
6573394226,DP0015,45.0,59.8,1.0
6573394227,DP0043,45.0,62.6,1.0
6573394228,DP0049,45.0,58.3,1.0
6573394229,DP0041,45.0,56.3,1.0
6573394230,DP0019,50.0,36.0,0.0
6573394231,DP0036,65.0,45.6,0.0
6573394232,DP0048,65.0,59.5,0.0
6573394233,DP0041,45.0,52.9,1.0
6573394234,DP0024,45.0,50.4,1.0
6573394235,DP0041,45.0,48.2,1.0
6573394236,DP0041,55.0,37.7,0.0
6573394237,DP0043,55.0,38.9,0.0
6573394238,DP0007,55.0,35.8,0.0
6573394239,DP0027,55.0,49.1,0.0
6573394240,DP0041,55.0,35.5,0.0
6573394241,DP0002,55.0,35.8,0.0
6573394242,DP0041,55.0,42.9,0.0
6573394243,DP0039,60.0,34.3,0.0
6573394244,DP0041,50.0,34.3,0.0
6573394245,DP0041,60.0,39.0,0.0
6573394246,DP0043,60.0,35.3,0.0
6573394247,DP0028,60.0,40.1,0.0
6573394248,DP0026,60.0,39.9,0.0
6573394249,DP0008,60.0,41.5,0.0
6573394250,DP0008,55.0,27.9,0.0
6573394251,DP0015,55.0,25.4,0.0
6573394252,DP0019,55.0,29.8,0.0
6573394253,DP0019,55.0,28.7,0.0
6573394254,DP0041,55.0,30.5,0.0
6573394255,DP0041,50.0,31.9,0.0
6573394256,DP0041,50.0,59.2,1.0
6573394257,DP0037,55.0,58.6,1.0
6573394258,DP0005,55.0,38.3,0.0
6573394259,DP0041,50.0,65.8,1.0
6573394260,DP0041,40.0,29.2,0.0
6573394261,DP0027,40.0,23.5,0.0
6573394262,DP0041,40.0,27.1,0.0
6573394263,DP0041,40.0,27.4,0.0
6573394264,DP0047,40.0,26.7,0.0
6573394265,DP0048,40.0,38.5,0.0
6573394266,DP0016,50.0,34.9,0.0
6573394267,DP0008,50.0,30.5,0.0
6573394268,DP0036,50.0,39.2,0.0
6573394269,DP0041,50.0,28.1,0.0
6573394270,DP0007,50.0,42.4,0.0
6573394271,DP0049,50.0,25.2,0.0
6573394272,DP0019,50.0,35.7,0.0
6573394273,DP0041,45.0,24.7,0.0
6573394274,DP0043,45.0,23.8,0.0
6573394275,DP0041,45.0,28.0,0.0
6573394276,DP0019,50.0,43.8,0.0
6573394277,DP0042,50.0,38.4,0.0
6573394278,DP0034,50.0,38.7,0.0
6573394279,DP0041,50.0,37.0,0.0
6573394280,DP0043,50.0,40.1,0.0
6573394281,DP0041,50.0,43.1,0.0
6573394282,DP0046,50.0,55.4,1.0
6573394283,DP0048,55.0,68.0,1.0
6573394284,DP0041,55.0,52.1,0.0
6573394285,DP0048,55.0,64.2,1.0
6573394286,DP0041,55.0,51.3,0.0
6573394287,DP0041,55.0,54.3,0.0
6573394288,DP0043,55.0,55.6,1.0
6573394289,DP0041,55.0,56.6,1.0
6573394290,DP0019,50.0,36.1,0.0
6573394291,DP0041,45.0,29.8,0.0
6573394292,DP0048,45.0,51.6,1.0
6573394293,DP0015,50.0,18.3,0.0
6573394294,DP0019,45.0,28.8,0.0
6573394295,DP0038,45.0,33.1,0.0
6573394296,DP0049,45.0,32.8,0.0
6573394297,DP0015,45.0,33.6,0.0
6573394298,DP0048,45.0,42.1,0.0
6573394299,DP0041,45.0,30.4,0.0
6573394300,DP0008,40.0,65.4,1.0
6573394301,DP0043,40.0,31.0,0.0
6573394302,DP0041,40.0,26.3,0.0
6573394303,DP0041,40.0,29.7,0.0
6573394304,DP0015,40.0,24.2,0.0
6573394305,DP0043,40.0,25.8,0.0
6573394306,DP0008,40.0,35.8,0.0
6573394307,DP0041,40.0,25.3,0.0
6573394308,DP0034,40.0,33.7,0.0
6573394309,DP0034,40.0,28.8,0.0
6573394310,DP0043,40.0,33.5,0.0
6573394311,DP0007,70.0,41.3,0.0
6573394312,DP0028,45.0,36.3,0.0
6573394313,DP0041,45.0,40.7,0.0
6573394314,DP0041,45.0,37.5,0.0
6573394315,DP0041,70.0,45.2,0.0
6573394316,DP0038,70.0,53.3,0.0
6573394317,DP0041,45.0,40.3,0.0
6573394318,DP0014,60.0,49.4,0.0
6573394319,DP0005,60.0,52.9,0.0
6573394320,DP0041,60.0,53.1,0.0
6573394321,DP0047,60.0,49.9,0.0
6573394322,DP0039,60.0,50.7,0.0
6573394323,DP0005,60.0,52.5,0.0
6573394324,DP0050,60.0,67.4,1.0
6573394325,DP0006,45.0,28.8,0.0
6573394326,DP0043,45.0,27.4,0.0
6573394327,DP0043,45.0,29.5,0.0
6573394328,DP0043,45.0,21.3,0.0
6573394329,DP0041,45.0,27.6,0.0
6573394330,DP0041,45.0,26.0,0.0
6573394331,DP0041,45.0,24.5,0.0
6573394332,DP0034,60.0,55.6,0.0
6573394333,DP0043,60.0,50.6,0.0
6573394334,DP0041,60.0,51.0,0.0
6573394335,DP0047,60.0,54.1,0.0
6573394336,DP0006,55.0,43.3,0.0
6573394337,DP0041,45.0,23.4,0.0
6573394338,DP0043,50.0,45.8,0.0
6573394339,DP0002,50.0,43.1,0.0
6573394340,DP0041,50.0,45.6,0.0
6573394341,DP0041,50.0,50.4,1.0
6573394342,DP0041,50.0,39.8,0.0
6573394343,DP0041,40.0,33.5,0.0
6573394344,DP0015,40.0,33.0,0.0
6573394345,DP0041,55.0,35.4,0.0
6573394346,DP0015,55.0,33.2,0.0
6573394347,DP0050,45.0,56.9,1.0
6573394348,DP0041,45.0,37.7,0.0
6573394349,DP0005,50.0,33.7,0.0
6573394350,DP0043,50.0,33.5,0.0
6573394351,DP0038,50.0,30.9,0.0
6573394352,DP0026,50.0,23.0,0.0
6573394353,DP0041,50.0,29.5,0.0
6573394354,DP0043,45.0,31.7,0.0
6573394355,DP0041,50.0,31.9,0.0
6573394356,DP0041,45.0,31.7,0.0
6573394357,DP0041,45.0,35.5,0.0
6573394358,DP0013,45.0,31.0,0.0
6573394359,DP0041,45.0,31.5,0.0
6573394360,DP0041,55.0,31.9,0.0
6573394361,DP0041,55.0,36.4,0.0
6573394362,DP0002,55.0,32.5,0.0
6573394363,DP0007,55.0,35.3,0.0
6573394364,DP0041,40.0,23.8,0.0
6573394365,DP0043,40.0,27.3,0.0
6573394366,DP0041,40.0,27.8,0.0
6573394367,DP0008,50.0,29.4,0.0
6573394368,DP0041,50.0,28.8,0.0
6573394369,DP0016,55.0,44.9,0.0
6573394370,DP0041,55.0,48.0,0.0
6573394371,DP0021,50.0,41.5,0.0
6573394372,DP0008,40.0,38.6,0.0
6573394373,,,,
6573394374,DP0041,70.0,43.2,0.0
6573394375,DP0038,70.0,43.2,0.0
6573394376,DP0008,70.0,51.8,0.0
6573394377,DP0041,70.0,47.2,0.0
6573394378,DP0041,70.0,49.5,0.0
6573394379,DP0041,40.0,31.3,0.0
6573394380,DP0015,40.0,35.4,0.0
6573394381,DP0033,40.0,37.7,0.0
6573394382,DP0041,65.0,32.2,0.0
6573394383,DP0018,45.0,32.9,0.0
6573394384,DP0041,45.0,21.7,0.0
6573394385,DP0041,45.0,38.8,0.0
6573394386,DP0041,45.0,36.5,0.0
6573394387,DP0041,55.0,49.9,0.0
6573394388,DP0039,55.0,43.1,0.0
6573394389,DP0036,55.0,34.8,0.0
6573394390,DP0008,55.0,40.4,0.0
6573394391,DP0003,55.0,44.3,0.0
6573394392,DP0019,55.0,31.2,0.0
6573394393,DP0001,55.0,38.3,0.0
6573394394,DP0018,55.0,43.2,0.0
6573394395,DP0041,55.0,37.2,0.0
6573394396,DP0015,55.0,41.8,0.0
6573394397,DP0041,45.0,24.9,0.0
6573394398,DP0003,45.0,32.1,0.0
6573394399,DP0002,50.0,44.6,0.0
6573394400,DP0015,40.0,20.8,0.0
6573394401,DP0041,40.0,41.1,1.0
6573394402,DP0031,40.0,20.1,0.0
6573394403,DP0041,40.0,38.1,0.0
6573394404,DP0043,40.0,43.9,1.0
6573394405,DP0041,40.0,38.2,0.0
6573394406,DP0009,40.0,41.8,1.0
6573394407,DP0041,65.0,54.0,0.0
6573394408,DP0019,65.0,53.6,0.0
6573394409,DP0041,65.0,54.9,0.0
6573394410,DP0021,65.0,56.5,0.0
6573394411,DP0043,45.0,35.3,0.0
6573394412,DP0019,45.0,55.5,1.0
6573394413,DP0018,45.0,33.6,0.0
6573394414,DP0038,45.0,37.2,0.0
6573394415,DP0001,55.0,33.4,0.0
6573394416,DP0024,55.0,50.6,0.0
6573394417,DP0041,55.0,30.1,0.0
6573394418,DP0018,55.0,32.2,0.0
6573394419,DP0005,50.0,30.6,0.0
6573394420,DP0005,55.0,34.8,0.0
6573394421,DP0015,55.0,52.9,0.0
6573394422,DP0047,45.0,37.8,0.0
6573394423,DP0043,45.0,34.3,0.0
6573394424,DP0021,45.0,41.5,0.0
6573394425,DP0041,45.0,45.7,1.0
6573394426,DP0041,45.0,43.1,0.0
6573394427,DP0041,45.0,38.4,0.0
6573394428,DP0042,45.0,36.8,0.0
6573394429,DP0033,45.0,39.4,0.0
6573394430,DP0026,45.0,39.6,0.0
6573394431,DP0029,50.0,26.5,0.0
6573394432,DP0042,50.0,26.1,0.0
6573394433,DP0026,50.0,24.0,0.0
6573394434,DP0015,50.0,31.9,0.0
6573394435,DP0015,50.0,30.6,0.0
6573394436,DP0003,50.0,33.4,0.0
6573394437,DP0041,50.0,36.0,0.0
6573394438,DP0030,50.0,27.7,0.0
6573394439,DP0015,50.0,32.4,0.0
6573394440,DP0041,40.0,33.0,0.0
6573394441,DP0027,40.0,40.9,1.0
6573394442,DP0041,40.0,38.3,0.0
6573394443,DP0039,45.0,13.7,0.0
6573394444,DP0047,45.0,16.8,0.0
6573394445,DP0014,45.0,23.1,0.0
6573394446,DP0041,45.0,23.0,0.0
6573394447,DP0006,85.0,56.0,0.0
6573394448,DP0015,85.0,55.1,0.0
6573394449,DP0043,60.0,54.4,0.0
6573394450,DP0041,60.0,46.1,0.0
6573394451,DP0039,55.0,46.7,0.0
6573394452,DP0021,60.0,35.1,0.0
6573394453,DP0015,45.0,28.7,0.0
6573394454,DP0041,45.0,28.4,0.0
6573394455,DP0041,45.0,25.8,0.0
6573394456,DP0008,45.0,29.5,0.0
6573394457,DP0041,45.0,25.6,0.0
6573394458,DP0047,65.0,35.4,0.0
6573394459,DP0048,45.0,55.4,1.0
6573394460,DP0041,45.0,38.1,0.0
6573394461,DP0041,45.0,37.9,0.0
6573394462,DP0005,45.0,35.2,0.0
6573394463,DP0015,45.0,68.8,1.0
6573394464,DP0047,45.0,67.5,1.0
6573394465,DP0013,45.0,70.7,1.0
6573394466,DP0043,45.0,64.5,1.0
6573394467,DP0043,45.0,68.5,1.0
6573394468,DP0043,45.0,63.2,1.0
6573394469,DP0050,45.0,82.6,1.0
6573394470,DP0041,55.0,47.0,0.0
6573394471,DP0041,55.0,46.8,0.0
6573394472,DP0041,75.0,46.0,0.0
6573394473,DP0041,75.0,47.8,0.0
6573394474,DP0003,55.0,41.7,0.0
6573394475,DP0041,75.0,46.9,0.0
6573394476,DP0028,75.0,48.5,0.0
6573394477,DP0049,40.0,30.8,0.0
6573394478,DP0005,40.0,31.7,0.0
6573394479,DP0036,40.0,27.4,0.0
6573394480,DP0028,55.0,41.4,0.0
6573394481,DP0038,55.0,44.2,0.0
6573394482,DP0041,55.0,41.5,0.0
6573394483,DP0043,55.0,37.3,0.0
6573394484,DP0015,55.0,32.2,0.0
6573394485,DP0043,55.0,40.8,0.0
6573394486,DP0041,55.0,36.0,0.0
6573394487,DP0019,40.0,27.9,0.0
6573394488,DP0041,40.0,36.4,0.0
6573394489,DP0005,40.0,25.3,0.0
6573394490,DP0039,40.0,33.2,0.0
6573394491,DP0041,50.0,27.4,0.0
6573394492,DP0046,50.0,48.4,0.0
6573394493,DP0031,50.0,24.9,0.0
6573394494,DP0041,50.0,37.0,0.0
6573394495,DP0009,50.0,40.1,0.0
6573394496,DP0048,50.0,57.6,1.0
6573394497,DP0006,50.0,36.8,0.0
6573394498,DP0041,50.0,44.7,0.0
6573394499,DP0041,60.0,34.8,0.0
6573394500,DP0041,60.0,32.4,0.0
6573394501,DP0010,70.0,56.3,0.0
6573394502,DP0043,70.0,46.2,0.0
6573394503,DP0021,70.0,44.3,0.0
6573394504,DP0041,70.0,40.7,0.0
6573394505,DP0044,55.0,28.5,0.0
6573394506,DP0043,55.0,29.2,0.0
6573394507,DP0043,55.0,28.7,0.0
6573394508,DP0044,55.0,26.6,0.0
6573394509,DP0023,50.0,42.9,0.0
6573394510,DP0041,50.0,50.8,1.0
6573394511,DP0005,50.0,46.1,0.0
6573394512,DP0041,50.0,39.8,0.0
6573394513,DP0043,50.0,49.7,0.0
6573394514,DP0041,50.0,44.8,0.0
6573394515,DP0026,50.0,46.9,0.0
6573394516,DP0036,55.0,32.8,0.0
6573394517,DP0041,50.0,52.0,1.0
6573394518,DP0041,50.0,42.6,0.0
6573394519,DP0009,50.0,29.4,0.0
6573394520,DP0005,50.0,24.0,0.0
6573394521,DP0005,50.0,24.0,0.0
6573394522,DP0048,50.0,41.5,0.0
6573394523,DP0024,50.0,34.8,0.0
6573394524,DP0028,50.0,35.2,0.0
6573394525,DP0008,50.0,40.4,0.0
6573394526,DP0025,50.0,22.6,0.0
6573394527,DP0041,50.0,33.7,0.0
6573394528,DP0047,50.0,19.4,0.0
6573394529,DP0041,50.0,28.9,0.0
6573394530,DP0038,70.0,53.3,0.0
6573394531,DP0041,40.0,41.9,1.0
6573394532,DP0008,40.0,50.4,1.0
6573394533,DP0047,40.0,22.8,0.0
6573394534,DP0041,40.0,40.3,1.0
6573394535,DP0015,40.0,52.5,1.0
6573394536,DP0013,65.0,41.9,0.0
6573394537,DP0041,65.0,39.2,0.0
6573394538,DP0041,65.0,38.4,0.0
6573394539,DP0043,65.0,43.2,0.0
6573394540,DP0041,65.0,38.0,0.0
6573394541,DP0041,45.0,42.1,0.0
6573394542,DP0008,45.0,40.2,0.0
6573394543,DP0046,45.0,59.4,1.0
6573394544,DP0048,45.0,55.5,1.0
6573394545,DP0044,45.0,36.7,0.0
6573394546,DP0049,45.0,39.7,0.0
6573394547,DP0043,45.0,40.9,0.0
6573394548,DP0041,45.0,21.4,0.0
6573394549,DP0041,45.0,16.6,0.0
6573394550,DP0041,45.0,19.6,0.0
6573394551,DP0048,45.0,34.6,0.0
6573394552,DP0015,45.0,20.0,0.0
6573394553,DP0015,45.0,25.6,0.0
6573394554,DP0038,45.0,18.8,0.0
6573394555,DP0041,50.0,33.4,0.0
6573394556,DP0041,50.0,41.7,0.0
6573394557,DP0025,50.0,30.4,0.0
6573394558,DP0040,50.0,28.4,0.0
6573394559,DP0041,50.0,32.1,0.0
6573394560,DP0043,50.0,29.1,0.0
6573394561,DP0045,40.0,28.8,0.0
6573394562,DP0043,40.0,27.0,0.0
6573394563,DP0011,40.0,27.2,0.0
6573394564,DP0041,40.0,28.2,0.0
6573394565,DP0041,40.0,33.0,0.0
6573394566,DP0005,40.0,27.6,0.0
6573394567,DP0041,50.0,40.9,0.0
6573394568,DP0050,50.0,46.7,0.0
6573394569,DP0041,55.0,31.6,0.0
6573394570,DP0043,55.0,34.9,0.0
6573394571,DP0009,55.0,39.8,0.0
6573394572,DP0041,55.0,77.9,1.0
6573394573,DP0028,40.0,22.7,0.0
6573394574,DP0041,40.0,36.0,0.0
6573394575,DP0005,40.0,30.3,0.0
6573394576,DP0009,40.0,28.0,0.0
6573394577,DP0006,40.0,24.2,0.0
6573394578,DP0041,40.0,28.7,0.0
6573394579,DP0012,40.0,29.5,0.0
6573394580,DP0026,45.0,23.4,0.0
6573394581,DP0009,45.0,25.4,0.0
6573394582,DP0005,45.0,25.6,0.0
6573394583,DP0043,45.0,18.4,0.0
6573394584,DP0041,45.0,25.4,0.0
6573394585,DP0002,50.0,35.8,0.0
6573394586,DP0041,50.0,38.4,0.0
6573394587,DP0043,60.0,40.0,0.0
6573394588,DP0041,90.0,67.6,0.0
6573394589,DP0030,40.0,53.7,1.0
6573394590,DP0045,70.0,62.6,0.0
6573394591,DP0041,70.0,62.8,0.0
6573394592,DP0043,70.0,48.2,0.0
6573394593,DP0031,70.0,65.9,0.0
6573394594,DP0043,70.0,44.2,0.0
6573394595,DP0041,55.0,36.9,0.0
6573394596,DP0038,55.0,46.2,0.0
6573394597,DP0023,55.0,41.0,0.0
6573394598,DP0011,55.0,44.8,0.0
6573394599,DP0039,55.0,47.3,0.0
6573394600,DP0027,55.0,44.3,0.0
6573394601,DP0019,40.0,17.4,0.0
6573394602,DP0018,40.0,22.9,0.0
6573394603,DP0005,40.0,17.9,0.0
6573394604,DP0027,40.0,34.3,0.0
6573394605,DP0041,40.0,34.0,0.0
6573394606,DP0041,40.0,32.3,0.0
6573394607,DP0041,60.0,70.5,1.0
6573394608,DP0019,60.0,79.0,1.0
6573394609,DP0005,40.0,29.5,0.0
6573394610,DP0041,40.0,33.9,0.0
6573394611,DP0043,65.0,42.3,0.0
6573394612,DP0005,60.0,59.5,0.0
6573394613,DP0005,55.0,36.2,0.0
6573394614,DP0041,55.0,38.5,0.0
6573394615,DP0006,40.0,37.1,0.0
6573394616,DP0031,40.0,43.7,1.0
6573394617,DP0041,40.0,55.2,1.0
6573394618,DP0039,40.0,51.1,1.0
6573394619,DP0015,65.0,71.8,1.0
6573394620,DP0041,65.0,69.3,1.0
6573394621,DP0043,65.0,57.1,0.0
6573394622,DP0043,65.0,72.2,1.0
6573394623,DP0041,65.0,70.8,1.0
6573394624,DP0007,65.0,47.4,0.0
6573394625,DP0033,65.0,56.0,0.0
6573394626,DP0012,70.0,55.3,0.0
6573394627,DP0043,65.0,60.7,0.0
6573394628,DP0039,65.0,60.8,0.0
6573394629,DP0003,70.0,55.0,0.0
6573394630,DP0003,55.0,43.3,0.0
6573394631,DP0008,55.0,47.1,0.0
6573394632,DP0003,55.0,28.7,0.0
6573394633,DP0041,55.0,49.1,0.0
6573394634,DP0041,40.0,12.4,0.0
6573394635,DP0041,40.0,11.2,0.0
6573394636,DP0039,40.0,19.0,0.0
6573394637,DP0041,55.0,44.2,0.0
6573394638,DP0002,55.0,42.7,0.0
6573394639,DP0041,55.0,41.1,0.0
6573394640,DP0002,55.0,41.0,0.0
6573394641,DP0019,50.0,74.1,1.0
6573394642,DP0019,50.0,67.9,1.0
6573394643,DP0041,50.0,72.4,1.0
6573394644,DP0043,50.0,70.1,1.0
6573394645,DP0041,50.0,71.3,1.0
6573394646,DP0041,50.0,71.6,1.0
6573394647,DP0006,50.0,39.5,0.0
6573394648,DP0033,50.0,36.7,0.0
6573394649,DP0043,50.0,34.1,0.0
6573394650,DP0041,50.0,43.0,0.0
6573394651,DP0019,50.0,42.0,0.0
6573394652,DP0041,50.0,37.5,0.0
6573394653,DP0007,50.0,41.9,0.0
6573394654,DP0019,50.0,45.4,0.0
6573394655,DP0019,75.0,51.7,0.0
6573394656,DP0034,50.0,34.8,0.0
6573394657,DP0043,75.0,47.8,0.0
6573394658,DP0041,50.0,30.9,0.0
6573394659,DP0007,50.0,32.8,0.0
6573394660,DP0041,50.0,27.4,0.0
6573394661,DP0024,40.0,27.6,0.0
6573394662,DP0041,40.0,26.5,0.0
6573394663,DP0043,40.0,19.6,0.0
6573394664,DP0038,40.0,22.2,0.0
6573394665,DP0003,40.0,25.2,0.0
6573394666,DP0041,40.0,21.6,0.0
6573394667,DP0002,40.0,22.9,0.0
6573394668,DP0039,50.0,40.2,0.0
6573394669,DP0043,55.0,48.1,0.0
6573394670,DP0028,45.0,22.4,0.0
6573394671,DP0005,40.0,29.9,0.0
6573394672,DP0028,40.0,44.0,1.0
6573394673,DP0043,40.0,28.0,0.0
6573394674,DP0037,40.0,44.6,1.0
6573394675,DP0041,40.0,35.0,0.0
6573394676,DP0005,80.0,57.8,0.0
6573394677,DP0019,80.0,60.2,0.0
6573394678,DP0043,45.0,35.2,0.0
6573394679,DP0050,45.0,46.6,1.0
6573394680,DP0033,45.0,35.2,0.0
6573394681,DP0013,45.0,38.0,0.0
6573394682,DP0018,45.0,19.4,0.0
6573394683,DP0041,45.0,33.8,0.0
6573394684,DP0003,45.0,30.7,0.0
6573394685,DP0043,55.0,69.4,1.0
6573394686,DP0041,55.0,35.8,0.0
6573394687,DP0002,55.0,72.9,1.0
6573394688,DP0006,55.0,36.5,0.0
6573394689,DP0041,55.0,39.8,0.0
6573394690,DP0043,55.0,28.2,0.0
6573394691,DP0005,55.0,33.0,0.0
6573394692,DP0012,50.0,32.7,0.0
6573394693,DP0041,50.0,41.1,0.0
6573394694,DP0043,50.0,36.6,0.0
6573394695,DP0043,50.0,33.8,0.0
6573394696,DP0021,50.0,35.2,0.0
6573394697,DP0041,50.0,29.6,0.0
6573394698,DP0005,50.0,35.3,0.0
6573394699,DP0041,45.0,57.2,1.0
6573394700,DP0049,45.0,56.9,1.0
6573394701,DP0041,45.0,52.9,1.0
6573394702,DP0038,45.0,58.3,1.0
6573394703,DP0041,45.0,62.5,1.0
6573394704,,,,
6573394705,DP0041,85.0,72.9,0.0
6573394706,DP0015,85.0,68.9,0.0
6573394707,DP0043,70.0,43.2,0.0
6573394708,,,,
6573394709,DP0041,85.0,64.0,0.0
6573394710,DP0041,85.0,77.2,0.0
6573394711,DP0016,45.0,51.3,1.0
6573394712,DP0041,50.0,40.5,0.0
6573394713,DP0027,45.0,25.6,0.0
6573394714,DP0041,45.0,39.6,0.0
6573394715,DP0041,45.0,42.9,0.0
6573394716,DP0018,45.0,24.5,0.0
6573394717,DP0041,45.0,30.7,0.0
6573394718,DP0019,50.0,23.3,0.0
6573394719,DP0034,90.0,73.7,0.0
6573394720,DP0007,90.0,69.4,0.0
6573394721,DP0041,90.0,67.4,0.0
6573394722,DP0041,90.0,68.9,0.0
6573394723,DP0041,90.0,69.4,0.0
6573394724,DP0016,90.0,70.5,0.0
6573394725,DP0041,50.0,32.8,0.0
6573394726,DP0021,50.0,32.4,0.0
6573394727,DP0041,50.0,32.6,0.0
6573394728,DP0041,60.0,36.1,0.0
6573394729,DP0041,55.0,38.3,0.0
6573394730,DP0005,55.0,53.0,0.0
6573394731,DP0041,55.0,42.8,0.0
6573394732,DP0019,65.0,43.4,0.0
6573394733,DP0028,65.0,43.0,0.0
6573394734,DP0008,55.0,43.2,0.0
6573394735,DP0016,50.0,36.2,0.0
6573394736,DP0041,40.0,30.9,0.0
6573394737,DP0048,40.0,36.4,0.0
6573394738,DP0043,40.0,31.8,0.0
6573394739,DP0029,40.0,39.5,0.0
6573394740,DP0041,40.0,32.4,0.0
6573394741,DP0007,40.0,33.0,0.0
6573394742,DP0041,65.0,44.7,0.0
6573394743,DP0041,65.0,47.2,0.0
6573394744,DP0041,45.0,28.4,0.0
6573394745,DP0021,45.0,28.0,0.0
6573394746,DP0005,45.0,29.0,0.0
6573394747,DP0041,55.0,38.9,0.0
6573394748,DP0041,55.0,37.4,0.0
6573394749,DP0043,55.0,34.9,0.0
6573394750,DP0041,55.0,48.9,0.0
6573394751,DP0041,55.0,35.1,0.0
6573394752,DP0044,55.0,56.0,1.0
6573394753,DP0019,55.0,35.5,0.0
6573394754,DP0041,75.0,76.7,1.0
6573394755,DP0001,55.0,35.8,0.0
6573394756,DP0019,55.0,37.1,0.0
6573394757,DP0039,55.0,34.9,0.0
6573394758,DP0041,55.0,34.3,0.0
6573394759,DP0008,65.0,47.0,0.0
6573394760,DP0005,65.0,51.2,0.0
6573394761,DP0018,65.0,47.6,0.0
6573394762,DP0041,40.0,38.0,0.0
6573394763,DP0028,40.0,32.6,0.0
6573394764,DP0041,40.0,42.4,1.0
6573394765,DP0019,40.0,29.8,0.0
6573394766,DP0008,40.0,27.2,0.0
6573394767,DP0041,40.0,38.0,0.0
6573394768,DP0043,40.0,32.4,0.0
6573394769,DP0048,40.0,36.8,0.0
6573394770,DP0043,40.0,15.0,0.0
6573394771,DP0041,55.0,69.0,1.0
6573394772,DP0041,55.0,46.4,0.0
6573394773,DP0047,55.0,31.0,0.0
6573394774,DP0019,45.0,26.5,0.0
6573394775,DP0041,45.0,28.5,0.0
6573394776,DP0039,45.0,23.0,0.0
6573394777,DP0003,65.0,90.8,1.0
6573394778,DP0043,65.0,90.8,1.0
6573394779,DP0041,65.0,93.7,1.0
6573394780,DP0041,65.0,92.0,1.0
6573394781,DP0007,65.0,95.6,1.0
6573394782,DP0040,65.0,91.2,1.0
6573394783,DP0041,65.0,92.3,1.0
6573394784,DP0039,55.0,48.1,0.0
6573394785,DP0041,40.0,22.3,0.0
6573394786,DP0033,45.0,44.7,0.0
6573394787,DP0006,45.0,27.9,0.0
6573394788,DP0008,45.0,46.7,1.0
6573394789,DP0041,45.0,27.8,0.0
6573394790,DP0041,45.0,25.6,0.0
6573394791,DP0002,50.0,32.0,0.0
6573394792,DP0041,45.0,34.6,0.0
6573394793,DP0005,45.0,29.1,0.0
6573394794,DP0007,45.0,28.6,0.0
6573394795,DP0039,45.0,26.3,0.0
6573394796,DP0041,45.0,26.4,0.0
6573394797,DP0041,45.0,29.9,0.0
6573394798,DP0043,45.0,30.0,0.0
6573394799,DP0015,45.0,25.5,0.0
6573394800,DP0041,75.0,73.9,0.0
6573394801,DP0041,75.0,70.7,0.0
6573394802,DP0041,60.0,38.4,0.0
6573394803,DP0043,60.0,37.8,0.0
6573394804,DP0041,50.0,60.3,1.0
6573394805,DP0043,50.0,34.0,0.0
6573394806,DP0010,50.0,31.3,0.0
6573394807,DP0039,50.0,34.6,0.0
6573394808,DP0005,50.0,34.6,0.0
6573394809,DP0041,50.0,36.5,0.0
6573394810,DP0041,50.0,54.5,1.0
6573394811,DP0043,50.0,47.8,0.0
6573394812,DP0021,55.0,34.9,0.0
6573394813,DP0020,55.0,36.8,0.0
6573394814,DP0041,40.0,23.3,0.0
6573394815,DP0041,40.0,29.1,0.0
6573394816,DP0049,40.0,30.1,0.0
6573394817,DP0041,50.0,51.5,1.0
6573394818,DP0044,40.0,46.0,1.0
6573394819,DP0019,40.0,32.2,0.0
6573394820,DP0041,40.0,40.4,1.0
6573394821,DP0028,50.0,27.4,0.0
6573394822,DP0023,50.0,36.3,0.0
6573394823,DP0041,40.0,18.1,0.0
6573394824,DP0004,40.0,42.9,1.0
6573394825,DP0041,40.0,20.8,0.0
6573394826,DP0041,40.0,24.5,0.0
6573394827,DP0036,40.0,21.2,0.0
6573394828,DP0015,40.0,23.0,0.0
6573394829,DP0041,40.0,27.3,0.0
6573394830,DP0046,50.0,36.2,0.0
6573394831,DP0006,50.0,22.9,0.0
6573394832,DP0008,50.0,27.8,0.0
6573394833,DP0036,40.0,34.8,0.0
6573394834,DP0005,45.0,31.2,0.0
6573394835,DP0038,50.0,32.6,0.0
6573394836,DP0048,50.0,49.4,0.0
6573394837,DP0041,50.0,34.4,0.0
6573394838,DP0041,70.0,58.7,0.0
6573394839,DP0003,55.0,41.0,0.0
6573394840,DP0041,70.0,59.8,0.0
6573394841,DP0043,70.0,55.9,0.0
6573394842,DP0041,45.0,41.5,0.0
6573394843,DP0041,45.0,24.5,0.0
6573394844,DP0041,50.0,44.0,0.0
6573394845,DP0005,55.0,35.6,0.0
6573394846,DP0041,55.0,36.8,0.0
6573394847,DP0012,60.0,37.3,0.0
6573394848,DP0043,60.0,44.7,0.0
6573394849,DP0015,60.0,40.9,0.0
6573394850,DP0041,60.0,39.8,0.0
6573394851,DP0015,60.0,36.4,0.0
6573394852,DP0017,60.0,42.7,0.0
6573394853,DP0015,60.0,39.0,0.0
6573394854,DP0041,50.0,27.6,0.0
6573394855,DP0014,75.0,48.3,0.0
6573394856,DP0042,75.0,55.4,0.0
6573394857,DP0019,65.0,48.8,0.0
6573394858,DP0041,55.0,43.2,0.0
6573394859,DP0041,60.0,43.4,0.0
6573394860,DP0026,55.0,36.2,0.0
6573394861,DP0041,55.0,47.8,0.0
6573394862,DP0041,55.0,38.2,0.0
6573394863,DP0041,55.0,45.8,0.0
6573394864,DP0008,55.0,87.7,1.0
6573394865,DP0041,55.0,46.9,0.0
6573394866,DP0008,55.0,38.8,0.0
6573394867,DP0041,55.0,30.0,0.0
6573394868,DP0041,55.0,32.4,0.0
6573394869,DP0041,55.0,34.7,0.0
6573394870,DP0041,55.0,34.8,0.0
6573394871,DP0041,55.0,40.4,0.0
6573394872,DP0043,55.0,40.3,0.0
6573394873,DP0015,55.0,37.9,0.0
6573394874,DP0021,55.0,31.4,0.0
6573394875,DP0041,50.0,33.2,0.0
6573394876,DP0039,50.0,31.6,0.0
6573394877,DP0033,50.0,41.8,0.0
6573394878,DP0009,50.0,42.3,0.0
6573394879,DP0041,50.0,44.5,0.0
6573394880,DP0019,50.0,41.9,0.0
6573394881,DP0005,50.0,44.5,0.0
6573394882,DP0038,40.0,18.2,0.0
6573394883,DP0036,40.0,22.9,0.0
6573394884,DP0043,40.0,22.4,0.0
6573394885,DP0041,40.0,17.1,0.0
6573394886,DP0041,40.0,22.7,0.0
6573394887,DP0044,40.0,22.2,0.0
6573394888,DP0042,40.0,20.3,0.0
6573394889,DP0008,45.0,19.6,0.0
6573394890,DP0015,45.0,16.2,0.0
6573394891,DP0005,45.0,23.1,0.0
6573394892,DP0041,45.0,14.9,0.0
6573394893,DP0006,45.0,20.2,0.0
6573394894,DP0041,45.0,19.3,0.0
6573394895,DP0034,45.0,24.2,0.0
6573394896,DP0048,50.0,51.6,1.0
6573394897,DP0015,50.0,36.2,0.0
6573394898,DP0027,40.0,31.1,0.0
6573394899,DP0019,40.0,36.2,0.0
6573394900,DP0043,50.0,25.4,0.0
6573394901,DP0041,45.0,48.8,1.0
6573394902,DP0008,50.0,27.2,0.0
6573394903,DP0005,40.0,44.1,1.0
6573394904,DP0041,40.0,34.6,0.0
6573394905,DP0041,40.0,36.9,0.0
6573394906,DP0041,40.0,28.8,0.0
6573394907,DP0005,50.0,34.9,0.0
6573394908,DP0043,75.0,52.6,0.0
6573394909,DP0019,40.0,34.0,0.0
6573394910,DP0043,85.0,73.4,0.0
6573394911,DP0041,85.0,60.0,0.0
6573394912,DP0041,85.0,61.5,0.0
6573394913,DP0043,85.0,62.5,0.0
6573394914,DP0043,85.0,60.3,0.0
6573394915,DP0041,85.0,74.6,0.0
6573394916,DP0041,85.0,58.0,0.0
6573394917,DP0041,55.0,39.7,0.0
6573394918,DP0039,55.0,34.4,0.0
6573394919,DP0003,55.0,36.8,0.0
6573394920,DP0041,55.0,40.3,0.0
6573394921,DP0010,55.0,39.7,0.0
6573394922,DP0041,55.0,34.7,0.0
6573394923,DP0041,65.0,42.9,0.0
6573394924,DP0032,65.0,38.8,0.0
6573394925,DP0032,40.0,18.3,0.0
6573394926,DP0019,55.0,38.3,0.0
6573394927,DP0041,40.0,12.2,0.0
6573394928,DP0008,55.0,37.5,0.0
6573394929,DP0005,40.0,19.3,0.0
6573394930,DP0041,55.0,32.9,0.0
6573394931,DP0041,55.0,56.2,1.0
6573394932,DP0039,50.0,50.4,1.0
6573394933,DP0045,50.0,23.8,0.0
6573394934,DP0041,55.0,47.4,0.0
6573394935,DP0043,55.0,42.4,0.0
6573394936,DP0041,55.0,47.3,0.0
6573394937,DP0019,55.0,50.7,0.0
6573394938,DP0043,55.0,46.3,0.0
6573394939,DP0041,55.0,47.4,0.0
6573394940,DP0041,55.0,47.2,0.0
6573394941,DP0039,75.0,37.7,0.0
6573394942,DP0041,75.0,51.7,0.0
6573394943,DP0027,45.0,27.3,0.0
6573394944,DP0041,45.0,26.5,0.0
6573394945,DP0013,65.0,47.3,0.0
6573394946,DP0041,65.0,50.8,0.0
6573394947,DP0015,45.0,35.5,0.0
6573394948,DP0043,45.0,38.8,0.0
6573394949,DP0015,45.0,38.4,0.0
6573394950,DP0015,45.0,40.7,0.0
6573394951,DP0041,45.0,35.8,0.0
6573394952,DP0003,45.0,39.5,0.0
6573394953,DP0041,45.0,41.9,0.0
6573394954,DP0043,75.0,82.9,1.0
6573394955,DP0041,50.0,37.5,0.0
6573394956,DP0043,50.0,47.7,0.0
6573394957,DP0048,40.0,49.5,1.0
6573394958,DP0041,40.0,24.9,0.0
6573394959,DP0007,45.0,35.7,0.0
6573394960,DP0008,45.0,29.4,0.0
6573394961,DP0008,45.0,41.2,0.0
6573394962,DP0044,45.0,40.6,0.0
6573394963,DP0041,45.0,26.1,0.0
6573394964,DP0008,45.0,24.2,0.0
6573394965,DP0041,45.0,37.7,0.0
6573394966,DP0015,50.0,66.2,1.0
6573394967,DP0041,50.0,27.9,0.0
6573394968,DP0041,50.0,34.5,0.0
6573394969,DP0028,50.0,30.1,0.0
6573394970,DP0033,50.0,37.5,0.0
6573394971,DP0048,65.0,59.7,0.0
6573394972,DP0004,65.0,62.7,0.0
6573394973,DP0041,65.0,56.5,0.0
6573394974,DP0041,65.0,40.1,0.0
6573394975,DP0041,65.0,40.4,0.0
6573394976,DP0048,55.0,36.5,0.0
6573394977,DP0043,55.0,24.9,0.0
6573394978,DP0041,50.0,27.7,0.0
6573394979,DP0019,55.0,21.0,0.0
6573394980,DP0047,55.0,33.1,0.0
6573394981,DP0017,55.0,20.5,0.0
6573394982,DP0041,50.0,27.1,0.0
6573394983,DP0041,55.0,35.1,0.0
6573394984,DP0008,55.0,34.3,0.0
6573394985,DP0005,55.0,33.7,0.0
6573394986,DP0027,55.0,37.1,0.0
6573394987,DP0033,55.0,33.4,0.0
6573394988,DP0043,55.0,32.8,0.0
6573394989,DP0019,55.0,36.8,0.0
6573394990,DP0043,55.0,33.3,0.0
6573394991,DP0050,75.0,67.3,0.0
6573394992,DP0041,55.0,39.4,0.0
6573394993,DP0042,55.0,35.1,0.0
6573394994,DP0019,55.0,34.1,0.0
6573394995,DP0007,50.0,38.3,0.0
6573394996,DP0041,50.0,31.5,0.0
6573394997,DP0005,50.0,32.4,0.0
6573394998,DP0004,50.0,40.1,0.0
6573394999,DP0041,50.0,30.8,0.0
6573395000,DP0041,55.0,90.2,1.0
6573395001,DP0024,40.0,28.2,0.0
6573395002,DP0015,40.0,26.2,0.0
6573395003,DP0041,40.0,33.6,0.0
6573395004,DP0041,40.0,31.9,0.0
6573395005,DP0005,40.0,42.8,1.0
6573395006,DP0008,40.0,32.3,0.0
6573395007,DP0015,40.0,28.6,0.0
6573395008,DP0041,40.0,33.5,0.0
6573395009,DP0003,40.0,37.5,0.0
6573395010,DP0041,40.0,37.1,0.0
6573395011,DP0049,40.0,36.1,0.0
6573395012,DP0005,55.0,35.3,0.0
6573395013,DP0018,55.0,36.8,0.0
6573395014,DP0005,55.0,32.3,0.0
6573395015,DP0019,55.0,34.4,0.0
6573395016,DP0041,55.0,38.1,0.0
6573395017,DP0041,55.0,37.6,0.0
6573395018,DP0015,55.0,33.5,0.0
6573395019,DP0041,45.0,28.4,0.0
6573395020,DP0019,45.0,27.5,0.0
6573395021,DP0002,50.0,35.3,0.0
6573395022,DP0037,45.0,32.1,0.0
6573395023,DP0007,50.0,33.7,0.0
6573395024,DP0049,55.0,42.7,0.0
6573395025,DP0041,55.0,48.5,0.0
6573395026,DP0019,45.0,59.6,1.0
6573395027,DP0041,45.0,56.6,1.0
6573395028,DP0025,45.0,54.2,1.0
6573395029,DP0043,45.0,22.7,0.0
6573395030,DP0038,45.0,26.0,0.0
6573395031,DP0041,45.0,56.8,1.0
6573395032,DP0041,45.0,24.3,0.0
6573395033,DP0041,40.0,38.6,0.0
6573395034,DP0041,40.0,32.9,0.0
6573395035,DP0044,40.0,35.0,0.0
6573395036,DP0049,40.0,36.1,0.0
6573395037,DP0006,40.0,35.4,0.0
6573395038,DP0041,40.0,37.7,0.0
6573395039,DP0043,40.0,38.8,0.0
6573395040,DP0041,55.0,57.8,1.0
6573395041,DP0015,50.0,49.1,0.0
6573395042,DP0021,50.0,33.3,0.0
6573395043,DP0041,50.0,46.3,0.0
6573395044,DP0015,50.0,44.4,0.0
6573395045,DP0043,50.0,46.7,0.0
6573395046,DP0031,50.0,44.1,0.0
6573395047,DP0039,40.0,17.4,0.0
6573395048,DP0016,40.0,23.8,0.0
6573395049,DP0008,50.0,41.7,0.0
6573395050,DP0041,50.0,48.6,0.0
6573395051,DP0008,50.0,38.8,0.0
6573395052,DP0041,50.0,46.6,0.0
6573395053,DP0044,50.0,42.2,0.0
6573395054,DP0043,50.0,43.0,0.0
6573395055,DP0041,50.0,41.7,0.0
6573395056,DP0041,60.0,52.1,0.0
6573395057,DP0041,60.0,54.7,0.0
6573395058,DP0043,60.0,56.7,0.0
6573395059,DP0005,60.0,52.2,0.0
6573395060,DP0046,60.0,72.6,1.0
6573395061,DP0048,60.0,65.8,1.0
6573395062,DP0015,60.0,56.2,0.0
6573395063,DP0005,75.0,51.8,0.0
6573395064,DP0043,75.0,50.2,0.0
6573395065,DP0041,75.0,52.2,0.0
6573395066,DP0010,75.0,59.6,0.0
6573395067,DP0041,75.0,60.1,0.0
6573395068,DP0041,75.0,57.9,0.0
6573395069,DP0033,50.0,58.8,1.0
6573395070,DP0043,50.0,25.5,0.0
6573395071,DP0043,50.0,63.0,1.0
6573395072,DP0041,50.0,26.0,0.0
6573395073,DP0041,40.0,34.0,0.0
6573395074,DP0041,40.0,39.7,0.0
6573395075,DP0041,40.0,37.5,0.0
6573395076,DP0041,40.0,32.3,0.0
6573395077,DP0041,40.0,26.9,0.0
6573395078,DP0043,50.0,32.3,0.0
6573395079,DP0041,50.0,25.2,0.0
6573395080,DP0020,55.0,36.5,0.0
6573395081,DP0043,55.0,42.6,0.0
6573395082,DP0041,55.0,41.4,0.0
6573395083,DP0002,55.0,36.2,0.0
6573395084,DP0043,55.0,41.4,0.0
6573395085,DP0043,55.0,36.8,0.0
6573395086,DP0041,55.0,32.1,0.0
6573395087,DP0041,50.0,28.9,0.0
6573395088,DP0015,55.0,31.9,0.0
6573395089,DP0044,55.0,35.3,0.0
6573395090,DP0048,55.0,40.3,0.0
6573395091,DP0036,55.0,32.2,0.0
6573395092,DP0041,50.0,26.9,0.0
6573395093,DP0041,55.0,70.0,1.0
6573395094,DP0029,60.0,48.0,0.0
6573395095,DP0043,60.0,39.6,0.0
6573395096,DP0021,60.0,35.8,0.0
6573395097,DP0002,60.0,42.6,0.0
6573395098,DP0043,60.0,36.4,0.0
6573395099,DP0041,60.0,32.3,0.0
6573395100,DP0041,70.0,59.3,0.0
6573395101,DP0041,70.0,56.7,0.0
6573395102,DP0041,70.0,60.3,0.0
6573395103,DP0041,50.0,36.1,0.0
6573395104,DP0041,50.0,41.1,0.0
6573395105,DP0041,55.0,44.0,0.0
6573395106,DP0041,55.0,38.9,0.0
6573395107,DP0029,55.0,40.3,0.0
6573395108,DP0041,55.0,48.2,0.0
6573395109,DP0007,55.0,41.8,0.0
6573395110,DP0005,55.0,37.8,0.0
6573395111,DP0002,55.0,39.8,0.0
6573395112,DP0023,45.0,31.5,0.0
6573395113,DP0041,45.0,31.9,0.0
6573395114,DP0027,40.0,31.4,0.0
6573395115,DP0050,40.0,41.5,1.0
6573395116,DP0028,45.0,32.7,0.0
6573395117,DP0041,55.0,49.8,0.0
6573395118,DP0005,45.0,18.6,0.0
6573395119,DP0037,65.0,56.7,0.0
6573395120,DP0041,65.0,42.0,0.0
6573395121,DP0021,65.0,46.0,0.0
6573395122,DP0015,65.0,47.8,0.0
6573395123,DP0041,65.0,46.4,0.0
6573395124,DP0005,65.0,57.8,0.0
6573395125,DP0049,55.0,38.9,0.0
6573395126,DP0005,55.0,32.4,0.0
6573395127,DP0041,55.0,44.3,0.0
6573395128,DP0026,55.0,33.8,0.0
6573395129,DP0041,55.0,36.9,0.0
6573395130,DP0043,55.0,32.2,0.0
6573395131,DP0041,55.0,32.7,0.0
6573395132,DP0041,75.0,48.5,0.0
6573395133,DP0005,75.0,55.7,0.0
6573395134,DP0007,50.0,35.6,0.0
6573395135,DP0020,50.0,33.6,0.0
6573395136,DP0028,75.0,52.1,0.0
6573395137,DP0043,50.0,37.1,0.0
6573395138,DP0044,75.0,58.6,0.0
6573395139,DP0041,50.0,38.3,0.0
6573395140,DP0041,60.0,39.2,0.0
6573395141,DP0005,55.0,39.9,0.0
6573395142,DP0041,50.0,55.9,1.0
6573395143,DP0038,50.0,38.5,0.0
6573395144,DP0016,65.0,48.2,0.0
6573395145,DP0005,40.0,26.5,0.0
6573395146,DP0043,65.0,42.2,0.0
6573395147,DP0047,40.0,25.2,0.0
6573395148,DP0041,40.0,29.6,0.0
6573395149,DP0041,65.0,63.3,0.0
6573395150,DP0041,65.0,42.7,0.0
6573395151,DP0041,55.0,52.4,0.0
6573395152,DP0015,55.0,40.6,0.0
6573395153,DP0041,55.0,43.3,0.0
6573395154,DP0001,55.0,36.7,0.0
6573395155,DP0043,55.0,55.3,1.0
6573395156,DP0043,55.0,46.9,0.0
6573395157,DP0043,55.0,41.4,0.0
6573395158,DP0007,50.0,29.9,0.0
6573395159,DP0034,60.0,41.6,0.0
6573395160,DP0043,60.0,37.8,0.0
6573395161,DP0048,60.0,58.5,0.0
6573395162,DP0021,50.0,49.7,0.0
6573395163,DP0008,50.0,54.1,1.0
6573395164,DP0010,50.0,59.5,1.0
6573395165,DP0043,50.0,25.2,0.0
6573395166,DP0041,50.0,32.4,0.0
6573395167,DP0008,50.0,30.9,0.0
6573395168,DP0008,50.0,25.5,0.0
6573395169,DP0015,50.0,24.7,0.0
6573395170,DP0023,50.0,26.3,0.0
6573395171,DP0008,50.0,26.1,0.0
6573395172,DP0041,45.0,24.0,0.0
6573395173,DP0015,45.0,22.2,0.0
6573395174,DP0043,45.0,22.3,0.0
6573395175,DP0041,45.0,23.3,0.0
6573395176,DP0043,45.0,28.5,0.0
6573395177,DP0004,45.0,41.8,0.0
6573395178,DP0008,45.0,23.4,0.0
6573395179,DP0041,50.0,39.4,0.0
6573395180,DP0033,55.0,45.3,0.0
6573395181,DP0005,55.0,38.0,0.0
6573395182,DP0043,55.0,37.6,0.0
6573395183,DP0043,55.0,37.3,0.0
6573395184,DP0038,55.0,37.9,0.0
6573395185,DP0043,55.0,41.5,0.0
6573395186,DP0039,55.0,46.7,0.0
6573395187,DP0039,50.0,41.3,0.0
6573395188,DP0007,45.0,43.2,0.0
6573395189,DP0019,50.0,38.9,0.0
6573395190,DP0034,45.0,42.1,0.0
6573395191,DP0041,45.0,42.5,0.0
6573395192,DP0037,50.0,41.6,0.0
6573395193,DP0041,50.0,37.4,0.0
6573395194,DP0008,45.0,24.6,0.0
6573395195,DP0041,40.0,14.0,0.0
6573395196,DP0041,40.0,20.3,0.0
6573395197,DP0003,65.0,52.3,0.0
6573395198,DP0041,65.0,37.0,0.0
6573395199,DP0005,65.0,53.4,0.0
6573395200,DP0008,50.0,32.4,0.0
6573395201,DP0041,50.0,34.5,0.0
6573395202,DP0050,50.0,45.5,0.0
6573395203,DP0039,50.0,35.1,0.0
6573395204,DP0041,50.0,31.8,0.0
6573395205,DP0043,45.0,24.2,0.0
6573395206,DP0015,50.0,33.3,0.0
6573395207,DP0043,50.0,33.0,0.0
6573395208,DP0034,50.0,27.5,0.0
6573395209,DP0028,50.0,29.5,0.0
6573395210,DP0019,50.0,35.8,0.0
6573395211,DP0046,50.0,47.2,0.0
6573395212,DP0010,40.0,27.0,0.0
6573395213,DP0039,40.0,21.0,0.0
6573395214,DP0041,40.0,26.8,0.0
6573395215,DP0041,40.0,18.9,0.0
6573395216,DP0043,40.0,16.5,0.0
6573395217,DP0008,40.0,21.4,0.0
6573395218,DP0041,40.0,20.9,0.0
6573395219,DP0043,45.0,35.1,0.0
6573395220,DP0041,45.0,45.7,1.0
6573395221,DP0048,45.0,49.1,1.0
6573395222,DP0043,45.0,30.8,0.0
6573395223,DP0041,45.0,31.9,0.0
6573395224,DP0041,65.0,57.0,0.0
6573395225,DP0005,65.0,55.1,0.0
6573395226,DP0047,50.0,27.8,0.0
6573395227,DP0006,50.0,33.0,0.0
6573395228,DP0041,50.0,34.0,0.0
6573395229,DP0026,50.0,26.6,0.0
6573395230,DP0041,50.0,28.1,0.0
6573395231,DP0041,50.0,31.4,0.0
6573395232,DP0041,50.0,32.3,0.0
6573395233,DP0043,50.0,42.4,0.0
6573395234,DP0043,50.0,46.4,0.0
6573395235,DP0026,50.0,47.1,0.0
6573395236,DP0041,50.0,43.5,0.0
6573395237,DP0043,50.0,44.6,0.0
6573395238,DP0005,50.0,39.4,0.0
6573395239,DP0015,50.0,30.7,0.0
6573395240,DP0027,50.0,31.7,0.0
6573395241,DP0039,50.0,36.5,0.0
6573395242,DP0041,60.0,36.1,0.0
6573395243,DP0041,60.0,31.7,0.0
6573395244,DP0044,45.0,24.8,0.0
6573395245,DP0041,45.0,35.0,0.0
6573395246,DP0039,45.0,32.5,0.0
6573395247,DP0049,45.0,32.5,0.0
6573395248,DP0005,45.0,33.3,0.0
6573395249,DP0041,55.0,52.0,0.0
6573395250,DP0043,55.0,38.6,0.0
6573395251,DP0043,55.0,43.1,0.0
6573395252,DP0043,55.0,34.0,0.0
6573395253,DP0043,55.0,40.0,0.0
6573395254,DP0041,55.0,51.7,0.0
6573395255,DP0043,55.0,54.1,0.0
6573395256,DP0041,50.0,29.1,0.0
6573395257,DP0014,55.0,41.7,0.0
6573395258,DP0019,55.0,35.1,0.0
6573395259,DP0039,40.0,31.1,0.0
6573395260,DP0038,40.0,28.8,0.0
6573395261,DP0041,55.0,35.6,0.0
6573395262,DP0019,50.0,29.1,0.0
6573395263,DP0041,50.0,17.0,0.0
6573395264,DP0041,50.0,31.2,0.0
6573395265,DP0021,50.0,28.5,0.0
6573395266,DP0043,50.0,52.7,1.0
6573395267,DP0007,50.0,41.6,0.0
6573395268,DP0040,55.0,62.3,1.0
6573395269,DP0035,55.0,43.1,0.0
6573395270,DP0043,50.0,33.5,0.0
6573395271,DP0043,50.0,32.9,0.0
6573395272,DP0041,50.0,31.9,0.0
6573395273,DP0041,70.0,46.8,0.0
6573395274,DP0041,40.0,45.8,1.0
6573395275,DP0041,50.0,16.4,0.0
6573395276,DP0041,50.0,33.3,0.0
6573395277,DP0001,50.0,26.4,0.0
6573395278,DP0043,50.0,32.0,0.0
6573395279,DP0019,50.0,21.6,0.0
6573395280,DP0019,50.0,27.7,0.0
6573395281,DP0012,50.0,51.7,1.0
6573395282,DP0041,65.0,41.5,0.0
6573395283,DP0041,55.0,46.0,0.0
6573395284,DP0023,55.0,37.1,0.0
6573395285,DP0005,55.0,39.5,0.0
6573395286,DP0041,55.0,52.3,0.0
6573395287,DP0019,55.0,48.7,0.0
6573395288,DP0016,65.0,38.3,0.0
6573395289,DP0041,65.0,36.3,0.0
6573395290,DP0018,65.0,33.6,0.0
6573395291,DP0019,65.0,42.8,0.0
6573395292,DP0013,65.0,37.3,0.0
6573395293,DP0041,65.0,39.2,0.0
6573395294,DP0016,65.0,36.6,0.0
6573395295,DP0041,55.0,42.4,0.0
6573395296,DP0041,60.0,47.9,0.0
6573395297,DP0018,60.0,45.2,0.0
6573395298,DP0041,55.0,40.8,0.0
6573395299,DP0041,50.0,28.9,0.0
6573395300,DP0041,50.0,26.7,0.0
6573395301,DP0041,50.0,28.4,0.0
6573395302,DP0041,50.0,26.9,0.0
6573395303,DP0041,50.0,31.0,0.0
6573395304,DP0041,50.0,38.2,0.0
6573395305,DP0041,50.0,27.2,0.0
6573395306,DP0041,55.0,45.1,0.0
6573395307,DP0015,65.0,40.0,0.0
6573395308,DP0008,65.0,44.3,0.0
6573395309,DP0038,55.0,50.0,0.0
6573395310,DP0041,55.0,41.4,0.0
6573395311,DP0041,55.0,51.4,0.0
6573395312,DP0028,45.0,21.5,0.0
6573395313,DP0041,45.0,66.1,1.0
6573395314,DP0041,45.0,25.7,0.0
6573395315,DP0041,45.0,23.3,0.0
6573395316,DP0041,40.0,24.9,0.0
6573395317,DP0041,40.0,35.9,0.0
6573395318,DP0023,40.0,22.6,0.0
6573395319,DP0041,40.0,33.2,0.0
6573395320,DP0005,40.0,21.5,0.0
6573395321,DP0044,40.0,21.9,0.0
6573395322,DP0041,40.0,26.3,0.0
6573395323,DP0041,75.0,69.1,0.0
6573395324,DP0032,75.0,46.9,0.0
6573395325,DP0041,75.0,45.1,0.0
6573395326,DP0019,75.0,71.7,0.0
6573395327,DP0043,75.0,47.4,0.0
6573395328,DP0015,75.0,71.7,0.0
6573395329,DP0005,50.0,32.9,0.0
6573395330,DP0041,40.0,34.9,0.0
6573395331,DP0041,40.0,35.1,0.0
6573395332,DP0021,40.0,32.9,0.0
6573395333,DP0002,65.0,37.5,0.0
6573395334,DP0041,40.0,22.9,0.0
6573395335,DP0043,40.0,42.6,1.0
6573395336,DP0041,40.0,27.1,0.0
6573395337,DP0028,40.0,44.1,1.0
6573395338,DP0041,40.0,29.4,0.0
6573395339,DP0041,40.0,22.7,0.0
6573395340,DP0041,40.0,40.7,1.0
6573395341,DP0041,50.0,49.3,0.0
6573395342,DP0043,50.0,51.9,1.0
6573395343,DP0043,50.0,39.6,0.0
6573395344,DP0008,50.0,40.0,0.0
6573395345,DP0041,45.0,45.7,1.0
6573395346,DP0043,55.0,37.4,0.0
6573395347,DP0015,50.0,53.1,1.0
6573395348,DP0019,45.0,24.3,0.0
6573395349,DP0041,60.0,38.0,0.0
6573395350,DP0041,65.0,72.9,1.0
6573395351,DP0041,65.0,75.3,1.0
6573395352,DP0018,65.0,71.4,1.0
6573395353,DP0041,65.0,38.8,0.0
6573395354,DP0043,65.0,38.9,0.0
6573395355,DP0041,65.0,70.2,1.0
6573395356,DP0015,65.0,73.2,1.0
6573395357,DP0041,50.0,22.7,0.0
6573395358,DP0037,50.0,43.7,0.0
6573395359,DP0019,50.0,31.2,0.0
6573395360,DP0026,50.0,45.3,0.0
6573395361,DP0041,50.0,42.3,0.0
6573395362,DP0041,50.0,40.0,0.0
6573395363,DP0041,50.0,35.3,0.0
6573395364,DP0041,50.0,35.7,0.0
6573395365,DP0041,50.0,31.4,0.0
6573395366,DP0015,50.0,40.8,0.0
6573395367,DP0041,50.0,57.8,1.0
6573395368,DP0041,50.0,41.4,0.0
6573395369,DP0005,50.0,37.3,0.0
6573395370,DP0019,50.0,56.4,1.0
6573395371,DP0041,45.0,29.5,0.0
6573395372,DP0005,50.0,34.2,0.0
6573395373,DP0043,50.0,35.5,0.0
6573395374,DP0041,50.0,36.4,0.0
6573395375,DP0041,50.0,28.6,0.0
6573395376,DP0041,50.0,32.1,0.0
6573395377,DP0041,50.0,32.6,0.0
6573395378,DP0041,50.0,34.0,0.0
6573395379,DP0041,40.0,23.4,0.0
6573395380,DP0046,40.0,54.9,1.0
6573395381,DP0039,40.0,28.0,0.0
6573395382,DP0002,55.0,34.2,0.0
6573395383,DP0015,55.0,41.9,0.0
6573395384,DP0041,55.0,69.2,1.0
6573395385,DP0039,55.0,65.2,1.0
6573395386,DP0041,55.0,30.9,0.0
6573395387,DP0044,55.0,37.8,0.0
6573395388,DP0038,55.0,34.5,0.0
6573395389,DP0041,55.0,65.9,1.0
6573395390,DP0015,80.0,53.3,0.0
6573395391,DP0002,80.0,50.6,0.0
6573395392,DP0041,50.0,40.4,0.0
6573395393,DP0021,50.0,37.8,0.0
6573395394,DP0041,50.0,38.1,0.0
6573395395,DP0041,45.0,68.2,1.0
6573395396,DP0008,45.0,28.4,0.0
6573395397,DP0019,55.0,43.8,0.0
6573395398,DP0008,45.0,32.0,0.0
6573395399,DP0041,45.0,44.4,0.0
6573395400,DP0043,45.0,37.8,0.0
6573395401,DP0041,50.0,45.0,0.0
6573395402,DP0041,50.0,44.0,0.0
6573395403,DP0041,50.0,51.3,1.0
6573395404,DP0041,50.0,46.8,0.0
6573395405,DP0041,50.0,45.3,0.0
6573395406,DP0008,50.0,42.3,0.0
6573395407,DP0041,50.0,48.9,0.0
6573395408,DP0041,45.0,39.2,0.0
6573395409,DP0041,45.0,28.0,0.0
6573395410,DP0034,45.0,28.0,0.0
6573395411,DP0041,45.0,26.3,0.0
6573395412,DP0021,45.0,34.8,0.0
6573395413,DP0005,45.0,32.7,0.0
6573395414,DP0021,45.0,30.4,0.0
6573395415,DP0038,50.0,32.1,0.0
6573395416,DP0043,50.0,38.6,0.0
6573395417,DP0043,50.0,33.3,0.0
6573395418,DP0013,50.0,37.1,0.0
6573395419,DP0041,50.0,32.0,0.0
6573395420,DP0007,50.0,37.8,0.0
6573395421,DP0016,50.0,41.1,0.0
6573395422,DP0015,40.0,30.4,0.0
6573395423,DP0041,40.0,31.2,0.0
6573395424,DP0005,40.0,34.4,0.0
6573395425,DP0041,40.0,31.5,0.0
6573395426,DP0007,40.0,38.1,0.0
6573395427,DP0041,40.0,32.1,0.0
6573395428,DP0027,40.0,32.8,0.0
6573395429,DP0003,55.0,30.6,0.0
6573395430,DP0008,55.0,38.1,0.0
6573395431,DP0041,55.0,34.5,0.0
6573395432,DP0041,55.0,39.3,0.0
6573395433,DP0021,55.0,32.8,0.0
6573395434,DP0039,55.0,36.1,0.0
6573395435,DP0043,55.0,38.4,0.0
6573395436,DP0019,40.0,23.7,0.0
6573395437,DP0019,40.0,19.0,0.0
6573395438,DP0005,40.0,34.0,0.0
6573395439,DP0005,40.0,38.9,0.0
6573395440,DP0019,40.0,38.2,0.0
6573395441,DP0028,40.0,34.2,0.0
6573395442,DP0037,40.0,8.3,0.0
6573395443,DP0041,65.0,53.8,0.0
6573395444,DP0041,65.0,58.5,0.0
6573395445,DP0043,65.0,65.4,1.0
6573395446,DP0041,65.0,53.3,0.0
6573395447,DP0043,75.0,61.9,0.0
6573395448,DP0041,75.0,58.3,0.0
6573395449,DP0035,75.0,62.1,0.0
6573395450,DP0043,75.0,63.1,0.0
6573395451,DP0030,40.0,25.9,0.0
6573395452,DP0019,40.0,28.7,0.0
6573395453,DP0041,75.0,58.6,0.0
6573395454,DP0041,45.0,31.0,0.0
6573395455,DP0041,45.0,29.4,0.0
6573395456,DP0041,45.0,28.6,0.0
6573395457,DP0041,45.0,24.4,0.0
6573395458,DP0005,45.0,22.2,0.0
6573395459,DP0003,45.0,33.6,0.0
6573395460,DP0041,45.0,15.3,0.0
6573395461,DP0005,45.0,32.7,0.0
6573395462,DP0026,45.0,25.4,0.0
6573395463,DP0019,50.0,42.1,0.0
6573395464,DP0034,50.0,36.5,0.0
6573395465,DP0043,45.0,32.0,0.0
6573395466,DP0005,45.0,38.6,0.0
6573395467,DP0049,45.0,33.7,0.0
6573395468,DP0039,45.0,30.6,0.0
6573395469,DP0041,45.0,29.7,0.0
6573395470,DP0033,45.0,31.0,0.0
6573395471,DP0005,45.0,26.1,0.0
6573395472,DP0003,45.0,21.5,0.0
6573395473,DP0043,45.0,26.1,0.0
6573395474,DP0041,45.0,28.7,0.0
6573395475,DP0041,45.0,24.9,0.0
6573395476,DP0009,45.0,22.1,0.0
6573395477,DP0005,45.0,23.5,0.0
6573395478,DP0041,45.0,19.3,0.0
6573395479,DP0043,45.0,22.0,0.0
6573395480,DP0048,45.0,40.8,0.0
6573395481,DP0026,45.0,22.2,0.0
6573395482,DP0041,55.0,39.3,0.0
6573395483,DP0041,55.0,37.7,0.0
6573395484,DP0005,55.0,37.3,0.0
6573395485,DP0041,40.0,49.1,1.0
6573395486,DP0041,40.0,46.8,1.0
6573395487,DP0041,40.0,50.1,1.0
6573395488,DP0043,40.0,42.4,1.0
6573395489,DP0005,40.0,26.4,0.0
6573395490,DP0041,40.0,37.9,0.0
6573395491,DP0015,40.0,40.8,1.0
6573395492,DP0041,45.0,94.8,1.0
6573395493,DP0041,50.0,18.9,0.0
6573395494,DP0041,50.0,20.8,0.0
6573395495,DP0041,50.0,19.4,0.0
6573395496,DP0002,50.0,20.0,0.0
6573395497,DP0015,50.0,20.3,0.0
6573395498,DP0006,50.0,17.9,0.0
6573395499,DP0041,50.0,22.8,0.0
6573395500,DP0009,55.0,33.8,0.0
6573395501,DP0015,40.0,25.1,0.0
6573395502,DP0041,40.0,36.2,0.0
6573395503,DP0002,40.0,20.3,0.0
6573395504,DP0008,40.0,64.3,1.0
6573395505,DP0003,40.0,21.7,0.0
6573395506,DP0041,40.0,16.5,0.0
6573395507,DP0041,40.0,22.4,0.0
6573395508,DP0044,50.0,28.1,0.0
6573395509,DP0033,50.0,29.0,0.0
6573395510,DP0041,60.0,38.0,0.0
6573395511,DP0038,60.0,41.6,0.0
6573395512,DP0049,60.0,41.0,0.0
6573395513,DP0041,65.0,41.6,0.0
6573395514,DP0043,65.0,39.8,0.0
6573395515,DP0041,65.0,43.9,0.0
6573395516,DP0041,65.0,42.3,0.0
6573395517,DP0029,55.0,44.1,0.0
6573395518,DP0027,55.0,47.9,0.0
6573395519,DP0021,55.0,44.3,0.0
6573395520,DP0023,50.0,31.1,0.0
6573395521,DP0013,50.0,31.8,0.0
6573395522,DP0041,45.0,21.9,0.0
6573395523,DP0009,45.0,24.7,0.0
6573395524,DP0043,45.0,28.9,0.0
6573395525,DP0021,45.0,22.8,0.0
6573395526,DP0041,55.0,31.3,0.0
6573395527,DP0005,55.0,33.6,0.0
6573395528,DP0041,55.0,36.8,0.0
6573395529,DP0040,45.0,46.5,1.0
6573395530,DP0041,45.0,45.1,1.0
6573395531,DP0038,45.0,46.2,1.0
6573395532,DP0005,45.0,51.0,1.0
6573395533,DP0041,45.0,47.3,1.0
6573395534,DP0019,45.0,48.6,1.0
6573395535,DP0043,45.0,47.5,1.0
6573395536,DP0041,40.0,24.5,0.0
6573395537,DP0041,40.0,24.9,0.0
6573395538,DP0043,40.0,29.0,0.0
6573395539,DP0041,40.0,26.9,0.0
6573395540,DP0041,40.0,28.0,0.0
6573395541,DP0041,40.0,26.7,0.0
6573395542,DP0043,40.0,28.1,0.0
6573395543,DP0041,55.0,52.1,0.0
6573395544,DP0041,55.0,39.7,0.0
6573395545,DP0041,55.0,37.3,0.0
6573395546,DP0041,55.0,43.3,0.0
6573395547,DP0044,55.0,34.4,0.0
6573395548,DP0043,55.0,38.2,0.0
6573395549,DP0043,55.0,50.0,0.0
6573395550,DP0024,50.0,60.5,1.0
6573395551,DP0050,50.0,82.5,1.0
6573395552,DP0006,50.0,26.1,0.0
6573395553,DP0021,50.0,36.5,0.0
6573395554,DP0028,50.0,35.1,0.0
6573395555,DP0041,50.0,30.0,0.0
6573395556,DP0041,50.0,64.9,1.0
6573395557,DP0019,70.0,46.7,0.0
6573395558,DP0008,55.0,49.0,0.0
6573395559,DP0039,55.0,53.7,0.0
6573395560,DP0029,55.0,49.8,0.0
6573395561,DP0047,55.0,40.0,0.0
6573395562,DP0041,55.0,52.2,0.0
6573395563,DP0043,55.0,40.2,0.0
6573395564,DP0011,55.0,49.1,0.0
6573395565,DP0041,50.0,39.7,0.0
6573395566,DP0041,65.0,61.2,0.0
6573395567,DP0043,65.0,37.9,0.0
6573395568,DP0043,65.0,49.5,0.0
6573395569,DP0019,65.0,45.8,0.0
6573395570,DP0005,40.0,32.3,0.0
6573395571,DP0007,55.0,62.6,1.0
6573395572,DP0027,55.0,35.9,0.0
6573395573,DP0037,55.0,41.7,0.0
6573395574,DP0002,55.0,39.7,0.0
6573395575,DP0041,55.0,40.4,0.0
6573395576,DP0008,55.0,35.5,0.0
6573395577,DP0006,55.0,41.1,0.0
6573395578,DP0040,50.0,41.2,0.0
6573395579,DP0012,50.0,45.3,0.0
6573395580,DP0015,55.0,41.0,0.0
6573395581,DP0041,60.0,50.0,0.0
6573395582,DP0015,55.0,40.5,0.0
6573395583,DP0029,60.0,50.1,0.0
6573395584,DP0041,60.0,54.2,0.0
6573395585,DP0046,55.0,49.0,0.0
6573395586,DP0041,60.0,52.6,0.0
6573395587,DP0005,55.0,38.3,0.0
6573395588,DP0041,55.0,37.6,0.0
6573395589,DP0041,55.0,41.8,0.0
6573395590,DP0005,55.0,36.6,0.0
6573395591,DP0034,50.0,29.5,0.0
6573395592,DP0041,50.0,42.7,0.0
6573395593,DP0005,50.0,29.9,0.0
6573395594,DP0041,55.0,38.3,0.0
6573395595,DP0046,50.0,59.2,1.0
6573395596,DP0007,50.0,38.5,0.0
6573395597,DP0047,50.0,42.3,0.0
6573395598,DP0041,50.0,29.9,0.0
6573395599,DP0041,50.0,33.7,0.0
6573395600,DP0041,50.0,32.4,0.0
6573395601,DP0005,45.0,29.9,0.0
6573395602,DP0041,45.0,24.2,0.0
6573395603,DP0041,45.0,16.8,0.0
6573395604,DP0015,45.0,20.1,0.0
6573395605,DP0041,45.0,29.0,0.0
6573395606,DP0041,55.0,37.3,0.0
6573395607,DP0025,55.0,41.9,0.0
6573395608,DP0041,55.0,63.5,1.0
6573395609,DP0050,55.0,62.4,1.0
6573395610,DP0041,55.0,44.0,0.0
6573395611,DP0041,55.0,60.0,1.0
6573395612,DP0041,55.0,63.8,1.0
6573395613,DP0028,55.0,63.4,1.0
6573395614,DP0019,40.0,35.9,0.0
6573395615,DP0024,40.0,19.8,0.0
6573395616,DP0001,60.0,38.1,0.0
6573395617,,,,
6573395618,DP0008,55.0,50.8,0.0
6573395619,DP0005,55.0,49.5,0.0
6573395620,DP0019,55.0,50.3,0.0
6573395621,DP0041,55.0,45.8,0.0
6573395622,DP0040,60.0,38.9,0.0
6573395623,DP0002,50.0,26.8,0.0
6573395624,DP0041,50.0,23.7,0.0
6573395625,DP0041,50.0,31.5,0.0
6573395626,DP0041,60.0,50.8,0.0
6573395627,DP0021,60.0,59.9,0.0
6573395628,DP0005,60.0,42.8,0.0
6573395629,DP0037,60.0,40.8,0.0
6573395630,DP0032,60.0,49.2,0.0
6573395631,DP0038,60.0,42.6,0.0
6573395632,DP0005,60.0,45.8,0.0
6573395633,DP0041,50.0,50.8,1.0
6573395634,DP0015,50.0,37.2,0.0
6573395635,DP0027,50.0,38.0,0.0
6573395636,DP0004,50.0,65.4,1.0
6573395637,DP0041,50.0,36.9,0.0
6573395638,DP0041,50.0,45.1,0.0
6573395639,DP0041,50.0,31.0,0.0
6573395640,DP0043,40.0,24.1,0.0
6573395641,DP0048,40.0,28.5,0.0
6573395642,DP0041,40.0,14.8,0.0
6573395643,DP0042,40.0,16.9,0.0
6573395644,DP0041,40.0,25.4,0.0
6573395645,DP0043,40.0,22.9,0.0
6573395646,DP0041,40.0,20.9,0.0
6573395647,DP0041,60.0,42.4,0.0
6573395648,DP0041,60.0,49.4,0.0
6573395649,DP0038,55.0,43.7,0.0
6573395650,DP0008,55.0,39.8,0.0
6573395651,DP0040,50.0,46.2,0.0
6573395652,DP0041,45.0,39.4,0.0
6573395653,DP0041,45.0,46.7,1.0
6573395654,DP0043,45.0,35.8,0.0
6573395655,DP0010,45.0,28.6,0.0
6573395656,DP0039,45.0,44.5,0.0
6573395657,DP0041,45.0,39.5,0.0
6573395658,DP0043,45.0,27.7,0.0
6573395659,DP0041,65.0,40.7,0.0
6573395660,DP0048,55.0,55.2,1.0
6573395661,DP0041,55.0,31.2,0.0
6573395662,DP0031,50.0,30.0,0.0
6573395663,DP0008,70.0,52.2,0.0
6573395664,DP0041,70.0,56.8,0.0
6573395665,DP0041,45.0,29.1,0.0
6573395666,DP0005,70.0,57.1,0.0
6573395667,DP0005,50.0,31.0,0.0
6573395668,DP0041,50.0,49.4,0.0
6573395669,DP0041,50.0,44.8,0.0
6573395670,DP0014,50.0,39.7,0.0
6573395671,DP0041,50.0,38.7,0.0
6573395672,DP0050,50.0,48.2,0.0
6573395673,DP0019,50.0,41.9,0.0
6573395674,DP0041,50.0,38.3,0.0
6573395675,DP0041,50.0,34.9,0.0
6573395676,DP0015,50.0,33.0,0.0
6573395677,DP0014,50.0,34.0,0.0
6573395678,DP0048,65.0,78.9,1.0
6573395679,DP0041,55.0,46.5,0.0
6573395680,DP0043,55.0,37.7,0.0
6573395681,DP0041,65.0,46.4,0.0
6573395682,DP0041,55.0,38.4,0.0
6573395683,DP0034,55.0,37.0,0.0
6573395684,DP0043,65.0,41.6,0.0
6573395685,DP0041,50.0,29.1,0.0
6573395686,DP0041,50.0,44.3,0.0
6573395687,DP0039,50.0,42.1,0.0
6573395688,DP0041,50.0,32.9,0.0
6573395689,DP0028,40.0,25.3,0.0
6573395690,DP0043,40.0,22.9,0.0
6573395691,DP0008,40.0,20.7,0.0
6573395692,DP0015,55.0,39.8,0.0
6573395693,DP0041,55.0,26.3,0.0
6573395694,DP0041,55.0,27.6,0.0
6573395695,DP0015,55.0,32.0,0.0
6573395696,DP0041,55.0,23.4,0.0
6573395697,DP0043,55.0,25.2,0.0
6573395698,DP0003,55.0,21.3,0.0
6573395699,DP0026,60.0,41.4,0.0
6573395700,DP0041,60.0,62.6,1.0
6573395701,DP0041,60.0,39.9,0.0
6573395702,DP0023,60.0,37.0,0.0
6573395703,DP0005,60.0,36.0,0.0
6573395704,DP0041,60.0,59.4,0.0
6573395705,DP0026,60.0,59.4,0.0
6573395706,DP0041,50.0,42.9,0.0
6573395707,DP0041,50.0,44.3,0.0
6573395708,DP0016,50.0,46.4,0.0
6573395709,DP0041,50.0,44.5,0.0
6573395710,DP0043,40.0,11.2,0.0
6573395711,DP0048,65.0,63.2,0.0
6573395712,DP0043,45.0,42.6,0.0
6573395713,DP0042,45.0,39.2,0.0
6573395714,DP0005,45.0,41.7,0.0
6573395715,DP0019,55.0,59.8,1.0
6573395716,DP0041,55.0,63.4,1.0
6573395717,DP0041,45.0,26.7,0.0
6573395718,DP0041,55.0,61.4,1.0
6573395719,DP0041,55.0,33.2,0.0
6573395720,,,,
6573395721,DP0041,55.0,30.6,0.0
6573395722,DP0014,60.0,54.8,0.0
6573395723,DP0003,60.0,46.1,0.0
6573395724,DP0046,60.0,55.1,0.0
6573395725,,,,
6573395726,DP0021,40.0,22.3,0.0
6573395727,DP0041,45.0,33.6,0.0
6573395728,DP0007,40.0,25.6,0.0
6573395729,DP0008,40.0,39.6,0.0
6573395730,DP0003,65.0,53.4,0.0
6573395731,DP0008,65.0,56.7,0.0
6573395732,DP0002,40.0,34.1,0.0
6573395733,DP0043,40.0,36.2,0.0
6573395734,DP0041,55.0,30.0,0.0
6573395735,DP0015,55.0,30.4,0.0
6573395736,DP0041,50.0,26.3,0.0
6573395737,DP0036,55.0,38.4,0.0
6573395738,DP0009,55.0,25.9,0.0
6573395739,DP0041,55.0,36.0,0.0
6573395740,DP0013,55.0,34.1,0.0
6573395741,DP0041,55.0,39.1,0.0
6573395742,DP0041,55.0,49.4,0.0
6573395743,DP0041,55.0,45.7,0.0
6573395744,DP0012,55.0,49.2,0.0
6573395745,DP0041,55.0,50.8,0.0
6573395746,DP0041,55.0,55.1,1.0
6573395747,DP0041,55.0,58.7,1.0
6573395748,DP0041,55.0,44.6,0.0
6573395749,DP0048,55.0,65.9,1.0
6573395750,DP0002,60.0,44.7,0.0
6573395751,DP0005,65.0,37.1,0.0
6573395752,DP0041,55.0,49.5,0.0
6573395753,DP0041,55.0,52.6,0.0
6573395754,DP0043,55.0,43.1,0.0
6573395755,DP0008,55.0,54.0,0.0
6573395756,DP0041,55.0,46.2,0.0
6573395757,DP0041,55.0,54.9,0.0
6573395758,DP0043,55.0,48.7,0.0
6573395759,DP0006,50.0,42.9,0.0
6573395760,DP0019,50.0,48.7,0.0
6573395761,DP0041,50.0,47.1,0.0
6573395762,DP0042,50.0,46.8,0.0
6573395763,DP0019,50.0,53.8,1.0
6573395764,DP0044,50.0,52.7,1.0
6573395765,DP0041,50.0,49.1,0.0
6573395766,DP0031,45.0,29.5,0.0
6573395767,DP0019,45.0,26.6,0.0
6573395768,DP0030,45.0,29.8,0.0
6573395769,DP0041,45.0,31.6,0.0
6573395770,DP0041,45.0,31.5,0.0
6573395771,DP0028,50.0,38.4,0.0
6573395772,DP0041,50.0,39.5,0.0
6573395773,DP0050,40.0,43.7,1.0
6573395774,DP0041,40.0,30.4,0.0
6573395775,DP0008,45.0,22.5,0.0
6573395776,DP0041,45.0,31.7,0.0
6573395777,DP0001,45.0,26.3,0.0
6573395778,DP0005,45.0,29.7,0.0
6573395779,DP0039,55.0,50.0,0.0
6573395780,DP0003,55.0,37.3,0.0
6573395781,DP0015,55.0,42.6,0.0
6573395782,DP0041,55.0,50.2,0.0
6573395783,DP0041,55.0,45.0,0.0
6573395784,DP0001,55.0,41.5,0.0
6573395785,DP0041,55.0,45.2,0.0
6573395786,DP0038,60.0,46.4,0.0
6573395787,DP0049,60.0,57.3,0.0
6573395788,DP0019,65.0,54.7,0.0
6573395789,DP0005,65.0,58.3,0.0
6573395790,DP0041,45.0,26.1,0.0
6573395791,DP0037,70.0,47.0,0.0
6573395792,DP0022,70.0,47.2,0.0
6573395793,DP0041,45.0,25.7,0.0
6573395794,DP0043,45.0,20.4,0.0
6573395795,DP0049,70.0,48.6,0.0
6573395796,DP0039,45.0,21.9,0.0
6573395797,DP0031,40.0,59.4,1.0
6573395798,DP0024,40.0,22.8,0.0
6573395799,DP0041,40.0,25.1,0.0
6573395800,DP0041,40.0,29.3,0.0
6573395801,DP0041,40.0,61.2,1.0
6573395802,DP0041,40.0,59.3,1.0
6573395803,DP0048,40.0,47.2,1.0
6573395804,DP0009,55.0,44.3,0.0
6573395805,DP0034,55.0,47.9,0.0
6573395806,DP0007,55.0,44.4,0.0
6573395807,DP0041,55.0,43.9,0.0
6573395808,DP0048,40.0,38.8,0.0
6573395809,DP0015,40.0,31.3,0.0
6573395810,DP0005,40.0,29.6,0.0
6573395811,DP0007,50.0,42.9,0.0
6573395812,DP0041,50.0,60.3,1.0
6573395813,DP0041,45.0,30.8,0.0
6573395814,DP0037,45.0,22.0,0.0
6573395815,DP0043,45.0,32.1,0.0
6573395816,DP0041,45.0,31.5,0.0
6573395817,DP0041,50.0,34.6,0.0
6573395818,DP0039,50.0,38.1,0.0
6573395819,DP0019,50.0,37.0,0.0
6573395820,DP0041,50.0,45.5,0.0
6573395821,DP0039,50.0,44.6,0.0
6573395822,DP0041,50.0,39.1,0.0
6573395823,DP0031,50.0,34.9,0.0
6573395824,DP0038,45.0,36.6,0.0
6573395825,DP0041,45.0,32.5,0.0
6573395826,DP0041,45.0,28.4,0.0
6573395827,DP0005,45.0,38.6,0.0
6573395828,DP0043,45.0,25.1,0.0
6573395829,DP0041,45.0,28.4,0.0
6573395830,DP0041,45.0,27.0,0.0
6573395831,DP0041,40.0,25.5,0.0
6573395832,DP0018,40.0,19.8,0.0
6573395833,DP0006,40.0,22.7,0.0
6573395834,DP0041,40.0,25.4,0.0
6573395835,DP0041,40.0,20.8,0.0
6573395836,DP0026,40.0,17.6,0.0
6573395837,DP0041,40.0,27.2,0.0
6573395838,DP0041,40.0,27.9,0.0
6573395839,DP0041,40.0,29.7,0.0
6573395840,DP0041,65.0,67.9,1.0
6573395841,DP0041,40.0,42.5,1.0
6573395842,DP0041,65.0,73.5,1.0
6573395843,DP0008,40.0,21.3,0.0
6573395844,DP0041,40.0,16.0,0.0
6573395845,DP0006,45.0,29.9,0.0
6573395846,DP0041,40.0,29.2,0.0
6573395847,DP0015,40.0,29.2,0.0
6573395848,DP0015,40.0,24.9,0.0
6573395849,DP0015,40.0,24.9,0.0
6573395850,DP0032,40.0,30.7,0.0
6573395851,DP0043,40.0,27.0,0.0
6573395852,DP0010,40.0,28.5,0.0
6573395853,DP0045,65.0,58.2,0.0
6573395854,DP0043,65.0,42.4,0.0
6573395855,DP0034,65.0,40.8,0.0
6573395856,DP0041,65.0,42.9,0.0
6573395857,DP0043,65.0,65.2,1.0
6573395858,DP0043,65.0,45.8,0.0
6573395859,DP0050,65.0,65.3,1.0
6573395860,DP0043,50.0,13.8,0.0
6573395861,DP0041,50.0,27.7,0.0
6573395862,DP0041,50.0,31.7,0.0
6573395863,DP0019,50.0,20.5,0.0
6573395864,DP0043,50.0,30.5,0.0
6573395865,DP0031,50.0,17.5,0.0
6573395866,DP0015,50.0,12.9,0.0
6573395867,DP0005,50.0,36.2,0.0
6573395868,DP0041,40.0,39.5,0.0
6573395869,DP0047,40.0,41.9,1.0
6573395870,DP0047,40.0,45.2,1.0
6573395871,DP0043,40.0,47.6,1.0
6573395872,DP0041,40.0,41.4,1.0
6573395873,DP0014,40.0,40.3,1.0
6573395874,DP0045,40.0,38.3,0.0
6573395875,DP0041,40.0,20.6,0.0
6573395876,DP0005,40.0,23.4,0.0
6573395877,DP0041,40.0,28.8,0.0
6573395878,DP0019,40.0,22.9,0.0
6573395879,DP0049,55.0,33.1,0.0
6573395880,DP0015,55.0,48.5,0.0
6573395881,DP0050,55.0,48.9,0.0
6573395882,DP0043,50.0,44.9,0.0
6573395883,DP0033,40.0,37.5,0.0
6573395884,DP0041,40.0,27.0,0.0
6573395885,DP0043,40.0,22.3,0.0
6573395886,DP0041,55.0,38.6,0.0
6573395887,DP0041,45.0,18.0,0.0
6573395888,DP0021,45.0,18.9,0.0
6573395889,DP0041,45.0,24.3,0.0
6573395890,DP0041,45.0,21.0,0.0
6573395891,DP0005,45.0,21.4,0.0
6573395892,DP0019,45.0,21.1,0.0
6573395893,DP0019,45.0,23.2,0.0
6573395894,DP0005,65.0,42.5,0.0
6573395895,DP0041,65.0,40.6,0.0
6573395896,DP0041,65.0,41.3,0.0
6573395897,DP0007,40.0,25.2,0.0
6573395898,DP0008,55.0,31.1,0.0
6573395899,DP0041,55.0,30.0,0.0
6573395900,DP0041,50.0,37.2,0.0
6573395901,DP0041,55.0,33.1,0.0
6573395902,DP0019,55.0,34.7,0.0
6573395903,DP0041,55.0,41.1,0.0
6573395904,DP0005,55.0,30.1,0.0
6573395905,DP0021,55.0,35.2,0.0
6573395906,DP0006,55.0,34.2,0.0
6573395907,DP0028,55.0,39.5,0.0
6573395908,DP0011,55.0,31.5,0.0
6573395909,DP0041,55.0,29.1,0.0
6573395910,DP0041,55.0,30.1,0.0
6573395911,DP0016,55.0,32.8,0.0
6573395912,DP0041,65.0,37.0,0.0
6573395913,DP0041,65.0,38.6,0.0
6573395914,DP0036,65.0,30.6,0.0
6573395915,DP0041,65.0,48.8,0.0
6573395916,DP0007,65.0,47.6,0.0
6573395917,DP0041,65.0,35.8,0.0
6573395918,DP0041,65.0,35.7,0.0
6573395919,DP0041,55.0,40.1,0.0
6573395920,DP0007,55.0,44.5,0.0
6573395921,DP0016,55.0,47.1,0.0
6573395922,DP0032,55.0,43.0,0.0
6573395923,DP0043,55.0,37.4,0.0
6573395924,DP0022,55.0,33.5,0.0
6573395925,DP0047,55.0,26.9,0.0
6573395926,DP0005,45.0,37.4,0.0
6573395927,DP0043,50.0,25.7,0.0
6573395928,DP0041,50.0,25.4,0.0
6573395929,DP0042,50.0,28.5,0.0
6573395930,DP0043,50.0,32.9,0.0
6573395931,DP0019,50.0,45.1,0.0
6573395932,DP0041,50.0,34.4,0.0
6573395933,DP0005,50.0,45.4,0.0
6573395934,DP0041,50.0,34.4,0.0
6573395935,DP0038,50.0,43.4,0.0
6573395936,DP0041,55.0,52.8,0.0
6573395937,DP0043,50.0,31.3,0.0
6573395938,DP0005,50.0,34.0,0.0
6573395939,DP0009,55.0,52.9,0.0
6573395940,DP0041,55.0,49.5,0.0
6573395941,DP0015,55.0,50.3,0.0
6573395942,DP0041,55.0,48.7,0.0
6573395943,DP0010,55.0,47.9,0.0
6573395944,,,,
6573395945,,,,
6573395946,DP0041,65.0,44.9,0.0
6573395947,DP0043,55.0,28.8,0.0
6573395948,DP0015,55.0,35.7,0.0
6573395949,DP0041,75.0,62.7,0.0
6573395950,,,,
6573395951,DP0043,40.0,27.1,0.0
6573395952,DP0041,40.0,28.8,0.0
6573395953,DP0041,40.0,15.6,0.0
6573395954,DP0043,40.0,31.9,0.0
6573395955,DP0001,40.0,24.3,0.0
6573395956,DP0041,40.0,27.8,0.0
6573395957,DP0041,40.0,19.2,0.0
6573395958,DP0037,50.0,30.5,0.0
6573395959,DP0002,50.0,31.2,0.0
6573395960,DP0043,65.0,69.6,1.0
6573395961,DP0041,50.0,29.0,0.0
6573395962,DP0027,50.0,39.3,0.0
6573395963,DP0005,50.0,36.3,0.0
6573395964,DP0043,50.0,20.9,0.0
6573395965,DP0024,50.0,29.4,0.0
6573395966,DP0021,50.0,30.9,0.0
6573395967,DP0005,85.0,93.5,1.0
6573395968,DP0027,65.0,52.9,0.0
6573395969,DP0030,50.0,44.4,0.0
6573395970,DP0041,50.0,27.6,0.0
6573395971,DP0005,50.0,29.3,0.0
6573395972,DP0008,50.0,42.9,0.0
6573395973,DP0008,75.0,55.9,0.0
6573395974,DP0005,45.0,27.8,0.0
6573395975,DP0009,75.0,54.0,0.0
6573395976,DP0037,40.0,27.6,0.0
6573395977,DP0041,40.0,26.7,0.0
6573395978,DP0041,40.0,27.0,0.0
6573395979,DP0005,40.0,27.6,0.0
6573395980,DP0015,40.0,30.0,0.0
6573395981,DP0043,40.0,21.6,0.0
6573395982,DP0008,40.0,19.7,0.0
6573395983,DP0005,50.0,35.9,0.0
6573395984,DP0007,50.0,23.4,0.0
6573395985,DP0041,50.0,27.8,0.0
6573395986,DP0041,65.0,38.0,0.0
6573395987,DP0041,65.0,30.6,0.0
6573395988,DP0009,65.0,31.2,0.0
6573395989,DP0043,65.0,36.9,0.0
6573395990,DP0024,65.0,30.1,0.0
6573395991,DP0041,80.0,45.7,0.0
6573395992,DP0041,80.0,47.6,0.0
6573395993,DP0041,80.0,48.9,0.0
6573395994,DP0005,40.0,18.2,0.0
6573395995,DP0008,80.0,49.9,0.0
6573395996,DP0028,40.0,28.9,0.0
6573395997,,,,
6573395998,DP0041,70.0,47.9,0.0
6573395999,DP0043,70.0,47.0,0.0
6573396000,DP0041,70.0,48.9,0.0
6573396001,DP0019,50.0,31.2,0.0
6573396002,DP0041,50.0,41.0,0.0
6573396003,DP0050,50.0,47.8,0.0
6573396004,DP0004,50.0,39.0,0.0
6573396005,DP0041,55.0,41.5,0.0
6573396006,DP0041,55.0,33.5,0.0
6573396007,DP0028,65.0,42.1,0.0
6573396008,DP0043,55.0,48.3,0.0
6573396009,DP0039,55.0,48.8,0.0
6573396010,DP0041,55.0,34.2,0.0
6573396011,DP0038,65.0,40.7,0.0
6573396012,DP0041,45.0,39.3,0.0
6573396013,DP0041,40.0,12.8,0.0
6573396014,DP0041,40.0,11.3,0.0
6573396015,DP0041,50.0,24.5,0.0
6573396016,DP0005,50.0,38.6,0.0
6573396017,DP0002,50.0,34.3,0.0
6573396018,DP0041,50.0,19.2,0.0
6573396019,DP0043,75.0,75.7,1.0
6573396020,DP0002,45.0,25.9,0.0
6573396021,DP0024,70.0,53.2,0.0
6573396022,DP0041,40.0,31.1,0.0
6573396023,DP0002,40.0,27.0,0.0
6573396024,DP0014,40.0,26.9,0.0
6573396025,DP0048,40.0,48.4,1.0
6573396026,DP0003,40.0,22.6,0.0
6573396027,DP0041,40.0,36.5,0.0
6573396028,DP0041,40.0,33.2,0.0
6573396029,DP0041,50.0,24.4,0.0
6573396030,DP0014,50.0,30.5,0.0
6573396031,DP0005,55.0,30.7,0.0
6573396032,DP0005,75.0,46.8,0.0
6573396033,DP0041,75.0,49.4,0.0
6573396034,DP0043,40.0,25.6,0.0
6573396035,DP0043,50.0,28.1,0.0
6573396036,DP0043,40.0,21.7,0.0
6573396037,DP0023,40.0,36.1,0.0
6573396038,DP0037,40.0,38.1,0.0
6573396039,DP0024,40.0,32.9,0.0
6573396040,DP0007,40.0,20.8,0.0
6573396041,DP0043,55.0,37.1,0.0
6573396042,DP0029,55.0,40.9,0.0
6573396043,DP0021,50.0,35.0,0.0
6573396044,DP0019,50.0,27.6,0.0
6573396045,DP0028,50.0,28.3,0.0
6573396046,DP0033,50.0,29.2,0.0
6573396047,DP0018,50.0,28.9,0.0
6573396048,DP0041,50.0,31.6,0.0
6573396049,DP0027,50.0,28.1,0.0
6573396050,DP0018,55.0,44.6,0.0
6573396051,DP0041,55.0,46.9,0.0
6573396052,DP0015,55.0,39.4,0.0
6573396053,DP0043,55.0,61.6,1.0
6573396054,DP0041,55.0,36.3,0.0
6573396055,DP0041,55.0,35.0,0.0
6573396056,DP0005,50.0,26.8,0.0
6573396057,DP0005,50.0,25.8,0.0
6573396058,DP0006,50.0,33.4,0.0
6573396059,DP0015,40.0,25.6,0.0
6573396060,DP0041,40.0,25.7,0.0
6573396061,DP0041,40.0,23.8,0.0
6573396062,DP0038,40.0,27.4,0.0
6573396063,DP0048,40.0,42.9,1.0
6573396064,DP0041,40.0,35.3,0.0
6573396065,DP0041,40.0,35.8,0.0
6573396066,DP0022,55.0,36.9,0.0
6573396067,DP0038,55.0,39.4,0.0
6573396068,DP0041,55.0,38.5,0.0
6573396069,DP0019,55.0,39.7,0.0
6573396070,DP0008,55.0,36.8,0.0
6573396071,DP0037,55.0,37.1,0.0
6573396072,DP0009,50.0,38.2,0.0
6573396073,DP0039,50.0,37.5,0.0
6573396074,DP0041,50.0,36.3,0.0
6573396075,DP0041,50.0,34.1,0.0
6573396076,DP0043,45.0,30.3,0.0
6573396077,DP0016,40.0,23.2,0.0
6573396078,DP0041,40.0,46.2,1.0
6573396079,DP0015,45.0,22.5,0.0
6573396080,DP0005,55.0,39.3,0.0
6573396081,DP0019,55.0,43.1,0.0
6573396082,DP0041,55.0,32.9,0.0
6573396083,DP0043,55.0,34.0,0.0
6573396084,DP0043,55.0,34.6,0.0
6573396085,DP0041,55.0,30.5,0.0
6573396086,DP0041,55.0,33.4,0.0
6573396087,DP0041,55.0,32.8,0.0
6573396088,DP0012,55.0,40.5,0.0
6573396089,DP0039,55.0,46.9,0.0
6573396090,DP0039,65.0,61.7,0.0
6573396091,DP0041,65.0,46.7,0.0
6573396092,DP0045,65.0,40.9,0.0
6573396093,DP0027,65.0,46.5,0.0
6573396094,DP0041,55.0,39.7,0.0
6573396095,DP0005,55.0,41.9,0.0
6573396096,DP0005,55.0,40.6,0.0
6573396097,DP0004,55.0,51.2,0.0
6573396098,DP0041,40.0,30.4,0.0
6573396099,DP0041,40.0,31.8,0.0
6573396100,DP0019,40.0,40.4,1.0
6573396101,DP0016,40.0,38.9,0.0
6573396102,DP0041,40.0,43.3,1.0
6573396103,DP0041,40.0,30.5,0.0
6573396104,DP0044,55.0,82.1,1.0
6573396105,DP0041,45.0,29.6,0.0
6573396106,DP0004,45.0,45.4,1.0
6573396107,DP0005,45.0,32.0,0.0
6573396108,DP0041,45.0,22.3,0.0
6573396109,DP0041,45.0,24.5,0.0
6573396110,DP0041,40.0,16.9,0.0
6573396111,DP0005,40.0,30.4,0.0
6573396112,DP0043,40.0,24.7,0.0
6573396113,DP0034,50.0,40.1,0.0
6573396114,DP0041,50.0,34.8,0.0
6573396115,DP0041,50.0,26.2,0.0
6573396116,DP0015,65.0,61.2,0.0
6573396117,DP0015,65.0,56.0,0.0
6573396118,DP0041,45.0,34.6,0.0
6573396119,DP0041,50.0,40.9,0.0
6573396120,DP0018,50.0,31.8,0.0
6573396121,DP0015,50.0,36.6,0.0
6573396122,DP0041,50.0,29.5,0.0
6573396123,DP0041,50.0,28.1,0.0
6573396124,DP0007,50.0,26.8,0.0
6573396125,DP0041,50.0,30.8,0.0
6573396126,DP0015,50.0,23.3,0.0
6573396127,DP0002,50.0,25.6,0.0
6573396128,DP0041,50.0,26.3,0.0
6573396129,DP0012,40.0,41.9,1.0
6573396130,DP0041,40.0,32.2,0.0
6573396131,DP0029,40.0,24.5,0.0
6573396132,DP0041,40.0,43.0,1.0
6573396133,DP0041,40.0,25.0,0.0
6573396134,DP0039,40.0,30.5,0.0
6573396135,DP0016,40.0,27.9,0.0
6573396136,DP0023,45.0,27.6,0.0
6573396137,DP0023,40.0,25.4,0.0
6573396138,DP0006,40.0,37.7,0.0
6573396139,DP0041,40.0,28.2,0.0
6573396140,DP0014,40.0,18.8,0.0
6573396141,DP0005,40.0,21.0,0.0
6573396142,DP0043,40.0,22.9,0.0
6573396143,DP0007,40.0,19.5,0.0
6573396144,DP0041,50.0,31.9,0.0
6573396145,DP0002,50.0,26.6,0.0
6573396146,DP0041,50.0,52.2,1.0
6573396147,DP0019,50.0,53.4,1.0
6573396148,DP0041,50.0,37.3,0.0
6573396149,DP0041,50.0,26.4,0.0
6573396150,DP0043,50.0,32.4,0.0
6573396151,DP0005,60.0,37.2,0.0
6573396152,DP0043,60.0,36.2,0.0
6573396153,DP0015,60.0,36.9,0.0
6573396154,DP0015,60.0,37.4,0.0
6573396155,DP0041,60.0,40.2,0.0
6573396156,DP0041,60.0,43.3,0.0
6573396157,DP0048,60.0,43.8,0.0
6573396158,DP0014,60.0,37.0,0.0
6573396159,DP0041,60.0,38.3,0.0
6573396160,DP0042,50.0,32.2,0.0
6573396161,DP0043,50.0,33.9,0.0
6573396162,DP0041,50.0,31.4,0.0
6573396163,DP0011,50.0,35.4,0.0
6573396164,DP0049,50.0,29.1,0.0
6573396165,DP0009,50.0,32.1,0.0
6573396166,DP0043,50.0,26.5,0.0
6573396167,DP0008,45.0,30.1,0.0
6573396168,DP0019,45.0,22.9,0.0
6573396169,DP0029,50.0,38.9,0.0
6573396170,DP0014,50.0,23.7,0.0
6573396171,DP0025,50.0,37.9,0.0
6573396172,DP0041,50.0,31.3,0.0
6573396173,DP0015,55.0,31.3,0.0
6573396174,DP0005,55.0,36.0,0.0
6573396175,DP0041,55.0,33.0,0.0
6573396176,DP0041,55.0,39.5,0.0
6573396177,DP0006,45.0,30.1,0.0
6573396178,DP0043,45.0,29.5,0.0
6573396179,DP0015,45.0,24.4,0.0
6573396180,DP0039,45.0,26.3,0.0
6573396181,DP0041,45.0,27.7,0.0
6573396182,DP0041,45.0,28.8,0.0
6573396183,DP0041,45.0,32.6,0.0
6573396184,DP0050,45.0,46.5,1.0
6573396185,DP0021,45.0,27.5,0.0
6573396186,DP0043,45.0,40.1,0.0
6573396187,DP0041,45.0,30.6,0.0
6573396188,DP0041,45.0,33.0,0.0
6573396189,DP0041,45.0,30.6,0.0
6573396190,DP0030,50.0,44.3,0.0
6573396191,DP0002,50.0,43.3,0.0
6573396192,DP0041,50.0,45.4,0.0
6573396193,DP0041,50.0,41.7,0.0
6573396194,DP0043,50.0,40.1,0.0
6573396195,DP0041,50.0,46.5,0.0
6573396196,DP0019,50.0,42.3,0.0
6573396197,DP0020,50.0,36.1,0.0
6573396198,DP0041,50.0,32.5,0.0
6573396199,DP0005,55.0,30.9,0.0
6573396200,DP0041,55.0,35.5,0.0
6573396201,DP0041,55.0,34.2,0.0
6573396202,DP0037,55.0,47.2,0.0
6573396203,DP0041,55.0,25.8,0.0
6573396204,DP0041,55.0,31.7,0.0
6573396205,DP0050,55.0,56.8,1.0
6573396206,DP0041,50.0,40.0,0.0
6573396207,DP0028,50.0,62.5,1.0
6573396208,DP0041,50.0,35.8,0.0
6573396209,DP0033,50.0,41.4,0.0
6573396210,DP0041,50.0,42.3,0.0
6573396211,DP0043,45.0,23.9,0.0
6573396212,DP0041,40.0,25.2,0.0
6573396213,DP0023,45.0,25.5,0.0
6573396214,DP0007,40.0,26.6,0.0
6573396215,DP0005,40.0,23.3,0.0
6573396216,DP0012,40.0,24.0,0.0
6573396217,DP0041,45.0,21.4,0.0
6573396218,DP0005,45.0,23.4,0.0
6573396219,DP0015,45.0,19.6,0.0
6573396220,DP0023,45.0,22.7,0.0
6573396221,DP0043,45.0,21.0,0.0
6573396222,DP0041,45.0,27.3,0.0
6573396223,DP0041,45.0,27.5,0.0
6573396224,DP0041,45.0,24.7,0.0
6573396225,DP0032,45.0,22.4,0.0
6573396226,DP0041,45.0,24.3,0.0
6573396227,DP0006,45.0,27.0,0.0
6573396228,DP0001,55.0,67.5,1.0
6573396229,DP0041,55.0,31.7,0.0
6573396230,DP0041,55.0,30.7,0.0
6573396231,DP0038,55.0,65.8,1.0
6573396232,DP0049,55.0,62.4,1.0
6573396233,DP0033,55.0,33.6,0.0
6573396234,DP0039,55.0,34.4,0.0
6573396235,DP0041,60.0,35.4,0.0
6573396236,DP0041,60.0,30.1,0.0
6573396237,DP0008,50.0,25.1,0.0
6573396238,DP0043,55.0,39.7,0.0
6573396239,DP0041,50.0,20.5,0.0
6573396240,DP0041,50.0,25.1,0.0
6573396241,DP0008,50.0,68.7,1.0
6573396242,DP0015,50.0,28.4,0.0
6573396243,DP0033,50.0,24.6,0.0
6573396244,DP0041,50.0,67.0,1.0
6573396245,DP0041,50.0,34.4,0.0
6573396246,DP0043,50.0,28.8,0.0
6573396247,DP0047,50.0,33.4,0.0
6573396248,DP0041,40.0,21.6,0.0
6573396249,DP0003,55.0,42.2,0.0
6573396250,DP0043,55.0,49.9,0.0
6573396251,DP0041,55.0,34.7,0.0
6573396252,DP0050,65.0,60.6,0.0
6573396253,DP0019,65.0,54.0,0.0
6573396254,DP0041,65.0,51.1,0.0
6573396255,DP0033,50.0,43.9,0.0
6573396256,DP0015,50.0,21.7,0.0
6573396257,DP0041,50.0,39.5,0.0
6573396258,DP0005,50.0,21.8,0.0
6573396259,DP0041,50.0,46.9,0.0
6573396260,DP0041,50.0,37.0,0.0
6573396261,DP0033,50.0,39.5,0.0
6573396262,DP0028,70.0,54.4,0.0
6573396263,DP0041,50.0,32.4,0.0
6573396264,DP0034,50.0,40.7,0.0
6573396265,DP0023,50.0,28.2,0.0
6573396266,DP0006,50.0,35.8,0.0
6573396267,DP0005,40.0,21.4,0.0
6573396268,DP0019,40.0,25.4,0.0
6573396269,DP0041,50.0,31.1,0.0
6573396270,DP0043,50.0,32.7,0.0
6573396271,DP0002,50.0,32.7,0.0
6573396272,DP0026,50.0,34.0,0.0
6573396273,DP0043,45.0,26.6,0.0
6573396274,DP0041,45.0,27.2,0.0
6573396275,DP0007,45.0,30.8,0.0
6573396276,DP0041,45.0,29.7,0.0
6573396277,DP0019,45.0,29.0,0.0
6573396278,DP0023,45.0,26.6,0.0
6573396279,DP0008,45.0,27.6,0.0
6573396280,DP0041,45.0,27.3,0.0
6573396281,DP0005,45.0,24.1,0.0
6573396282,DP0041,45.0,39.5,0.0
6573396283,DP0021,45.0,42.1,0.0
6573396284,DP0012,45.0,35.4,0.0
6573396285,DP0008,45.0,30.4,0.0
6573396286,DP0001,45.0,29.9,0.0
6573396287,DP0041,70.0,59.2,0.0
6573396288,DP0004,55.0,64.8,1.0
6573396289,DP0050,55.0,69.7,1.0
6573396290,DP0041,70.0,62.2,0.0
6573396291,DP0014,55.0,51.2,0.0
6573396292,DP0041,70.0,55.0,0.0
6573396293,DP0019,55.0,51.2,0.0
6573396294,DP0019,50.0,43.8,0.0
6573396295,DP0006,50.0,49.4,0.0
6573396296,DP0041,50.0,49.7,0.0
6573396297,DP0041,50.0,43.5,0.0
6573396298,DP0001,50.0,42.8,0.0
6573396299,DP0033,50.0,47.0,0.0
6573396300,DP0041,65.0,51.2,0.0
6573396301,DP0032,65.0,44.6,0.0
6573396302,DP0041,65.0,49.5,0.0
6573396303,DP0002,65.0,50.4,0.0
6573396304,DP0029,40.0,18.0,0.0
6573396305,DP0047,45.0,34.3,0.0
6573396306,DP0041,45.0,36.5,0.0
6573396307,DP0041,45.0,24.6,0.0
6573396308,DP0041,45.0,34.7,0.0
6573396309,DP0019,50.0,25.0,0.0
6573396310,DP0009,50.0,49.4,0.0
6573396311,DP0043,50.0,49.2,0.0
6573396312,DP0043,50.0,45.9,0.0
6573396313,DP0033,50.0,26.2,0.0
6573396314,DP0041,50.0,34.4,0.0
6573396315,DP0005,50.0,33.2,0.0
6573396316,DP0009,50.0,30.8,0.0
6573396317,DP0021,50.0,30.8,0.0
6573396318,DP0028,50.0,58.5,1.0
6573396319,DP0041,50.0,31.7,0.0
6573396320,DP0043,50.0,27.9,0.0
6573396321,DP0041,50.0,28.1,0.0
6573396322,DP0005,50.0,28.0,0.0
6573396323,DP0039,70.0,50.7,0.0
6573396324,DP0041,55.0,62.8,1.0
6573396325,DP0038,55.0,59.6,1.0
6573396326,DP0007,70.0,49.2,0.0
6573396327,DP0018,55.0,60.2,1.0
6573396328,DP0005,55.0,62.1,1.0
6573396329,DP0011,70.0,49.0,0.0
6573396330,DP0014,60.0,59.3,0.0
6573396331,DP0047,60.0,59.1,0.0
6573396332,DP0041,60.0,56.3,0.0
6573396333,DP0005,40.0,18.7,0.0
6573396334,DP0041,40.0,26.3,0.0
6573396335,DP0043,40.0,21.2,0.0
6573396336,DP0041,70.0,51.1,0.0
6573396337,DP0041,70.0,56.1,0.0
6573396338,DP0003,70.0,51.2,0.0
6573396339,DP0043,70.0,58.8,0.0
6573396340,DP0041,70.0,54.3,0.0
6573396341,DP0041,70.0,60.4,0.0
6573396342,DP0033,70.0,53.8,0.0
6573396343,DP0041,50.0,41.7,0.0
6573396344,DP0041,50.0,40.1,0.0
6573396345,DP0002,50.0,40.5,0.0
6573396346,DP0019,50.0,41.8,0.0
6573396347,DP0039,50.0,46.7,0.0
6573396348,DP0041,50.0,44.1,0.0
6573396349,DP0023,50.0,36.5,0.0
6573396350,DP0041,55.0,41.5,0.0
6573396351,DP0041,55.0,38.4,0.0
6573396352,DP0007,55.0,51.5,0.0
6573396353,DP0034,55.0,45.8,0.0
6573396354,DP0008,55.0,42.6,0.0
6573396355,DP0043,55.0,30.6,0.0
6573396356,DP0043,55.0,41.0,0.0
6573396357,DP0025,55.0,36.3,0.0
6573396358,DP0004,55.0,58.0,1.0
6573396359,DP0041,45.0,29.3,0.0
6573396360,DP0041,45.0,26.4,0.0
6573396361,DP0041,55.0,38.4,0.0
6573396362,DP0003,45.0,31.3,0.0
6573396363,DP0041,45.0,26.5,0.0
6573396364,DP0005,55.0,37.3,0.0
6573396365,DP0041,55.0,38.8,0.0
6573396366,DP0041,60.0,39.4,0.0
6573396367,DP0043,55.0,35.1,0.0
6573396368,DP0043,55.0,35.5,0.0
6573396369,DP0041,55.0,35.6,0.0
6573396370,DP0005,60.0,42.2,0.0
6573396371,DP0041,55.0,36.3,0.0
6573396372,DP0041,55.0,35.0,0.0
6573396373,DP0041,55.0,39.3,0.0
6573396374,DP0043,55.0,38.9,0.0
6573396375,DP0043,55.0,50.0,0.0
6573396376,DP0041,55.0,35.5,0.0
6573396377,DP0043,55.0,33.0,0.0
6573396378,DP0041,55.0,36.8,0.0
6573396379,DP0041,50.0,34.7,0.0
6573396380,DP0041,50.0,32.1,0.0
6573396381,DP0015,55.0,39.8,0.0
6573396382,DP0026,55.0,38.1,0.0
6573396383,DP0048,55.0,68.8,1.0
6573396384,DP0047,55.0,43.4,0.0
6573396385,DP0041,55.0,39.0,0.0
6573396386,DP0006,55.0,51.2,0.0
6573396387,DP0041,55.0,55.7,1.0
6573396388,DP0022,55.0,36.4,0.0
6573396389,DP0039,55.0,40.5,0.0
6573396390,DP0041,55.0,44.1,0.0
6573396391,DP0041,55.0,52.5,0.0
6573396392,DP0046,55.0,50.7,0.0
6573396393,DP0008,55.0,47.1,0.0
6573396394,DP0041,55.0,53.7,0.0
6573396395,DP0039,40.0,31.2,0.0
6573396396,DP0041,40.0,32.8,0.0
6573396397,DP0041,75.0,51.1,0.0
6573396398,DP0041,40.0,28.3,0.0
6573396399,DP0043,40.0,28.6,0.0
6573396400,DP0041,40.0,23.7,0.0
6573396401,DP0041,40.0,29.1,0.0
6573396402,DP0005,50.0,38.8,0.0
6573396403,DP0047,50.0,39.4,0.0
6573396404,DP0030,50.0,36.6,0.0
6573396405,DP0037,50.0,37.4,0.0
6573396406,DP0041,50.0,30.6,0.0
6573396407,DP0007,50.0,29.6,0.0
6573396408,DP0024,50.0,33.3,0.0
6573396409,DP0005,50.0,28.5,0.0
6573396410,DP0030,50.0,30.8,0.0
6573396411,DP0041,55.0,38.7,0.0
6573396412,DP0041,55.0,60.9,1.0
6573396413,DP0041,55.0,59.0,1.0
6573396414,DP0036,55.0,43.3,0.0
6573396415,DP0041,55.0,37.8,0.0
6573396416,DP0043,55.0,61.8,1.0
6573396417,DP0028,55.0,60.0,1.0
6573396418,DP0019,75.0,52.1,0.0
6573396419,DP0041,75.0,49.7,0.0
6573396420,DP0008,75.0,48.4,0.0
6573396421,DP0029,75.0,53.0,0.0
6573396422,DP0003,75.0,51.9,0.0
6573396423,DP0030,75.0,52.7,0.0
6573396424,DP0041,75.0,57.0,0.0
6573396425,DP0009,50.0,56.6,1.0
6573396426,DP0039,50.0,63.5,1.0
6573396427,DP0008,50.0,57.7,1.0
6573396428,DP0043,45.0,34.2,0.0
6573396429,DP0041,45.0,26.8,0.0
6573396430,DP0044,45.0,29.0,0.0
6573396431,DP0035,45.0,30.9,0.0
6573396432,DP0027,45.0,26.4,0.0
6573396433,DP0041,50.0,34.6,0.0
6573396434,DP0047,50.0,22.2,0.0
6573396435,DP0041,65.0,42.9,0.0
6573396436,DP0043,65.0,39.1,0.0
6573396437,DP0009,50.0,30.2,0.0
6573396438,DP0033,50.0,34.5,0.0
6573396439,DP0019,60.0,34.5,0.0
6573396440,DP0005,55.0,38.0,0.0
6573396441,DP0043,60.0,47.0,0.0
6573396442,DP0041,60.0,38.2,0.0
6573396443,DP0043,60.0,34.5,0.0
6573396444,DP0013,60.0,33.2,0.0
6573396445,DP0005,55.0,36.6,0.0
6573396446,DP0048,40.0,32.6,0.0
6573396447,DP0046,40.0,45.9,1.0
6573396448,DP0033,50.0,32.0,0.0
6573396449,DP0005,50.0,33.8,0.0
6573396450,DP0014,50.0,33.7,0.0
6573396451,DP0041,50.0,35.7,0.0
6573396452,DP0040,50.0,33.6,0.0
6573396453,DP0019,50.0,34.3,0.0
6573396454,DP0041,50.0,32.8,0.0
6573396455,DP0041,55.0,34.4,0.0
6573396456,DP0028,40.0,36.9,0.0
6573396457,DP0049,40.0,41.3,1.0
6573396458,DP0006,40.0,37.1,0.0
6573396459,DP0041,40.0,37.4,0.0
6573396460,DP0041,40.0,40.3,1.0
6573396461,DP0008,45.0,37.6,0.0
6573396462,DP0041,50.0,28.8,0.0
6573396463,DP0041,50.0,31.0,0.0
6573396464,DP0014,50.0,31.1,0.0
6573396465,DP0029,50.0,38.0,0.0
6573396466,DP0041,50.0,30.3,0.0
6573396467,DP0010,50.0,36.0,0.0
6573396468,DP0032,50.0,29.1,0.0
6573396469,DP0015,50.0,31.1,0.0
6573396470,DP0041,50.0,28.3,0.0
6573396471,DP0036,55.0,39.5,0.0
6573396472,DP0041,55.0,42.9,0.0
6573396473,DP0039,55.0,52.1,0.0
6573396474,DP0012,55.0,49.4,0.0
6573396475,DP0019,55.0,42.6,0.0
6573396476,DP0005,55.0,41.9,0.0
6573396477,DP0041,55.0,46.0,0.0
6573396478,DP0005,45.0,38.9,0.0
6573396479,DP0015,50.0,37.4,0.0
6573396480,DP0043,50.0,34.8,0.0
6573396481,DP0041,70.0,66.3,0.0
6573396482,DP0043,65.0,45.3,0.0
6573396483,DP0006,65.0,51.5,0.0
6573396484,DP0016,65.0,45.8,0.0
6573396485,DP0041,65.0,44.0,0.0
6573396486,DP0041,70.0,66.3,0.0
6573396487,DP0030,65.0,50.5,0.0
6573396488,DP0041,50.0,26.2,0.0
6573396489,DP0041,50.0,32.3,0.0
6573396490,DP0015,50.0,19.3,0.0
6573396491,DP0041,50.0,40.3,0.0
6573396492,DP0041,45.0,32.0,0.0
6573396493,DP0023,45.0,34.3,0.0
6573396494,DP0041,55.0,41.0,0.0
6573396495,DP0033,45.0,35.8,0.0
6573396496,DP0019,45.0,34.3,0.0
6573396497,DP0041,45.0,30.9,0.0
6573396498,DP0041,55.0,35.9,0.0
6573396499,DP0009,40.0,38.1,0.0
6573396500,DP0008,40.0,38.4,0.0
6573396501,DP0050,70.0,66.0,0.0
6573396502,DP0008,55.0,43.1,0.0
6573396503,DP0043,70.0,55.6,0.0
6573396504,DP0032,55.0,40.8,0.0
6573396505,DP0041,55.0,40.1,0.0
6573396506,DP0021,50.0,49.6,0.0
6573396507,DP0041,50.0,41.7,0.0
6573396508,DP0026,50.0,47.4,0.0
6573396509,DP0028,50.0,39.6,0.0
6573396510,DP0026,50.0,45.2,0.0
6573396511,DP0041,50.0,49.1,0.0
6573396512,DP0043,50.0,43.3,0.0
6573396513,DP0041,50.0,40.8,0.0
6573396514,DP0041,50.0,38.7,0.0
6573396515,DP0041,50.0,38.8,0.0
6573396516,DP0041,40.0,38.1,0.0
6573396517,DP0039,40.0,37.4,0.0
6573396518,DP0038,40.0,37.7,0.0
6573396519,DP0041,40.0,36.7,0.0
6573396520,DP0041,40.0,35.9,0.0
6573396521,DP0006,40.0,37.0,0.0
6573396522,DP0036,40.0,32.8,0.0
6573396523,DP0043,40.0,23.0,0.0
6573396524,DP0041,65.0,35.9,0.0
6573396525,DP0028,65.0,40.2,0.0
6573396526,DP0041,65.0,45.3,0.0
6573396527,DP0044,65.0,34.3,0.0
6573396528,DP0041,50.0,48.8,0.0
6573396529,DP0005,40.0,37.1,0.0
6573396530,DP0034,40.0,39.3,0.0
6573396531,DP0041,40.0,37.9,0.0
6573396532,DP0008,40.0,41.0,1.0
6573396533,DP0043,65.0,49.7,0.0
6573396534,DP0041,65.0,54.6,0.0
6573396535,DP0043,65.0,44.3,0.0
6573396536,DP0039,65.0,46.1,0.0
6573396537,DP0038,65.0,41.5,0.0
6573396538,DP0043,65.0,46.9,0.0
6573396539,DP0041,65.0,42.8,0.0
6573396540,DP0041,50.0,25.9,0.0
6573396541,DP0041,55.0,46.4,0.0
6573396542,DP0047,50.0,40.1,0.0
6573396543,DP0005,65.0,40.0,0.0
6573396544,DP0019,50.0,26.5,0.0
6573396545,DP0041,50.0,35.4,0.0
6573396546,DP0026,50.0,29.3,0.0
6573396547,DP0019,50.0,39.5,0.0
6573396548,DP0038,50.0,29.6,0.0
6573396549,DP0039,50.0,42.6,0.0
6573396550,DP0010,50.0,25.7,0.0
6573396551,DP0041,50.0,27.5,0.0
6573396552,DP0047,50.0,45.2,0.0
6573396553,DP0041,50.0,41.3,0.0
6573396554,DP0019,50.0,45.3,0.0
6573396555,DP0012,50.0,45.9,0.0
6573396556,DP0041,50.0,43.1,0.0
6573396557,DP0041,50.0,36.5,0.0
6573396558,DP0041,50.0,40.9,0.0
6573396559,DP0021,50.0,31.3,0.0
6573396560,DP0005,55.0,59.4,1.0
6573396561,DP0041,50.0,45.2,0.0
6573396562,DP0016,50.0,45.6,0.0
6573396563,DP0018,50.0,33.8,0.0
6573396564,DP0041,50.0,46.6,0.0
6573396565,DP0012,50.0,33.1,0.0
6573396566,DP0008,50.0,39.1,0.0
6573396567,DP0027,50.0,48.9,0.0
6573396568,DP0043,45.0,39.1,0.0
6573396569,DP0047,45.0,21.7,0.0
6573396570,DP0003,45.0,44.9,0.0
6573396571,DP0012,45.0,49.4,1.0
6573396572,DP0031,45.0,22.6,0.0
6573396573,DP0041,45.0,27.2,0.0
6573396574,DP0043,50.0,36.2,0.0
6573396575,DP0041,50.0,25.3,0.0
6573396576,DP0005,50.0,39.0,0.0
6573396577,DP0008,50.0,27.2,0.0
6573396578,DP0041,40.0,51.5,1.0
6573396579,DP0041,40.0,46.7,1.0
6573396580,DP0007,40.0,31.4,0.0
6573396581,DP0037,45.0,40.2,0.0
6573396582,DP0043,45.0,23.1,0.0
6573396583,DP0041,45.0,42.4,0.0
6573396584,DP0041,45.0,26.6,0.0
6573396585,DP0005,55.0,32.1,0.0
6573396586,DP0019,40.0,21.3,0.0
6573396587,DP0041,50.0,35.3,0.0
6573396588,DP0015,50.0,31.3,0.0
6573396589,DP0039,50.0,45.9,0.0
6573396590,DP0041,50.0,35.3,0.0
6573396591,DP0039,50.0,43.9,0.0
6573396592,DP0041,50.0,42.4,0.0
6573396593,DP0041,50.0,38.9,0.0
6573396594,DP0005,40.0,28.5,0.0
6573396595,DP0015,40.0,23.7,0.0
6573396596,DP0041,40.0,25.8,0.0
6573396597,DP0005,40.0,31.5,0.0
6573396598,DP0004,40.0,47.7,1.0
6573396599,DP0041,40.0,27.2,0.0
6573396600,DP0043,40.0,30.1,0.0
6573396601,DP0043,40.0,32.8,0.0
6573396602,DP0021,40.0,33.2,0.0
6573396603,DP0015,60.0,34.2,0.0
6573396604,DP0043,60.0,38.4,0.0
6573396605,DP0008,60.0,36.0,0.0
6573396606,DP0041,60.0,33.5,0.0
6573396607,DP0041,55.0,32.2,0.0
6573396608,DP0041,55.0,38.6,0.0
6573396609,DP0043,55.0,41.6,0.0
6573396610,DP0015,55.0,39.1,0.0
6573396611,DP0041,70.0,47.4,0.0
6573396612,DP0005,70.0,51.4,0.0
6573396613,DP0031,70.0,52.5,0.0
6573396614,DP0005,70.0,50.7,0.0
6573396615,DP0041,70.0,52.1,0.0
6573396616,DP0006,50.0,40.9,0.0
6573396617,DP0041,50.0,46.7,0.0
6573396618,DP0041,50.0,43.3,0.0
6573396619,DP0039,50.0,43.3,0.0
6573396620,DP0008,50.0,40.8,0.0
6573396621,DP0015,50.0,40.2,0.0
6573396622,DP0028,50.0,44.9,0.0
6573396623,DP0007,75.0,64.2,0.0
6573396624,DP0041,75.0,61.2,0.0
6573396625,DP0019,75.0,61.0,0.0
6573396626,,,,
6573396627,DP0014,50.0,37.5,0.0
6573396628,DP0004,50.0,46.7,0.0
6573396629,DP0041,50.0,34.7,0.0
6573396630,DP0041,50.0,38.9,0.0
6573396631,DP0041,50.0,35.6,0.0
6573396632,DP0005,55.0,53.1,0.0
6573396633,DP0050,55.0,48.5,0.0
6573396634,DP0050,55.0,65.9,1.0
6573396635,DP0043,55.0,35.2,0.0
6573396636,DP0038,55.0,49.8,0.0
6573396637,DP0043,55.0,41.0,0.0
6573396638,DP0029,55.0,49.7,0.0
6573396639,DP0048,40.0,50.3,1.0
6573396640,DP0041,40.0,22.1,0.0
6573396641,DP0041,65.0,50.7,0.0
6573396642,DP0041,55.0,59.5,1.0
6573396643,DP0041,55.0,54.1,0.0
6573396644,DP0041,55.0,57.0,1.0
6573396645,DP0041,45.0,27.3,0.0
6573396646,DP0015,40.0,23.1,0.0
6573396647,DP0005,40.0,23.7,0.0
6573396648,DP0015,40.0,22.6,0.0
6573396649,DP0002,40.0,21.3,0.0
6573396650,DP0041,40.0,19.5,0.0
6573396651,DP0016,40.0,20.7,0.0
6573396652,DP0041,45.0,25.6,0.0
6573396653,DP0019,45.0,34.4,0.0
6573396654,DP0041,40.0,21.1,0.0
6573396655,DP0043,40.0,22.0,0.0
6573396656,DP0019,45.0,47.7,1.0
6573396657,,,,
6573396658,DP0039,45.0,26.6,0.0
6573396659,DP0041,45.0,51.3,1.0
6573396660,,,,
6573396661,DP0038,45.0,46.8,1.0
6573396662,DP0041,50.0,31.0,0.0
6573396663,DP0002,40.0,37.4,0.0
6573396664,DP0009,40.0,18.0,0.0
6573396665,DP0015,40.0,31.0,0.0
6573396666,DP0041,40.0,25.1,0.0
6573396667,DP0021,40.0,26.6,0.0
6573396668,DP0038,40.0,21.7,0.0
6573396669,DP0034,40.0,32.0,0.0
6573396670,DP0041,40.0,30.7,0.0
6573396671,DP0041,40.0,25.0,0.0
6573396672,DP0041,55.0,53.5,0.0
6573396673,DP0041,55.0,45.9,0.0
6573396674,DP0020,50.0,31.5,0.0
6573396675,DP0043,50.0,37.2,0.0
6573396676,DP0041,50.0,38.9,0.0
6573396677,DP0019,50.0,38.1,0.0
6573396678,DP0016,50.0,27.1,0.0
6573396679,DP0043,50.0,41.7,0.0
6573396680,DP0007,50.0,38.9,0.0
6573396681,DP0019,40.0,23.1,0.0
6573396682,DP0046,40.0,22.0,0.0
6573396683,DP0008,40.0,30.3,0.0
6573396684,DP0039,40.0,27.7,0.0
6573396685,DP0041,40.0,47.4,1.0
6573396686,DP0041,50.0,28.0,0.0
6573396687,DP0015,50.0,35.8,0.0
6573396688,DP0041,50.0,31.9,0.0
6573396689,DP0041,50.0,32.5,0.0
6573396690,DP0041,50.0,26.4,0.0
6573396691,DP0024,65.0,65.0,0.0
6573396692,DP0008,65.0,58.7,0.0
6573396693,DP0041,65.0,51.8,0.0
6573396694,DP0024,65.0,46.7,0.0
6573396695,DP0041,55.0,43.1,0.0
6573396696,DP0041,55.0,36.5,0.0
6573396697,DP0019,55.0,40.8,0.0
6573396698,DP0041,55.0,40.6,0.0
6573396699,DP0047,50.0,33.8,0.0
6573396700,DP0043,50.0,34.5,0.0
6573396701,DP0003,55.0,44.1,0.0
6573396702,DP0041,45.0,22.8,0.0
6573396703,DP0041,45.0,22.8,0.0
6573396704,DP0047,45.0,31.9,0.0
6573396705,DP0005,45.0,22.5,0.0
6573396706,DP0015,45.0,24.7,0.0
6573396707,DP0048,45.0,43.4,0.0
6573396708,DP0041,45.0,29.3,0.0
6573396709,DP0043,50.0,34.8,0.0
6573396710,DP0047,50.0,36.2,0.0
6573396711,DP0002,50.0,38.3,0.0
6573396712,DP0039,40.0,25.3,0.0
6573396713,DP0025,40.0,31.7,0.0
6573396714,DP0043,40.0,33.6,0.0
6573396715,DP0005,40.0,31.1,0.0
6573396716,DP0012,40.0,23.9,0.0
6573396717,DP0019,40.0,25.2,0.0
6573396718,DP0021,40.0,20.8,0.0
6573396719,DP0041,40.0,19.7,0.0
6573396720,DP0041,40.0,19.7,0.0
6573396721,DP0048,40.0,35.9,0.0
6573396722,DP0041,40.0,19.7,0.0
6573396723,DP0048,60.0,60.6,1.0
6573396724,DP0015,85.0,59.3,0.0
6573396725,DP0005,85.0,75.0,0.0
6573396726,DP0012,85.0,57.0,0.0
6573396727,DP0003,85.0,58.2,0.0
6573396728,DP0043,40.0,14.5,0.0
6573396729,DP0047,40.0,18.9,0.0
6573396730,DP0046,40.0,42.6,1.0
6573396731,DP0029,40.0,18.3,0.0
6573396732,DP0041,40.0,22.8,0.0
6573396733,DP0008,40.0,25.1,0.0
6573396734,DP0041,40.0,23.2,0.0
6573396735,DP0030,45.0,30.8,0.0
6573396736,DP0041,45.0,29.4,0.0
6573396737,DP0005,65.0,39.9,0.0
6573396738,DP0041,65.0,37.3,0.0
6573396739,DP0020,55.0,34.3,0.0
6573396740,DP0015,40.0,44.4,1.0
6573396741,DP0041,45.0,43.7,0.0
6573396742,DP0019,40.0,19.9,0.0
6573396743,DP0041,40.0,22.7,0.0
6573396744,DP0041,40.0,24.1,0.0
6573396745,DP0019,40.0,21.6,0.0
6573396746,DP0012,40.0,23.4,0.0
6573396747,DP0041,55.0,38.5,0.0
6573396748,DP0043,55.0,29.0,0.0
6573396749,DP0005,50.0,49.8,0.0
6573396750,DP0043,50.0,55.9,1.0
6573396751,DP0003,50.0,33.3,0.0
6573396752,DP0049,50.0,35.6,0.0
6573396753,DP0037,40.0,17.8,0.0
6573396754,DP0007,40.0,19.1,0.0
6573396755,DP0043,40.0,31.5,0.0
6573396756,DP0041,40.0,27.8,0.0
6573396757,DP0015,40.0,28.5,0.0
6573396758,DP0005,40.0,23.2,0.0
6573396759,DP0048,40.0,35.6,0.0
6573396760,DP0039,40.0,29.6,0.0
6573396761,DP0019,40.0,31.3,0.0
6573396762,DP0041,50.0,31.2,0.0
6573396763,DP0021,50.0,31.8,0.0
6573396764,DP0006,50.0,30.1,0.0
6573396765,DP0043,50.0,31.3,0.0
6573396766,DP0041,45.0,29.1,0.0
6573396767,,,,
6573396768,,,,
6573396769,,,,
6573396770,,,,
6573396771,,,,
6573396772,,,,
6573396773,,,,
6573396774,DP0015,40.0,54.4,1.0
6573396775,DP0031,40.0,24.3,0.0
6573396776,DP0041,40.0,51.5,1.0
6573396777,DP0047,40.0,19.7,0.0
6573396778,DP0043,40.0,22.6,0.0
6573396779,DP0038,40.0,23.0,0.0
6573396780,DP0041,50.0,42.7,0.0
6573396781,DP0043,50.0,36.3,0.0
6573396782,DP0041,45.0,34.3,0.0
6573396783,DP0041,50.0,38.6,0.0
6573396784,DP0019,45.0,42.4,0.0
6573396785,DP0050,50.0,36.9,0.0
6573396786,DP0041,50.0,36.5,0.0
6573396787,DP0005,40.0,57.6,1.0
6573396788,DP0041,40.0,37.1,0.0
6573396789,DP0041,40.0,25.3,0.0
6573396790,DP0043,40.0,57.7,1.0
6573396791,DP0043,40.0,21.9,0.0
6573396792,DP0043,40.0,35.7,0.0
6573396793,DP0043,65.0,40.2,0.0
6573396794,DP0041,65.0,49.1,0.0
6573396795,DP0046,65.0,64.1,0.0
6573396796,DP0043,65.0,51.6,0.0
6573396797,DP0028,65.0,52.5,0.0
6573396798,DP0041,65.0,51.7,0.0
6573396799,DP0019,65.0,50.9,0.0
6573396800,DP0041,55.0,37.8,0.0
6573396801,DP0041,70.0,56.4,0.0
6573396802,DP0009,70.0,59.1,0.0
6573396803,DP0041,50.0,30.6,0.0
6573396804,DP0041,55.0,35.5,0.0
6573396805,DP0041,40.0,25.4,0.0
6573396806,DP0014,65.0,39.7,0.0
6573396807,DP0039,60.0,41.4,0.0
6573396808,DP0041,65.0,42.6,0.0
6573396809,DP0043,65.0,49.4,0.0
6573396810,DP0015,80.0,51.8,0.0
6573396811,DP0003,75.0,68.1,0.0
6573396812,DP0015,55.0,32.6,0.0
6573396813,DP0043,55.0,44.4,0.0
6573396814,DP0041,55.0,33.0,0.0
6573396815,DP0041,55.0,46.1,0.0
6573396816,DP0043,60.0,38.6,0.0
6573396817,DP0041,60.0,44.2,0.0
6573396818,DP0015,60.0,39.2,0.0
6573396819,DP0028,60.0,40.2,0.0
6573396820,DP0043,60.0,39.3,0.0
6573396821,DP0041,60.0,42.6,0.0
6573396822,DP0043,60.0,37.9,0.0
6573396823,DP0008,50.0,30.1,0.0
6573396824,DP0024,50.0,22.9,0.0
6573396825,DP0047,50.0,25.6,0.0
6573396826,DP0041,50.0,25.3,0.0
6573396827,DP0041,50.0,23.9,0.0
6573396828,DP0027,50.0,24.8,0.0
6573396829,DP0007,50.0,28.5,0.0
6573396830,DP0015,50.0,34.6,0.0
6573396831,DP0041,50.0,36.7,0.0
6573396832,DP0041,50.0,40.0,0.0
6573396833,DP0012,50.0,36.6,0.0
6573396834,DP0041,50.0,38.0,0.0
6573396835,DP0041,50.0,39.1,0.0
6573396836,DP0041,50.0,35.0,0.0
6573396837,DP0006,55.0,38.6,0.0
6573396838,DP0021,55.0,34.3,0.0
6573396839,DP0041,55.0,41.7,0.0
6573396840,DP0043,55.0,35.7,0.0
6573396841,DP0015,55.0,34.7,0.0
6573396842,DP0039,55.0,34.0,0.0
6573396843,DP0001,55.0,34.5,0.0
6573396844,DP0041,50.0,56.0,1.0
6573396845,DP0041,50.0,49.6,0.0
6573396846,DP0019,50.0,50.8,1.0
6573396847,DP0047,50.0,49.2,0.0
6573396848,DP0019,50.0,62.7,1.0
6573396849,DP0021,45.0,27.9,0.0
6573396850,DP0032,45.0,29.4,0.0
6573396851,DP0005,45.0,27.6,0.0
6573396852,DP0041,45.0,26.5,0.0
6573396853,DP0041,45.0,27.0,0.0
6573396854,DP0021,45.0,26.6,0.0
6573396855,DP0041,45.0,24.4,0.0
6573396856,DP0041,45.0,44.0,0.0
6573396857,DP0041,45.0,33.0,0.0
6573396858,DP0028,45.0,45.7,1.0
6573396859,DP0015,45.0,24.0,0.0
6573396860,DP0005,60.0,46.3,0.0
6573396861,DP0035,50.0,37.2,0.0
6573396862,DP0048,50.0,54.9,1.0
6573396863,DP0002,50.0,24.5,0.0
6573396864,DP0043,45.0,23.2,0.0
6573396865,DP0041,45.0,37.5,0.0
6573396866,DP0043,45.0,32.7,0.0
6573396867,DP0043,45.0,30.8,0.0
6573396868,DP0002,45.0,43.3,0.0
6573396869,DP0024,45.0,26.6,0.0
6573396870,DP0041,45.0,21.5,0.0
6573396871,DP0048,45.0,43.5,0.0
6573396872,DP0043,45.0,22.2,0.0
6573396873,DP0015,45.0,25.8,0.0
6573396874,DP0041,40.0,32.0,0.0
6573396875,DP0019,55.0,25.2,0.0
6573396876,DP0041,55.0,26.8,0.0
6573396877,DP0041,85.0,52.9,0.0
6573396878,DP0005,50.0,27.4,0.0
6573396879,DP0038,85.0,51.1,0.0
6573396880,DP0041,85.0,48.2,0.0
6573396881,DP0019,85.0,55.6,0.0
6573396882,DP0049,50.0,34.2,0.0
6573396883,DP0043,50.0,44.7,0.0
6573396884,DP0041,50.0,31.0,0.0
6573396885,DP0041,55.0,23.5,0.0
6573396886,DP0041,55.0,29.3,0.0
6573396887,DP0020,55.0,29.8,0.0
6573396888,DP0041,55.0,25.4,0.0
6573396889,DP0041,55.0,31.3,0.0
6573396890,DP0004,55.0,48.7,0.0
6573396891,DP0043,55.0,25.2,0.0
6573396892,DP0041,95.0,67.3,0.0
6573396893,DP0039,95.0,69.5,0.0
6573396894,DP0043,90.0,72.5,0.0
6573396895,DP0041,95.0,68.6,0.0
6573396896,DP0037,95.0,71.2,0.0
6573396897,DP0043,95.0,71.2,0.0
6573396898,DP0041,95.0,66.9,0.0
6573396899,DP0020,50.0,42.4,0.0
6573396900,DP0041,50.0,39.0,0.0
6573396901,DP0005,40.0,37.9,0.0
6573396902,DP0041,40.0,35.6,0.0
6573396903,DP0041,40.0,37.0,0.0
6573396904,DP0026,40.0,41.0,1.0
6573396905,DP0027,40.0,19.0,0.0
6573396906,DP0006,40.0,37.0,0.0
6573396907,DP0033,40.0,39.3,0.0
6573396908,DP0041,60.0,46.9,0.0
6573396909,DP0038,60.0,83.5,1.0
6573396910,DP0041,60.0,80.1,1.0
6573396911,DP0027,65.0,62.7,0.0
6573396912,DP0043,65.0,53.1,0.0
6573396913,DP0047,65.0,35.0,0.0
6573396914,DP0026,45.0,26.4,0.0
6573396915,DP0047,50.0,29.9,0.0
6573396916,DP0015,50.0,58.8,1.0
6573396917,DP0041,50.0,32.5,0.0
6573396918,DP0043,50.0,30.6,0.0
6573396919,DP0041,50.0,36.0,0.0
6573396920,DP0041,50.0,31.9,0.0
6573396921,DP0005,50.0,27.2,0.0
6573396922,DP0043,65.0,48.5,0.0
6573396923,,,,
6573396924,,,,
6573396925,DP0041,65.0,52.1,0.0
6573396926,,,,
6573396927,DP0041,65.0,40.7,0.0
6573396928,DP0041,65.0,40.2,0.0
6573396929,DP0008,50.0,30.1,0.0
6573396930,DP0043,50.0,44.5,0.0
6573396931,DP0009,50.0,45.3,0.0
6573396932,DP0041,50.0,26.2,0.0
6573396933,DP0041,65.0,40.2,0.0
6573396934,DP0043,65.0,44.9,0.0
6573396935,DP0041,65.0,37.9,0.0
6573396936,DP0003,50.0,34.9,0.0
6573396937,DP0021,50.0,28.8,0.0
6573396938,DP0038,50.0,35.8,0.0
6573396939,DP0041,40.0,36.5,0.0
6573396940,DP0043,40.0,33.8,0.0
6573396941,DP0033,40.0,41.8,1.0
6573396942,DP0043,40.0,40.4,1.0
6573396943,DP0041,40.0,32.1,0.0
6573396944,DP0043,40.0,33.4,0.0
6573396945,DP0043,40.0,40.2,1.0
6573396946,DP0039,50.0,23.1,0.0
6573396947,DP0041,50.0,24.1,0.0
6573396948,DP0043,50.0,24.9,0.0
6573396949,DP0041,50.0,40.5,0.0
6573396950,DP0019,50.0,27.8,0.0
6573396951,DP0041,50.0,23.7,0.0
6573396952,DP0019,50.0,42.3,0.0
6573396953,DP0008,75.0,46.5,0.0
6573396954,DP0041,55.0,40.2,0.0
6573396955,DP0041,75.0,49.2,0.0
6573396956,DP0041,55.0,40.1,0.0
6573396957,DP0041,55.0,39.4,0.0
6573396958,DP0041,55.0,36.4,0.0
6573396959,DP0041,45.0,49.4,1.0
6573396960,DP0041,45.0,29.7,0.0
6573396961,DP0008,45.0,58.4,1.0
6573396962,DP0041,45.0,28.7,0.0
6573396963,DP0041,45.0,31.6,0.0
6573396964,DP0041,45.0,55.6,1.0
6573396965,DP0008,45.0,29.5,0.0
6573396966,DP0023,75.0,48.3,0.0
6573396967,DP0015,55.0,36.5,0.0
6573396968,DP0027,55.0,31.1,0.0
6573396969,DP0046,55.0,42.7,0.0
6573396970,DP0041,75.0,51.6,0.0
6573396971,DP0008,55.0,35.0,0.0
6573396972,DP0027,50.0,28.3,0.0
6573396973,DP0043,50.0,30.1,0.0
6573396974,DP0015,50.0,28.1,0.0
6573396975,DP0043,50.0,28.3,0.0
6573396976,DP0012,50.0,25.0,0.0
6573396977,DP0041,50.0,27.9,0.0
6573396978,DP0021,40.0,19.9,0.0
6573396979,DP0008,40.0,26.7,0.0
6573396980,DP0041,40.0,18.7,0.0
6573396981,DP0001,40.0,30.0,0.0
6573396982,DP0015,40.0,21.9,0.0
6573396983,DP0034,40.0,26.6,0.0
6573396984,DP0034,40.0,25.9,0.0
6573396985,DP0041,40.0,29.8,0.0
6573396986,DP0041,40.0,24.9,0.0
6573396987,DP0037,65.0,37.6,0.0
6573396988,DP0021,65.0,37.9,0.0
6573396989,DP0041,65.0,35.1,0.0
6573396990,DP0041,65.0,37.5,0.0
6573396991,DP0041,50.0,27.8,0.0
6573396992,DP0019,50.0,23.5,0.0
6573396993,,,,
6573396994,DP0041,55.0,29.2,0.0
6573396995,DP0019,55.0,40.8,0.0
6573396996,DP0041,55.0,28.3,0.0
6573396997,DP0047,55.0,30.4,0.0
6573396998,DP0041,55.0,31.3,0.0
6573396999,DP0041,55.0,30.8,0.0
6573397000,DP0042,55.0,35.7,0.0
6573397001,DP0006,50.0,29.2,0.0
6573397002,DP0043,40.0,16.5,0.0
6573397003,DP0041,40.0,15.4,0.0
6573397004,DP0041,40.0,20.1,0.0
6573397005,DP0049,40.0,19.0,0.0
6573397006,DP0048,40.0,40.7,1.0
6573397007,DP0019,40.0,17.5,0.0
6573397008,DP0021,40.0,17.7,0.0
6573397009,DP0043,40.0,29.7,0.0
6573397010,DP0039,75.0,37.4,0.0
6573397011,DP0041,75.0,47.4,0.0
6573397012,DP0041,75.0,42.5,0.0
6573397013,DP0041,40.0,33.2,0.0
6573397014,DP0010,75.0,40.9,0.0
6573397015,DP0038,75.0,50.7,0.0
6573397016,DP0041,40.0,48.3,1.0
6573397017,DP0041,40.0,33.9,0.0
6573397018,DP0043,40.0,31.6,0.0
6573397019,DP0043,40.0,49.0,1.0
6573397020,DP0015,40.0,41.1,1.0
6573397021,DP0043,40.0,34.1,0.0
6573397022,DP0050,40.0,40.2,1.0
6573397023,DP0019,40.0,35.6,0.0
6573397024,DP0041,40.0,36.5,0.0
6573397025,DP0041,40.0,35.8,0.0
6573397026,DP0008,40.0,37.2,0.0
6573397027,DP0041,40.0,36.4,0.0
6573397028,DP0004,55.0,56.5,1.0
6573397029,DP0041,40.0,38.1,0.0
6573397030,DP0043,40.0,39.6,0.0
6573397031,DP0020,40.0,33.7,0.0
6573397032,DP0014,40.0,37.1,0.0
6573397033,DP0041,40.0,29.4,0.0
6573397034,DP0043,40.0,41.0,1.0
6573397035,DP0005,40.0,22.5,0.0
6573397036,DP0016,40.0,21.9,0.0
6573397037,DP0041,40.0,32.1,0.0
6573397038,DP0041,40.0,39.4,0.0
6573397039,DP0012,45.0,31.2,0.0
6573397040,DP0005,45.0,22.2,0.0
6573397041,DP0034,55.0,43.9,0.0
6573397042,DP0041,55.0,39.3,0.0
6573397043,DP0033,65.0,65.6,1.0
6573397044,DP0049,65.0,67.4,1.0
6573397045,DP0043,65.0,69.7,1.0
6573397046,DP0041,65.0,67.2,1.0
6573397047,DP0041,65.0,68.0,1.0
6573397048,DP0019,40.0,32.6,0.0
6573397049,DP0014,40.0,37.4,0.0
6573397050,DP0041,40.0,35.2,0.0
6573397051,DP0041,40.0,39.0,0.0
6573397052,DP0019,40.0,33.9,0.0
6573397053,DP0021,40.0,34.7,0.0
6573397054,DP0049,40.0,30.9,0.0
6573397055,DP0041,50.0,32.7,0.0
6573397056,DP0041,50.0,40.5,0.0
6573397057,DP0013,50.0,43.7,0.0
6573397058,DP0013,50.0,46.8,0.0
6573397059,DP0005,50.0,54.9,1.0
6573397060,DP0041,50.0,43.9,0.0
6573397061,DP0036,50.0,58.2,1.0
6573397062,DP0031,50.0,52.2,1.0
6573397063,DP0019,50.0,45.4,0.0
6573397064,DP0041,50.0,38.0,0.0
6573397065,DP0043,50.0,39.7,0.0
6573397066,DP0041,50.0,42.5,0.0
6573397067,DP0041,50.0,36.7,0.0
6573397068,DP0046,50.0,48.7,0.0
6573397069,DP0005,50.0,34.4,0.0
6573397070,DP0041,50.0,37.4,0.0
6573397071,DP0041,55.0,29.8,0.0
6573397072,DP0043,55.0,47.1,0.0
6573397073,DP0043,55.0,49.0,0.0
6573397074,DP0005,55.0,33.8,0.0
6573397075,DP0002,55.0,46.9,0.0
6573397076,DP0043,55.0,52.1,0.0
6573397077,DP0019,55.0,35.6,0.0
6573397078,DP0008,55.0,32.1,0.0
6573397079,DP0041,55.0,42.3,0.0
6573397080,DP0041,55.0,48.5,0.0
6573397081,DP0041,55.0,50.7,0.0
6573397082,DP0012,55.0,51.6,0.0
6573397083,DP0005,55.0,47.4,0.0
6573397084,DP0005,70.0,46.1,0.0
6573397085,DP0021,55.0,52.7,0.0
6573397086,DP0049,50.0,33.2,0.0
6573397087,DP0005,50.0,35.2,0.0
6573397088,DP0041,50.0,34.8,0.0
6573397089,DP0048,50.0,44.7,0.0
6573397090,DP0008,50.0,36.5,0.0
6573397091,DP0015,50.0,39.3,0.0
6573397092,DP0039,50.0,44.6,0.0
6573397093,DP0041,50.0,43.8,0.0
6573397094,DP0005,50.0,47.3,0.0
6573397095,DP0019,50.0,42.7,0.0
6573397096,DP0041,40.0,27.9,0.0
6573397097,DP0012,40.0,16.7,0.0
6573397098,DP0014,40.0,19.7,0.0
6573397099,DP0041,40.0,31.1,0.0
6573397100,DP0005,40.0,29.9,0.0
6573397101,DP0041,40.0,31.8,0.0
6573397102,DP0010,45.0,21.2,0.0
6573397103,DP0043,45.0,25.0,0.0
6573397104,DP0041,45.0,19.3,0.0
6573397105,DP0001,45.0,22.5,0.0
6573397106,DP0041,45.0,30.6,0.0
6573397107,DP0002,45.0,27.3,0.0
6573397108,DP0005,45.0,18.8,0.0
6573397109,DP0005,40.0,33.8,0.0
6573397110,DP0041,40.0,36.0,0.0
6573397111,DP0044,40.0,33.2,0.0
6573397112,DP0041,40.0,37.9,0.0
6573397113,DP0041,40.0,38.6,0.0
6573397114,DP0002,40.0,34.4,0.0
6573397115,DP0002,40.0,33.7,0.0
6573397116,DP0043,55.0,34.7,0.0
6573397117,DP0041,55.0,61.2,1.0
6573397118,DP0005,55.0,62.5,1.0
6573397119,DP0019,55.0,64.8,1.0
6573397120,DP0041,55.0,60.5,1.0
6573397121,DP0002,55.0,45.0,0.0
6573397122,DP0041,55.0,35.0,0.0
6573397123,DP0041,50.0,34.4,0.0
6573397124,DP0038,50.0,32.9,0.0
6573397125,DP0041,50.0,34.2,0.0
6573397126,DP0002,50.0,33.3,0.0
6573397127,DP0041,50.0,33.9,0.0
6573397128,DP0009,50.0,51.6,1.0
6573397129,DP0039,50.0,30.9,0.0
6573397130,DP0043,45.0,36.1,0.0
6573397131,DP0015,40.0,18.8,0.0
6573397132,DP0008,40.0,24.4,0.0
6573397133,DP0038,40.0,25.2,0.0
6573397134,DP0007,40.0,20.4,0.0
6573397135,DP0026,40.0,27.1,0.0
6573397136,DP0041,40.0,22.5,0.0
6573397137,DP0014,40.0,32.0,0.0
6573397138,DP0042,40.0,38.8,0.0
6573397139,DP0018,40.0,30.6,0.0
6573397140,DP0014,40.0,29.4,0.0
6573397141,DP0005,40.0,34.2,0.0
6573397142,DP0015,40.0,35.0,0.0
6573397143,DP0041,40.0,30.3,0.0
6573397144,DP0015,40.0,34.9,0.0
6573397145,DP0019,50.0,38.9,0.0
6573397146,DP0047,40.0,36.0,0.0
6573397147,DP0041,55.0,44.7,0.0
6573397148,DP0038,55.0,76.6,1.0
6573397149,DP0049,55.0,42.7,0.0
6573397150,DP0015,55.0,32.4,0.0
6573397151,DP0042,55.0,33.6,0.0
6573397152,DP0041,55.0,42.4,0.0
6573397153,DP0041,55.0,43.4,0.0
6573397154,DP0043,50.0,41.4,0.0
6573397155,DP0041,50.0,33.0,0.0
6573397156,DP0041,50.0,40.7,0.0
6573397157,DP0038,50.0,38.2,0.0
6573397158,DP0037,50.0,43.6,0.0
6573397159,DP0043,50.0,23.9,0.0
6573397160,DP0038,50.0,32.5,0.0
6573397161,DP0005,90.0,60.9,0.0
6573397162,DP0041,90.0,69.7,0.0
6573397163,DP0043,55.0,45.6,0.0
6573397164,DP0043,55.0,44.8,0.0
6573397165,DP0041,50.0,39.0,0.0
6573397166,DP0021,50.0,36.7,0.0
6573397167,DP0019,50.0,30.2,0.0
6573397168,DP0007,55.0,32.1,0.0
6573397169,DP0003,55.0,29.2,0.0
6573397170,DP0020,55.0,32.9,0.0
6573397171,DP0041,55.0,32.4,0.0
6573397172,DP0041,55.0,30.9,0.0
6573397173,DP0025,55.0,27.5,0.0
6573397174,DP0041,40.0,37.8,0.0
6573397175,DP0041,40.0,55.4,1.0
6573397176,,,,
6573397177,DP0023,40.0,40.4,1.0
6573397178,DP0005,85.0,64.4,0.0
6573397179,DP0005,40.0,32.4,0.0
6573397180,DP0041,50.0,28.6,0.0
6573397181,DP0041,50.0,34.7,0.0
6573397182,DP0048,50.0,49.8,0.0
6573397183,DP0026,50.0,32.6,0.0
6573397184,DP0039,50.0,32.4,0.0
6573397185,DP0038,50.0,28.0,0.0
6573397186,DP0041,55.0,47.5,0.0
6573397187,DP0041,55.0,31.9,0.0
6573397188,DP0014,50.0,35.7,0.0
6573397189,DP0037,50.0,31.0,0.0
6573397190,DP0043,50.0,29.9,0.0
6573397191,DP0043,50.0,31.8,0.0
6573397192,DP0015,50.0,31.0,0.0
6573397193,DP0041,50.0,36.0,0.0
6573397194,DP0043,45.0,24.2,0.0
6573397195,DP0041,50.0,52.3,1.0
6573397196,DP0041,45.0,23.9,0.0
6573397197,DP0021,45.0,23.6,0.0
6573397198,DP0006,50.0,48.1,0.0
6573397199,DP0015,50.0,44.4,0.0
6573397200,DP0041,65.0,42.0,0.0
6573397201,DP0020,45.0,41.1,0.0
6573397202,DP0041,40.0,33.5,0.0
6573397203,DP0041,40.0,27.5,0.0
6573397204,DP0041,40.0,32.4,0.0
6573397205,DP0005,40.0,29.2,0.0
6573397206,DP0009,40.0,27.2,0.0
6573397207,DP0043,40.0,30.4,0.0
6573397208,DP0011,40.0,28.1,0.0
6573397209,DP0041,50.0,30.3,0.0
6573397210,DP0030,50.0,27.9,0.0
6573397211,DP0019,50.0,25.4,0.0
6573397212,DP0043,50.0,38.3,0.0
6573397213,DP0044,50.0,23.0,0.0
6573397214,DP0043,85.0,81.7,0.0
6573397215,DP0041,85.0,73.7,0.0
6573397216,DP0041,55.0,59.1,1.0
6573397217,DP0050,55.0,58.9,1.0
6573397218,DP0038,55.0,55.8,1.0
6573397219,DP0043,60.0,57.0,0.0
6573397220,DP0043,55.0,59.1,1.0
6573397221,DP0041,45.0,24.8,0.0
6573397222,DP0043,80.0,57.4,0.0
6573397223,DP0041,80.0,55.2,0.0
6573397224,DP0005,50.0,34.7,0.0
6573397225,DP0041,50.0,34.6,0.0
6573397226,DP0045,45.0,28.8,0.0
6573397227,DP0041,50.0,31.4,0.0
6573397228,DP0041,45.0,30.9,0.0
6573397229,DP0041,45.0,24.4,0.0
6573397230,DP0016,50.0,42.2,0.0
6573397231,DP0041,40.0,57.6,1.0
6573397232,DP0041,40.0,14.2,0.0
6573397233,DP0039,40.0,21.4,0.0
6573397234,DP0041,45.0,31.9,0.0
6573397235,DP0041,40.0,62.5,1.0
6573397236,DP0003,45.0,42.7,0.0
6573397237,DP0043,40.0,58.1,1.0
6573397238,DP0028,65.0,55.9,0.0
6573397239,DP0042,65.0,64.4,0.0
6573397240,DP0005,50.0,47.0,0.0
6573397241,DP0023,75.0,58.0,0.0
6573397242,DP0015,65.0,58.0,0.0
6573397243,,,,
6573397244,DP0027,75.0,57.3,0.0
6573397245,DP0041,45.0,24.7,0.0
6573397246,DP0041,45.0,33.2,0.0
6573397247,DP0028,45.0,22.0,0.0
6573397248,DP0043,50.0,27.4,0.0
6573397249,DP0005,45.0,24.0,0.0
6573397250,DP0041,50.0,28.1,0.0
6573397251,DP0047,50.0,27.9,0.0
6573397252,DP0041,55.0,34.9,0.0
6573397253,DP0023,40.0,20.9,0.0
6573397254,DP0041,40.0,31.3,0.0
6573397255,DP0038,40.0,20.9,0.0
6573397256,DP0003,40.0,30.0,0.0
6573397257,DP0012,40.0,19.2,0.0
6573397258,DP0041,40.0,26.3,0.0
6573397259,DP0041,40.0,24.6,0.0
6573397260,DP0019,45.0,29.9,0.0
6573397261,DP0041,50.0,32.5,0.0
6573397262,DP0038,50.0,32.5,0.0
6573397263,DP0041,50.0,33.3,0.0
6573397264,DP0033,50.0,38.6,0.0
6573397265,DP0041,50.0,40.7,0.0
6573397266,DP0023,50.0,35.5,0.0
6573397267,DP0033,50.0,34.7,0.0
6573397268,DP0030,60.0,41.1,0.0
6573397269,DP0041,55.0,45.6,0.0
6573397270,DP0039,55.0,57.6,1.0
6573397271,DP0008,55.0,31.2,0.0
6573397272,DP0038,60.0,46.2,0.0
6573397273,DP0043,55.0,39.1,0.0
6573397274,DP0041,60.0,51.0,0.0
6573397275,DP0007,60.0,48.5,0.0
6573397276,DP0041,55.0,36.1,0.0
6573397277,DP0041,50.0,34.2,0.0
6573397278,DP0005,50.0,33.5,0.0
6573397279,DP0028,55.0,36.0,0.0
6573397280,DP0037,55.0,34.5,0.0
6573397281,DP0041,55.0,26.3,0.0
6573397282,DP0023,55.0,32.4,0.0
6573397283,DP0041,40.0,32.1,0.0
6573397284,DP0027,40.0,37.9,0.0
6573397285,DP0041,40.0,31.9,0.0
6573397286,DP0047,40.0,30.2,0.0
6573397287,DP0041,40.0,26.8,0.0
6573397288,DP0041,40.0,23.9,0.0
6573397289,DP0041,40.0,39.6,0.0
6573397290,DP0041,50.0,38.0,0.0
6573397291,DP0041,50.0,35.8,0.0
6573397292,DP0050,50.0,48.3,0.0
6573397293,DP0033,50.0,32.7,0.0
6573397294,DP0048,60.0,53.2,0.0
6573397295,DP0002,40.0,28.8,0.0
6573397296,DP0021,55.0,53.3,0.0
6573397297,DP0041,55.0,51.6,0.0
6573397298,DP0019,55.0,51.6,0.0
6573397299,DP0039,55.0,40.4,0.0
6573397300,DP0024,55.0,47.9,0.0
6573397301,DP0008,55.0,51.9,0.0
6573397302,DP0009,55.0,54.5,0.0
6573397303,DP0041,50.0,43.9,0.0
6573397304,DP0038,50.0,29.4,0.0
6573397305,DP0041,50.0,29.2,0.0
6573397306,DP0050,50.0,30.5,0.0
6573397307,DP0005,50.0,44.8,0.0
6573397308,DP0019,50.0,43.9,0.0
6573397309,DP0043,50.0,41.5,0.0
6573397310,DP0041,40.0,23.5,0.0
6573397311,DP0041,40.0,40.2,1.0
6573397312,DP0044,65.0,42.0,0.0
6573397313,DP0005,65.0,51.5,0.0
6573397314,DP0042,70.0,63.0,0.0
6573397315,DP0041,70.0,59.5,0.0
6573397316,DP0041,70.0,54.3,0.0
6573397317,DP0028,45.0,24.8,0.0
6573397318,DP0041,45.0,20.2,0.0
6573397319,DP0049,45.0,24.2,0.0
6573397320,DP0008,45.0,21.4,0.0
6573397321,DP0041,45.0,28.3,0.0
6573397322,DP0041,45.0,27.9,0.0
6573397323,DP0047,45.0,42.4,0.0
6573397324,DP0038,55.0,38.7,0.0
6573397325,DP0039,55.0,37.9,0.0
6573397326,DP0039,55.0,36.5,0.0
6573397327,DP0018,55.0,36.8,0.0
6573397328,DP0041,55.0,36.1,0.0
6573397329,DP0017,75.0,49.2,0.0
6573397330,DP0041,75.0,47.9,0.0
6573397331,DP0041,75.0,53.8,0.0
6573397332,DP0015,75.0,48.8,0.0
6573397333,DP0046,75.0,57.4,0.0
6573397334,DP0041,75.0,49.2,0.0
6573397335,DP0041,65.0,62.1,0.0
6573397336,DP0041,50.0,39.3,0.0
6573397337,DP0041,50.0,36.8,0.0
6573397338,DP0032,50.0,38.5,0.0
6573397339,DP0025,40.0,31.8,0.0
6573397340,DP0007,40.0,27.5,0.0
6573397341,DP0043,45.0,26.1,0.0
6573397342,DP0011,75.0,50.8,0.0
6573397343,DP0048,75.0,60.9,0.0
6573397344,DP0030,75.0,52.0,0.0
6573397345,DP0024,75.0,44.5,0.0
6573397346,DP0043,75.0,45.4,0.0
6573397347,DP0008,75.0,47.5,0.0
6573397348,DP0041,75.0,49.5,0.0
6573397349,DP0014,50.0,32.8,0.0
6573397350,DP0019,50.0,30.6,0.0
6573397351,DP0041,50.0,84.0,1.0
6573397352,DP0028,50.0,83.3,1.0
6573397353,DP0041,50.0,43.7,0.0
6573397354,DP0043,50.0,31.2,0.0
6573397355,DP0021,50.0,32.5,0.0
6573397356,DP0041,50.0,33.3,0.0
6573397357,DP0005,50.0,32.9,0.0
6573397358,DP0034,50.0,27.9,0.0
6573397359,DP0001,50.0,31.5,0.0
6573397360,DP0041,50.0,27.6,0.0
6573397361,DP0026,70.0,66.5,0.0
6573397362,DP0015,65.0,57.3,0.0
6573397363,DP0043,65.0,48.1,0.0
6573397364,DP0029,65.0,39.2,0.0
6573397365,DP0015,65.0,47.2,0.0
6573397366,DP0005,65.0,39.7,0.0
6573397367,DP0021,65.0,46.7,0.0
6573397368,DP0041,65.0,46.3,0.0
6573397369,DP0041,65.0,38.5,0.0
6573397370,DP0005,50.0,31.7,0.0
6573397371,DP0041,50.0,31.0,0.0
6573397372,DP0005,50.0,26.7,0.0
6573397373,DP0003,50.0,27.9,0.0
6573397374,DP0047,50.0,32.2,0.0
6573397375,DP0005,50.0,29.0,0.0
6573397376,DP0041,50.0,33.2,0.0
6573397377,DP0041,65.0,38.5,0.0
6573397378,DP0021,65.0,51.5,0.0
6573397379,DP0005,65.0,52.3,0.0
6573397380,DP0041,65.0,48.4,0.0
6573397381,DP0009,40.0,25.0,0.0
6573397382,DP0046,40.0,38.9,0.0
6573397383,DP0041,40.0,19.2,0.0
6573397384,DP0041,40.0,23.9,0.0
6573397385,DP0041,40.0,19.8,0.0
6573397386,DP0041,40.0,22.2,0.0
6573397387,DP0041,40.0,21.2,0.0
6573397388,DP0041,55.0,53.9,0.0
6573397389,DP0031,55.0,52.7,0.0
6573397390,DP0043,55.0,50.6,0.0
6573397391,DP0041,55.0,45.2,0.0
6573397392,DP0018,55.0,46.6,0.0
6573397393,DP0019,50.0,38.8,0.0
6573397394,DP0034,50.0,42.9,0.0
6573397395,DP0032,50.0,37.6,0.0
6573397396,DP0034,50.0,41.4,0.0
6573397397,DP0049,45.0,31.5,0.0
6573397398,DP0041,45.0,31.1,0.0
6573397399,DP0006,45.0,23.4,0.0
6573397400,DP0019,45.0,27.6,0.0
6573397401,DP0033,45.0,42.5,0.0
6573397402,,,,
6573397403,,,,
6573397404,,,,
6573397405,,,,
6573397406,,,,
6573397407,,,,
6573397408,DP0041,50.0,34.1,0.0
6573397409,DP0041,50.0,34.1,0.0
6573397410,DP0028,50.0,28.8,0.0
6573397411,DP0041,50.0,27.3,0.0
6573397412,DP0019,55.0,31.4,0.0
6573397413,DP0041,40.0,34.6,0.0
6573397414,DP0008,40.0,17.3,0.0
6573397415,DP0043,40.0,29.8,0.0
6573397416,DP0041,50.0,39.0,0.0
6573397417,DP0041,50.0,38.2,0.0
6573397418,DP0025,50.0,33.0,0.0
6573397419,DP0041,50.0,43.8,0.0
6573397420,DP0041,50.0,41.3,0.0
6573397421,DP0041,50.0,47.3,0.0
6573397422,DP0041,50.0,45.9,0.0
6573397423,DP0039,50.0,44.0,0.0
6573397424,DP0029,50.0,42.8,0.0
6573397425,DP0041,50.0,44.0,0.0
6573397426,DP0041,40.0,23.3,0.0
6573397427,DP0041,40.0,19.5,0.0
6573397428,DP0033,40.0,24.9,0.0
6573397429,DP0009,40.0,21.1,0.0
6573397430,DP0041,40.0,23.5,0.0
6573397431,DP0041,40.0,20.6,0.0
6573397432,DP0043,40.0,19.9,0.0
6573397433,DP0041,55.0,26.6,0.0
6573397434,DP0043,55.0,41.3,0.0
6573397435,DP0043,55.0,49.1,0.0
6573397436,DP0041,40.0,30.0,0.0
6573397437,DP0041,40.0,48.1,1.0
6573397438,DP0014,40.0,33.3,0.0
6573397439,DP0041,50.0,29.6,0.0
6573397440,DP0041,40.0,31.5,0.0
6573397441,DP0039,85.0,59.9,0.0
6573397442,DP0012,40.0,32.8,0.0
6573397443,DP0021,85.0,54.7,0.0
6573397444,DP0019,40.0,31.3,0.0
6573397445,DP0005,40.0,33.3,0.0
6573397446,DP0037,40.0,34.8,0.0
6573397447,DP0011,60.0,57.1,0.0
6573397448,DP0041,60.0,52.4,0.0
6573397449,DP0041,65.0,48.4,0.0
6573397450,DP0023,50.0,40.4,0.0
6573397451,DP0041,50.0,43.9,0.0
6573397452,DP0041,50.0,42.5,0.0
6573397453,DP0043,50.0,43.7,0.0
6573397454,DP0043,50.0,47.6,0.0
6573397455,DP0047,50.0,43.7,0.0
6573397456,DP0047,50.0,50.0,0.0
6573397457,DP0015,40.0,37.7,0.0
6573397458,DP0034,45.0,23.1,0.0
6573397459,DP0003,40.0,31.5,0.0
6573397460,DP0005,40.0,18.7,0.0
6573397461,DP0043,40.0,34.5,0.0
6573397462,DP0039,40.0,20.7,0.0
6573397463,DP0041,40.0,23.8,0.0
6573397464,DP0043,40.0,20.7,0.0
6573397465,DP0028,40.0,20.6,0.0
6573397466,DP0043,45.0,33.0,0.0
6573397467,DP0043,45.0,35.7,0.0
6573397468,DP0041,55.0,54.8,0.0
6573397469,DP0016,45.0,55.2,1.0
6573397470,DP0021,45.0,34.7,0.0
6573397471,DP0041,50.0,32.0,0.0
6573397472,DP0023,50.0,44.5,0.0
6573397473,DP0041,40.0,24.2,0.0
6573397474,DP0021,40.0,19.6,0.0
6573397475,DP0050,40.0,38.7,0.0
6573397476,DP0012,40.0,22.9,0.0
6573397477,DP0043,40.0,31.1,0.0
6573397478,DP0041,40.0,21.5,0.0
6573397479,DP0045,40.0,34.1,0.0
6573397480,DP0019,50.0,40.9,0.0
6573397481,DP0041,50.0,37.3,0.0
6573397482,DP0041,50.0,41.7,0.0
6573397483,DP0041,50.0,41.5,0.0
6573397484,DP0023,50.0,43.4,0.0
6573397485,DP0048,50.0,52.9,1.0
6573397486,DP0043,50.0,39.6,0.0
6573397487,DP0015,55.0,42.7,0.0
6573397488,DP0043,55.0,36.7,0.0
6573397489,DP0033,55.0,42.1,0.0
6573397490,DP0005,55.0,37.4,0.0
6573397491,DP0043,55.0,42.0,0.0
6573397492,DP0048,55.0,50.6,0.0
6573397493,DP0015,55.0,38.5,0.0
6573397494,DP0010,55.0,29.6,0.0
6573397495,DP0019,55.0,34.2,0.0
6573397496,DP0041,55.0,64.8,1.0
6573397497,DP0020,50.0,35.1,0.0
6573397498,DP0002,50.0,24.3,0.0
6573397499,DP0041,50.0,36.0,0.0
6573397500,DP0043,50.0,26.6,0.0
6573397501,DP0027,50.0,26.1,0.0
6573397502,DP0041,50.0,31.4,0.0
6573397503,DP0012,50.0,32.1,0.0
6573397504,DP0041,50.0,34.6,0.0
6573397505,DP0002,50.0,34.3,0.0
6573397506,DP0041,50.0,41.7,0.0
6573397507,DP0008,50.0,42.0,0.0
6573397508,DP0041,50.0,41.1,0.0
6573397509,DP0041,50.0,36.1,0.0
6573397510,DP0038,50.0,41.3,0.0
6573397511,DP0041,50.0,41.7,0.0
6573397512,DP0041,50.0,42.7,0.0
6573397513,DP0041,75.0,59.9,0.0
6573397514,DP0045,55.0,32.1,0.0
6573397515,DP0041,55.0,27.8,0.0
6573397516,DP0041,55.0,42.0,0.0
6573397517,DP0049,55.0,31.7,0.0
6573397518,DP0003,85.0,90.2,1.0
6573397519,DP0048,85.0,104.1,1.0
6573397520,DP0041,40.0,47.0,1.0
6573397521,DP0050,40.0,73.7,1.0
6573397522,DP0019,45.0,39.6,0.0
6573397523,DP0041,45.0,30.4,0.0
6573397524,DP0041,45.0,66.7,1.0
6573397525,DP0041,45.0,64.6,1.0
6573397526,DP0041,45.0,68.3,1.0
6573397527,DP0041,45.0,28.5,0.0
6573397528,DP0041,45.0,66.3,1.0
6573397529,DP0008,45.0,70.4,1.0
6573397530,DP0043,55.0,30.6,0.0
6573397531,DP0005,55.0,34.7,0.0
6573397532,DP0026,55.0,35.0,0.0
6573397533,DP0041,55.0,33.4,0.0
6573397534,DP0015,55.0,35.4,0.0
6573397535,DP0039,55.0,32.1,0.0
6573397536,DP0028,55.0,39.2,0.0
6573397537,DP0028,55.0,46.1,0.0
6573397538,DP0041,55.0,41.3,0.0
6573397539,DP0043,55.0,38.7,0.0
6573397540,DP0008,55.0,44.8,0.0
6573397541,DP0041,55.0,46.3,0.0
6573397542,DP0005,50.0,40.8,0.0
6573397543,DP0041,45.0,39.2,0.0
6573397544,DP0009,50.0,40.6,0.0
6573397545,DP0043,60.0,30.5,0.0
6573397546,DP0041,60.0,38.5,0.0
6573397547,DP0041,60.0,33.1,0.0
6573397548,DP0005,60.0,47.8,0.0
6573397549,DP0041,60.0,36.8,0.0
6573397550,DP0041,60.0,50.9,0.0
6573397551,DP0041,60.0,31.9,0.0
6573397552,DP0043,60.0,74.7,1.0
6573397553,DP0005,60.0,70.2,1.0
6573397554,DP0019,60.0,69.2,1.0
6573397555,DP0044,60.0,65.8,1.0
6573397556,DP0018,60.0,70.5,1.0
6573397557,DP0041,60.0,72.3,1.0
6573397558,DP0033,60.0,72.0,1.0
6573397559,DP0041,55.0,30.9,0.0
6573397560,DP0029,55.0,30.7,0.0
6573397561,DP0038,55.0,32.6,0.0
6573397562,DP0041,55.0,29.1,0.0
6573397563,DP0041,55.0,27.6,0.0
6573397564,DP0041,55.0,32.5,0.0
6573397565,DP0044,50.0,61.4,1.0
6573397566,DP0041,95.0,71.9,0.0
6573397567,DP0041,50.0,62.5,1.0
6573397568,DP0041,50.0,63.6,1.0
6573397569,DP0005,50.0,30.9,0.0
6573397570,DP0041,50.0,47.4,0.0
6573397571,DP0043,50.0,50.5,1.0
6573397572,DP0043,50.0,25.7,0.0
6573397573,DP0028,40.0,32.7,0.0
6573397574,DP0041,40.0,23.3,0.0
6573397575,DP0041,40.0,29.4,0.0
6573397576,DP0041,40.0,28.5,0.0
6573397577,DP0034,40.0,24.4,0.0
6573397578,DP0041,40.0,32.3,0.0
6573397579,DP0005,50.0,34.7,0.0
6573397580,DP0039,50.0,36.1,0.0
6573397581,DP0043,50.0,35.8,0.0
6573397582,DP0041,50.0,35.1,0.0
6573397583,DP0002,40.0,35.6,0.0
6573397584,DP0041,45.0,30.8,0.0
6573397585,DP0039,40.0,38.8,0.0
6573397586,DP0019,50.0,41.4,0.0
6573397587,DP0048,50.0,29.6,0.0
6573397588,DP0041,50.0,23.5,0.0
6573397589,DP0041,55.0,43.4,0.0
6573397590,DP0041,55.0,50.1,0.0
6573397591,DP0041,55.0,43.4,0.0
6573397592,DP0043,55.0,50.4,0.0
6573397593,DP0009,55.0,43.4,0.0
6573397594,DP0007,55.0,39.6,0.0
6573397595,DP0008,55.0,36.7,0.0
6573397596,DP0041,40.0,25.3,0.0
6573397597,DP0005,40.0,21.8,0.0
6573397598,DP0028,40.0,25.6,0.0
6573397599,DP0014,40.0,18.5,0.0
6573397600,DP0043,40.0,27.9,0.0
6573397601,DP0041,40.0,24.0,0.0
6573397602,DP0049,40.0,25.6,0.0
6573397603,DP0029,50.0,26.2,0.0
6573397604,DP0041,45.0,44.6,0.0
6573397605,DP0028,45.0,46.0,1.0
6573397606,DP0043,45.0,41.8,0.0
6573397607,DP0041,45.0,43.9,0.0
6573397608,DP0041,55.0,52.8,0.0
6573397609,DP0043,55.0,35.9,0.0
6573397610,DP0041,40.0,31.8,0.0
6573397611,DP0034,40.0,25.3,0.0
6573397612,DP0003,40.0,23.1,0.0
6573397613,DP0019,40.0,15.4,0.0
6573397614,DP0041,45.0,24.3,0.0
6573397615,DP0041,50.0,30.0,0.0
6573397616,DP0027,50.0,29.4,0.0
6573397617,DP0041,75.0,43.4,0.0
6573397618,DP0041,75.0,51.3,0.0
6573397619,DP0047,55.0,32.1,0.0
6573397620,DP0012,55.0,26.0,0.0
6573397621,DP0041,55.0,26.7,0.0
6573397622,DP0041,55.0,35.9,0.0
6573397623,DP0041,55.0,31.9,0.0
6573397624,DP0039,55.0,34.4,0.0
6573397625,DP0041,55.0,32.4,0.0
6573397626,DP0021,65.0,68.9,1.0
6573397627,DP0043,55.0,37.1,0.0
6573397628,DP0012,65.0,68.5,1.0
6573397629,DP0041,55.0,45.7,0.0
6573397630,DP0027,65.0,61.8,0.0
6573397631,DP0038,65.0,70.1,1.0
6573397632,DP0005,45.0,20.6,0.0
6573397633,DP0041,45.0,22.9,0.0
6573397634,DP0041,45.0,22.3,0.0
6573397635,DP0041,45.0,22.3,0.0
6573397636,DP0005,45.0,23.5,0.0
6573397637,DP0041,50.0,38.4,0.0
6573397638,DP0047,55.0,54.1,0.0
6573397639,DP0021,55.0,62.0,1.0
6573397640,DP0041,55.0,58.0,1.0
6573397641,DP0041,55.0,65.1,1.0
6573397642,DP0041,55.0,58.3,1.0
6573397643,DP0038,55.0,57.9,1.0
6573397644,DP0041,55.0,59.9,1.0
6573397645,DP0041,45.0,33.7,0.0
6573397646,DP0047,45.0,35.5,0.0
6573397647,DP0037,45.0,28.6,0.0
6573397648,DP0041,45.0,39.3,0.0
6573397649,DP0041,45.0,38.6,0.0
6573397650,DP0028,45.0,39.7,0.0
6573397651,DP0005,40.0,37.8,0.0
6573397652,DP0041,40.0,22.0,0.0
6573397653,DP0043,40.0,31.8,0.0
6573397654,DP0047,40.0,27.9,0.0
6573397655,DP0043,40.0,25.5,0.0
6573397656,DP0016,50.0,32.1,0.0
6573397657,DP0009,50.0,25.3,0.0
6573397658,DP0041,50.0,32.7,0.0
6573397659,DP0007,50.0,27.3,0.0
6573397660,DP0037,50.0,34.7,0.0
6573397661,DP0023,50.0,26.4,0.0
6573397662,DP0041,50.0,33.4,0.0
6573397663,DP0043,50.0,37.3,0.0
6573397664,DP0041,50.0,32.8,0.0
6573397665,DP0048,50.0,42.9,0.0
6573397666,DP0043,50.0,30.9,0.0
6573397667,DP0019,50.0,30.9,0.0
6573397668,DP0041,50.0,45.0,0.0
6573397669,DP0043,50.0,33.9,0.0
6573397670,DP0041,55.0,36.5,0.0
6573397671,DP0015,55.0,40.8,0.0
6573397672,DP0041,55.0,66.5,1.0
6573397673,DP0043,55.0,70.6,1.0
6573397674,DP0045,55.0,69.7,1.0
6573397675,DP0006,55.0,40.7,0.0
6573397676,DP0043,50.0,31.8,0.0
6573397677,DP0005,50.0,28.4,0.0
6573397678,DP0041,50.0,35.5,0.0
6573397679,DP0015,55.0,52.8,0.0
6573397680,DP0027,50.0,36.3,0.0
6573397681,DP0027,50.0,39.8,0.0
6573397682,DP0020,40.0,29.9,0.0
6573397683,DP0049,90.0,85.6,0.0
6573397684,DP0038,90.0,84.5,0.0
6573397685,DP0043,50.0,39.6,0.0
6573397686,DP0033,50.0,44.3,0.0
6573397687,DP0004,50.0,47.0,0.0
6573397688,DP0048,50.0,55.3,1.0
6573397689,DP0041,50.0,39.9,0.0
6573397690,DP0007,50.0,44.7,0.0
6573397691,DP0011,45.0,40.3,0.0
6573397692,DP0043,45.0,33.9,0.0
6573397693,DP0043,45.0,40.3,0.0
6573397694,DP0041,65.0,68.4,1.0
6573397695,DP0043,65.0,71.6,1.0
6573397696,DP0043,65.0,66.9,1.0
6573397697,DP0015,65.0,62.9,0.0
6573397698,DP0032,40.0,30.0,0.0
6573397699,DP0039,45.0,28.3,0.0
6573397700,DP0023,45.0,27.0,0.0
6573397701,DP0041,40.0,26.9,0.0
6573397702,DP0041,40.0,32.3,0.0
6573397703,DP0050,40.0,42.8,1.0
6573397704,DP0047,40.0,30.1,0.0
6573397705,DP0025,40.0,29.2,0.0
6573397706,DP0041,40.0,27.3,0.0
6573397707,DP0041,40.0,26.2,0.0
6573397708,DP0041,65.0,42.1,0.0
6573397709,DP0041,65.0,42.8,0.0
6573397710,DP0043,65.0,42.8,0.0
6573397711,DP0041,65.0,37.8,0.0
6573397712,DP0002,65.0,40.4,0.0
6573397713,DP0005,65.0,41.2,0.0
6573397714,DP0033,65.0,41.9,0.0
6573397715,DP0006,50.0,39.3,0.0
6573397716,DP0004,50.0,57.9,1.0
6573397717,DP0028,40.0,29.7,0.0
6573397718,DP0015,55.0,44.8,0.0
6573397719,DP0043,55.0,57.2,1.0
6573397720,DP0041,40.0,38.0,0.0
6573397721,DP0041,40.0,31.4,0.0
6573397722,DP0041,40.0,24.0,0.0
6573397723,DP0041,40.0,28.6,0.0
6573397724,DP0041,40.0,31.5,0.0
6573397725,DP0041,70.0,59.1,0.0
6573397726,DP0043,70.0,53.6,0.0
6573397727,DP0043,70.0,52.5,0.0
6573397728,DP0041,70.0,55.5,0.0
6573397729,DP0041,70.0,55.8,0.0
6573397730,DP0041,70.0,56.6,0.0
6573397731,DP0024,70.0,47.1,0.0
6573397732,DP0041,45.0,25.7,0.0
6573397733,DP0006,45.0,23.6,0.0
6573397734,DP0041,45.0,31.6,0.0
6573397735,DP0041,45.0,22.0,0.0
6573397736,DP0012,45.0,31.2,0.0
6573397737,DP0003,45.0,22.8,0.0
6573397738,DP0041,45.0,28.2,0.0
6573397739,DP0006,65.0,46.4,0.0
6573397740,DP0041,65.0,58.9,0.0
6573397741,DP0041,65.0,36.8,0.0
6573397742,DP0038,65.0,41.1,0.0
6573397743,DP0005,65.0,40.5,0.0
6573397744,DP0041,65.0,51.1,0.0
6573397745,DP0041,65.0,57.5,0.0
6573397746,DP0017,55.0,36.6,0.0
6573397747,DP0007,55.0,39.7,0.0
6573397748,DP0015,55.0,36.4,0.0
6573397749,DP0041,55.0,39.0,0.0
6573397750,DP0041,55.0,38.7,0.0
6573397751,DP0019,50.0,28.2,0.0
6573397752,DP0041,50.0,22.3,0.0
6573397753,DP0043,50.0,37.2,0.0
6573397754,DP0041,50.0,23.6,0.0
6573397755,DP0041,50.0,45.2,0.0
6573397756,DP0019,50.0,25.7,0.0
6573397757,DP0007,50.0,39.1,0.0
6573397758,DP0041,50.0,25.8,0.0
6573397759,DP0020,50.0,24.9,0.0
6573397760,DP0042,45.0,26.8,0.0
6573397761,DP0001,45.0,32.9,0.0
6573397762,DP0043,50.0,26.2,0.0
6573397763,DP0044,50.0,28.5,0.0
6573397764,DP0047,50.0,29.9,0.0
6573397765,DP0005,45.0,27.7,0.0
6573397766,DP0042,45.0,33.7,0.0
6573397767,DP0015,55.0,60.5,1.0
6573397768,DP0028,55.0,45.0,0.0
6573397769,DP0005,55.0,59.3,1.0
6573397770,DP0043,55.0,37.0,0.0
6573397771,DP0041,55.0,43.4,0.0
6573397772,DP0047,55.0,48.1,0.0
6573397773,DP0043,50.0,22.9,0.0
6573397774,DP0030,50.0,31.3,0.0
6573397775,DP0044,60.0,42.0,0.0
6573397776,DP0006,60.0,40.3,0.0
6573397777,DP0041,55.0,40.7,0.0
6573397778,DP0025,60.0,43.3,0.0
6573397779,DP0009,60.0,46.6,0.0
6573397780,DP0013,55.0,37.4,0.0
6573397781,DP0041,55.0,33.5,0.0
6573397782,DP0002,85.0,58.6,0.0
6573397783,DP0004,85.0,73.2,0.0
6573397784,DP0030,70.0,40.9,0.0
6573397785,DP0041,85.0,59.6,0.0
6573397786,DP0008,85.0,60.7,0.0
6573397787,DP0024,70.0,38.4,0.0
6573397788,DP0021,70.0,40.2,0.0
6573397789,DP0015,45.0,18.8,0.0
6573397790,DP0015,55.0,42.3,0.0
6573397791,DP0041,55.0,64.1,1.0
6573397792,DP0021,55.0,40.1,0.0
6573397793,DP0002,55.0,62.4,1.0
6573397794,DP0041,55.0,63.6,1.0
6573397795,DP0041,55.0,46.8,0.0
6573397796,DP0044,55.0,62.6,1.0
6573397797,DP0026,50.0,35.8,0.0
6573397798,DP0043,50.0,28.1,0.0
6573397799,DP0043,50.0,26.9,0.0
6573397800,DP0005,50.0,31.2,0.0
6573397801,DP0041,40.0,45.3,1.0
6573397802,DP0041,40.0,46.5,1.0
6573397803,DP0019,40.0,42.6,1.0
6573397804,DP0005,40.0,43.5,1.0
6573397805,DP0024,40.0,38.5,0.0
6573397806,DP0020,40.0,45.0,1.0
6573397807,DP0041,40.0,43.6,1.0
6573397808,DP0041,55.0,32.8,0.0
6573397809,DP0005,55.0,40.0,0.0
6573397810,DP0043,55.0,40.1,0.0
6573397811,DP0040,45.0,30.8,0.0
6573397812,DP0041,45.0,29.4,0.0
6573397813,DP0041,45.0,47.7,1.0
6573397814,DP0012,45.0,20.1,0.0
6573397815,DP0047,45.0,27.9,0.0
6573397816,DP0041,45.0,47.3,1.0
6573397817,DP0019,45.0,45.5,1.0
6573397818,DP0041,40.0,29.5,0.0
6573397819,DP0043,40.0,28.8,0.0
6573397820,DP0041,40.0,33.0,0.0
6573397821,DP0023,40.0,27.9,0.0
6573397822,DP0025,45.0,30.4,0.0
6573397823,DP0005,45.0,37.2,0.0
6573397824,DP0005,45.0,31.3,0.0
6573397825,DP0041,45.0,28.4,0.0
6573397826,DP0009,45.0,18.5,0.0
6573397827,DP0043,45.0,22.1,0.0
6573397828,DP0038,45.0,33.0,0.0
6573397829,DP0034,65.0,37.8,0.0
6573397830,DP0049,65.0,40.3,0.0
6573397831,DP0011,65.0,36.2,0.0
6573397832,DP0041,65.0,41.9,0.0
6573397833,DP0043,65.0,44.0,0.0
6573397834,DP0041,65.0,52.0,0.0
6573397835,DP0038,65.0,46.4,0.0
6573397836,DP0041,40.0,20.7,0.0
6573397837,DP0008,40.0,18.4,0.0
6573397838,DP0041,40.0,24.6,0.0
6573397839,DP0041,40.0,14.7,0.0
6573397840,DP0043,50.0,35.1,0.0
6573397841,DP0041,50.0,31.2,0.0
6573397842,DP0015,50.0,43.2,0.0
6573397843,DP0043,50.0,39.8,0.0
6573397844,DP0044,50.0,51.5,1.0
6573397845,DP0041,50.0,52.0,1.0
6573397846,DP0041,50.0,41.3,0.0
6573397847,DP0041,55.0,26.4,0.0
6573397848,DP0041,45.0,36.3,0.0
6573397849,DP0043,45.0,30.4,0.0
6573397850,DP0015,45.0,20.5,0.0
6573397851,DP0007,45.0,27.8,0.0
6573397852,DP0005,45.0,31.6,0.0
6573397853,DP0047,45.0,24.8,0.0
6573397854,DP0041,45.0,32.7,0.0
6573397855,DP0008,55.0,43.7,0.0
6573397856,DP0028,55.0,41.5,0.0
6573397857,DP0005,55.0,42.9,0.0
6573397858,DP0041,55.0,32.6,0.0
6573397859,DP0026,55.0,49.5,0.0
6573397860,DP0043,50.0,39.6,0.0
6573397861,DP0041,50.0,34.2,0.0
6573397862,DP0038,50.0,34.0,0.0
6573397863,DP0041,50.0,42.5,0.0
6573397864,DP0041,50.0,32.6,0.0
6573397865,DP0041,50.0,36.4,0.0
6573397866,DP0003,50.0,36.6,0.0
6573397867,DP0041,55.0,38.0,0.0
6573397868,DP0009,55.0,43.0,0.0
6573397869,DP0042,55.0,39.2,0.0
6573397870,DP0041,55.0,43.6,0.0
6573397871,DP0048,55.0,58.1,1.0
6573397872,DP0041,55.0,42.8,0.0
6573397873,DP0040,55.0,36.8,0.0
6573397874,DP0005,60.0,47.2,0.0
6573397875,DP0032,60.0,49.2,0.0
6573397876,DP0038,40.0,28.8,0.0
6573397877,DP0041,40.0,46.8,1.0
6573397878,DP0001,40.0,49.4,1.0
6573397879,DP0002,40.0,44.6,1.0
6573397880,DP0041,40.0,44.8,1.0
6573397881,DP0009,40.0,31.2,0.0
6573397882,DP0041,40.0,28.2,0.0
6573397883,DP0015,45.0,43.0,0.0
6573397884,DP0028,45.0,21.7,0.0
6573397885,DP0041,45.0,24.6,0.0
6573397886,DP0041,50.0,23.1,0.0
6573397887,DP0008,50.0,36.6,0.0
6573397888,DP0021,50.0,24.5,0.0
6573397889,DP0041,50.0,24.9,0.0
6573397890,DP0015,50.0,38.9,0.0
6573397891,DP0005,50.0,43.0,0.0
6573397892,DP0041,50.0,36.4,0.0
6573397893,DP0021,50.0,26.8,0.0
6573397894,DP0043,55.0,34.8,0.0
6573397895,DP0041,55.0,37.1,0.0
6573397896,DP0033,55.0,29.6,0.0
6573397897,DP0041,55.0,38.6,0.0
6573397898,DP0041,55.0,38.8,0.0
6573397899,DP0041,55.0,39.0,0.0
6573397900,DP0043,55.0,32.9,0.0
6573397901,DP0041,60.0,37.6,0.0
6573397902,DP0041,60.0,38.0,0.0
6573397903,DP0019,60.0,35.3,0.0
6573397904,DP0041,55.0,43.9,0.0
6573397905,DP0041,60.0,39.7,0.0
6573397906,DP0041,55.0,33.6,0.0
6573397907,DP0041,55.0,37.5,0.0
6573397908,DP0041,45.0,27.2,0.0
6573397909,DP0041,40.0,25.3,0.0
6573397910,DP0041,40.0,48.3,1.0
6573397911,DP0041,40.0,55.7,1.0
6573397912,DP0021,40.0,52.0,1.0
6573397913,DP0041,40.0,49.2,1.0
6573397914,DP0005,40.0,37.4,0.0
6573397915,DP0008,40.0,32.5,0.0
6573397916,DP0041,40.0,30.6,0.0
6573397917,DP0026,40.0,36.2,0.0
6573397918,DP0043,40.0,45.7,1.0
6573397919,DP0041,40.0,26.9,0.0
6573397920,DP0050,40.0,47.5,1.0
6573397921,DP0041,50.0,36.9,0.0
6573397922,DP0041,50.0,38.0,0.0
6573397923,DP0041,50.0,34.7,0.0
6573397924,DP0041,50.0,42.1,0.0
6573397925,DP0048,50.0,48.7,0.0
6573397926,DP0042,50.0,41.8,0.0
6573397927,DP0043,50.0,48.7,0.0
6573397928,DP0041,45.0,30.0,0.0
6573397929,DP0043,45.0,25.6,0.0
6573397930,DP0041,45.0,20.7,0.0
6573397931,DP0042,45.0,25.4,0.0
6573397932,DP0041,45.0,20.6,0.0
6573397933,DP0041,45.0,27.4,0.0
6573397934,DP0015,45.0,26.1,0.0
6573397935,DP0015,70.0,40.8,0.0
6573397936,DP0041,70.0,39.8,0.0
6573397937,DP0041,75.0,45.1,0.0
6573397938,DP0041,75.0,43.2,0.0
6573397939,DP0015,75.0,50.4,0.0
6573397940,DP0041,75.0,51.5,0.0
6573397941,DP0048,75.0,55.7,0.0
6573397942,DP0046,65.0,62.3,0.0
6573397943,DP0041,65.0,42.2,0.0
6573397944,DP0041,45.0,34.0,0.0
6573397945,DP0043,45.0,31.1,0.0
6573397946,DP0012,45.0,38.8,0.0
6573397947,DP0041,45.0,37.7,0.0
6573397948,DP0013,45.0,29.9,0.0
6573397949,DP0041,45.0,32.4,0.0
6573397950,DP0041,45.0,32.6,0.0
6573397951,DP0005,40.0,43.3,1.0
6573397952,DP0047,40.0,45.9,1.0
6573397953,DP0039,40.0,45.7,1.0
6573397954,DP0043,40.0,35.9,0.0
6573397955,DP0032,40.0,42.8,1.0
6573397956,DP0049,40.0,34.1,0.0
6573397957,DP0015,40.0,34.5,0.0
6573397958,DP0043,40.0,44.9,1.0
6573397959,DP0041,40.0,41.2,1.0
6573397960,DP0043,50.0,44.1,0.0
6573397961,DP0003,50.0,41.3,0.0
6573397962,DP0041,50.0,29.3,0.0
6573397963,DP0008,50.0,45.2,0.0
6573397964,DP0005,50.0,25.0,0.0
6573397965,DP0011,50.0,44.5,0.0
6573397966,DP0033,50.0,40.4,0.0
6573397967,DP0048,40.0,32.9,0.0
6573397968,DP0041,70.0,49.5,0.0
6573397969,DP0027,70.0,85.8,1.0
6573397970,DP0019,70.0,53.4,0.0
6573397971,DP0027,70.0,87.4,1.0
6573397972,DP0008,70.0,49.2,0.0
6573397973,DP0043,70.0,84.0,1.0
6573397974,DP0033,55.0,40.1,0.0
6573397975,DP0009,40.0,24.1,0.0
6573397976,DP0019,40.0,43.1,1.0
6573397977,DP0041,40.0,22.5,0.0
6573397978,DP0021,40.0,16.6,0.0
6573397979,DP0041,40.0,29.1,0.0
6573397980,DP0041,40.0,21.6,0.0
6573397981,DP0008,40.0,36.3,0.0
6573397982,DP0002,40.0,25.8,0.0
6573397983,DP0041,40.0,43.7,1.0
6573397984,DP0043,40.0,23.6,0.0
6573397985,DP0019,40.0,19.7,0.0
6573397986,DP0049,40.0,39.0,0.0
6573397987,DP0041,40.0,21.7,0.0
6573397988,DP0048,40.0,37.7,0.0
6573397989,DP0042,50.0,28.3,0.0
6573397990,DP0005,50.0,37.2,0.0
6573397991,DP0041,75.0,47.3,0.0
6573397992,DP0026,60.0,43.1,0.0
6573397993,DP0002,60.0,41.7,0.0
6573397994,DP0041,60.0,40.8,0.0
6573397995,DP0041,60.0,42.2,0.0
6573397996,DP0041,60.0,37.1,0.0
6573397997,DP0023,60.0,37.1,0.0
6573397998,DP0041,45.0,40.4,0.0
6573397999,DP0043,45.0,42.0,0.0
6573398000,DP0039,45.0,24.8,0.0
6573398001,DP0005,45.0,54.4,1.0
6573398002,DP0041,45.0,51.4,1.0
6573398003,DP0041,40.0,26.0,0.0
6573398004,DP0041,50.0,42.1,0.0
6573398005,DP0028,40.0,24.6,0.0
6573398006,DP0041,40.0,24.9,0.0
6573398007,DP0041,40.0,27.9,0.0
6573398008,DP0018,50.0,71.6,1.0
6573398009,DP0032,45.0,31.3,0.0
6573398010,DP0041,45.0,36.8,0.0
6573398011,DP0032,45.0,34.9,0.0
6573398012,DP0041,45.0,34.2,0.0
6573398013,DP0041,45.0,29.0,0.0
6573398014,DP0021,45.0,31.5,0.0
6573398015,DP0041,45.0,31.1,0.0
6573398016,DP0005,45.0,27.0,0.0
6573398017,DP0047,45.0,30.0,0.0
6573398018,DP0045,45.0,31.7,0.0
6573398019,DP0041,55.0,54.2,0.0
6573398020,DP0041,55.0,49.4,0.0
6573398021,DP0041,55.0,47.8,0.0
6573398022,DP0041,45.0,37.4,0.0
6573398023,DP0019,45.0,37.5,0.0
6573398024,DP0041,45.0,37.8,0.0
6573398025,DP0043,50.0,42.1,0.0
6573398026,DP0041,50.0,28.7,0.0
6573398027,DP0041,65.0,44.8,0.0
6573398028,DP0008,50.0,36.8,0.0
6573398029,DP0038,50.0,39.7,0.0
6573398030,DP0041,55.0,43.7,0.0
6573398031,DP0041,55.0,43.1,0.0
6573398032,DP0037,45.0,24.2,0.0
6573398033,DP0021,45.0,30.1,0.0
6573398034,DP0026,65.0,62.3,0.0
6573398035,DP0041,50.0,57.7,1.0
6573398036,DP0028,50.0,28.2,0.0
6573398037,DP0023,55.0,28.7,0.0
6573398038,DP0041,50.0,35.4,0.0
6573398039,DP0034,55.0,39.6,0.0
6573398040,DP0043,55.0,36.9,0.0
6573398041,DP0029,55.0,37.9,0.0
6573398042,DP0043,55.0,40.5,0.0
6573398043,DP0043,60.0,40.6,0.0
6573398044,DP0049,55.0,36.4,0.0
6573398045,DP0041,50.0,31.3,0.0
6573398046,DP0041,55.0,42.8,0.0
6573398047,DP0025,50.0,30.0,0.0
6573398048,DP0038,55.0,74.0,1.0
6573398049,DP0041,55.0,68.1,1.0
6573398050,DP0021,55.0,69.6,1.0
6573398051,DP0039,55.0,66.9,1.0
6573398052,DP0015,55.0,69.6,1.0
6573398053,DP0043,55.0,69.3,1.0
6573398054,DP0041,55.0,73.1,1.0
6573398055,DP0008,55.0,40.4,0.0
6573398056,DP0029,40.0,34.5,0.0
6573398057,DP0005,40.0,22.8,0.0
6573398058,DP0046,40.0,38.6,0.0
6573398059,DP0041,40.0,22.8,0.0
6573398060,DP0017,40.0,27.8,0.0
6573398061,DP0012,40.0,25.1,0.0
6573398062,DP0015,40.0,28.9,0.0
6573398063,DP0041,40.0,26.7,0.0
6573398064,DP0041,60.0,34.4,0.0
6573398065,DP0043,55.0,38.1,0.0
6573398066,DP0005,45.0,26.2,0.0
6573398067,DP0009,45.0,25.6,0.0
6573398068,DP0015,45.0,25.9,0.0
6573398069,DP0043,45.0,27.1,0.0
6573398070,DP0013,45.0,23.8,0.0
6573398071,DP0043,55.0,60.6,1.0
6573398072,DP0043,55.0,59.1,1.0
6573398073,DP0041,55.0,58.3,1.0
6573398074,DP0020,55.0,61.6,1.0
6573398075,DP0041,55.0,60.0,1.0
6573398076,DP0028,55.0,59.1,1.0
6573398077,DP0002,55.0,57.1,1.0
6573398078,DP0028,90.0,81.5,0.0
6573398079,DP0005,50.0,34.8,0.0
6573398080,DP0007,50.0,30.7,0.0
6573398081,DP0047,50.0,25.1,0.0
6573398082,DP0041,50.0,32.3,0.0
6573398083,DP0039,65.0,52.3,0.0
6573398084,DP0041,45.0,26.1,0.0
6573398085,DP0008,65.0,53.8,0.0
6573398086,DP0041,45.0,26.5,0.0
6573398087,DP0015,40.0,31.4,0.0
6573398088,DP0027,40.0,30.6,0.0
6573398089,DP0013,40.0,31.5,0.0
6573398090,DP0041,40.0,29.0,0.0
6573398091,DP0044,50.0,35.7,0.0
6573398092,DP0041,40.0,34.1,0.0
6573398093,DP0019,40.0,31.1,0.0
6573398094,DP0019,40.0,33.7,0.0
6573398095,DP0041,50.0,47.1,0.0
6573398096,DP0013,55.0,33.3,0.0
6573398097,DP0049,55.0,44.0,0.0
6573398098,DP0041,55.0,44.1,0.0
6573398099,DP0041,55.0,39.5,0.0
6573398100,DP0041,55.0,43.8,0.0
6573398101,DP0041,55.0,46.0,0.0
6573398102,DP0021,55.0,41.2,0.0
6573398103,DP0041,55.0,51.0,0.0
6573398104,DP0041,45.0,30.4,0.0
6573398105,DP0006,40.0,24.4,0.0
6573398106,DP0041,40.0,22.7,0.0
6573398107,DP0041,40.0,20.5,0.0
6573398108,DP0041,40.0,17.8,0.0
6573398109,DP0039,40.0,17.2,0.0
6573398110,DP0027,40.0,26.2,0.0
6573398111,DP0008,40.0,21.1,0.0
6573398112,DP0041,50.0,23.6,0.0
6573398113,DP0041,50.0,36.9,0.0
6573398114,DP0028,55.0,44.1,0.0
6573398115,DP0034,55.0,42.8,0.0
6573398116,DP0005,50.0,51.5,1.0
6573398117,DP0021,60.0,41.2,0.0
6573398118,DP0032,65.0,58.4,0.0
6573398119,DP0041,45.0,29.2,0.0
6573398120,DP0041,55.0,45.6,0.0
6573398121,DP0041,50.0,37.6,0.0
6573398122,DP0043,50.0,41.2,0.0
6573398123,DP0009,50.0,37.9,0.0
6573398124,DP0027,50.0,39.7,0.0
6573398125,DP0026,65.0,60.7,0.0
6573398126,DP0041,65.0,59.2,0.0
6573398127,DP0041,65.0,59.6,0.0
6573398128,DP0023,65.0,58.2,0.0
6573398129,DP0041,65.0,59.9,0.0
6573398130,DP0041,65.0,57.9,0.0
6573398131,DP0029,65.0,58.3,0.0
6573398132,DP0018,50.0,26.4,0.0
6573398133,DP0045,65.0,57.0,0.0
6573398134,DP0050,40.0,34.9,0.0
6573398135,DP0007,50.0,51.4,1.0
6573398136,DP0041,50.0,28.4,0.0
6573398137,DP0041,70.0,57.8,0.0
6573398138,DP0019,50.0,55.6,1.0
6573398139,DP0043,50.0,56.0,1.0
6573398140,DP0041,50.0,52.3,1.0
6573398141,DP0041,50.0,56.6,1.0
6573398142,DP0041,50.0,53.7,1.0
6573398143,DP0041,50.0,52.3,1.0
6573398144,DP0041,45.0,22.0,0.0
6573398145,DP0041,45.0,24.6,0.0
6573398146,DP0022,45.0,26.6,0.0
6573398147,DP0041,45.0,23.6,0.0
6573398148,DP0024,45.0,25.2,0.0
6573398149,DP0016,45.0,24.5,0.0
6573398150,DP0043,45.0,23.1,0.0
6573398151,DP0047,40.0,20.7,0.0
6573398152,DP0005,40.0,19.5,0.0
6573398153,DP0019,40.0,21.9,0.0
6573398154,DP0041,40.0,20.2,0.0
6573398155,DP0008,40.0,21.8,0.0
6573398156,DP0041,40.0,20.1,0.0
6573398157,DP0041,40.0,17.4,0.0
6573398158,DP0041,40.0,26.7,0.0
6573398159,DP0041,40.0,25.3,0.0
6573398160,DP0011,40.0,24.1,0.0
6573398161,DP0041,40.0,27.6,0.0
6573398162,DP0044,70.0,49.9,0.0
6573398163,DP0008,50.0,51.0,1.0
6573398164,DP0026,45.0,45.6,1.0
6573398165,DP0041,55.0,30.3,0.0
6573398166,DP0041,45.0,31.1,0.0
6573398167,DP0041,50.0,44.9,0.0
6573398168,DP0026,50.0,40.3,0.0
6573398169,DP0047,50.0,43.8,0.0
6573398170,DP0007,50.0,39.2,0.0
6573398171,DP0041,50.0,37.8,0.0
6573398172,DP0041,50.0,37.7,0.0
6573398173,DP0005,55.0,40.4,0.0
6573398174,DP0034,55.0,57.6,1.0
6573398175,DP0043,55.0,36.4,0.0
6573398176,DP0019,40.0,27.0,0.0
6573398177,DP0043,65.0,61.7,0.0
6573398178,DP0015,50.0,23.9,0.0
6573398179,DP0015,40.0,30.0,0.0
6573398180,DP0041,50.0,33.0,0.0
6573398181,DP0018,55.0,52.4,0.0
6573398182,DP0041,40.0,22.6,0.0
6573398183,DP0041,40.0,23.9,0.0
6573398184,DP0021,40.0,24.4,0.0
6573398185,DP0014,40.0,22.2,0.0
6573398186,DP0041,40.0,24.8,0.0
6573398187,DP0050,40.0,40.7,1.0
6573398188,DP0043,40.0,25.2,0.0
6573398189,DP0034,55.0,38.6,0.0
6573398190,DP0043,40.0,53.1,1.0
6573398191,DP0031,45.0,24.9,0.0
6573398192,DP0015,60.0,38.9,0.0
6573398193,DP0033,50.0,36.2,0.0
6573398194,DP0015,55.0,52.3,0.0
6573398195,DP0019,55.0,45.3,0.0
6573398196,DP0005,55.0,44.5,0.0
6573398197,DP0041,55.0,48.5,0.0
6573398198,DP0037,55.0,45.9,0.0
6573398199,DP0027,55.0,44.2,0.0
6573398200,DP0043,55.0,45.6,0.0
6573398201,DP0041,50.0,34.7,0.0
6573398202,DP0048,55.0,55.4,1.0
6573398203,DP0049,50.0,40.4,0.0
6573398204,DP0050,50.0,51.9,1.0
6573398205,DP0015,55.0,42.3,0.0
6573398206,DP0041,60.0,51.2,0.0
6573398207,DP0005,40.0,24.7,0.0
6573398208,DP0043,45.0,48.3,1.0
6573398209,DP0046,65.0,52.6,0.0
6573398210,DP0041,55.0,35.4,0.0
6573398211,DP0041,55.0,35.8,0.0
6573398212,DP0025,45.0,24.8,0.0
6573398213,DP0041,45.0,26.3,0.0
6573398214,DP0005,45.0,13.5,0.0
6573398215,DP0026,50.0,23.5,0.0
6573398216,DP0041,40.0,32.2,0.0
6573398217,DP0021,50.0,42.9,0.0
6573398218,DP0005,50.0,40.5,0.0
6573398219,DP0041,50.0,41.2,0.0
6573398220,DP0041,50.0,34.9,0.0
6573398221,DP0002,50.0,39.1,0.0
6573398222,DP0001,50.0,41.9,0.0
6573398223,DP0019,50.0,44.0,0.0
6573398224,DP0043,50.0,29.8,0.0
6573398225,DP0015,50.0,40.1,0.0
6573398226,DP0048,50.0,55.7,1.0
6573398227,DP0041,50.0,37.9,0.0
6573398228,DP0041,50.0,42.5,0.0
6573398229,DP0041,50.0,42.6,0.0
6573398230,DP0013,50.0,36.4,0.0
6573398231,DP0041,50.0,36.3,0.0
6573398232,DP0041,45.0,30.6,0.0
6573398233,DP0041,65.0,44.8,0.0
6573398234,DP0041,60.0,40.1,0.0
6573398235,DP0041,40.0,33.7,0.0
6573398236,DP0041,50.0,35.8,0.0
6573398237,DP0041,50.0,31.4,0.0
6573398238,DP0029,65.0,47.9,0.0
6573398239,DP0034,50.0,37.2,0.0
6573398240,DP0041,50.0,33.7,0.0
6573398241,DP0012,50.0,33.0,0.0
6573398242,DP0007,50.0,33.3,0.0
6573398243,DP0041,50.0,34.7,0.0
6573398244,DP0007,50.0,33.5,0.0
6573398245,DP0005,50.0,34.0,0.0
6573398246,DP0044,60.0,50.7,0.0
6573398247,DP0041,40.0,38.8,0.0
6573398248,DP0041,40.0,32.3,0.0
6573398249,DP0043,40.0,33.1,0.0
6573398250,DP0041,40.0,35.7,0.0
6573398251,DP0015,40.0,35.2,0.0
6573398252,DP0008,40.0,30.1,0.0
6573398253,DP0044,40.0,36.3,0.0
6573398254,DP0008,50.0,13.4,0.0
6573398255,DP0043,65.0,69.9,1.0
6573398256,DP0009,55.0,33.6,0.0
6573398257,DP0041,40.0,29.6,0.0
6573398258,DP0041,55.0,36.6,0.0
6573398259,DP0041,40.0,16.2,0.0
6573398260,DP0041,65.0,34.8,0.0
6573398261,DP0005,65.0,36.5,0.0
6573398262,DP0041,65.0,30.9,0.0
6573398263,DP0015,45.0,24.5,0.0
6573398264,DP0021,60.0,51.1,0.0
6573398265,DP0043,90.0,68.4,0.0
6573398266,DP0026,65.0,42.5,0.0
6573398267,DP0041,90.0,74.4,0.0
6573398268,DP0015,45.0,60.8,1.0
6573398269,DP0041,45.0,32.8,0.0
6573398270,DP0021,50.0,28.6,0.0
6573398271,DP0041,60.0,37.4,0.0
6573398272,DP0017,40.0,24.3,0.0
6573398273,DP0002,45.0,30.1,0.0
6573398274,DP0005,65.0,48.9,0.0
6573398275,DP0042,45.0,25.4,0.0
6573398276,DP0043,55.0,44.4,0.0
6573398277,DP0042,55.0,42.0,0.0
6573398278,DP0001,55.0,36.6,0.0
6573398279,DP0041,55.0,39.2,0.0
6573398280,DP0001,55.0,39.8,0.0
6573398281,DP0041,60.0,39.8,0.0
6573398282,DP0011,55.0,32.1,0.0
6573398283,DP0043,85.0,65.0,0.0
6573398284,DP0021,50.0,23.4,0.0
6573398285,DP0013,50.0,25.1,0.0
6573398286,DP0035,45.0,32.6,0.0
6573398287,DP0041,60.0,36.5,0.0
6573398288,DP0041,40.0,31.5,0.0
6573398289,DP0041,45.0,24.1,0.0
6573398290,DP0021,50.0,25.1,0.0
6573398291,DP0023,45.0,32.9,0.0
6573398292,DP0005,55.0,38.3,0.0
6573398293,DP0044,55.0,52.3,0.0
6573398294,DP0003,50.0,23.9,0.0
6573398295,DP0043,75.0,46.0,0.0
6573398296,DP0041,55.0,39.7,0.0
6573398297,DP0002,55.0,36.1,0.0
6573398298,DP0041,80.0,46.9,0.0
6573398299,DP0013,40.0,21.0,0.0
6573398300,DP0037,40.0,25.1,0.0
6573398301,DP0012,60.0,63.9,1.0
6573398302,DP0041,50.0,30.3,0.0
6573398303,DP0041,50.0,27.8,0.0
6573398304,DP0015,50.0,33.0,0.0
6573398305,DP0043,50.0,27.2,0.0
6573398306,DP0043,50.0,29.8,0.0
6573398307,DP0006,50.0,33.0,0.0
6573398308,DP0041,50.0,33.1,0.0
6573398309,DP0033,40.0,28.2,0.0
6573398310,DP0043,55.0,43.4,0.0
6573398311,DP0026,50.0,25.3,0.0
6573398312,DP0019,45.0,18.3,0.0
6573398313,DP0005,45.0,22.4,0.0
6573398314,DP0041,40.0,26.5,0.0
6573398315,DP0046,50.0,54.7,1.0
6573398316,DP0041,60.0,82.8,1.0
6573398317,DP0041,60.0,82.2,1.0
6573398318,DP0043,60.0,83.0,1.0
6573398319,DP0048,60.0,93.0,1.0
6573398320,DP0041,50.0,24.1,0.0
6573398321,DP0041,45.0,37.7,0.0
6573398322,DP0041,45.0,23.7,0.0
6573398323,DP0041,50.0,69.3,1.0
6573398324,DP0046,45.0,67.0,1.0
6573398325,DP0041,40.0,23.4,0.0
6573398326,DP0041,40.0,41.7,1.0
6573398327,DP0008,40.0,42.0,1.0
6573398328,DP0010,40.0,42.2,1.0
6573398329,DP0043,40.0,37.4,0.0
6573398330,DP0026,60.0,45.9,0.0
6573398331,DP0041,40.0,20.4,0.0
6573398332,DP0041,45.0,26.8,0.0
6573398333,DP0008,40.0,25.6,0.0
6573398334,DP0041,65.0,66.2,1.0
6573398335,DP0019,65.0,63.0,0.0
6573398336,DP0041,65.0,70.1,1.0
6573398337,DP0007,65.0,70.0,1.0
6573398338,DP0041,60.0,47.0,0.0
6573398339,DP0048,45.0,32.6,0.0
6573398340,DP0041,50.0,57.7,1.0
6573398341,DP0028,60.0,41.4,0.0
6573398342,DP0041,55.0,43.7,0.0
6573398343,DP0041,50.0,40.9,0.0
6573398344,DP0029,85.0,71.4,0.0
6573398345,DP0046,55.0,46.7,0.0
6573398346,DP0034,55.0,42.0,0.0
6573398347,DP0041,55.0,39.8,0.0
6573398348,DP0041,55.0,43.8,0.0
6573398349,DP0041,55.0,40.5,0.0
6573398350,DP0028,55.0,41.3,0.0
6573398351,DP0005,55.0,35.8,0.0
6573398352,DP0049,40.0,22.2,0.0
6573398353,DP0041,40.0,27.8,0.0
6573398354,DP0041,40.0,28.6,0.0
6573398355,DP0005,40.0,32.2,0.0
6573398356,DP0043,45.0,29.8,0.0
6573398357,DP0019,55.0,40.6,0.0
6573398358,DP0048,70.0,58.8,0.0
6573398359,DP0043,40.0,23.8,0.0
6573398360,DP0015,40.0,25.5,0.0
6573398361,DP0015,40.0,28.6,0.0
6573398362,DP0041,40.0,24.6,0.0
6573398363,DP0007,40.0,23.2,0.0
6573398364,DP0041,40.0,37.0,0.0
6573398365,DP0008,40.0,34.2,0.0
6573398366,DP0005,40.0,32.6,0.0
6573398367,DP0041,40.0,36.1,0.0
6573398368,DP0043,40.0,34.7,0.0
6573398369,DP0009,55.0,42.5,0.0
6573398370,DP0030,45.0,25.5,0.0
6573398371,DP0041,45.0,29.6,0.0
6573398372,DP0041,55.0,39.6,0.0
6573398373,DP0015,55.0,38.4,0.0
6573398374,DP0002,55.0,43.2,0.0
6573398375,DP0006,55.0,40.9,0.0
6573398376,DP0045,40.0,28.7,0.0
6573398377,DP0005,55.0,48.8,0.0
6573398378,DP0002,40.0,25.2,0.0
6573398379,DP0041,50.0,34.7,0.0
6573398380,DP0041,40.0,28.4,0.0
6573398381,DP0026,40.0,29.2,0.0
6573398382,DP0043,55.0,45.9,0.0
6573398383,DP0019,50.0,35.3,0.0
6573398384,DP0043,45.0,39.9,0.0
6573398385,DP0041,45.0,31.1,0.0
6573398386,DP0008,45.0,26.0,0.0
6573398387,DP0043,45.0,27.7,0.0
6573398388,DP0041,45.0,24.6,0.0
6573398389,DP0043,65.0,59.3,0.0
6573398390,DP0021,50.0,19.0,0.0
6573398391,DP0049,60.0,36.7,0.0
6573398392,DP0041,50.0,33.0,0.0
6573398393,DP0041,50.0,20.6,0.0
6573398394,DP0028,55.0,39.0,0.0
6573398395,DP0041,45.0,26.5,0.0
6573398396,DP0041,60.0,50.9,0.0
6573398397,DP0041,40.0,15.2,0.0
6573398398,DP0043,45.0,22.3,0.0
6573398399,DP0011,45.0,44.3,0.0
6573398400,DP0018,50.0,26.2,0.0
6573398401,DP0022,70.0,49.3,0.0
6573398402,DP0047,40.0,19.6,0.0
6573398403,DP0043,45.0,39.1,0.0
6573398404,DP0041,50.0,25.1,0.0
6573398405,DP0041,40.0,19.9,0.0
6573398406,DP0041,55.0,45.6,0.0
6573398407,DP0041,45.0,26.1,0.0
6573398408,DP0043,50.0,26.1,0.0
6573398409,DP0008,85.0,80.6,0.0
6573398410,DP0011,65.0,38.0,0.0
6573398411,DP0041,50.0,20.8,0.0
6573398412,DP0047,50.0,27.5,0.0
6573398413,DP0021,40.0,31.8,0.0
6573398414,DP0041,40.0,21.6,0.0
6573398415,DP0003,75.0,54.8,0.0
6573398416,DP0041,55.0,33.1,0.0
6573398417,DP0006,50.0,27.7,0.0
6573398418,DP0044,50.0,46.6,0.0
6573398419,DP0041,70.0,54.0,0.0
6573398420,DP0050,70.0,61.9,0.0
6573398421,DP0045,70.0,50.4,0.0
6573398422,DP0041,70.0,50.4,0.0
6573398423,DP0044,70.0,47.6,0.0
6573398424,DP0021,70.0,50.4,0.0
6573398425,DP0041,70.0,52.2,0.0
6573398426,DP0008,45.0,24.9,0.0
6573398427,DP0041,60.0,42.3,0.0
6573398428,DP0003,40.0,29.5,0.0
6573398429,DP0015,45.0,22.1,0.0
6573398430,DP0015,55.0,46.5,0.0
6573398431,DP0048,55.0,62.5,1.0
6573398432,DP0041,55.0,43.7,0.0
6573398433,DP0041,55.0,39.5,0.0
6573398434,DP0019,55.0,42.3,0.0
6573398435,DP0002,45.0,27.7,0.0
6573398436,DP0041,45.0,24.7,0.0
6573398437,DP0028,40.0,30.7,0.0
6573398438,DP0041,40.0,30.6,0.0
6573398439,DP0015,75.0,53.2,0.0
6573398440,DP0047,40.0,20.0,0.0
6573398441,DP0043,40.0,31.5,0.0
6573398442,DP0041,40.0,23.7,0.0
6573398443,DP0041,40.0,36.3,0.0
6573398444,DP0041,85.0,62.0,0.0
6573398445,DP0024,40.0,29.0,0.0
6573398446,DP0041,45.0,30.9,0.0
6573398447,DP0047,45.0,24.1,0.0
6573398448,DP0015,60.0,44.9,0.0
6573398449,DP0041,75.0,52.1,0.0
6573398450,DP0014,45.0,23.8,0.0
6573398451,DP0041,45.0,19.6,0.0
6573398452,DP0007,45.0,26.4,0.0
6573398453,DP0041,45.0,26.3,0.0
6573398454,DP0041,45.0,23.7,0.0
6573398455,DP0008,45.0,23.0,0.0
6573398456,DP0019,45.0,23.1,0.0
6573398457,DP0041,55.0,31.0,0.0
6573398458,DP0041,75.0,32.7,0.0
6573398459,DP0047,75.0,71.0,0.0
6573398460,DP0015,45.0,25.6,0.0
6573398461,DP0007,50.0,31.8,0.0
6573398462,DP0041,45.0,27.2,0.0
6573398463,DP0041,70.0,42.3,0.0
6573398464,DP0043,55.0,36.3,0.0
6573398465,DP0015,60.0,44.3,0.0
6573398466,DP0041,45.0,34.9,0.0
6573398467,DP0041,55.0,34.2,0.0
6573398468,DP0042,55.0,44.8,0.0
6573398469,DP0008,50.0,28.0,0.0
6573398470,DP0005,55.0,71.4,1.0
6573398471,DP0041,40.0,26.8,0.0
6573398472,DP0041,45.0,34.5,0.0
6573398473,DP0026,50.0,50.3,1.0
6573398474,DP0033,50.0,23.1,0.0
6573398475,DP0048,40.0,32.8,0.0
6573398476,DP0041,65.0,42.7,0.0
6573398477,DP0041,55.0,53.2,0.0
6573398478,DP0005,40.0,44.7,1.0
6573398479,DP0041,45.0,29.5,0.0
6573398480,DP0003,45.0,31.6,0.0
6573398481,DP0016,45.0,30.7,0.0
6573398482,DP0041,45.0,26.7,0.0
6573398483,DP0041,45.0,31.2,0.0
6573398484,DP0034,45.0,33.6,0.0
6573398485,DP0041,45.0,32.8,0.0
6573398486,DP0041,50.0,52.7,1.0
6573398487,DP0008,60.0,36.8,0.0
6573398488,DP0041,60.0,34.3,0.0
6573398489,DP0041,50.0,20.5,0.0
6573398490,DP0037,50.0,31.0,0.0
6573398491,DP0005,55.0,43.1,0.0
6573398492,DP0020,90.0,65.8,0.0
6573398493,DP0041,90.0,62.2,0.0
6573398494,DP0041,60.0,38.9,0.0
6573398495,DP0002,40.0,49.0,1.0
6573398496,DP0004,40.0,64.7,1.0
6573398497,DP0043,40.0,51.6,1.0
6573398498,DP0018,40.0,47.2,1.0
6573398499,DP0019,40.0,20.5,0.0
6573398500,DP0041,40.0,17.6,0.0
6573398501,DP0041,40.0,18.7,0.0
6573398502,DP0030,40.0,20.5,0.0
6573398503,DP0039,40.0,18.3,0.0
6573398504,DP0041,40.0,18.9,0.0
6573398505,DP0019,40.0,20.1,0.0
6573398506,DP0041,45.0,33.7,0.0
6573398507,DP0025,45.0,31.5,0.0
6573398508,DP0043,45.0,32.9,0.0
6573398509,DP0028,45.0,32.8,0.0
6573398510,DP0023,45.0,31.4,0.0
6573398511,DP0043,45.0,32.4,0.0
6573398512,DP0041,45.0,33.5,0.0
6573398513,DP0021,50.0,35.8,0.0
6573398514,DP0046,50.0,50.3,1.0
6573398515,DP0041,50.0,31.6,0.0
6573398516,DP0043,50.0,23.8,0.0
6573398517,DP0048,40.0,21.7,0.0
6573398518,DP0041,50.0,38.2,0.0
6573398519,DP0043,50.0,33.0,0.0
6573398520,DP0015,50.0,43.5,0.0
6573398521,,,,
6573398522,,,,
6573398523,,,,
6573398524,,,,
6573398525,,,,
6573398526,,,,
6573398527,,,,
6573398528,DP0041,55.0,38.7,0.0
6573398529,DP0041,50.0,36.3,0.0
6573398530,DP0041,50.0,39.8,0.0
6573398531,DP0032,50.0,42.4,0.0
6573398532,DP0049,55.0,28.1,0.0
6573398533,DP0043,50.0,24.5,0.0
6573398534,DP0043,55.0,58.6,1.0
6573398535,DP0005,50.0,32.6,0.0
6573398536,DP0005,50.0,36.6,0.0
6573398537,DP0041,50.0,34.5,0.0
6573398538,DP0043,50.0,31.9,0.0
6573398539,DP0002,50.0,33.6,0.0
6573398540,DP0027,50.0,30.9,0.0
6573398541,DP0047,50.0,35.4,0.0
6573398542,DP0041,40.0,24.1,0.0
6573398543,DP0043,45.0,57.5,1.0
6573398544,DP0027,40.0,25.9,0.0
6573398545,DP0002,55.0,50.9,0.0
6573398546,DP0026,40.0,31.4,0.0
6573398547,DP0041,40.0,23.2,0.0
6573398548,DP0043,45.0,25.7,0.0
6573398549,DP0005,50.0,40.1,0.0
6573398550,DP0007,50.0,30.0,0.0
6573398551,DP0041,55.0,38.3,0.0
6573398552,DP0005,40.0,20.8,0.0
6573398553,DP0041,50.0,34.7,0.0
6573398554,DP0005,50.0,73.3,1.0
6573398555,DP0046,40.0,47.7,1.0
6573398556,DP0027,50.0,46.8,0.0
6573398557,DP0008,55.0,43.9,0.0
6573398558,DP0002,50.0,43.0,0.0
6573398559,DP0043,45.0,39.2,0.0
6573398560,DP0041,45.0,35.4,0.0
6573398561,DP0024,45.0,37.5,0.0
6573398562,DP0014,45.0,31.5,0.0
6573398563,DP0041,50.0,50.1,1.0
6573398564,DP0041,55.0,36.8,0.0
6573398565,DP0005,45.0,28.0,0.0
6573398566,DP0043,50.0,30.9,0.0
6573398567,DP0037,65.0,80.7,1.0
6573398568,DP0041,65.0,51.8,0.0
6573398569,DP0041,65.0,53.7,0.0
6573398570,DP0033,65.0,51.3,0.0
6573398571,DP0041,65.0,53.8,0.0
6573398572,DP0043,65.0,53.4,0.0
6573398573,DP0043,65.0,51.4,0.0
6573398574,DP0028,40.0,20.2,0.0
6573398575,DP0011,40.0,19.0,0.0
6573398576,DP0041,40.0,20.9,0.0
6573398577,DP0046,40.0,33.5,0.0
6573398578,DP0041,65.0,45.4,0.0
6573398579,DP0041,55.0,47.6,0.0
6573398580,DP0040,40.0,20.1,0.0
6573398581,DP0038,55.0,31.9,0.0
6573398582,DP0043,60.0,37.2,0.0
6573398583,DP0047,50.0,28.6,0.0
6573398584,DP0005,65.0,53.5,0.0
6573398585,DP0041,65.0,55.9,0.0
6573398586,DP0043,65.0,54.3,0.0
6573398587,DP0041,65.0,53.2,0.0
6573398588,DP0043,50.0,23.3,0.0
6573398589,DP0012,50.0,26.0,0.0
6573398590,DP0021,55.0,38.9,0.0
6573398591,DP0009,50.0,30.1,0.0
6573398592,DP0048,65.0,59.5,0.0
6573398593,DP0038,50.0,56.4,1.0
6573398594,DP0041,45.0,42.9,0.0
6573398595,DP0002,45.0,41.2,0.0
6573398596,DP0041,45.0,40.2,0.0
6573398597,DP0041,50.0,40.2,0.0
6573398598,DP0043,40.0,32.8,0.0
6573398599,DP0004,40.0,42.5,1.0
6573398600,DP0036,50.0,42.6,0.0
6573398601,DP0015,50.0,41.5,0.0
6573398602,DP0008,40.0,28.9,0.0
6573398603,DP0002,65.0,68.1,1.0
6573398604,DP0006,50.0,47.5,0.0
6573398605,DP0041,40.0,20.7,0.0
6573398606,DP0005,40.0,33.8,0.0
6573398607,DP0002,60.0,52.4,0.0
6573398608,DP0043,45.0,28.0,0.0
6573398609,DP0041,45.0,23.3,0.0
6573398610,DP0012,45.0,24.4,0.0
6573398611,DP0012,50.0,33.7,0.0
6573398612,DP0028,45.0,36.9,0.0
6573398613,DP0041,40.0,27.2,0.0
6573398614,DP0041,50.0,39.3,0.0
6573398615,DP0041,50.0,40.0,0.0
6573398616,DP0041,50.0,44.2,0.0
6573398617,DP0005,50.0,40.4,0.0
6573398618,DP0043,50.0,39.3,0.0
6573398619,DP0043,50.0,37.7,0.0
6573398620,DP0027,50.0,37.6,0.0
6573398621,DP0023,40.0,17.4,0.0
6573398622,DP0041,55.0,33.7,0.0
6573398623,DP0015,45.0,71.9,1.0
6573398624,DP0041,55.0,36.2,0.0
6573398625,DP0041,55.0,38.0,0.0
6573398626,DP0041,55.0,35.5,0.0
6573398627,DP0033,55.0,40.2,0.0
6573398628,DP0050,50.0,53.1,1.0
6573398629,DP0005,50.0,39.4,0.0
6573398630,DP0005,40.0,17.5,0.0
6573398631,DP0041,40.0,28.2,0.0
6573398632,DP0041,40.0,28.2,0.0
6573398633,DP0002,50.0,40.2,0.0
6573398634,DP0005,50.0,37.1,0.0
6573398635,DP0043,50.0,33.6,0.0
6573398636,DP0007,50.0,35.4,0.0
6573398637,DP0041,50.0,31.2,0.0
6573398638,DP0041,50.0,31.2,0.0
6573398639,DP0041,50.0,33.8,0.0
6573398640,DP0005,40.0,19.3,0.0
6573398641,DP0028,50.0,42.4,0.0
6573398642,DP0005,50.0,36.7,0.0
6573398643,DP0041,50.0,40.1,0.0
6573398644,DP0037,50.0,32.5,0.0
6573398645,DP0019,50.0,24.7,0.0
6573398646,DP0043,45.0,38.0,0.0
6573398647,DP0027,40.0,42.1,1.0
6573398648,DP0026,60.0,44.3,0.0
6573398649,DP0044,60.0,42.0,0.0
6573398650,DP0015,60.0,38.5,0.0
6573398651,DP0019,60.0,39.9,0.0
6573398652,DP0043,55.0,38.2,0.0
6573398653,DP0025,50.0,28.8,0.0
6573398654,DP0005,55.0,33.2,0.0
6573398655,DP0041,55.0,35.8,0.0
6573398656,DP0002,55.0,38.9,0.0
6573398657,DP0043,55.0,40.9,0.0
6573398658,DP0041,55.0,36.3,0.0
6573398659,DP0041,55.0,38.3,0.0
6573398660,DP0041,50.0,35.0,0.0
6573398661,DP0013,60.0,49.6,0.0
6573398662,DP0002,50.0,34.0,0.0
6573398663,DP0007,50.0,37.3,0.0
6573398664,DP0041,50.0,40.3,0.0
6573398665,DP0027,50.0,37.6,0.0
6573398666,DP0041,50.0,38.7,0.0
6573398667,DP0036,50.0,38.9,0.0
6573398668,DP0002,50.0,35.4,0.0
6573398669,DP0041,65.0,42.0,0.0
6573398670,DP0038,45.0,28.3,0.0
6573398671,DP0041,65.0,71.9,1.0
6573398672,DP0039,65.0,44.2,0.0
6573398673,DP0038,40.0,35.0,0.0
6573398674,DP0041,40.0,36.6,0.0
6573398675,DP0049,40.0,36.2,0.0
6573398676,DP0005,55.0,63.8,1.0
6573398677,DP0050,45.0,39.0,0.0
6573398678,DP0041,40.0,51.2,1.0
6573398679,DP0043,40.0,34.0,0.0
6573398680,DP0041,40.0,35.7,0.0
6573398681,DP0005,40.0,41.4,1.0
6573398682,DP0039,40.0,32.9,0.0
6573398683,DP0037,40.0,37.8,0.0
6573398684,DP0019,40.0,32.9,0.0
6573398685,DP0041,40.0,36.3,0.0
6573398686,DP0043,40.0,36.3,0.0
6573398687,DP0041,65.0,51.2,0.0
6573398688,DP0041,65.0,56.7,0.0
6573398689,DP0008,65.0,54.6,0.0
6573398690,DP0041,65.0,57.2,0.0
6573398691,DP0043,65.0,51.9,0.0
6573398692,DP0025,50.0,29.7,0.0
6573398693,DP0041,65.0,54.1,0.0
6573398694,DP0038,40.0,20.6,0.0
6573398695,DP0041,40.0,22.2,0.0
6573398696,DP0047,40.0,20.6,0.0
6573398697,DP0002,40.0,16.1,0.0
6573398698,DP0008,40.0,19.1,0.0
6573398699,DP0019,40.0,20.5,0.0
6573398700,DP0019,40.0,18.7,0.0
6573398701,DP0041,55.0,34.9,0.0
6573398702,DP0041,55.0,40.2,0.0
6573398703,DP0043,55.0,36.4,0.0
6573398704,DP0033,60.0,37.2,0.0
6573398705,DP0043,40.0,28.7,0.0
6573398706,DP0002,40.0,23.4,0.0
6573398707,DP0003,40.0,25.9,0.0
6573398708,DP0015,40.0,25.2,0.0
6573398709,DP0005,50.0,38.6,0.0
6573398710,DP0041,50.0,38.9,0.0
6573398711,DP0041,50.0,24.8,0.0
6573398712,DP0034,45.0,20.8,0.0
6573398713,DP0039,45.0,26.4,0.0
6573398714,DP0033,40.0,32.3,0.0
6573398715,DP0036,45.0,44.6,0.0
6573398716,DP0020,45.0,48.6,1.0
6573398717,DP0019,45.0,40.5,0.0
6573398718,DP0041,45.0,42.8,0.0
6573398719,DP0015,85.0,80.8,0.0
6573398720,DP0032,60.0,49.6,0.0
6573398721,DP0010,55.0,33.9,0.0
6573398722,DP0041,55.0,36.4,0.0
6573398723,DP0007,55.0,34.1,0.0
6573398724,DP0041,60.0,48.1,0.0
6573398725,DP0041,60.0,38.6,0.0
6573398726,DP0041,60.0,45.2,0.0
6573398727,DP0043,60.0,44.7,0.0
6573398728,DP0029,50.0,46.9,0.0
6573398729,DP0026,50.0,26.5,0.0
6573398730,DP0019,40.0,35.0,0.0
6573398731,DP0043,50.0,47.2,0.0
6573398732,DP0043,45.0,41.2,0.0
6573398733,DP0015,40.0,24.1,0.0
6573398734,DP0038,50.0,30.7,0.0
6573398735,DP0050,50.0,35.7,0.0
6573398736,DP0041,50.0,37.5,0.0
6573398737,DP0041,50.0,32.5,0.0
6573398738,DP0043,50.0,31.9,0.0
6573398739,DP0041,50.0,29.3,0.0
6573398740,DP0041,50.0,41.9,0.0
6573398741,DP0041,40.0,29.7,0.0
6573398742,DP0005,45.0,30.1,0.0
6573398743,DP0010,40.0,25.0,0.0
6573398744,DP0041,55.0,38.2,0.0
6573398745,DP0005,40.0,30.7,0.0
6573398746,DP0021,50.0,24.4,0.0
6573398747,DP0005,45.0,38.9,0.0
6573398748,DP0001,60.0,45.1,0.0
6573398749,DP0041,55.0,45.9,0.0
6573398750,DP0022,55.0,36.9,0.0
6573398751,DP0003,40.0,28.5,0.0
6573398752,DP0031,40.0,29.8,0.0
6573398753,DP0040,45.0,37.6,0.0
6573398754,DP0041,65.0,50.5,0.0
6573398755,DP0043,45.0,31.0,0.0
6573398756,DP0041,50.0,42.5,0.0
6573398757,DP0043,50.0,30.4,0.0
6573398758,DP0031,65.0,55.4,0.0
6573398759,DP0041,65.0,58.0,0.0
6573398760,DP0041,45.0,27.1,0.0
6573398761,DP0041,75.0,45.1,0.0
6573398762,DP0041,45.0,30.8,0.0
6573398763,DP0030,50.0,32.6,0.0
6573398764,DP0039,55.0,53.5,0.0
6573398765,DP0019,45.0,26.2,0.0
6573398766,DP0026,50.0,40.4,0.0
6573398767,DP0015,50.0,38.0,0.0
6573398768,DP0043,50.0,42.6,0.0
6573398769,DP0041,50.0,44.8,0.0
6573398770,DP0039,50.0,40.7,0.0
6573398771,DP0044,50.0,39.1,0.0
6573398772,DP0041,50.0,38.4,0.0
6573398773,DP0007,55.0,61.7,1.0
6573398774,DP0005,60.0,57.4,0.0
6573398775,DP0041,55.0,38.6,0.0
6573398776,DP0043,45.0,19.3,0.0
6573398777,DP0005,45.0,33.1,0.0
6573398778,DP0041,50.0,28.0,0.0
6573398779,DP0027,45.0,40.1,0.0
6573398780,DP0041,75.0,53.1,0.0
6573398781,DP0041,50.0,38.2,0.0
6573398782,DP0041,50.0,35.4,0.0
6573398783,DP0013,50.0,42.0,0.0
6573398784,DP0045,60.0,49.8,0.0
6573398785,DP0019,50.0,37.3,0.0
6573398786,DP0005,55.0,41.0,0.0
6573398787,DP0044,60.0,46.3,0.0
6573398788,DP0026,50.0,21.5,0.0
6573398789,DP0041,50.0,32.0,0.0
6573398790,DP0041,50.0,35.3,0.0
6573398791,DP0043,50.0,34.5,0.0
6573398792,DP0025,50.0,35.7,0.0
6573398793,DP0038,50.0,36.6,0.0
6573398794,DP0043,50.0,34.3,0.0
6573398795,DP0019,50.0,29.9,0.0
6573398796,DP0043,55.0,38.9,0.0
6573398797,DP0041,40.0,30.8,0.0
6573398798,DP0041,55.0,36.3,0.0
6573398799,DP0041,50.0,32.0,0.0
6573398800,DP0041,50.0,28.5,0.0
6573398801,DP0041,40.0,23.6,0.0
6573398802,DP0017,45.0,29.0,0.0
6573398803,DP0019,45.0,27.8,0.0
6573398804,DP0041,45.0,26.3,0.0
6573398805,DP0028,45.0,29.0,0.0
6573398806,DP0019,45.0,27.3,0.0
6573398807,DP0005,45.0,29.6,0.0
6573398808,DP0047,45.0,26.9,0.0
6573398809,DP0036,50.0,34.4,0.0
6573398810,DP0041,40.0,20.7,0.0
6573398811,DP0041,65.0,48.3,0.0
6573398812,DP0008,55.0,34.2,0.0
6573398813,DP0041,40.0,34.7,0.0
6573398814,DP0041,90.0,63.4,0.0
6573398815,DP0007,55.0,43.8,0.0
6573398816,DP0008,55.0,47.2,0.0
6573398817,DP0043,55.0,45.3,0.0
6573398818,DP0009,55.0,44.8,0.0
6573398819,DP0026,55.0,39.6,0.0
6573398820,DP0041,55.0,49.0,0.0
6573398821,DP0019,55.0,44.7,0.0
6573398822,DP0041,55.0,36.6,0.0
6573398823,DP0015,50.0,38.5,0.0
6573398824,DP0041,40.0,11.0,0.0
6573398825,DP0002,45.0,41.3,0.0
6573398826,DP0041,45.0,39.4,0.0
6573398827,DP0041,45.0,38.5,0.0
6573398828,DP0041,45.0,38.9,0.0
6573398829,DP0006,45.0,38.3,0.0
6573398830,DP0043,45.0,38.2,0.0
6573398831,DP0032,45.0,42.8,0.0
6573398832,DP0043,50.0,34.0,0.0
6573398833,DP0017,40.0,19.9,0.0
6573398834,DP0041,40.0,24.9,0.0
6573398835,DP0041,45.0,27.7,0.0
6573398836,DP0005,45.0,29.5,0.0
6573398837,DP0041,45.0,31.0,0.0
6573398838,DP0041,45.0,30.1,0.0
6573398839,DP0047,45.0,31.6,0.0
6573398840,DP0018,45.0,31.0,0.0
6573398841,DP0019,45.0,27.4,0.0
6573398842,DP0041,60.0,32.0,0.0
6573398843,DP0041,55.0,45.6,0.0
6573398844,DP0043,55.0,44.2,0.0
6573398845,DP0018,55.0,43.8,0.0
6573398846,DP0009,55.0,41.6,0.0
6573398847,DP0008,55.0,41.1,0.0
6573398848,DP0005,55.0,48.2,0.0
6573398849,DP0041,55.0,41.2,0.0
6573398850,DP0005,50.0,20.5,0.0
6573398851,DP0026,55.0,33.7,0.0
6573398852,DP0005,55.0,34.1,0.0
6573398853,DP0043,50.0,48.7,0.0
6573398854,DP0041,50.0,38.7,0.0
6573398855,DP0043,50.0,48.5,0.0
6573398856,DP0047,45.0,41.9,0.0
6573398857,DP0029,40.0,23.9,0.0
6573398858,DP0041,40.0,27.1,0.0
6573398859,DP0005,40.0,24.3,0.0
6573398860,DP0021,40.0,22.6,0.0
6573398861,DP0019,40.0,24.0,0.0
6573398862,DP0041,40.0,21.2,0.0
6573398863,DP0043,40.0,26.9,0.0
6573398864,DP0015,45.0,40.0,0.0
6573398865,DP0005,40.0,80.8,1.0
6573398866,DP0041,60.0,55.9,0.0
6573398867,DP0005,40.0,33.8,0.0
6573398868,DP0041,40.0,34.6,0.0
6573398869,DP0043,40.0,34.8,0.0
6573398870,DP0041,40.0,31.1,0.0
6573398871,DP0041,40.0,32.0,0.0
6573398872,DP0033,40.0,36.7,0.0
6573398873,DP0015,40.0,35.9,0.0
6573398874,DP0041,55.0,51.1,0.0
6573398875,DP0005,50.0,36.5,0.0
6573398876,DP0005,40.0,27.9,0.0
6573398877,DP0041,85.0,53.9,0.0
6573398878,DP0041,65.0,44.1,0.0
6573398879,DP0003,40.0,25.1,0.0
6573398880,DP0041,60.0,39.5,0.0
6573398881,DP0041,75.0,50.8,0.0
6573398882,DP0041,55.0,38.7,0.0
6573398883,DP0012,50.0,34.4,0.0
6573398884,DP0041,50.0,30.6,0.0
6573398885,DP0041,50.0,25.0,0.0
6573398886,DP0027,50.0,28.5,0.0
6573398887,DP0019,50.0,30.5,0.0
6573398888,DP0041,55.0,40.1,0.0
6573398889,DP0005,65.0,55.1,0.0
6573398890,DP0005,45.0,44.1,0.0
6573398891,DP0041,45.0,47.5,1.0
6573398892,DP0028,45.0,43.5,0.0
6573398893,DP0008,50.0,52.3,1.0
6573398894,DP0002,45.0,43.4,0.0
6573398895,DP0015,55.0,50.2,0.0
6573398896,DP0043,50.0,29.3,0.0
6573398897,DP0043,40.0,21.8,0.0
6573398898,DP0043,40.0,23.2,0.0
6573398899,DP0041,40.0,22.4,0.0
6573398900,DP0043,40.0,24.7,0.0
6573398901,DP0041,40.0,25.4,0.0
6573398902,DP0012,50.0,33.9,0.0
6573398903,DP0039,45.0,52.4,1.0
6573398904,DP0049,45.0,26.3,0.0
6573398905,DP0002,50.0,29.1,0.0
6573398906,DP0041,50.0,22.7,0.0
6573398907,DP0041,50.0,20.3,0.0
6573398908,DP0024,50.0,26.1,0.0
6573398909,DP0041,50.0,22.6,0.0
6573398910,DP0041,65.0,32.0,0.0
6573398911,DP0039,75.0,42.7,0.0
6573398912,DP0043,75.0,46.4,0.0
6573398913,DP0041,75.0,43.0,0.0
6573398914,DP0041,75.0,48.6,0.0
6573398915,DP0009,75.0,43.9,0.0
6573398916,DP0011,65.0,43.7,0.0
6573398917,DP0043,65.0,68.2,1.0
6573398918,DP0019,40.0,31.8,0.0
6573398919,DP0041,55.0,41.8,0.0
6573398920,DP0014,55.0,37.0,0.0
6573398921,DP0041,55.0,40.1,0.0
6573398922,DP0043,55.0,40.8,0.0
6573398923,DP0043,50.0,42.6,0.0
6573398924,DP0038,55.0,38.7,0.0
6573398925,DP0042,75.0,53.4,0.0
6573398926,DP0010,40.0,25.0,0.0
6573398927,DP0027,55.0,29.9,0.0
6573398928,DP0019,60.0,33.5,0.0
6573398929,DP0049,50.0,22.8,0.0
6573398930,DP0005,85.0,50.6,0.0
6573398931,DP0043,65.0,64.0,0.0
6573398932,DP0043,65.0,66.4,1.0
6573398933,DP0019,65.0,62.2,0.0
6573398934,DP0041,65.0,62.9,0.0
6573398935,DP0041,65.0,65.9,1.0
6573398936,DP0041,65.0,67.2,1.0
6573398937,DP0020,85.0,60.1,0.0
6573398938,DP0041,50.0,32.2,0.0
6573398939,DP0041,50.0,30.4,0.0
6573398940,DP0043,50.0,34.5,0.0
6573398941,DP0007,50.0,32.8,0.0
6573398942,DP0039,50.0,35.2,0.0
6573398943,DP0041,50.0,30.8,0.0
6573398944,DP0014,50.0,31.9,0.0
6573398945,DP0041,50.0,34.5,0.0
6573398946,DP0041,50.0,31.4,0.0
6573398947,DP0041,55.0,38.7,0.0
6573398948,DP0006,50.0,31.4,0.0
6573398949,DP0043,50.0,34.0,0.0
6573398950,DP0041,50.0,28.5,0.0
6573398951,DP0041,50.0,36.7,0.0
6573398952,DP0005,50.0,30.7,0.0
6573398953,DP0006,50.0,30.6,0.0
6573398954,DP0034,55.0,72.3,1.0
6573398955,DP0041,55.0,69.2,1.0
6573398956,DP0041,55.0,75.2,1.0
6573398957,DP0041,55.0,73.2,1.0
6573398958,DP0043,55.0,71.2,1.0
6573398959,DP0019,55.0,72.1,1.0
6573398960,DP0046,55.0,86.1,1.0
6573398961,DP0019,80.0,48.3,0.0
6573398962,DP0005,45.0,21.3,0.0
6573398963,DP0041,45.0,20.4,0.0
6573398964,DP0043,45.0,25.6,0.0
6573398965,DP0041,45.0,25.8,0.0
6573398966,DP0041,45.0,23.0,0.0
6573398967,DP0043,45.0,20.6,0.0
6573398968,DP0041,45.0,25.2,0.0
6573398969,DP0041,55.0,50.9,0.0
6573398970,DP0041,55.0,27.9,0.0
6573398971,DP0026,55.0,31.8,0.0
6573398972,DP0041,55.0,28.7,0.0
6573398973,DP0041,55.0,31.7,0.0
6573398974,DP0041,55.0,29.3,0.0
6573398975,DP0018,55.0,31.5,0.0
6573398976,DP0043,40.0,18.2,0.0
6573398977,DP0015,55.0,43.5,0.0
6573398978,DP0041,65.0,49.2,0.0
6573398979,DP0042,40.0,30.6,0.0
6573398980,DP0016,65.0,51.8,0.0
6573398981,DP0041,55.0,32.4,0.0
6573398982,DP0002,50.0,24.1,0.0
6573398983,DP0041,55.0,28.2,0.0
6573398984,DP0041,65.0,60.4,0.0
6573398985,DP0041,55.0,33.9,0.0
6573398986,DP0025,55.0,35.3,0.0
6573398987,DP0041,55.0,40.2,0.0
6573398988,DP0041,55.0,34.1,0.0
6573398989,DP0038,55.0,35.4,0.0
6573398990,DP0002,55.0,32.2,0.0
6573398991,DP0008,55.0,30.6,0.0
6573398992,DP0043,50.0,47.1,0.0
6573398993,DP0041,50.0,47.3,0.0
6573398994,DP0004,50.0,64.2,1.0
6573398995,DP0041,50.0,44.9,0.0
6573398996,DP0043,50.0,44.5,0.0
6573398997,DP0036,50.0,42.2,0.0
6573398998,DP0015,50.0,40.5,0.0
6573398999,DP0050,50.0,42.7,0.0
6573399000,DP0041,50.0,36.1,0.0
6573399001,DP0047,45.0,26.6,0.0
6573399002,DP0030,55.0,39.9,0.0
6573399003,DP0015,55.0,33.7,0.0
6573399004,DP0014,55.0,36.4,0.0
6573399005,DP0038,40.0,30.9,0.0
6573399006,DP0005,50.0,32.5,0.0
6573399007,DP0030,65.0,41.7,0.0
6573399008,DP0041,45.0,16.6,0.0
6573399009,DP0041,75.0,42.0,0.0
6573399010,DP0041,65.0,50.1,0.0
6573399011,DP0041,45.0,58.9,1.0
6573399012,DP0005,60.0,41.3,0.0
6573399013,DP0041,50.0,24.9,0.0
6573399014,DP0007,50.0,23.6,0.0
6573399015,DP0041,50.0,23.2,0.0
6573399016,DP0041,50.0,22.4,0.0
6573399017,DP0041,50.0,28.4,0.0
6573399018,DP0041,50.0,29.1,0.0
6573399019,DP0041,50.0,52.4,1.0
6573399020,DP0015,50.0,53.7,1.0
6573399021,DP0028,50.0,51.6,1.0
6573399022,DP0043,50.0,50.8,1.0
6573399023,DP0043,40.0,37.3,0.0
6573399024,DP0015,40.0,18.0,0.0
6573399025,DP0041,40.0,41.5,1.0
6573399026,DP0041,50.0,29.2,0.0
6573399027,DP0043,50.0,45.4,0.0
6573399028,DP0041,55.0,44.1,0.0
6573399029,DP0024,65.0,48.5,0.0
6573399030,DP0048,40.0,39.6,0.0
6573399031,DP0041,40.0,24.2,0.0
6573399032,DP0041,40.0,25.0,0.0
6573399033,DP0047,40.0,31.0,0.0
6573399034,DP0041,40.0,21.4,0.0
6573399035,DP0047,40.0,27.2,0.0
6573399036,DP0041,40.0,25.4,0.0
6573399037,DP0005,55.0,47.1,0.0
6573399038,DP0004,55.0,59.5,1.0
6573399039,DP0041,55.0,30.9,0.0
6573399040,DP0041,55.0,47.5,0.0
6573399041,DP0043,45.0,33.0,0.0
6573399042,DP0043,50.0,37.9,0.0
6573399043,DP0041,50.0,41.6,0.0
6573399044,DP0041,50.0,36.8,0.0
6573399045,DP0041,50.0,35.3,0.0
6573399046,DP0041,65.0,47.6,0.0
6573399047,DP0043,65.0,42.4,0.0
6573399048,DP0007,65.0,49.2,0.0
6573399049,DP0041,65.0,46.7,0.0
6573399050,DP0028,65.0,49.2,0.0
6573399051,DP0041,65.0,38.4,0.0
6573399052,DP0041,65.0,44.0,0.0
6573399053,DP0048,65.0,59.5,0.0
6573399054,DP0028,55.0,33.3,0.0
6573399055,DP0041,55.0,35.3,0.0
6573399056,DP0046,55.0,47.9,0.0
6573399057,DP0041,55.0,37.6,0.0
6573399058,DP0008,55.0,33.0,0.0
6573399059,DP0008,45.0,51.0,1.0
6573399060,DP0003,60.0,47.0,0.0
6573399061,DP0039,60.0,49.7,0.0
6573399062,DP0009,60.0,45.7,0.0
6573399063,DP0005,60.0,47.2,0.0
6573399064,DP0008,60.0,47.7,0.0
6573399065,DP0008,60.0,46.1,0.0
6573399066,DP0020,60.0,48.5,0.0
6573399067,DP0041,50.0,31.6,0.0
6573399068,DP0041,45.0,26.4,0.0
6573399069,DP0041,50.0,38.7,0.0
6573399070,DP0007,55.0,40.1,0.0
6573399071,DP0043,50.0,43.9,0.0
6573399072,DP0041,55.0,42.7,0.0
6573399073,DP0041,55.0,35.7,0.0
6573399074,DP0041,55.0,35.1,0.0
6573399075,DP0019,55.0,34.9,0.0
6573399076,DP0015,55.0,34.3,0.0
6573399077,DP0007,55.0,30.2,0.0
6573399078,DP0047,55.0,30.2,0.0
6573399079,DP0005,55.0,30.3,0.0
6573399080,DP0043,60.0,39.2,0.0
6573399081,DP0041,45.0,27.1,0.0
6573399082,DP0009,40.0,26.6,0.0
6573399083,DP0005,40.0,43.0,1.0
6573399084,DP0043,50.0,32.7,0.0
6573399085,DP0041,55.0,28.4,0.0
6573399086,DP0042,55.0,74.0,1.0
6573399087,DP0008,50.0,53.9,1.0
6573399088,DP0028,80.0,60.0,0.0
6573399089,DP0048,70.0,193.5,1.0
6573399090,DP0008,70.0,186.9,1.0
6573399091,DP0024,65.0,50.4,0.0
6573399092,DP0041,55.0,41.2,0.0
6573399093,DP0043,60.0,42.1,0.0
6573399094,DP0041,45.0,21.8,0.0
6573399095,DP0043,50.0,29.9,0.0
6573399096,DP0005,40.0,47.0,1.0
6573399097,DP0043,60.0,67.7,1.0
6573399098,DP0041,40.0,28.2,0.0
6573399099,DP0019,65.0,35.3,0.0
6573399100,DP0041,40.0,28.6,0.0
6573399101,DP0041,40.0,26.3,0.0
6573399102,DP0033,40.0,29.9,0.0
6573399103,DP0005,40.0,23.6,0.0
6573399104,DP0043,40.0,28.8,0.0
6573399105,DP0041,40.0,26.2,0.0
6573399106,DP0041,40.0,26.7,0.0
6573399107,DP0041,55.0,38.1,0.0
6573399108,DP0041,45.0,45.0,1.0
6573399109,DP0019,50.0,22.0,0.0
6573399110,,,,
6573399111,DP0036,40.0,32.0,0.0
6573399112,DP0041,50.0,29.7,0.0
6573399113,DP0041,50.0,46.6,0.0
6573399114,DP0041,50.0,33.1,0.0
6573399115,DP0019,60.0,48.8,0.0
6573399116,DP0041,55.0,29.1,0.0
6573399117,DP0043,55.0,26.4,0.0
6573399118,DP0043,55.0,32.0,0.0
6573399119,DP0016,55.0,32.8,0.0
6573399120,DP0008,55.0,31.6,0.0
6573399121,DP0041,55.0,56.0,1.0
6573399122,DP0041,55.0,51.2,0.0
6573399123,DP0019,55.0,53.2,0.0
6573399124,DP0015,55.0,50.1,0.0
6573399125,DP0041,50.0,25.6,0.0
6573399126,DP0043,50.0,33.2,0.0
6573399127,DP0003,50.0,23.2,0.0
6573399128,DP0045,50.0,24.9,0.0
6573399129,DP0023,55.0,33.8,0.0
6573399130,DP0041,70.0,52.4,0.0
6573399131,DP0019,40.0,33.8,0.0
6573399132,DP0041,55.0,32.2,0.0
6573399133,DP0009,50.0,31.2,0.0
6573399134,DP0024,40.0,21.9,0.0
6573399135,DP0041,40.0,18.8,0.0
6573399136,DP0047,40.0,18.1,0.0
6573399137,DP0005,40.0,20.9,0.0
6573399138,DP0013,40.0,18.4,0.0
6573399139,DP0041,40.0,20.4,0.0
6573399140,DP0041,40.0,17.5,0.0
6573399141,DP0049,40.0,34.8,0.0
6573399142,DP0017,40.0,34.4,0.0
6573399143,DP0019,40.0,35.3,0.0
6573399144,DP0041,40.0,37.8,0.0
6573399145,DP0005,50.0,35.6,0.0
6573399146,DP0043,55.0,32.2,0.0
6573399147,DP0041,50.0,30.5,0.0
6573399148,DP0041,50.0,27.4,0.0
6573399149,DP0041,50.0,32.3,0.0
6573399150,DP0023,50.0,23.3,0.0
6573399151,DP0005,50.0,35.8,0.0
6573399152,DP0005,45.0,32.7,0.0
6573399153,DP0041,55.0,33.8,0.0
6573399154,DP0041,50.0,26.9,0.0
6573399155,DP0030,45.0,64.2,1.0
6573399156,DP0033,40.0,27.5,0.0
6573399157,DP0039,70.0,43.8,0.0
6573399158,DP0026,45.0,25.6,0.0
6573399159,DP0041,45.0,29.2,0.0
6573399160,DP0008,45.0,31.5,0.0
6573399161,DP0041,45.0,33.0,0.0
6573399162,DP0041,50.0,30.4,0.0
6573399163,DP0008,55.0,32.4,0.0
6573399164,DP0041,60.0,53.6,0.0
6573399165,DP0008,50.0,35.3,0.0
6573399166,DP0006,40.0,28.1,0.0
6573399167,DP0043,50.0,34.6,0.0
6573399168,DP0041,50.0,40.9,0.0
6573399169,DP0041,50.0,40.8,0.0
6573399170,DP0041,50.0,45.0,0.0
6573399171,DP0016,55.0,32.3,0.0
6573399172,DP0041,55.0,37.2,0.0
6573399173,DP0041,55.0,37.6,0.0
6573399174,DP0018,40.0,24.2,0.0
6573399175,DP0047,40.0,15.6,0.0
6573399176,DP0043,40.0,23.8,0.0
6573399177,DP0041,60.0,52.0,0.0
6573399178,DP0005,45.0,24.7,0.0
6573399179,DP0021,60.0,38.8,0.0
6573399180,DP0043,60.0,34.8,0.0
6573399181,DP0043,60.0,35.7,0.0
6573399182,DP0041,60.0,33.8,0.0
6573399183,DP0041,60.0,35.7,0.0
6573399184,DP0041,60.0,38.5,0.0
6573399185,DP0011,60.0,37.1,0.0
6573399186,DP0022,55.0,53.8,0.0
6573399187,DP0005,65.0,38.4,0.0
6573399188,DP0041,95.0,63.7,0.0
6573399189,DP0043,50.0,34.2,0.0
6573399190,DP0047,55.0,53.5,0.0
6573399191,DP0026,55.0,57.4,1.0
6573399192,DP0041,55.0,56.7,1.0
6573399193,DP0008,55.0,38.9,0.0
6573399194,DP0039,50.0,29.7,0.0
6573399195,DP0041,40.0,36.8,0.0
6573399196,DP0005,45.0,34.5,0.0
6573399197,DP0003,45.0,53.4,1.0
6573399198,DP0049,45.0,29.4,0.0
6573399199,DP0049,40.0,15.4,0.0
6573399200,DP0042,50.0,27.0,0.0
6573399201,DP0026,50.0,26.5,0.0
6573399202,DP0019,50.0,29.1,0.0
6573399203,DP0032,50.0,28.2,0.0
6573399204,DP0007,45.0,34.6,0.0
6573399205,DP0041,45.0,34.9,0.0
6573399206,DP0002,40.0,32.1,0.0
6573399207,DP0043,40.0,31.5,0.0
6573399208,DP0043,40.0,33.0,0.0
6573399209,DP0038,40.0,30.6,0.0
6573399210,DP0014,65.0,58.5,0.0
6573399211,DP0041,55.0,41.3,0.0
6573399212,DP0033,55.0,38.9,0.0
6573399213,DP0008,55.0,32.8,0.0
6573399214,DP0049,45.0,22.4,0.0
6573399215,DP0041,45.0,35.0,0.0
6573399216,DP0041,40.0,24.6,0.0
6573399217,DP0048,40.0,34.8,0.0
6573399218,DP0019,40.0,24.2,0.0
6573399219,DP0033,60.0,31.8,0.0
6573399220,DP0036,50.0,33.2,0.0
6573399221,DP0041,50.0,30.1,0.0
6573399222,DP0041,50.0,31.8,0.0
6573399223,DP0049,45.0,47.2,1.0
6573399224,DP0043,45.0,53.5,1.0
6573399225,DP0043,45.0,50.4,1.0
6573399226,DP0036,60.0,37.6,0.0
6573399227,DP0026,60.0,37.4,0.0
6573399228,DP0041,60.0,39.0,0.0
6573399229,DP0041,60.0,39.4,0.0
6573399230,DP0041,60.0,40.2,0.0
6573399231,DP0043,60.0,41.8,0.0
6573399232,DP0015,50.0,45.2,0.0
6573399233,DP0043,50.0,38.4,0.0
6573399234,DP0041,55.0,30.2,0.0
6573399235,DP0030,55.0,24.9,0.0
6573399236,DP0047,55.0,29.6,0.0
6573399237,DP0012,55.0,27.6,0.0
6573399238,DP0011,55.0,23.4,0.0
6573399239,DP0036,55.0,43.2,0.0
6573399240,DP0006,50.0,30.4,0.0
6573399241,DP0041,50.0,42.2,0.0
6573399242,DP0043,55.0,32.6,0.0
6573399243,DP0041,70.0,58.2,0.0
6573399244,DP0041,65.0,56.0,0.0
6573399245,DP0041,50.0,32.7,0.0
6573399246,DP0050,75.0,67.0,0.0
6573399247,DP0041,75.0,49.3,0.0
6573399248,DP0041,50.0,36.4,0.0
6573399249,DP0041,55.0,34.1,0.0
6573399250,DP0041,50.0,29.2,0.0
6573399251,DP0043,40.0,32.0,0.0
6573399252,DP0041,45.0,37.0,0.0
6573399253,DP0033,50.0,36.9,0.0
6573399254,DP0019,45.0,30.1,0.0
6573399255,DP0008,55.0,40.1,0.0
6573399256,DP0043,55.0,37.7,0.0
6573399257,DP0019,55.0,34.0,0.0
6573399258,DP0041,55.0,38.0,0.0
6573399259,DP0027,55.0,34.6,0.0
6573399260,DP0041,55.0,36.6,0.0
6573399261,DP0041,55.0,34.1,0.0
6573399262,DP0041,50.0,39.1,0.0
6573399263,DP0005,40.0,26.7,0.0
6573399264,DP0005,45.0,31.9,0.0
6573399265,DP0015,45.0,37.2,0.0
6573399266,DP0042,40.0,30.0,0.0
6573399267,DP0027,50.0,36.8,0.0
6573399268,DP0041,40.0,41.1,1.0
6573399269,DP0018,55.0,36.7,0.0
6573399270,DP0041,40.0,31.9,0.0
6573399271,DP0033,50.0,25.1,0.0
6573399272,DP0041,50.0,28.3,0.0
6573399273,DP0005,65.0,41.5,0.0
6573399274,DP0039,60.0,49.0,0.0
6573399275,DP0047,50.0,29.2,0.0
6573399276,DP0038,50.0,35.5,0.0
6573399277,DP0028,65.0,51.2,0.0
6573399278,DP0015,55.0,38.3,0.0
6573399279,DP0043,55.0,40.5,0.0
6573399280,DP0033,55.0,36.2,0.0
6573399281,DP0041,55.0,35.9,0.0
6573399282,DP0043,55.0,37.1,0.0
6573399283,DP0009,55.0,38.5,0.0
6573399284,DP0043,55.0,30.2,0.0
6573399285,DP0043,50.0,36.3,0.0
6573399286,DP0019,50.0,34.5,0.0
6573399287,DP0041,50.0,34.1,0.0
6573399288,DP0043,40.0,30.1,0.0
6573399289,DP0015,40.0,21.1,0.0
6573399290,DP0020,60.0,37.3,0.0
6573399291,DP0008,40.0,25.5,0.0
6573399292,DP0003,60.0,53.2,0.0
6573399293,DP0041,60.0,52.2,0.0
6573399294,DP0005,60.0,51.0,0.0
6573399295,DP0021,60.0,51.7,0.0
6573399296,DP0021,60.0,51.1,0.0
6573399297,DP0005,60.0,46.1,0.0
6573399298,DP0003,65.0,44.1,0.0
6573399299,DP0008,40.0,29.2,0.0
6573399300,DP0041,50.0,34.0,0.0
6573399301,DP0041,50.0,37.6,0.0
6573399302,DP0034,50.0,38.8,0.0
6573399303,DP0038,50.0,34.5,0.0
6573399304,DP0027,50.0,38.7,0.0
6573399305,DP0041,50.0,38.8,0.0
6573399306,DP0002,50.0,36.2,0.0
6573399307,DP0041,45.0,27.6,0.0
6573399308,DP0031,55.0,47.7,0.0
6573399309,DP0004,55.0,47.5,0.0
6573399310,DP0041,55.0,35.1,0.0
6573399311,DP0010,70.0,63.4,0.0
6573399312,DP0041,70.0,61.1,0.0
6573399313,DP0028,70.0,58.6,0.0
6573399314,DP0008,70.0,67.5,0.0
6573399315,DP0008,70.0,67.7,0.0
6573399316,DP0019,70.0,57.0,0.0
6573399317,DP0002,70.0,64.9,0.0
6573399318,DP0028,45.0,46.7,1.0
6573399319,DP0044,55.0,32.5,0.0
6573399320,DP0043,40.0,26.5,0.0
6573399321,DP0008,65.0,56.6,0.0
6573399322,DP0023,65.0,60.1,0.0
6573399323,DP0009,65.0,53.5,0.0
6573399324,DP0006,65.0,51.4,0.0
6573399325,DP0039,65.0,52.8,0.0
6573399326,DP0048,65.0,73.3,1.0
6573399327,DP0041,65.0,53.4,0.0
6573399328,DP0041,55.0,28.5,0.0
6573399329,DP0041,60.0,37.8,0.0
6573399330,DP0008,55.0,69.0,1.0
6573399331,DP0041,55.0,70.2,1.0
6573399332,DP0019,55.0,70.2,1.0
6573399333,DP0019,55.0,67.6,1.0
6573399334,DP0041,55.0,71.3,1.0
6573399335,DP0012,55.0,69.6,1.0
6573399336,DP0041,55.0,72.9,1.0
6573399337,DP0019,50.0,26.7,0.0
6573399338,DP0043,50.0,33.3,0.0
6573399339,DP0015,50.0,29.6,0.0
6573399340,DP0041,55.0,53.2,0.0
6573399341,DP0017,50.0,40.9,0.0
6573399342,DP0043,55.0,38.7,0.0
6573399343,DP0050,60.0,58.1,0.0
6573399344,DP0041,45.0,36.4,0.0
6573399345,DP0026,55.0,41.1,0.0
6573399346,DP0038,55.0,48.7,0.0
6573399347,DP0001,55.0,47.6,0.0
6573399348,DP0005,55.0,42.2,0.0
6573399349,DP0041,45.0,26.6,0.0
6573399350,DP0050,45.0,37.3,0.0
6573399351,DP0041,45.0,24.5,0.0
6573399352,DP0041,45.0,27.2,0.0
6573399353,DP0043,55.0,42.0,0.0
6573399354,DP0044,45.0,37.5,0.0
6573399355,DP0041,40.0,21.8,0.0
6573399356,DP0019,55.0,37.3,0.0
6573399357,DP0041,40.0,19.7,0.0
6573399358,DP0048,45.0,40.2,0.0
6573399359,DP0015,45.0,36.6,0.0
6573399360,DP0041,60.0,60.6,1.0
6573399361,DP0041,55.0,27.0,0.0
6573399362,DP0019,45.0,34.0,0.0
6573399363,DP0036,50.0,22.2,0.0
6573399364,DP0041,50.0,41.3,0.0
6573399365,DP0028,45.0,40.8,0.0
6573399366,DP0041,65.0,58.2,0.0
6573399367,DP0033,65.0,55.6,0.0
6573399368,DP0043,65.0,54.8,0.0
6573399369,DP0029,65.0,49.5,0.0
6573399370,DP0041,65.0,51.5,0.0
6573399371,DP0041,65.0,51.9,0.0
6573399372,DP0008,65.0,49.9,0.0
6573399373,DP0015,50.0,27.2,0.0
6573399374,DP0041,50.0,30.0,0.0
6573399375,DP0041,45.0,33.9,0.0
6573399376,DP0005,50.0,30.9,0.0
6573399377,DP0018,45.0,33.9,0.0
6573399378,DP0018,40.0,39.2,0.0
6573399379,DP0041,60.0,42.7,0.0
6573399380,DP0041,60.0,39.4,0.0
6573399381,DP0005,60.0,43.0,0.0
6573399382,DP0045,60.0,42.5,0.0
6573399383,DP0045,60.0,40.2,0.0
6573399384,DP0038,60.0,39.8,0.0
6573399385,DP0008,60.0,40.2,0.0
6573399386,DP0026,45.0,32.2,0.0
6573399387,DP0005,55.0,41.1,0.0
6573399388,DP0043,40.0,32.5,0.0
6573399389,DP0017,50.0,38.9,0.0
6573399390,DP0041,55.0,35.1,0.0
6573399391,DP0041,55.0,28.0,0.0
6573399392,DP0041,55.0,27.5,0.0
6573399393,DP0043,55.0,31.2,0.0
6573399394,DP0041,55.0,28.3,0.0
6573399395,DP0036,55.0,34.7,0.0
6573399396,DP0041,55.0,34.0,0.0
6573399397,DP0015,55.0,27.9,0.0
6573399398,DP0041,45.0,20.2,0.0
6573399399,DP0015,45.0,23.0,0.0
6573399400,DP0036,45.0,22.2,0.0
6573399401,DP0043,45.0,20.9,0.0
6573399402,DP0041,45.0,25.8,0.0
6573399403,DP0043,45.0,24.9,0.0
6573399404,DP0043,45.0,18.6,0.0
6573399405,DP0041,40.0,25.4,0.0
6573399406,DP0005,40.0,29.0,0.0
6573399407,DP0008,40.0,30.1,0.0
6573399408,DP0041,40.0,26.9,0.0
6573399409,DP0018,40.0,26.6,0.0
6573399410,DP0008,40.0,22.8,0.0
6573399411,DP0029,40.0,26.6,0.0
6573399412,DP0041,45.0,38.1,0.0
6573399413,DP0041,50.0,39.1,0.0
6573399414,DP0047,45.0,35.0,0.0
6573399415,DP0041,45.0,31.4,0.0
6573399416,DP0043,45.0,30.0,0.0
6573399417,DP0015,40.0,24.7,0.0
6573399418,DP0041,40.0,35.8,0.0
6573399419,DP0041,55.0,30.6,0.0
6573399420,DP0038,45.0,38.1,0.0
6573399421,DP0004,45.0,49.9,1.0
6573399422,DP0002,45.0,34.8,0.0
6573399423,DP0041,45.0,23.7,0.0
6573399424,DP0039,60.0,40.7,0.0
6573399425,DP0045,55.0,34.9,0.0
6573399426,DP0041,55.0,38.1,0.0
6573399427,DP0032,55.0,35.9,0.0
6573399428,DP0018,55.0,41.1,0.0
6573399429,DP0050,55.0,49.0,0.0
6573399430,DP0008,55.0,39.0,0.0
6573399431,DP0041,40.0,26.8,0.0
6573399432,DP0019,40.0,28.1,0.0
6573399433,DP0041,40.0,22.7,0.0
6573399434,DP0041,40.0,28.1,0.0
6573399435,DP0041,40.0,26.2,0.0
6573399436,DP0041,40.0,26.5,0.0
6573399437,DP0041,40.0,25.6,0.0
6573399438,DP0041,50.0,65.6,1.0
6573399439,DP0041,50.0,65.1,1.0
6573399440,DP0034,50.0,66.1,1.0
6573399441,DP0041,50.0,63.5,1.0
6573399442,DP0033,50.0,63.8,1.0
6573399443,DP0041,50.0,61.5,1.0
6573399444,DP0026,50.0,67.4,1.0
6573399445,DP0048,55.0,53.7,0.0
6573399446,DP0050,65.0,60.3,0.0
6573399447,DP0041,65.0,59.8,0.0
6573399448,DP0008,50.0,42.1,0.0
6573399449,DP0041,50.0,40.3,0.0
6573399450,DP0041,50.0,41.6,0.0
6573399451,DP0014,50.0,43.9,0.0
6573399452,DP0023,50.0,42.6,0.0
6573399453,DP0041,50.0,43.2,0.0
6573399454,DP0041,50.0,37.9,0.0
6573399455,DP0039,45.0,26.2,0.0
6573399456,DP0008,40.0,20.8,0.0
6573399457,DP0041,40.0,32.7,0.0
6573399458,DP0038,45.0,20.7,0.0
6573399459,DP0020,50.0,37.5,0.0
6573399460,DP0027,70.0,48.5,0.0
6573399461,DP0041,70.0,47.9,0.0
6573399462,DP0005,70.0,47.0,0.0
6573399463,DP0041,70.0,51.1,0.0
6573399464,DP0019,70.0,50.2,0.0
6573399465,DP0041,70.0,48.9,0.0
6573399466,DP0050,70.0,62.7,0.0
6573399467,DP0003,50.0,28.3,0.0
6573399468,DP0043,65.0,52.1,0.0
6573399469,DP0041,65.0,52.9,0.0
6573399470,DP0022,65.0,52.0,0.0
6573399471,DP0046,50.0,42.0,0.0
6573399472,DP0041,60.0,47.5,0.0
6573399473,DP0019,40.0,24.3,0.0
6573399474,DP0043,55.0,45.1,0.0
6573399475,DP0005,50.0,42.7,0.0
6573399476,DP0041,50.0,47.8,0.0
6573399477,DP0005,50.0,44.3,0.0
6573399478,DP0041,50.0,45.5,0.0
6573399479,DP0027,50.0,44.1,0.0
6573399480,DP0006,45.0,28.2,0.0
6573399481,DP0041,45.0,26.9,0.0
6573399482,DP0036,45.0,24.8,0.0
6573399483,DP0041,40.0,19.4,0.0
6573399484,DP0041,55.0,29.8,0.0
6573399485,DP0015,50.0,30.8,0.0
6573399486,DP0031,50.0,37.4,0.0
6573399487,DP0005,45.0,32.0,0.0
6573399488,DP0041,55.0,30.4,0.0
6573399489,DP0043,55.0,64.4,1.0
6573399490,DP0025,45.0,38.8,0.0
6573399491,DP0005,50.0,34.7,0.0
6573399492,DP0015,50.0,31.2,0.0
6573399493,DP0041,55.0,61.6,1.0
6573399494,DP0028,85.0,66.0,0.0
6573399495,DP0041,40.0,21.2,0.0
6573399496,DP0034,45.0,27.4,0.0
6573399497,DP0005,50.0,27.6,0.0
6573399498,DP0008,65.0,48.2,0.0
6573399499,DP0019,40.0,35.0,0.0
6573399500,DP0008,45.0,22.9,0.0
6573399501,DP0041,45.0,24.1,0.0
6573399502,DP0044,45.0,26.4,0.0
6573399503,DP0041,45.0,24.9,0.0
6573399504,DP0015,45.0,48.0,1.0
6573399505,DP0041,40.0,37.6,0.0
6573399506,DP0043,45.0,39.4,0.0
6573399507,DP0002,40.0,43.9,1.0
6573399508,DP0003,40.0,32.4,0.0
6573399509,DP0018,40.0,33.0,0.0
6573399510,DP0039,65.0,40.7,0.0
6573399511,DP0041,40.0,41.1,1.0
6573399512,DP0041,40.0,42.1,1.0
6573399513,DP0041,40.0,38.9,0.0
6573399514,DP0041,40.0,37.0,0.0
6573399515,DP0048,40.0,47.9,1.0
6573399516,DP0041,40.0,35.5,0.0
6573399517,DP0041,40.0,39.4,0.0
6573399518,DP0041,45.0,56.3,1.0
6573399519,DP0038,45.0,35.4,0.0
6573399520,DP0041,55.0,44.3,0.0
6573399521,DP0041,55.0,44.7,0.0
6573399522,DP0034,55.0,43.8,0.0
6573399523,DP0041,55.0,42.7,0.0
6573399524,DP0008,55.0,44.1,0.0
6573399525,DP0008,55.0,42.6,0.0
6573399526,DP0042,40.0,50.8,1.0
6573399527,DP0036,45.0,26.8,0.0
6573399528,DP0021,60.0,75.6,1.0
6573399529,DP0005,50.0,42.4,0.0
6573399530,DP0041,50.0,45.0,0.0
6573399531,DP0028,50.0,59.1,1.0
6573399532,DP0027,45.0,29.4,0.0
6573399533,DP0041,40.0,22.6,0.0
6573399534,DP0041,55.0,45.4,0.0
6573399535,DP0015,55.0,39.0,0.0
6573399536,DP0002,40.0,25.5,0.0
6573399537,DP0015,40.0,21.4,0.0
6573399538,DP0042,50.0,34.5,0.0
6573399539,DP0005,65.0,72.1,1.0
6573399540,DP0041,65.0,66.5,1.0
6573399541,DP0041,65.0,69.4,1.0
6573399542,DP0041,65.0,69.9,1.0
6573399543,DP0041,65.0,72.5,1.0
6573399544,DP0041,65.0,67.9,1.0
6573399545,DP0041,65.0,71.5,1.0
6573399546,DP0043,40.0,29.8,0.0
6573399547,DP0041,40.0,26.8,0.0
6573399548,DP0034,40.0,26.5,0.0
6573399549,DP0007,40.0,27.3,0.0
6573399550,DP0041,40.0,27.2,0.0
6573399551,DP0027,40.0,31.0,0.0
6573399552,DP0041,40.0,32.7,0.0
6573399553,DP0043,40.0,31.9,0.0
6573399554,DP0041,55.0,46.9,0.0
6573399555,DP0048,50.0,48.5,0.0
6573399556,DP0049,50.0,32.3,0.0
6573399557,DP0015,50.0,25.3,0.0
6573399558,DP0028,50.0,26.8,0.0
6573399559,DP0048,50.0,40.7,0.0
6573399560,DP0043,40.0,33.0,0.0
6573399561,DP0014,45.0,39.8,0.0
6573399562,DP0041,55.0,41.3,0.0
6573399563,DP0017,55.0,32.1,0.0
6573399564,DP0041,40.0,27.8,0.0
6573399565,DP0014,50.0,43.5,0.0
6573399566,DP0043,40.0,30.6,0.0
6573399567,DP0019,80.0,57.5,0.0
6573399568,DP0015,80.0,57.0,0.0
6573399569,DP0041,50.0,47.4,0.0
6573399570,DP0005,75.0,60.6,0.0
6573399571,DP0019,50.0,17.5,0.0
6573399572,DP0026,45.0,29.6,0.0
6573399573,DP0008,55.0,25.6,0.0
6573399574,DP0043,65.0,36.0,0.0
6573399575,DP0041,50.0,32.5,0.0
6573399576,DP0041,40.0,21.7,0.0
6573399577,DP0043,50.0,29.1,0.0
6573399578,DP0041,60.0,31.1,0.0
6573399579,DP0041,55.0,40.5,0.0
6573399580,DP0005,55.0,40.0,0.0
6573399581,DP0041,55.0,42.6,0.0
6573399582,DP0007,50.0,36.9,0.0
6573399583,DP0006,50.0,34.4,0.0
6573399584,DP0005,50.0,38.6,0.0
6573399585,DP0019,50.0,38.8,0.0
6573399586,DP0029,50.0,35.0,0.0
6573399587,DP0033,50.0,37.5,0.0
6573399588,DP0007,50.0,36.3,0.0
6573399589,DP0041,40.0,52.3,1.0
6573399590,DP0028,45.0,34.2,0.0
6573399591,DP0043,50.0,43.0,0.0
6573399592,DP0019,40.0,43.6,1.0
6573399593,DP0005,40.0,39.7,0.0
6573399594,DP0002,50.0,31.3,0.0
6573399595,DP0041,60.0,43.4,0.0
6573399596,DP0008,50.0,50.3,1.0
6573399597,DP0026,45.0,29.1,0.0
6573399598,DP0037,40.0,18.6,0.0
6573399599,DP0041,40.0,17.8,0.0
6573399600,DP0041,40.0,14.9,0.0
6573399601,DP0041,40.0,16.6,0.0
6573399602,DP0007,40.0,16.7,0.0
6573399603,DP0027,40.0,17.3,0.0
6573399604,DP0043,40.0,17.6,0.0
6573399605,DP0012,55.0,37.7,0.0
6573399606,DP0041,55.0,36.1,0.0
6573399607,DP0034,55.0,35.9,0.0
6573399608,DP0047,55.0,38.4,0.0
6573399609,DP0041,50.0,44.7,0.0
6573399610,DP0043,50.0,29.6,0.0
6573399611,DP0041,55.0,47.9,0.0
6573399612,DP0041,55.0,53.1,0.0
6573399613,DP0041,55.0,29.2,0.0
6573399614,DP0041,55.0,36.3,0.0
6573399615,DP0041,55.0,28.7,0.0
6573399616,DP0032,55.0,31.4,0.0
6573399617,DP0019,55.0,29.4,0.0
6573399618,DP0014,55.0,33.7,0.0
6573399619,DP0021,55.0,34.2,0.0
6573399620,DP0041,55.0,41.8,0.0
6573399621,DP0041,45.0,43.3,0.0
6573399622,DP0041,45.0,33.8,0.0
6573399623,DP0041,45.0,24.3,0.0
6573399624,DP0017,70.0,47.8,0.0
6573399625,DP0012,55.0,39.1,0.0
6573399626,DP0041,50.0,34.3,0.0
6573399627,DP0026,85.0,58.1,0.0
6573399628,DP0043,85.0,64.7,0.0
6573399629,DP0008,85.0,61.0,0.0
6573399630,DP0024,85.0,60.7,0.0
6573399631,DP0006,85.0,60.3,0.0
6573399632,DP0041,85.0,60.4,0.0
6573399633,DP0015,45.0,21.9,0.0
6573399634,DP0005,45.0,27.3,0.0
6573399635,DP0008,45.0,20.9,0.0
6573399636,DP0007,45.0,19.5,0.0
6573399637,DP0044,45.0,22.1,0.0
6573399638,DP0048,45.0,40.3,0.0
6573399639,DP0019,45.0,22.7,0.0
6573399640,DP0006,45.0,46.6,1.0
6573399641,DP0041,40.0,6.6,0.0
6573399642,DP0005,40.0,28.7,0.0
6573399643,DP0041,40.0,31.4,0.0
6573399644,DP0019,40.0,29.4,0.0
6573399645,DP0041,40.0,27.2,0.0
6573399646,DP0041,40.0,30.3,0.0
6573399647,DP0041,40.0,27.5,0.0
6573399648,DP0005,40.0,25.1,0.0
6573399649,DP0041,45.0,32.6,0.0
6573399650,DP0003,40.0,22.5,0.0
6573399651,DP0041,50.0,27.8,0.0
6573399652,DP0041,50.0,43.1,0.0
6573399653,DP0041,85.0,79.6,0.0
6573399654,DP0041,60.0,41.2,0.0
6573399655,DP0008,50.0,44.5,0.0
6573399656,DP0041,55.0,48.1,0.0
6573399657,DP0023,45.0,38.2,0.0
6573399658,DP0041,40.0,38.9,0.0
6573399659,DP0041,45.0,54.4,1.0
6573399660,DP0043,45.0,33.1,0.0
6573399661,DP0041,50.0,43.7,0.0
6573399662,DP0041,40.0,45.8,1.0
6573399663,DP0033,55.0,39.5,0.0
6573399664,DP0041,55.0,41.3,0.0
6573399665,DP0005,55.0,41.4,0.0
6573399666,DP0011,55.0,33.4,0.0
6573399667,DP0015,55.0,39.1,0.0
6573399668,DP0021,55.0,42.6,0.0
6573399669,DP0041,45.0,23.2,0.0
6573399670,DP0041,90.0,95.3,1.0
6573399671,DP0049,40.0,22.7,0.0
6573399672,DP0049,50.0,55.8,1.0
6573399673,DP0022,40.0,38.9,0.0
6573399674,DP0041,50.0,30.4,0.0
6573399675,DP0043,55.0,31.8,0.0
6573399676,DP0043,50.0,29.4,0.0
6573399677,DP0002,50.0,50.5,1.0
6573399678,DP0041,50.0,45.2,0.0
6573399679,DP0043,50.0,33.0,0.0
6573399680,DP0041,50.0,31.3,0.0
6573399681,DP0039,50.0,32.7,0.0
6573399682,DP0041,50.0,33.4,0.0
6573399683,DP0047,50.0,31.3,0.0
6573399684,DP0041,50.0,30.4,0.0
6573399685,DP0041,50.0,34.9,0.0
6573399686,DP0041,45.0,39.7,0.0
6573399687,DP0038,40.0,29.1,0.0
6573399688,DP0008,55.0,48.8,0.0
6573399689,DP0003,55.0,27.6,0.0
6573399690,DP0015,55.0,35.5,0.0
6573399691,DP0022,50.0,22.0,0.0
6573399692,DP0041,50.0,29.8,0.0
6573399693,DP0041,50.0,26.1,0.0
6573399694,DP0008,50.0,24.2,0.0
6573399695,DP0041,50.0,24.4,0.0
6573399696,DP0041,50.0,29.3,0.0
6573399697,DP0003,50.0,25.8,0.0
6573399698,DP0041,50.0,37.1,0.0
6573399699,DP0028,50.0,28.8,0.0
6573399700,DP0041,45.0,35.5,0.0
6573399701,DP0039,45.0,23.1,0.0
6573399702,DP0038,45.0,17.9,0.0
6573399703,DP0015,45.0,21.2,0.0
6573399704,DP0048,45.0,35.5,0.0
6573399705,DP0039,45.0,18.9,0.0
6573399706,DP0038,45.0,23.0,0.0
6573399707,DP0006,45.0,22.7,0.0
6573399708,DP0041,45.0,41.7,0.0
6573399709,DP0007,45.0,42.4,0.0
6573399710,DP0048,50.0,47.8,0.0
6573399711,DP0019,50.0,30.1,0.0
6573399712,DP0021,50.0,31.9,0.0
6573399713,DP0041,45.0,26.4,0.0
6573399714,DP0039,65.0,43.1,0.0
6573399715,DP0019,45.0,31.8,0.0
6573399716,DP0043,50.0,27.5,0.0
6573399717,DP0041,55.0,42.4,0.0
6573399718,DP0041,40.0,21.2,0.0
6573399719,DP0041,40.0,20.5,0.0
6573399720,DP0010,40.0,20.3,0.0
6573399721,DP0003,40.0,23.7,0.0
6573399722,DP0005,40.0,13.4,0.0
6573399723,DP0041,55.0,36.0,0.0
6573399724,DP0026,55.0,33.7,0.0
6573399725,DP0041,55.0,33.2,0.0
6573399726,DP0041,55.0,35.0,0.0
6573399727,DP0041,55.0,37.5,0.0
6573399728,DP0034,55.0,36.4,0.0
6573399729,DP0041,55.0,30.0,0.0
6573399730,DP0008,65.0,39.6,0.0
6573399731,DP0005,50.0,31.9,0.0
6573399732,DP0041,50.0,87.2,1.0
6573399733,DP0041,40.0,25.0,0.0
6573399734,DP0041,55.0,48.3,0.0
6573399735,DP0043,70.0,46.3,0.0
6573399736,DP0049,40.0,24.6,0.0
6573399737,DP0041,75.0,61.2,0.0
6573399738,DP0041,75.0,59.4,0.0
6573399739,DP0021,45.0,25.4,0.0
6573399740,DP0039,60.0,82.0,1.0
6573399741,DP0041,40.0,27.5,0.0
6573399742,DP0006,40.0,25.3,0.0
6573399743,DP0028,40.0,26.6,0.0
6573399744,DP0021,65.0,52.5,0.0
6573399745,DP0019,40.0,25.6,0.0
6573399746,DP0046,40.0,46.4,1.0
6573399747,DP0041,40.0,30.1,0.0
6573399748,DP0004,50.0,47.1,0.0
6573399749,DP0041,55.0,45.6,0.0
6573399750,DP0038,55.0,47.8,0.0
6573399751,DP0049,55.0,51.5,0.0
6573399752,DP0047,55.0,41.5,0.0
6573399753,DP0008,40.0,18.5,0.0
6573399754,DP0008,85.0,51.7,0.0
6573399755,DP0041,55.0,46.6,0.0
6573399756,DP0048,55.0,55.1,1.0
6573399757,DP0041,65.0,46.6,0.0
6573399758,DP0041,55.0,41.3,0.0
6573399759,DP0043,45.0,22.5,0.0
6573399760,DP0019,55.0,33.7,0.0
6573399761,DP0015,50.0,42.8,0.0
6573399762,DP0002,60.0,35.4,0.0
6573399763,DP0048,60.0,55.2,0.0
6573399764,DP0041,60.0,31.5,0.0
6573399765,DP0036,60.0,35.2,0.0
6573399766,DP0050,60.0,48.6,0.0
6573399767,DP0019,60.0,35.4,0.0
6573399768,DP0021,60.0,33.0,0.0
6573399769,DP0041,50.0,39.7,0.0
6573399770,DP0041,50.0,34.1,0.0
6573399771,DP0043,50.0,38.4,0.0
6573399772,DP0001,50.0,24.2,0.0
6573399773,DP0041,45.0,40.3,0.0
6573399774,DP0041,45.0,28.3,0.0
6573399775,DP0001,40.0,23.8,0.0
6573399776,DP0041,60.0,37.1,0.0
6573399777,DP0006,50.0,36.5,0.0
6573399778,DP0039,50.0,29.8,0.0
6573399779,DP0040,50.0,33.4,0.0
6573399780,DP0041,55.0,43.1,0.0
6573399781,DP0041,45.0,31.6,0.0
6573399782,DP0008,40.0,17.8,0.0
6573399783,DP0007,40.0,20.5,0.0
6573399784,DP0033,50.0,45.7,0.0
6573399785,DP0026,45.0,40.9,0.0
6573399786,DP0022,50.0,33.8,0.0
6573399787,DP0041,45.0,30.8,0.0
6573399788,DP0041,65.0,46.4,0.0
6573399789,DP0048,45.0,37.1,0.0
6573399790,DP0015,50.0,32.3,0.0
6573399791,DP0015,50.0,32.8,0.0
6573399792,DP0043,50.0,33.8,0.0
6573399793,DP0041,50.0,31.7,0.0
6573399794,DP0033,50.0,26.6,0.0
6573399795,DP0041,50.0,31.3,0.0
6573399796,DP0041,50.0,30.5,0.0
6573399797,DP0041,40.0,24.5,0.0
6573399798,DP0009,40.0,19.9,0.0
6573399799,DP0027,40.0,21.3,0.0
6573399800,DP0003,40.0,21.5,0.0
6573399801,DP0041,40.0,20.6,0.0
6573399802,DP0015,40.0,21.2,0.0
6573399803,DP0043,40.0,21.6,0.0
6573399804,DP0027,50.0,32.1,0.0
6573399805,DP0043,55.0,40.3,0.0
6573399806,DP0043,55.0,38.6,0.0
6573399807,DP0041,55.0,42.6,0.0
6573399808,DP0005,55.0,45.3,0.0
6573399809,DP0043,55.0,41.4,0.0
6573399810,DP0041,55.0,39.8,0.0
6573399811,DP0005,55.0,41.4,0.0
6573399812,DP0004,55.0,50.0,0.0
6573399813,DP0041,50.0,37.6,0.0
6573399814,DP0048,40.0,41.7,1.0
6573399815,DP0002,40.0,29.8,0.0
6573399816,DP0043,40.0,19.3,0.0
6573399817,DP0041,50.0,33.5,0.0
6573399818,,,,
6573399819,DP0019,40.0,20.3,0.0
6573399820,DP0015,45.0,30.4,0.0
6573399821,DP0041,50.0,53.1,1.0
6573399822,DP0033,50.0,28.1,0.0
6573399823,DP0041,50.0,24.8,0.0
6573399824,DP0005,50.0,30.4,0.0
6573399825,DP0047,50.0,28.7,0.0
6573399826,DP0048,45.0,39.6,0.0
6573399827,DP0041,55.0,39.0,0.0
6573399828,DP0041,45.0,42.6,0.0
6573399829,DP0005,45.0,38.4,0.0
6573399830,DP0037,45.0,40.2,0.0
6573399831,DP0005,45.0,39.9,0.0
6573399832,DP0015,45.0,40.7,0.0
6573399833,DP0041,45.0,40.7,0.0
6573399834,DP0041,45.0,41.5,0.0
6573399835,DP0043,65.0,39.5,0.0
6573399836,DP0020,90.0,71.5,0.0
6573399837,DP0005,45.0,21.7,0.0
6573399838,DP0043,45.0,18.9,0.0
6573399839,DP0013,55.0,35.0,0.0
6573399840,DP0041,50.0,22.4,0.0
6573399841,DP0041,40.0,21.7,0.0
6573399842,DP0043,55.0,32.1,0.0
6573399843,DP0041,55.0,36.0,0.0
6573399844,DP0043,55.0,36.4,0.0
6573399845,DP0041,65.0,48.3,0.0
6573399846,DP0005,55.0,47.9,0.0
6573399847,DP0020,45.0,22.2,0.0
6573399848,DP0042,45.0,36.3,0.0
6573399849,DP0019,45.0,33.9,0.0
6573399850,DP0046,45.0,55.4,1.0
6573399851,DP0038,45.0,37.2,0.0
6573399852,DP0021,45.0,34.8,0.0
6573399853,DP0005,45.0,35.7,0.0
6573399854,DP0048,45.0,51.0,1.0
6573399855,DP0048,65.0,60.9,0.0
6573399856,DP0041,50.0,46.5,0.0
6573399857,DP0008,50.0,31.3,0.0
6573399858,DP0019,40.0,28.6,0.0
6573399859,DP0050,40.0,35.3,0.0
6573399860,DP0043,40.0,24.8,0.0
6573399861,DP0041,60.0,62.6,1.0
6573399862,DP0014,50.0,42.6,0.0
6573399863,DP0023,50.0,39.1,0.0
6573399864,DP0011,50.0,38.5,0.0
6573399865,DP0005,50.0,36.6,0.0
6573399866,DP0041,50.0,40.7,0.0
6573399867,DP0003,50.0,39.4,0.0
6573399868,DP0043,50.0,38.3,0.0
6573399869,DP0002,55.0,35.0,0.0
6573399870,DP0005,40.0,36.8,0.0
6573399871,DP0041,45.0,42.5,0.0
6573399872,DP0012,65.0,55.7,0.0
6573399873,DP0034,55.0,32.1,0.0
6573399874,DP0023,65.0,41.7,0.0
6573399875,DP0005,50.0,40.6,0.0
6573399876,DP0043,50.0,46.5,0.0
6573399877,DP0041,50.0,40.6,0.0
6573399878,DP0015,50.0,33.1,0.0
6573399879,DP0011,55.0,40.9,0.0
6573399880,DP0005,50.0,26.6,0.0
6573399881,DP0041,50.0,27.5,0.0
6573399882,,,,
6573399883,DP0019,60.0,44.6,0.0
6573399884,DP0036,40.0,28.1,0.0
6573399885,DP0008,40.0,22.4,0.0
6573399886,DP0050,50.0,42.2,0.0
6573399887,DP0006,45.0,25.7,0.0
6573399888,DP0019,45.0,30.3,0.0
6573399889,DP0019,40.0,28.0,0.0
6573399890,DP0039,45.0,21.0,0.0
6573399891,DP0043,50.0,33.9,0.0
6573399892,DP0015,50.0,38.9,0.0
6573399893,DP0041,55.0,30.3,0.0
6573399894,DP0043,55.0,28.1,0.0
6573399895,DP0041,55.0,27.0,0.0
6573399896,DP0005,55.0,30.4,0.0
6573399897,DP0041,40.0,37.4,0.0
6573399898,DP0041,40.0,24.8,0.0
6573399899,DP0026,50.0,27.0,0.0
6573399900,DP0013,45.0,31.5,0.0
6573399901,DP0049,45.0,26.4,0.0
6573399902,DP0041,65.0,54.3,0.0
6573399903,DP0041,65.0,51.7,0.0
6573399904,DP0041,65.0,53.2,0.0
6573399905,DP0005,65.0,53.7,0.0
6573399906,DP0041,65.0,53.0,0.0
6573399907,DP0041,65.0,50.1,0.0
6573399908,DP0041,65.0,50.0,0.0
6573399909,DP0041,45.0,26.6,0.0
6573399910,DP0047,40.0,30.9,0.0
6573399911,DP0004,40.0,41.6,1.0
6573399912,DP0028,40.0,25.5,0.0
6573399913,DP0029,40.0,28.1,0.0
6573399914,DP0041,40.0,23.4,0.0
6573399915,DP0041,40.0,32.6,0.0
6573399916,DP0041,40.0,29.9,0.0
6573399917,DP0041,40.0,30.0,0.0
6573399918,DP0041,55.0,35.2,0.0
6573399919,DP0043,50.0,28.3,0.0
6573399920,DP0041,45.0,36.2,0.0
6573399921,DP0043,55.0,39.9,0.0
6573399922,DP0043,40.0,29.0,0.0
6573399923,DP0041,40.0,30.7,0.0
6573399924,DP0049,40.0,28.9,0.0
6573399925,DP0041,40.0,27.6,0.0
6573399926,DP0038,50.0,29.8,0.0
6573399927,DP0041,50.0,30.5,0.0
6573399928,DP0041,50.0,26.7,0.0
6573399929,DP0005,40.0,29.4,0.0
6573399930,DP0007,55.0,38.0,0.0
6573399931,DP0041,55.0,42.1,0.0
6573399932,DP0041,55.0,46.4,0.0
6573399933,DP0043,55.0,45.3,0.0
6573399934,DP0018,55.0,43.6,0.0
6573399935,DP0041,55.0,48.7,0.0
6573399936,DP0041,55.0,47.6,0.0
6573399937,DP0043,50.0,55.7,1.0
6573399938,DP0028,40.0,57.0,1.0
6573399939,DP0019,50.0,29.5,0.0
6573399940,DP0043,45.0,16.3,0.0
6573399941,DP0041,50.0,30.2,0.0
6573399942,DP0041,55.0,43.1,0.0
6573399943,DP0048,50.0,59.6,1.0
6573399944,DP0043,45.0,25.1,0.0
6573399945,DP0041,50.0,42.1,0.0
6573399946,DP0028,70.0,51.7,0.0
6573399947,DP0043,55.0,41.3,0.0
6573399948,DP0002,65.0,31.3,0.0
6573399949,DP0033,45.0,44.2,0.0
6573399950,DP0043,45.0,41.9,0.0
6573399951,DP0046,55.0,46.6,0.0
6573399952,DP0041,40.0,26.7,0.0
6573399953,DP0005,50.0,34.0,0.0
6573399954,DP0028,55.0,33.6,0.0
6573399955,DP0015,60.0,44.2,0.0
6573399956,DP0019,75.0,45.6,0.0
6573399957,DP0043,55.0,36.1,0.0
6573399958,DP0043,70.0,62.2,0.0
6573399959,DP0043,45.0,25.3,0.0
6573399960,DP0005,55.0,54.2,0.0
6573399961,DP0041,50.0,25.1,0.0
6573399962,DP0041,50.0,23.2,0.0
6573399963,DP0043,50.0,24.9,0.0
6573399964,DP0041,50.0,23.4,0.0
6573399965,DP0041,50.0,24.4,0.0
6573399966,DP0019,50.0,21.5,0.0
6573399967,DP0041,50.0,21.1,0.0
6573399968,DP0041,45.0,99.6,1.0
6573399969,DP0008,40.0,43.0,1.0
6573399970,DP0041,40.0,39.3,0.0
6573399971,DP0041,40.0,32.8,0.0
6573399972,DP0028,40.0,39.6,0.0
6573399973,DP0039,40.0,32.1,0.0
6573399974,DP0041,55.0,53.1,0.0
6573399975,DP0041,40.0,23.3,0.0
6573399976,DP0047,40.0,25.3,0.0
6573399977,DP0041,40.0,21.9,0.0
6573399978,DP0041,40.0,23.1,0.0
6573399979,DP0036,65.0,39.3,0.0
6573399980,DP0005,60.0,40.0,0.0
6573399981,DP0041,40.0,25.7,0.0
6573399982,DP0043,55.0,42.1,0.0
6573399983,DP0007,70.0,49.1,0.0
6573399984,DP0002,45.0,30.2,0.0
6573399985,DP0043,40.0,34.4,0.0
6573399986,,,,
6573399987,DP0008,50.0,38.1,0.0
6573399988,DP0005,85.0,65.2,0.0
6573399989,DP0025,50.0,39.4,0.0
6573399990,DP0041,45.0,31.5,0.0
6573399991,DP0041,45.0,32.5,0.0
6573399992,DP0015,45.0,29.4,0.0
6573399993,DP0041,45.0,29.7,0.0
6573399994,DP0041,45.0,32.4,0.0
6573399995,DP0046,45.0,41.2,0.0
6573399996,DP0026,45.0,32.2,0.0
6573399997,DP0043,55.0,43.4,0.0
6573399998,DP0029,45.0,29.2,0.0
6573399999,DP0008,45.0,36.1,0.0
6573400000,DP0041,70.0,37.0,0.0
6573400001,DP0043,55.0,47.2,0.0
6573400002,DP0043,50.0,34.2,0.0
6573400003,DP0048,45.0,32.2,0.0
6573400004,DP0030,40.0,34.5,0.0
6573400005,DP0043,65.0,49.2,0.0
6573400006,DP0041,50.0,32.5,0.0
6573400007,DP0049,65.0,46.1,0.0
6573400008,DP0019,65.0,45.2,0.0
6573400009,DP0049,50.0,27.2,0.0
6573400010,DP0038,40.0,27.6,0.0
6573400011,DP0019,50.0,48.2,0.0
6573400012,DP0007,75.0,46.9,0.0
6573400013,DP0005,75.0,47.0,0.0
6573400014,DP0043,75.0,46.3,0.0
6573400015,DP0041,75.0,45.3,0.0
6573400016,DP0041,75.0,41.1,0.0
6573400017,DP0041,75.0,43.2,0.0
6573400018,DP0037,75.0,48.2,0.0
6573400019,DP0041,40.0,37.0,0.0
6573400020,DP0041,55.0,54.1,0.0
6573400021,DP0041,55.0,51.4,0.0
6573400022,DP0021,70.0,43.2,0.0
6573400023,DP0041,50.0,50.8,1.0
6573400024,DP0039,50.0,24.8,0.0
6573400025,DP0019,50.0,30.3,0.0
6573400026,DP0007,55.0,56.3,1.0
6573400027,DP0041,55.0,34.5,0.0
6573400028,DP0041,50.0,39.6,0.0
6573400029,DP0041,50.0,40.3,0.0
6573400030,DP0041,50.0,39.7,0.0
6573400031,DP0041,50.0,37.3,0.0
6573400032,DP0041,70.0,61.6,0.0
6573400033,,,,
6573400034,DP0041,50.0,34.7,0.0
6573400035,DP0041,65.0,41.1,0.0
6573400036,DP0015,45.0,30.9,0.0
6573400037,DP0043,45.0,57.5,1.0
6573400038,DP0043,45.0,59.1,1.0
6573400039,DP0041,45.0,61.8,1.0
6573400040,DP0043,45.0,59.7,1.0
6573400041,DP0003,45.0,58.5,1.0
6573400042,DP0003,45.0,58.7,1.0
6573400043,DP0041,60.0,45.7,0.0
6573400044,DP0041,45.0,41.4,0.0
6573400045,DP0041,45.0,36.3,0.0
6573400046,DP0039,45.0,39.3,0.0
6573400047,DP0024,45.0,32.8,0.0
6573400048,DP0039,60.0,44.0,0.0
6573400049,DP0015,55.0,40.8,0.0
6573400050,DP0015,65.0,40.5,0.0
6573400051,DP0041,55.0,35.0,0.0
6573400052,DP0041,40.0,41.6,1.0
6573400053,DP0008,40.0,36.1,0.0
6573400054,DP0005,40.0,33.9,0.0
6573400055,DP0041,40.0,35.9,0.0
6573400056,DP0041,40.0,36.0,0.0
6573400057,DP0041,40.0,38.0,0.0
6573400058,DP0041,40.0,38.5,0.0
6573400059,DP0002,40.0,25.2,0.0
6573400060,DP0038,55.0,51.3,0.0
6573400061,DP0003,45.0,37.7,0.0
6573400062,DP0041,55.0,35.3,0.0
6573400063,DP0043,60.0,46.6,0.0
6573400064,DP0005,50.0,25.8,0.0
6573400065,DP0031,45.0,18.8,0.0
6573400066,DP0041,55.0,54.4,0.0
6573400067,DP0006,55.0,37.6,0.0
6573400068,DP0043,50.0,21.6,0.0
6573400069,DP0037,50.0,26.9,0.0
6573400070,DP0019,40.0,25.2,0.0
6573400071,DP0041,50.0,62.8,1.0
6573400072,DP0041,40.0,27.8,0.0
6573400073,DP0019,50.0,47.0,0.0
6573400074,DP0041,55.0,26.9,0.0
6573400075,DP0041,55.0,27.7,0.0
6573400076,DP0007,55.0,29.2,0.0
6573400077,DP0041,55.0,26.8,0.0
6573400078,DP0041,55.0,26.1,0.0
6573400079,DP0039,55.0,27.0,0.0
6573400080,DP0041,55.0,28.2,0.0
6573400081,DP0008,50.0,31.6,0.0
6573400082,DP0041,40.0,42.1,1.0
6573400083,DP0005,40.0,40.0,1.0
6573400084,DP0007,40.0,36.9,0.0
6573400085,DP0041,40.0,38.0,0.0
6573400086,DP0012,40.0,37.3,0.0
6573400087,DP0028,40.0,43.5,1.0
6573400088,DP0041,40.0,35.3,0.0
6573400089,DP0005,50.0,45.9,0.0
6573400090,DP0033,45.0,37.3,0.0
6573400091,DP0041,45.0,37.3,0.0
6573400092,DP0041,45.0,41.1,0.0
6573400093,DP0040,45.0,41.7,0.0
6573400094,DP0049,45.0,39.5,0.0
6573400095,DP0005,45.0,39.8,0.0
6573400096,DP0047,45.0,41.6,0.0
6573400097,DP0020,55.0,45.9,0.0
6573400098,DP0041,40.0,31.5,0.0
6573400099,DP0043,40.0,31.4,0.0
6573400100,DP0006,40.0,31.8,0.0
6573400101,DP0041,45.0,26.9,0.0
6573400102,DP0041,40.0,40.7,1.0
6573400103,DP0026,60.0,56.3,0.0
6573400104,DP0007,40.0,21.6,0.0
6573400105,DP0021,50.0,23.7,0.0
6573400106,DP0019,45.0,19.2,0.0
6573400107,DP0022,75.0,53.1,0.0
6573400108,DP0008,75.0,46.6,0.0
6573400109,DP0041,75.0,51.8,0.0
6573400110,DP0033,50.0,28.4,0.0
6573400111,DP0041,45.0,32.7,0.0
6573400112,DP0041,55.0,36.9,0.0
6573400113,DP0041,55.0,31.4,0.0
6573400114,DP0047,55.0,32.5,0.0
6573400115,DP0005,55.0,33.4,0.0
6573400116,DP0040,55.0,29.5,0.0
6573400117,DP0041,55.0,38.5,0.0
6573400118,DP0038,45.0,40.6,0.0
6573400119,DP0041,45.0,32.8,0.0
6573400120,DP0028,45.0,37.6,0.0
6573400121,DP0037,45.0,32.7,0.0
6573400122,DP0019,45.0,35.2,0.0
6573400123,DP0038,45.0,36.4,0.0
6573400124,DP0002,70.0,45.6,0.0
6573400125,DP0008,40.0,27.5,0.0
6573400126,DP0005,50.0,41.8,0.0
6573400127,DP0021,55.0,35.0,0.0
6573400128,DP0043,40.0,24.3,0.0
6573400129,DP0007,45.0,39.9,0.0
6573400130,DP0008,55.0,40.5,0.0
6573400131,DP0043,50.0,29.8,0.0
6573400132,DP0015,55.0,28.0,0.0
6573400133,DP0043,45.0,34.4,0.0
6573400134,DP0041,40.0,41.7,1.0
6573400135,DP0019,40.0,42.6,1.0
6573400136,DP0033,40.0,40.9,1.0
6573400137,DP0041,40.0,42.4,1.0
6573400138,DP0005,40.0,43.4,1.0
6573400139,DP0014,40.0,47.6,1.0
6573400140,DP0041,40.0,40.0,0.0
6573400141,DP0015,40.0,25.1,0.0
6573400142,DP0007,45.0,31.2,0.0
6573400143,DP0041,50.0,41.5,0.0
6573400144,DP0042,50.0,44.0,0.0
6573400145,DP0041,50.0,28.7,0.0
6573400146,DP0041,50.0,37.1,0.0
6573400147,DP0041,40.0,23.8,0.0
6573400148,DP0021,65.0,38.8,0.0
6573400149,DP0041,65.0,35.4,0.0
6573400150,DP0041,65.0,36.3,0.0
6573400151,DP0041,65.0,41.6,0.0
6573400152,DP0002,50.0,23.7,0.0
6573400153,DP0041,60.0,56.1,0.0
6573400154,DP0041,60.0,49.4,0.0
6573400155,DP0041,60.0,57.0,0.0
6573400156,DP0041,60.0,58.6,0.0
6573400157,DP0002,45.0,45.5,1.0
6573400158,DP0043,55.0,36.9,0.0
6573400159,DP0041,55.0,38.8,0.0
6573400160,DP0002,55.0,38.8,0.0
6573400161,DP0043,55.0,34.6,0.0
6573400162,DP0041,55.0,39.2,0.0
6573400163,DP0041,55.0,32.0,0.0
6573400164,DP0008,55.0,35.2,0.0
6573400165,DP0023,50.0,29.2,0.0
6573400166,DP0011,55.0,32.1,0.0
6573400167,DP0026,40.0,41.6,1.0
6573400168,DP0035,55.0,39.6,0.0
6573400169,DP0003,40.0,24.5,0.0
6573400170,DP0038,50.0,33.7,0.0
6573400171,DP0043,55.0,40.4,0.0
6573400172,DP0014,45.0,32.7,0.0
6573400173,DP0006,50.0,66.5,1.0
6573400174,DP0041,50.0,34.7,0.0
6573400175,DP0041,50.0,35.6,0.0
6573400176,DP0010,50.0,36.6,0.0
6573400177,DP0015,65.0,47.3,0.0
6573400178,DP0041,60.0,60.4,1.0
6573400179,DP0041,40.0,21.6,0.0
6573400180,DP0022,40.0,21.7,0.0
6573400181,DP0041,55.0,30.8,0.0
6573400182,DP0019,50.0,40.6,0.0
6573400183,DP0041,75.0,58.0,0.0
6573400184,DP0041,50.0,32.4,0.0
6573400185,DP0036,50.0,35.6,0.0
6573400186,DP0041,50.0,40.2,0.0
6573400187,DP0041,50.0,37.4,0.0
6573400188,DP0041,50.0,38.1,0.0
6573400189,DP0016,50.0,43.1,0.0
6573400190,DP0027,50.0,41.0,0.0
6573400191,DP0037,50.0,36.5,0.0
6573400192,DP0041,50.0,35.5,0.0
6573400193,DP0041,50.0,34.4,0.0
6573400194,DP0049,50.0,54.3,1.0
6573400195,DP0019,50.0,30.1,0.0
6573400196,DP0041,45.0,39.9,0.0
6573400197,DP0041,45.0,42.9,0.0
6573400198,DP0005,45.0,42.3,0.0
6573400199,DP0006,45.0,40.4,0.0
6573400200,DP0008,45.0,47.5,1.0
6573400201,DP0043,50.0,21.0,0.0
6573400202,DP0039,55.0,37.1,0.0
6573400203,DP0041,40.0,35.0,0.0
6573400204,DP0041,45.0,27.3,0.0
6573400205,DP0028,45.0,35.8,0.0
6573400206,DP0005,45.0,40.6,0.0
6573400207,DP0002,45.0,39.7,0.0
6573400208,DP0041,45.0,35.0,0.0
6573400209,DP0006,45.0,37.1,0.0
6573400210,DP0041,75.0,47.5,0.0
6573400211,DP0038,60.0,35.0,0.0
6573400212,DP0005,65.0,40.0,0.0
6573400213,DP0041,60.0,44.2,0.0
6573400214,DP0049,65.0,46.8,0.0
6573400215,DP0007,40.0,23.9,0.0
6573400216,DP0018,65.0,51.5,0.0
6573400217,DP0014,50.0,41.1,0.0
6573400218,DP0041,45.0,42.7,0.0
6573400219,DP0041,65.0,48.9,0.0
6573400220,DP0019,65.0,49.5,0.0
6573400221,DP0028,65.0,44.0,0.0
6573400222,DP0041,65.0,49.0,0.0
6573400223,DP0041,55.0,57.9,1.0
6573400224,DP0041,45.0,25.7,0.0
6573400225,DP0019,40.0,23.6,0.0
6573400226,DP0031,50.0,17.9,0.0
6573400227,DP0009,50.0,21.8,0.0
6573400228,DP0041,55.0,35.5,0.0
6573400229,DP0005,50.0,34.4,0.0
6573400230,DP0007,50.0,31.4,0.0
6573400231,DP0005,65.0,42.5,0.0
6573400232,DP0038,40.0,30.3,0.0
6573400233,DP0041,40.0,35.1,0.0
6573400234,DP0007,65.0,46.8,0.0
6573400235,DP0042,65.0,40.2,0.0
6573400236,DP0008,65.0,40.3,0.0
6573400237,DP0041,65.0,42.7,0.0
6573400238,DP0041,65.0,42.3,0.0
6573400239,DP0041,65.0,45.2,0.0
6573400240,DP0015,65.0,40.3,0.0
6573400241,DP0041,60.0,54.8,0.0
6573400242,DP0029,60.0,33.8,0.0
6573400243,DP0041,75.0,67.8,0.0
6573400244,DP0008,75.0,63.9,0.0
6573400245,DP0010,75.0,67.8,0.0
6573400246,DP0041,75.0,68.3,0.0
6573400247,DP0041,75.0,68.1,0.0
6573400248,DP0044,55.0,42.1,0.0
6573400249,DP0016,55.0,38.9,0.0
6573400250,DP0023,55.0,45.9,0.0
6573400251,DP0041,55.0,35.1,0.0
6573400252,DP0041,55.0,41.6,0.0
6573400253,DP0041,55.0,42.8,0.0
6573400254,DP0039,55.0,43.5,0.0
6573400255,DP0039,65.0,56.3,0.0
6573400256,DP0043,50.0,51.7,1.0
6573400257,DP0041,45.0,33.7,0.0
6573400258,DP0041,55.0,44.7,0.0
6573400259,DP0041,55.0,40.6,0.0
6573400260,DP0041,55.0,42.7,0.0
6573400261,DP0041,55.0,46.4,0.0
6573400262,DP0005,55.0,42.4,0.0
6573400263,DP0005,55.0,38.7,0.0
6573400264,DP0041,55.0,37.9,0.0
6573400265,DP0043,50.0,54.3,1.0
6573400266,DP0048,40.0,53.6,1.0
6573400267,DP0015,40.0,35.2,0.0
6573400268,DP0041,40.0,39.0,0.0
6573400269,DP0041,40.0,32.4,0.0
6573400270,DP0007,55.0,34.2,0.0
6573400271,DP0008,55.0,35.6,0.0
6573400272,DP0041,55.0,33.9,0.0
6573400273,DP0008,55.0,30.7,0.0
6573400274,DP0048,55.0,44.9,0.0
6573400275,DP0005,50.0,33.7,0.0
6573400276,DP0005,45.0,29.9,0.0
6573400277,DP0005,45.0,28.3,0.0
6573400278,DP0041,45.0,23.4,0.0
6573400279,DP0043,45.0,27.9,0.0
6573400280,DP0011,45.0,24.3,0.0
6573400281,DP0038,45.0,32.4,0.0
6573400282,DP0041,45.0,28.7,0.0
6573400283,DP0015,55.0,32.9,0.0
6573400284,DP0043,55.0,35.1,0.0
6573400285,DP0043,55.0,30.3,0.0
6573400286,DP0015,55.0,35.5,0.0
6573400287,DP0043,60.0,28.9,0.0
6573400288,DP0043,65.0,59.6,0.0
6573400289,DP0041,60.0,40.6,0.0
6573400290,DP0041,50.0,32.3,0.0
6573400291,DP0041,70.0,46.8,0.0
6573400292,DP0034,70.0,47.1,0.0
6573400293,DP0024,70.0,48.8,0.0
6573400294,DP0050,70.0,67.9,0.0
6573400295,DP0018,70.0,48.0,0.0
6573400296,DP0043,70.0,49.9,0.0
6573400297,DP0043,45.0,27.1,0.0
6573400298,DP0033,70.0,62.4,0.0
6573400299,DP0043,55.0,43.3,0.0
6573400300,DP0026,50.0,39.9,0.0
6573400301,DP0041,55.0,60.7,1.0
6573400302,DP0041,60.0,44.9,0.0
6573400303,DP0021,40.0,32.3,0.0
6573400304,DP0021,50.0,47.2,0.0
6573400305,DP0046,45.0,61.7,1.0
6573400306,DP0041,65.0,47.4,0.0
6573400307,DP0041,40.0,29.8,0.0
6573400308,DP0015,55.0,41.3,0.0
6573400309,DP0021,50.0,43.4,0.0
6573400310,DP0041,65.0,50.9,0.0
6573400311,DP0014,45.0,21.8,0.0
6573400312,DP0019,50.0,41.1,0.0
6573400313,DP0050,50.0,58.1,1.0
6573400314,DP0041,50.0,42.6,0.0
6573400315,DP0048,50.0,60.3,1.0
6573400316,DP0037,45.0,26.7,0.0
6573400317,DP0009,55.0,36.4,0.0
6573400318,DP0041,40.0,28.6,0.0
6573400319,DP0041,50.0,37.7,0.0
6573400320,DP0023,55.0,45.4,0.0
6573400321,DP0039,85.0,63.8,0.0
6573400322,DP0039,85.0,63.9,0.0
6573400323,DP0005,85.0,63.1,0.0
6573400324,DP0019,85.0,67.9,0.0
6573400325,DP0020,85.0,68.3,0.0
6573400326,DP0038,70.0,60.1,0.0
6573400327,DP0005,55.0,35.7,0.0
6573400328,DP0041,40.0,36.1,0.0
6573400329,DP0032,40.0,31.2,0.0
6573400330,DP0028,50.0,28.3,0.0
6573400331,DP0041,55.0,54.7,0.0
6573400332,DP0008,45.0,31.2,0.0
6573400333,DP0041,50.0,23.0,0.0
6573400334,DP0041,50.0,26.5,0.0
6573400335,DP0005,50.0,21.1,0.0
6573400336,DP0041,50.0,27.5,0.0
6573400337,DP0007,50.0,25.1,0.0
6573400338,DP0041,50.0,26.4,0.0
6573400339,DP0041,85.0,68.8,0.0
6573400340,DP0038,65.0,39.7,0.0
6573400341,DP0025,50.0,31.7,0.0
6573400342,DP0028,50.0,43.6,0.0
6573400343,DP0041,50.0,37.9,0.0
6573400344,DP0005,50.0,38.8,0.0
6573400345,DP0041,50.0,36.0,0.0
6573400346,DP0042,50.0,45.0,0.0
6573400347,DP0041,50.0,41.2,0.0
6573400348,DP0008,50.0,42.3,0.0
6573400349,DP0005,65.0,45.9,0.0
6573400350,DP0041,55.0,33.9,0.0
6573400351,DP0041,65.0,57.3,0.0
6573400352,DP0037,50.0,32.9,0.0
6573400353,DP0034,45.0,48.9,1.0
6573400354,DP0043,45.0,53.0,1.0
6573400355,DP0041,45.0,54.5,1.0
6573400356,DP0013,55.0,42.7,0.0
6573400357,DP0041,55.0,49.4,0.0
6573400358,DP0028,70.0,52.8,0.0
6573400359,DP0005,70.0,51.5,0.0
6573400360,DP0024,70.0,57.2,0.0
6573400361,DP0019,70.0,54.5,0.0
6573400362,DP0041,45.0,31.4,0.0
6573400363,DP0003,55.0,36.7,0.0
6573400364,DP0041,50.0,35.1,0.0
6573400365,,,,
6573400366,DP0044,50.0,42.4,0.0
6573400367,DP0043,50.0,40.4,0.0
6573400368,DP0038,50.0,40.4,0.0
6573400369,DP0043,50.0,42.9,0.0
6573400370,DP0043,50.0,42.6,0.0
6573400371,DP0050,50.0,55.2,1.0
6573400372,DP0006,50.0,44.1,0.0
6573400373,DP0041,55.0,53.7,0.0
6573400374,DP0012,45.0,29.3,0.0
6573400375,DP0041,45.0,23.5,0.0
6573400376,DP0033,55.0,35.7,0.0
6573400377,DP0041,60.0,39.9,0.0
6573400378,DP0041,40.0,23.6,0.0
6573400379,DP0015,50.0,26.8,0.0
6573400380,DP0041,40.0,22.3,0.0
6573400381,DP0005,55.0,27.0,0.0
6573400382,DP0041,40.0,24.0,0.0
6573400383,DP0009,60.0,33.1,0.0
6573400384,DP0043,60.0,31.5,0.0
6573400385,DP0034,55.0,45.6,0.0
6573400386,DP0043,45.0,26.0,0.0
6573400387,DP0021,45.0,21.6,0.0
6573400388,DP0004,40.0,39.4,0.0
6573400389,DP0041,50.0,38.6,0.0
6573400390,DP0008,40.0,46.4,1.0
6573400391,DP0043,55.0,73.4,1.0
6573400392,DP0005,65.0,45.0,0.0
6573400393,DP0007,65.0,45.7,0.0
6573400394,DP0041,65.0,47.9,0.0
6573400395,DP0041,65.0,46.6,0.0
6573400396,DP0048,65.0,65.7,1.0
6573400397,DP0041,65.0,48.1,0.0
6573400398,DP0005,45.0,21.7,0.0
6573400399,DP0041,40.0,23.7,0.0
6573400400,DP0041,40.0,28.3,0.0
6573400401,DP0016,40.0,35.7,0.0
6573400402,DP0041,40.0,31.1,0.0
6573400403,DP0009,65.0,42.7,0.0
6573400404,DP0004,45.0,41.4,0.0
6573400405,DP0041,45.0,31.0,0.0
6573400406,DP0039,40.0,20.9,0.0
6573400407,DP0005,55.0,38.3,0.0
6573400408,DP0005,55.0,36.1,0.0
6573400409,DP0019,55.0,32.9,0.0
6573400410,DP0041,45.0,32.7,0.0
6573400411,DP0008,45.0,31.0,0.0
6573400412,DP0043,50.0,34.1,0.0
6573400413,DP0007,55.0,32.3,0.0
6573400414,DP0020,55.0,31.6,0.0
6573400415,DP0041,55.0,33.9,0.0
6573400416,DP0043,55.0,32.9,0.0
6573400417,DP0041,55.0,35.6,0.0
6573400418,DP0043,55.0,36.5,0.0
6573400419,DP0034,55.0,33.4,0.0
6573400420,DP0041,40.0,26.0,0.0
6573400421,DP0043,50.0,26.9,0.0
6573400422,DP0029,55.0,40.5,0.0
6573400423,DP0038,55.0,38.6,0.0
6573400424,DP0008,65.0,42.2,0.0
6573400425,DP0019,45.0,24.5,0.0
6573400426,DP0043,45.0,20.9,0.0
6573400427,DP0028,70.0,43.9,0.0
6573400428,DP0046,70.0,63.7,0.0
6573400429,DP0033,65.0,56.1,0.0
6573400430,DP0041,65.0,56.0,0.0
6573400431,DP0005,60.0,49.8,0.0
6573400432,DP0033,40.0,39.2,0.0
6573400433,DP0042,45.0,26.3,0.0
6573400434,DP0041,50.0,37.5,0.0
6573400435,DP0045,60.0,80.8,1.0
6573400436,DP0001,45.0,29.5,0.0
6573400437,DP0041,55.0,38.1,0.0
6573400438,DP0041,55.0,37.7,0.0
6573400439,DP0041,55.0,35.0,0.0
6573400440,DP0041,60.0,45.1,0.0
6573400441,DP0042,40.0,24.6,0.0
6573400442,DP0041,50.0,30.6,0.0
6573400443,DP0041,50.0,26.7,0.0
6573400444,DP0048,50.0,45.9,0.0
6573400445,DP0039,50.0,32.3,0.0
6573400446,DP0041,50.0,28.3,0.0
6573400447,DP0007,50.0,26.8,0.0
6573400448,DP0041,50.0,23.7,0.0
6573400449,DP0041,55.0,44.4,0.0
6573400450,DP0012,60.0,56.3,0.0
6573400451,DP0005,60.0,55.7,0.0
6573400452,DP0041,40.0,37.3,0.0
6573400453,DP0014,40.0,28.6,0.0
6573400454,DP0041,45.0,24.4,0.0
6573400455,DP0019,45.0,24.1,0.0
6573400456,DP0041,45.0,25.7,0.0
6573400457,DP0007,45.0,26.0,0.0
6573400458,DP0043,50.0,39.4,0.0
6573400459,DP0039,50.0,32.3,0.0
6573400460,DP0015,65.0,52.2,0.0
6573400461,DP0008,40.0,18.4,0.0
6573400462,DP0015,50.0,39.4,0.0
6573400463,DP0005,40.0,35.3,0.0
6573400464,DP0001,40.0,33.8,0.0
6573400465,DP0041,40.0,31.3,0.0
6573400466,DP0041,40.0,34.9,0.0
6573400467,DP0041,40.0,29.6,0.0
6573400468,DP0041,40.0,34.7,0.0
6573400469,DP0040,40.0,37.9,0.0
6573400470,DP0019,85.0,67.1,0.0
6573400471,DP0048,85.0,82.3,0.0
6573400472,DP0043,85.0,64.9,0.0
6573400473,DP0041,85.0,67.4,0.0
6573400474,DP0019,85.0,73.2,0.0
6573400475,DP0041,85.0,67.3,0.0
6573400476,DP0043,85.0,65.0,0.0
6573400477,DP0043,65.0,48.1,0.0
6573400478,DP0038,50.0,39.4,0.0
6573400479,DP0041,50.0,44.5,0.0
6573400480,DP0043,55.0,43.7,0.0
6573400481,DP0021,65.0,44.2,0.0
6573400482,DP0008,50.0,36.0,0.0
6573400483,DP0034,40.0,40.4,1.0
6573400484,DP0014,65.0,50.6,0.0
6573400485,DP0050,40.0,43.2,1.0
6573400486,DP0018,40.0,31.4,0.0
6573400487,DP0041,40.0,30.9,0.0
6573400488,DP0027,55.0,34.8,0.0
6573400489,DP0041,40.0,23.9,0.0
6573400490,DP0041,75.0,67.3,0.0
6573400491,DP0003,70.0,47.2,0.0
6573400492,DP0049,75.0,57.7,0.0
6573400493,DP0050,45.0,47.1,1.0
6573400494,DP0043,40.0,28.4,0.0
6573400495,DP0043,50.0,36.8,0.0
6573400496,DP0003,40.0,23.8,0.0
6573400497,DP0028,40.0,26.1,0.0
6573400498,DP0041,40.0,24.6,0.0
6573400499,DP0018,40.0,26.6,0.0
6573400500,DP0030,45.0,31.7,0.0
6573400501,DP0043,60.0,39.4,0.0
6573400502,DP0043,40.0,45.7,1.0
6573400503,DP0041,45.0,44.4,0.0
6573400504,DP0005,55.0,50.7,0.0
6573400505,DP0021,50.0,33.2,0.0
6573400506,DP0041,50.0,27.6,0.0
6573400507,DP0008,45.0,22.9,0.0
6573400508,DP0039,75.0,53.6,0.0
6573400509,DP0037,50.0,34.3,0.0
6573400510,DP0007,40.0,23.2,0.0
6573400511,DP0048,50.0,53.7,1.0
6573400512,DP0012,50.0,56.1,1.0
6573400513,DP0041,40.0,31.8,0.0
6573400514,DP0041,40.0,30.4,0.0
6573400515,DP0041,50.0,30.7,0.0
6573400516,DP0041,50.0,28.6,0.0
6573400517,DP0041,50.0,28.2,0.0
6573400518,DP0031,50.0,28.3,0.0
6573400519,DP0049,50.0,30.9,0.0
6573400520,DP0019,50.0,29.4,0.0
6573400521,DP0019,50.0,29.0,0.0
6573400522,DP0015,50.0,19.3,0.0
6573400523,DP0007,50.0,31.8,0.0
6573400524,DP0009,55.0,38.2,0.0
6573400525,DP0041,55.0,34.7,0.0
6573400526,DP0043,55.0,32.9,0.0
6573400527,DP0043,65.0,37.4,0.0
6573400528,DP0019,45.0,37.9,0.0
6573400529,DP0034,50.0,41.9,0.0
6573400530,DP0042,50.0,43.5,0.0
6573400531,DP0005,50.0,49.4,0.0
6573400532,DP0041,50.0,44.8,0.0
6573400533,DP0048,50.0,64.5,1.0
6573400534,,,,
6573400535,DP0018,55.0,28.4,0.0
6573400536,DP0047,45.0,31.5,0.0
6573400537,DP0040,45.0,36.9,0.0
6573400538,DP0005,45.0,32.5,0.0
6573400539,DP0041,45.0,38.6,0.0
6573400540,DP0041,45.0,35.9,0.0
6573400541,DP0006,60.0,31.9,0.0
6573400542,DP0041,50.0,48.2,0.0
6573400543,DP0050,55.0,49.3,0.0
6573400544,DP0002,55.0,34.1,0.0
6573400545,DP0041,55.0,36.9,0.0
6573400546,DP0015,55.0,31.4,0.0
6573400547,DP0033,55.0,32.4,0.0
6573400548,DP0041,55.0,23.5,0.0
6573400549,DP0041,55.0,29.0,0.0
6573400550,DP0041,55.0,28.0,0.0
6573400551,DP0042,55.0,28.3,0.0
6573400552,DP0041,55.0,32.4,0.0
6573400553,DP0003,60.0,34.1,0.0
6573400554,DP0041,40.0,39.9,0.0
6573400555,DP0005,55.0,36.7,0.0
6573400556,DP0011,50.0,110.0,1.0
6573400557,DP0050,45.0,67.8,1.0
6573400558,DP0033,50.0,34.6,0.0
6573400559,,,,
6573400560,DP0041,45.0,33.2,0.0
6573400561,DP0041,55.0,46.5,0.0
6573400562,DP0043,40.0,27.9,0.0
6573400563,DP0041,40.0,22.7,0.0
6573400564,DP0033,40.0,20.7,0.0
6573400565,DP0041,40.0,21.2,0.0
6573400566,DP0015,40.0,26.6,0.0
6573400567,DP0041,40.0,18.2,0.0
6573400568,DP0024,40.0,22.9,0.0
6573400569,DP0041,45.0,36.0,0.0
6573400570,DP0017,55.0,34.2,0.0
6573400571,DP0008,45.0,35.8,0.0
6573400572,DP0043,45.0,36.0,0.0
6573400573,DP0038,45.0,35.7,0.0
6573400574,DP0020,45.0,37.2,0.0
6573400575,DP0027,45.0,34.8,0.0
6573400576,DP0008,45.0,33.6,0.0
6573400577,DP0041,45.0,40.9,0.0
6573400578,DP0044,40.0,19.9,0.0
6573400579,DP0049,50.0,48.0,0.0
6573400580,DP0005,50.0,43.3,0.0
6573400581,DP0043,50.0,47.2,0.0
6573400582,,,,
6573400583,DP0006,40.0,34.2,0.0
6573400584,DP0041,40.0,52.3,1.0
6573400585,DP0041,55.0,41.6,0.0
6573400586,DP0005,45.0,32.8,0.0
6573400587,DP0005,60.0,32.3,0.0
6573400588,DP0043,40.0,30.4,0.0
6573400589,DP0033,40.0,33.2,0.0
6573400590,DP0041,40.0,32.1,0.0
6573400591,DP0012,40.0,31.8,0.0
6573400592,DP0043,40.0,33.9,0.0
6573400593,DP0041,40.0,30.8,0.0
6573400594,DP0047,40.0,32.3,0.0
6573400595,DP0041,55.0,78.6,1.0
6573400596,DP0041,40.0,8.1,0.0
6573400597,DP0041,90.0,57.5,0.0
6573400598,DP0007,75.0,56.7,0.0
6573400599,DP0041,75.0,62.2,0.0
6573400600,DP0026,75.0,63.2,0.0
6573400601,DP0021,75.0,58.6,0.0
6573400602,DP0041,75.0,65.2,0.0
6573400603,DP0028,65.0,61.0,0.0
6573400604,DP0041,40.0,15.7,0.0
6573400605,DP0008,65.0,56.3,0.0
6573400606,DP0041,50.0,42.4,0.0
6573400607,DP0008,40.0,29.2,0.0
6573400608,DP0048,40.0,47.6,1.0
6573400609,DP0043,40.0,27.0,0.0
6573400610,DP0020,40.0,29.1,0.0
6573400611,DP0047,40.0,30.8,0.0
6573400612,DP0041,40.0,32.6,0.0
6573400613,DP0006,40.0,27.5,0.0
6573400614,DP0041,40.0,57.5,1.0
6573400615,DP0041,45.0,34.3,0.0
6573400616,DP0041,45.0,26.0,0.0
6573400617,DP0005,50.0,49.9,0.0
6573400618,DP0021,50.0,30.9,0.0
6573400619,DP0005,55.0,29.5,0.0
6573400620,DP0041,65.0,45.0,0.0
6573400621,DP0020,65.0,42.2,0.0
6573400622,DP0041,65.0,45.3,0.0
6573400623,DP0007,65.0,46.2,0.0
6573400624,DP0041,65.0,42.3,0.0
6573400625,DP0043,65.0,41.8,0.0
6573400626,DP0041,65.0,44.0,0.0
6573400627,,,,
6573400628,,,,
6573400629,,,,
6573400630,DP0038,40.0,24.3,0.0
6573400631,DP0041,40.0,22.2,0.0
6573400632,DP0021,40.0,21.2,0.0
6573400633,DP0006,40.0,24.2,0.0
6573400634,DP0008,40.0,22.9,0.0
6573400635,DP0021,40.0,22.1,0.0
6573400636,DP0005,50.0,31.5,0.0
6573400637,DP0005,75.0,46.4,0.0
6573400638,DP0006,45.0,32.8,0.0
6573400639,DP0009,50.0,26.0,0.0
6573400640,DP0041,85.0,77.0,0.0
6573400641,DP0008,55.0,40.0,0.0
6573400642,DP0014,45.0,28.4,0.0
6573400643,DP0005,50.0,21.7,0.0
6573400644,DP0044,45.0,38.7,0.0
6573400645,DP0003,45.0,32.3,0.0
6573400646,DP0041,40.0,25.6,0.0
6573400647,DP0005,45.0,45.3,1.0
6573400648,DP0041,55.0,61.8,1.0
6573400649,DP0041,60.0,34.3,0.0
6573400650,DP0041,45.0,23.5,0.0
6573400651,DP0015,55.0,40.1,0.0
6573400652,DP0041,60.0,39.5,0.0
6573400653,DP0036,40.0,39.5,0.0
6573400654,DP0041,40.0,32.8,0.0
6573400655,DP0002,40.0,31.7,0.0
6573400656,DP0005,40.0,27.2,0.0
6573400657,DP0013,45.0,25.5,0.0
6573400658,DP0041,50.0,25.2,0.0
6573400659,DP0041,50.0,30.9,0.0
6573400660,DP0049,40.0,65.5,1.0
6573400661,DP0041,50.0,33.8,0.0
6573400662,DP0043,45.0,25.6,0.0
6573400663,DP0047,40.0,30.9,0.0
6573400664,DP0034,50.0,30.5,0.0
6573400665,DP0002,50.0,32.5,0.0
6573400666,DP0044,50.0,30.2,0.0
6573400667,DP0041,50.0,26.9,0.0
6573400668,DP0041,50.0,30.3,0.0
6573400669,DP0019,50.0,32.1,0.0
6573400670,DP0005,75.0,45.3,0.0
6573400671,DP0038,75.0,52.7,0.0
6573400672,DP0027,75.0,49.1,0.0
6573400673,DP0041,75.0,51.6,0.0
6573400674,DP0005,75.0,46.2,0.0
6573400675,DP0043,75.0,50.1,0.0
6573400676,DP0041,75.0,44.4,0.0
6573400677,DP0038,70.0,50.0,0.0
6573400678,DP0041,65.0,34.7,0.0
6573400679,DP0043,60.0,47.4,0.0
6573400680,DP0008,55.0,38.7,0.0
6573400681,DP0003,50.0,32.3,0.0
6573400682,DP0041,65.0,46.3,0.0
6573400683,DP0040,65.0,45.6,0.0
6573400684,DP0041,65.0,47.0,0.0
6573400685,DP0019,65.0,47.6,0.0
6573400686,DP0010,45.0,31.0,0.0
6573400687,DP0018,45.0,43.6,0.0
6573400688,DP0041,45.0,43.0,0.0
6573400689,DP0041,45.0,27.7,0.0
6573400690,DP0041,55.0,35.4,0.0
6573400691,DP0015,50.0,30.8,0.0
6573400692,DP0005,50.0,29.8,0.0
6573400693,DP0041,40.0,24.3,0.0
6573400694,DP0041,40.0,21.8,0.0
6573400695,DP0048,65.0,64.2,0.0
6573400696,DP0041,55.0,62.0,1.0
6573400697,DP0026,60.0,47.4,0.0
6573400698,DP0019,60.0,48.4,0.0
6573400699,DP0015,60.0,41.5,0.0
6573400700,DP0007,60.0,44.3,0.0
6573400701,DP0039,60.0,47.7,0.0
6573400702,DP0002,60.0,44.2,0.0
6573400703,DP0041,60.0,47.8,0.0
6573400704,DP0044,50.0,27.6,0.0
6573400705,DP0034,50.0,23.4,0.0
6573400706,DP0041,55.0,41.1,0.0
6573400707,DP0041,50.0,29.5,0.0
6573400708,DP0041,50.0,25.0,0.0
6573400709,DP0041,50.0,25.6,0.0
6573400710,DP0041,50.0,28.9,0.0
6573400711,DP0002,50.0,27.2,0.0
6573400712,DP0008,50.0,27.1,0.0
6573400713,DP0043,50.0,27.2,0.0
6573400714,DP0015,45.0,23.9,0.0
6573400715,DP0047,45.0,26.6,0.0
6573400716,DP0041,50.0,32.9,0.0
6573400717,DP0023,45.0,31.3,0.0
6573400718,DP0041,45.0,31.8,0.0
6573400719,DP0019,45.0,33.1,0.0
6573400720,DP0032,45.0,31.5,0.0
6573400721,DP0043,45.0,32.3,0.0
6573400722,DP0043,50.0,30.8,0.0
6573400723,DP0039,40.0,24.2,0.0
6573400724,DP0030,45.0,36.0,0.0
6573400725,DP0019,65.0,47.2,0.0
6573400726,DP0028,60.0,39.0,0.0
6573400727,DP0041,50.0,33.5,0.0
6573400728,DP0008,55.0,44.5,0.0
6573400729,DP0002,50.0,36.1,0.0
6573400730,DP0006,50.0,38.7,0.0
6573400731,DP0041,50.0,37.2,0.0
6573400732,DP0041,50.0,33.5,0.0
6573400733,DP0048,50.0,45.7,0.0
6573400734,DP0002,50.0,31.6,0.0
6573400735,DP0038,50.0,36.9,0.0
6573400736,DP0041,55.0,46.3,0.0
6573400737,DP0048,55.0,57.2,1.0
6573400738,DP0041,40.0,25.3,0.0
6573400739,DP0041,50.0,46.2,0.0
6573400740,DP0024,75.0,48.5,0.0
6573400741,DP0015,55.0,37.0,0.0
6573400742,DP0041,55.0,41.2,0.0
6573400743,DP0005,55.0,33.5,0.0
6573400744,DP0033,55.0,37.5,0.0
6573400745,DP0041,45.0,43.0,0.0
6573400746,DP0041,40.0,41.5,1.0
6573400747,DP0050,60.0,59.1,0.0
6573400748,DP0043,50.0,37.5,0.0
6573400749,DP0041,55.0,31.5,0.0
6573400750,DP0033,40.0,33.2,0.0
6573400751,DP0005,65.0,48.8,0.0
6573400752,DP0033,50.0,33.1,0.0
6573400753,DP0041,65.0,36.2,0.0
6573400754,DP0021,55.0,38.4,0.0
6573400755,DP0005,50.0,35.9,0.0
6573400756,DP0041,55.0,39.4,0.0
6573400757,DP0043,40.0,26.1,0.0
6573400758,DP0041,40.0,25.5,0.0
6573400759,DP0041,45.0,44.4,0.0
6573400760,DP0008,50.0,33.0,0.0
6573400761,DP0041,50.0,31.7,0.0
6573400762,DP0043,50.0,36.0,0.0
6573400763,DP0019,50.0,33.4,0.0
6573400764,DP0043,50.0,32.0,0.0
6573400765,DP0016,50.0,36.6,0.0
6573400766,DP0039,50.0,30.7,0.0
6573400767,DP0014,50.0,28.5,0.0
6573400768,DP0041,50.0,31.6,0.0
6573400769,DP0015,65.0,48.3,0.0
6573400770,DP0011,65.0,48.6,0.0
6573400771,DP0041,65.0,43.8,0.0
6573400772,DP0007,45.0,28.3,0.0
6573400773,DP0042,40.0,34.0,0.0
6573400774,DP0029,45.0,29.1,0.0
6573400775,DP0004,45.0,43.1,0.0
6573400776,DP0005,45.0,27.9,0.0
6573400777,DP0041,85.0,50.9,0.0
6573400778,DP0008,65.0,46.5,0.0
6573400779,DP0003,65.0,36.9,0.0
6573400780,DP0011,65.0,41.0,0.0
6573400781,DP0049,65.0,39.3,0.0
6573400782,DP0015,40.0,19.6,0.0
6573400783,DP0034,55.0,34.8,0.0
6573400784,DP0041,40.0,39.2,0.0
6573400785,DP0041,45.0,32.4,0.0
6573400786,DP0015,55.0,28.4,0.0
6573400787,DP0041,45.0,28.7,0.0
6573400788,DP0007,55.0,38.4,0.0
6573400789,DP0041,40.0,47.3,1.0
6573400790,DP0041,55.0,39.3,0.0
6573400791,DP0041,50.0,41.8,0.0
6573400792,DP0041,55.0,41.7,0.0
6573400793,DP0037,55.0,33.8,0.0
6573400794,DP0041,55.0,35.7,0.0
6573400795,DP0005,55.0,36.7,0.0
6573400796,DP0028,55.0,32.7,0.0
6573400797,DP0001,55.0,38.7,0.0
6573400798,DP0039,55.0,39.8,0.0
6573400799,DP0013,45.0,46.4,1.0
6573400800,DP0041,45.0,45.0,1.0
6573400801,DP0041,45.0,46.8,1.0
6573400802,DP0043,50.0,40.6,0.0
6573400803,DP0041,65.0,43.0,0.0
6573400804,DP0041,65.0,39.3,0.0
6573400805,DP0041,65.0,38.9,0.0
6573400806,DP0041,65.0,42.6,0.0
6573400807,DP0041,65.0,44.4,0.0
6573400808,DP0033,65.0,46.3,0.0
6573400809,DP0041,65.0,39.0,0.0
6573400810,DP0041,40.0,28.0,0.0
6573400811,DP0039,40.0,13.2,0.0
6573400812,DP0005,60.0,76.6,1.0
6573400813,DP0042,55.0,42.6,0.0
6573400814,DP0030,40.0,65.0,1.0
6573400815,DP0041,40.0,44.7,1.0
6573400816,DP0041,65.0,34.1,0.0
6573400817,DP0041,55.0,51.5,0.0
6573400818,DP0041,65.0,58.7,0.0
6573400819,DP0008,45.0,32.4,0.0
6573400820,DP0041,45.0,30.8,0.0
6573400821,DP0045,45.0,32.8,0.0
6573400822,DP0003,45.0,30.6,0.0
6573400823,DP0043,45.0,30.8,0.0
6573400824,DP0043,45.0,31.4,0.0
6573400825,DP0041,50.0,36.0,0.0
6573400826,DP0033,65.0,41.8,0.0
6573400827,DP0043,45.0,22.4,0.0
6573400828,DP0041,45.0,22.0,0.0
6573400829,DP0041,45.0,24.8,0.0
6573400830,DP0039,45.0,20.4,0.0
6573400831,DP0028,40.0,20.6,0.0
6573400832,DP0041,55.0,35.7,0.0
6573400833,DP0041,45.0,37.9,0.0
6573400834,DP0041,45.0,30.0,0.0
6573400835,DP0019,65.0,54.8,0.0
6573400836,DP0007,65.0,57.0,0.0
6573400837,DP0049,65.0,55.9,0.0
6573400838,DP0041,50.0,29.8,0.0
6573400839,DP0041,50.0,19.0,0.0
6573400840,DP0036,50.0,20.1,0.0
6573400841,DP0041,50.0,19.7,0.0
6573400842,DP0007,50.0,20.4,0.0
6573400843,DP0019,50.0,21.6,0.0
6573400844,DP0041,50.0,21.8,0.0
6573400845,DP0005,50.0,24.4,0.0
6573400846,DP0001,45.0,50.2,1.0
6573400847,DP0024,50.0,29.6,0.0
6573400848,DP0015,50.0,31.1,0.0
6573400849,DP0041,50.0,25.7,0.0
6573400850,DP0037,50.0,28.3,0.0
6573400851,DP0009,50.0,31.7,0.0
6573400852,DP0039,50.0,30.5,0.0
6573400853,DP0041,50.0,23.3,0.0
6573400854,DP0043,40.0,30.2,0.0
6573400855,DP0041,50.0,27.7,0.0
6573400856,DP0041,60.0,42.6,0.0
6573400857,DP0019,50.0,32.2,0.0
6573400858,DP0004,50.0,45.3,0.0
6573400859,DP0019,50.0,38.0,0.0
6573400860,DP0008,50.0,38.9,0.0
6573400861,DP0041,50.0,38.6,0.0
6573400862,DP0041,50.0,39.3,0.0
6573400863,DP0020,50.0,32.3,0.0
6573400864,DP0041,55.0,29.8,0.0
6573400865,DP0046,50.0,50.9,1.0
6573400866,DP0005,55.0,30.8,0.0
6573400867,DP0015,45.0,32.4,0.0
6573400868,DP0019,45.0,35.1,0.0
6573400869,DP0019,45.0,38.4,0.0
6573400870,DP0041,45.0,28.8,0.0
6573400871,DP0043,40.0,41.2,1.0
6573400872,DP0019,50.0,34.7,0.0
6573400873,DP0041,55.0,33.4,0.0
6573400874,DP0008,50.0,25.3,0.0
6573400875,DP0041,50.0,40.6,0.0
6573400876,DP0041,55.0,38.1,0.0
6573400877,DP0008,65.0,50.7,0.0
6573400878,DP0024,50.0,38.7,0.0
6573400879,DP0044,75.0,40.6,0.0
6573400880,DP0015,50.0,41.2,0.0
6573400881,DP0041,50.0,44.3,0.0
6573400882,DP0047,50.0,44.6,0.0
6573400883,DP0041,50.0,40.7,0.0
6573400884,DP0041,50.0,45.2,0.0
6573400885,DP0041,50.0,41.2,0.0
6573400886,DP0015,50.0,42.5,0.0
6573400887,DP0005,45.0,24.4,0.0
6573400888,DP0041,55.0,41.4,0.0
6573400889,DP0041,45.0,60.0,1.0
6573400890,DP0003,65.0,44.6,0.0
6573400891,DP0041,40.0,32.7,0.0
6573400892,DP0028,55.0,47.3,0.0
6573400893,DP0007,55.0,39.3,0.0
6573400894,DP0043,50.0,29.5,0.0
6573400895,DP0015,50.0,28.8,0.0
6573400896,DP0043,50.0,31.7,0.0
6573400897,DP0009,50.0,29.7,0.0
6573400898,DP0050,50.0,42.3,0.0
6573400899,DP0044,70.0,54.2,0.0
6573400900,DP0005,40.0,33.0,0.0
6573400901,DP0041,55.0,49.5,0.0
6573400902,DP0008,50.0,36.9,0.0
6573400903,DP0043,65.0,49.6,0.0
6573400904,DP0043,40.0,18.3,0.0
6573400905,DP0046,60.0,64.1,1.0
6573400906,DP0041,50.0,42.6,0.0
6573400907,DP0041,50.0,40.6,0.0
6573400908,DP0043,65.0,45.0,0.0
6573400909,DP0041,45.0,43.9,0.0
6573400910,DP0019,45.0,32.1,0.0
6573400911,DP0005,40.0,36.4,0.0
6573400912,DP0041,70.0,37.1,0.0
6573400913,DP0041,65.0,52.3,0.0
6573400914,DP0041,65.0,53.1,0.0
6573400915,DP0003,65.0,52.9,0.0
6573400916,DP0019,65.0,48.9,0.0
6573400917,DP0026,65.0,53.3,0.0
6573400918,DP0035,65.0,54.9,0.0
6573400919,DP0042,65.0,52.4,0.0
6573400920,DP0046,65.0,62.1,0.0
6573400921,DP0041,40.0,25.9,0.0
6573400922,DP0021,55.0,41.3,0.0
6573400923,DP0041,50.0,30.3,0.0
6573400924,DP0008,40.0,33.5,0.0
6573400925,DP0021,60.0,31.6,0.0
6573400926,DP0005,60.0,35.2,0.0
6573400927,DP0019,75.0,57.8,0.0
6573400928,DP0049,55.0,48.5,0.0
6573400929,DP0015,55.0,33.5,0.0
6573400930,DP0007,55.0,34.8,0.0
6573400931,DP0019,55.0,35.6,0.0
6573400932,DP0041,55.0,35.6,0.0
6573400933,DP0041,55.0,40.5,0.0
6573400934,DP0009,55.0,34.0,0.0
6573400935,DP0041,55.0,39.3,0.0
6573400936,DP0041,55.0,40.9,0.0
6573400937,DP0006,40.0,23.0,0.0
6573400938,DP0041,50.0,41.8,0.0
6573400939,DP0007,50.0,41.9,0.0
6573400940,DP0043,50.0,47.0,0.0
6573400941,DP0041,50.0,44.4,0.0
6573400942,DP0019,50.0,39.1,0.0
6573400943,DP0041,40.0,47.5,1.0
6573400944,DP0041,45.0,33.8,0.0
6573400945,DP0005,50.0,32.0,0.0
6573400946,DP0015,70.0,46.4,0.0
6573400947,DP0043,65.0,57.1,0.0
6573400948,DP0025,45.0,34.2,0.0
6573400949,DP0043,40.0,20.4,0.0
6573400950,DP0041,55.0,31.7,0.0
6573400951,DP0041,75.0,57.1,0.0
6573400952,DP0043,55.0,36.8,0.0
6573400953,DP0043,50.0,37.9,0.0
6573400954,DP0041,40.0,27.8,0.0
6573400955,DP0041,45.0,31.6,0.0
6573400956,DP0019,55.0,44.6,0.0
6573400957,DP0041,50.0,34.0,0.0
6573400958,DP0027,45.0,28.7,0.0
6573400959,DP0048,40.0,48.4,1.0
6573400960,DP0041,65.0,38.7,0.0
6573400961,DP0039,40.0,20.0,0.0
6573400962,DP0041,40.0,18.4,0.0
6573400963,DP0008,45.0,26.1,0.0
6573400964,DP0041,50.0,25.9,0.0
6573400965,DP0041,45.0,34.8,0.0
6573400966,DP0009,45.0,32.1,0.0
6573400967,DP0041,45.0,35.2,0.0
6573400968,DP0041,45.0,34.5,0.0
6573400969,DP0048,45.0,57.0,1.0
6573400970,DP0005,55.0,40.2,0.0
6573400971,DP0006,45.0,20.5,0.0
6573400972,DP0041,45.0,24.8,0.0
6573400973,DP0047,45.0,24.0,0.0
6573400974,DP0041,45.0,24.0,0.0
6573400975,DP0041,60.0,43.2,0.0
6573400976,DP0015,50.0,41.4,0.0
6573400977,DP0046,55.0,42.9,0.0
6573400978,DP0041,90.0,68.4,0.0
6573400979,DP0021,50.0,39.8,0.0
6573400980,DP0041,45.0,30.7,0.0
6573400981,DP0033,55.0,29.6,0.0
6573400982,DP0011,45.0,27.5,0.0
6573400983,DP0018,55.0,33.8,0.0
6573400984,DP0007,55.0,37.3,0.0
6573400985,DP0041,55.0,36.2,0.0
6573400986,DP0041,55.0,35.5,0.0
6573400987,DP0016,55.0,39.8,0.0
6573400988,DP0024,55.0,36.4,0.0
6573400989,DP0041,55.0,36.2,0.0
6573400990,DP0016,60.0,41.7,0.0
6573400991,DP0041,40.0,30.1,0.0
6573400992,DP0041,45.0,34.7,0.0
6573400993,DP0041,65.0,47.3,0.0
6573400994,DP0041,45.0,26.5,0.0
6573400995,DP0041,45.0,25.6,0.0
6573400996,DP0047,45.0,26.2,0.0
6573400997,DP0041,45.0,26.7,0.0
6573400998,DP0043,45.0,30.0,0.0
6573400999,DP0041,45.0,24.7,0.0
6573401000,DP0041,45.0,28.9,0.0
6573401001,DP0023,70.0,55.0,0.0
6573401002,DP0041,40.0,30.1,0.0
6573401003,DP0041,40.0,34.2,0.0
6573401004,DP0041,40.0,30.3,0.0
6573401005,DP0029,40.0,37.5,0.0
6573401006,DP0006,40.0,34.0,0.0
6573401007,DP0005,40.0,33.8,0.0
6573401008,DP0033,55.0,39.4,0.0
6573401009,DP0043,55.0,44.6,0.0
6573401010,DP0002,55.0,36.4,0.0
6573401011,DP0026,45.0,24.3,0.0
6573401012,DP0020,45.0,25.2,0.0
6573401013,DP0019,45.0,32.9,0.0
6573401014,DP0015,55.0,30.8,0.0
6573401015,DP0041,55.0,32.4,0.0
6573401016,DP0048,40.0,37.2,0.0
6573401017,DP0041,55.0,29.6,0.0
6573401018,DP0016,40.0,41.5,1.0
6573401019,DP0041,55.0,38.2,0.0
6573401020,DP0043,55.0,50.9,0.0
6573401021,DP0023,40.0,29.1,0.0
6573401022,DP0041,60.0,52.6,0.0
6573401023,DP0041,40.0,36.8,0.0
6573401024,DP0015,50.0,35.4,0.0
6573401025,DP0027,50.0,38.8,0.0
6573401026,DP0007,40.0,27.8,0.0
6573401027,DP0047,55.0,49.7,0.0
6573401028,DP0041,40.0,14.4,0.0
6573401029,DP0041,40.0,8.8,0.0
6573401030,DP0041,40.0,5.3,0.0
6573401031,DP0041,40.0,8.0,0.0
6573401032,DP0048,45.0,46.7,1.0
6573401033,DP0041,45.0,33.7,0.0
6573401034,DP0047,45.0,31.7,0.0
6573401035,DP0041,45.0,38.4,0.0
6573401036,DP0002,45.0,36.0,0.0
6573401037,DP0041,45.0,32.3,0.0
6573401038,DP0011,45.0,30.5,0.0
6573401039,DP0002,40.0,27.0,0.0
6573401040,DP0041,55.0,38.5,0.0
6573401041,DP0041,50.0,41.1,0.0
6573401042,DP0048,50.0,41.9,0.0
6573401043,DP0041,65.0,53.4,0.0
6573401044,DP0005,65.0,48.3,0.0
6573401045,DP0041,65.0,48.2,0.0
6573401046,DP0041,65.0,48.4,0.0
6573401047,DP0043,65.0,42.8,0.0
6573401048,DP0041,65.0,48.5,0.0
6573401049,DP0044,65.0,49.3,0.0
6573401050,DP0009,45.0,20.8,0.0
6573401051,DP0019,75.0,55.1,0.0
6573401052,DP0001,75.0,40.9,0.0
6573401053,DP0043,55.0,46.8,0.0
6573401054,DP0039,40.0,49.3,1.0
6573401055,DP0041,45.0,27.3,0.0
6573401056,DP0019,50.0,36.7,0.0
6573401057,DP0012,45.0,22.7,0.0
6573401058,DP0050,55.0,46.5,0.0
6573401059,DP0008,45.0,23.9,0.0
6573401060,DP0041,45.0,26.1,0.0
6573401061,DP0041,45.0,26.8,0.0
6573401062,DP0019,40.0,38.0,0.0
6573401063,DP0041,40.0,39.7,0.0
6573401064,DP0041,40.0,43.2,1.0
6573401065,DP0011,40.0,39.9,0.0
6573401066,DP0041,50.0,42.7,0.0
6573401067,DP0043,50.0,46.0,0.0
6573401068,DP0019,50.0,41.1,0.0
6573401069,DP0001,60.0,43.3,0.0
6573401070,DP0024,45.0,35.6,0.0
6573401071,DP0041,65.0,43.1,0.0
6573401072,DP0048,50.0,37.6,0.0
6573401073,DP0041,50.0,23.5,0.0
6573401074,DP0041,40.0,32.9,0.0
6573401075,DP0012,40.0,28.8,0.0
6573401076,DP0013,50.0,32.9,0.0
6573401077,DP0041,40.0,28.2,0.0
6573401078,DP0010,65.0,45.6,0.0
6573401079,DP0047,65.0,66.1,1.0
6573401080,DP0030,50.0,48.6,0.0
6573401081,DP0041,45.0,37.5,0.0
6573401082,DP0041,40.0,28.4,0.0
6573401083,DP0007,40.0,28.7,0.0
6573401084,DP0048,50.0,46.7,0.0
6573401085,DP0043,45.0,37.2,0.0
6573401086,DP0012,55.0,38.6,0.0
6573401087,DP0041,70.0,44.9,0.0
6573401088,DP0041,55.0,36.5,0.0
6573401089,DP0014,50.0,41.2,0.0
6573401090,DP0009,45.0,39.3,0.0
6573401091,DP0041,45.0,35.3,0.0
6573401092,DP0030,55.0,65.4,1.0
6573401093,DP0012,55.0,23.6,0.0
6573401094,DP0041,55.0,30.4,0.0
6573401095,DP0041,55.0,31.7,0.0
6573401096,DP0008,55.0,37.3,0.0
6573401097,DP0041,55.0,39.5,0.0
6573401098,DP0043,55.0,33.8,0.0
6573401099,DP0041,55.0,32.2,0.0
6573401100,DP0041,55.0,37.8,0.0
6573401101,DP0045,50.0,45.8,0.0
6573401102,DP0009,55.0,36.0,0.0
6573401103,DP0015,55.0,54.6,0.0
6573401104,DP0006,45.0,46.6,1.0
6573401105,DP0013,50.0,48.1,0.0
6573401106,DP0021,50.0,46.9,0.0
6573401107,DP0027,50.0,48.7,0.0
6573401108,DP0041,50.0,48.5,0.0
6573401109,DP0017,50.0,50.1,1.0
6573401110,DP0041,50.0,48.5,0.0
6573401111,DP0041,50.0,51.4,1.0
6573401112,DP0009,55.0,33.3,0.0
6573401113,DP0041,55.0,32.8,0.0
6573401114,DP0041,55.0,30.9,0.0
6573401115,DP0041,55.0,29.4,0.0
6573401116,DP0003,55.0,31.7,0.0
6573401117,DP0005,55.0,35.7,0.0
6573401118,DP0043,55.0,35.0,0.0
6573401119,DP0043,50.0,60.3,1.0
6573401120,DP0001,50.0,40.2,0.0
6573401121,DP0041,50.0,18.9,0.0
6573401122,DP0005,40.0,34.0,0.0
6573401123,DP0041,45.0,34.6,0.0
6573401124,DP0041,75.0,55.3,0.0
6573401125,DP0008,45.0,35.2,0.0
6573401126,DP0041,45.0,37.1,0.0
6573401127,DP0024,45.0,35.0,0.0
6573401128,DP0041,45.0,36.6,0.0
6573401129,DP0049,50.0,28.5,0.0
6573401130,DP0005,45.0,40.8,0.0
6573401131,DP0007,40.0,56.8,1.0
6573401132,DP0041,50.0,53.8,1.0
6573401133,DP0041,55.0,45.8,0.0
6573401134,DP0041,40.0,71.9,1.0
6573401135,DP0041,65.0,46.7,0.0
6573401136,DP0039,60.0,50.0,0.0
6573401137,DP0041,70.0,61.2,0.0
6573401138,DP0043,60.0,37.9,0.0
6573401139,DP0043,60.0,41.9,0.0
6573401140,DP0028,50.0,29.4,0.0
6573401141,,,,
6573401142,,,,
6573401143,,,,
6573401144,,,,
6573401145,DP0024,65.0,47.1,0.0
6573401146,DP0044,60.0,46.9,0.0
6573401147,DP0043,50.0,28.7,0.0
6573401148,DP0043,55.0,63.1,1.0
6573401149,DP0008,55.0,54.5,0.0
6573401150,DP0048,45.0,43.0,0.0
6573401151,DP0041,45.0,26.2,0.0
6573401152,DP0039,45.0,30.9,0.0
6573401153,DP0007,45.0,26.9,0.0
6573401154,DP0007,45.0,24.4,0.0
6573401155,DP0041,45.0,27.6,0.0
6573401156,DP0002,45.0,27.1,0.0
6573401157,DP0019,45.0,26.2,0.0
6573401158,DP0041,45.0,26.2,0.0
6573401159,DP0041,45.0,25.9,0.0
6573401160,DP0019,45.0,26.3,0.0
6573401161,DP0043,45.0,33.6,0.0
6573401162,DP0039,65.0,60.8,0.0
6573401163,DP0047,50.0,41.5,0.0
6573401164,DP0002,45.0,33.7,0.0
6573401165,DP0049,40.0,22.5,0.0
6573401166,DP0041,65.0,52.2,0.0
6573401167,DP0043,65.0,50.2,0.0
6573401168,DP0024,70.0,43.0,0.0
6573401169,DP0021,70.0,45.7,0.0
6573401170,DP0041,70.0,43.3,0.0
6573401171,DP0024,70.0,44.3,0.0
6573401172,DP0049,70.0,52.9,0.0
6573401173,DP0041,70.0,47.1,0.0
6573401174,DP0009,70.0,48.6,0.0
6573401175,DP0005,50.0,34.8,0.0
6573401176,DP0041,40.0,23.7,0.0
6573401177,DP0029,40.0,19.9,0.0
6573401178,DP0019,40.0,22.8,0.0
6573401179,DP0007,40.0,26.5,0.0
6573401180,DP0005,40.0,23.2,0.0
6573401181,DP0019,40.0,28.2,0.0
6573401182,DP0009,40.0,26.5,0.0
6573401183,DP0043,70.0,42.4,0.0
6573401184,DP0041,55.0,46.0,0.0
6573401185,DP0048,60.0,72.6,1.0
6573401186,DP0041,55.0,35.0,0.0
6573401187,DP0026,50.0,27.9,0.0
6573401188,DP0041,50.0,28.8,0.0
6573401189,DP0041,40.0,56.9,1.0
6573401190,DP0041,55.0,34.2,0.0
6573401191,DP0041,40.0,40.8,1.0
6573401192,DP0025,50.0,40.3,0.0
6573401193,DP0019,45.0,23.3,0.0
6573401194,DP0041,50.0,31.3,0.0
6573401195,DP0007,50.0,40.8,0.0
6573401196,DP0041,40.0,19.1,0.0
6573401197,DP0019,40.0,16.3,0.0
6573401198,DP0041,40.0,16.8,0.0
6573401199,DP0023,40.0,15.6,0.0
6573401200,DP0041,40.0,14.6,0.0
6573401201,DP0041,40.0,16.0,0.0
6573401202,DP0041,40.0,15.5,0.0
6573401203,DP0032,40.0,41.4,1.0
6573401204,DP0020,65.0,50.7,0.0
6573401205,DP0041,65.0,65.3,1.0
6573401206,DP0041,65.0,64.9,0.0
6573401207,DP0041,65.0,64.8,0.0
6573401208,DP0050,65.0,82.0,1.0
6573401209,DP0026,65.0,64.5,0.0
6573401210,DP0041,65.0,64.8,0.0
6573401211,DP0041,65.0,39.3,0.0
6573401212,DP0041,65.0,46.2,0.0
6573401213,DP0041,55.0,42.4,0.0
6573401214,DP0033,60.0,56.5,0.0
6573401215,DP0006,40.0,32.2,0.0
6573401216,DP0037,40.0,26.4,0.0
6573401217,DP0041,65.0,34.6,0.0
6573401218,DP0041,65.0,35.6,0.0
6573401219,DP0008,65.0,35.9,0.0
6573401220,DP0026,65.0,33.2,0.0
6573401221,DP0008,65.0,34.2,0.0
6573401222,DP0041,45.0,44.3,0.0
6573401223,DP0008,75.0,52.2,0.0
6573401224,DP0019,50.0,37.7,0.0
6573401225,DP0009,40.0,22.1,0.0
6573401226,DP0015,40.0,27.0,0.0
6573401227,DP0041,40.0,26.9,0.0
6573401228,DP0041,40.0,28.3,0.0
6573401229,DP0008,40.0,30.4,0.0
6573401230,DP0026,40.0,22.3,0.0
6573401231,DP0041,50.0,38.1,0.0
6573401232,DP0005,50.0,35.2,0.0
6573401233,DP0041,50.0,36.1,0.0
6573401234,DP0041,50.0,36.1,0.0
6573401235,DP0004,50.0,57.7,1.0
6573401236,DP0008,50.0,37.7,0.0
6573401237,DP0016,50.0,40.5,0.0
6573401238,DP0001,50.0,27.2,0.0
6573401239,DP0041,75.0,83.4,1.0
6573401240,DP0020,75.0,83.3,1.0
6573401241,DP0027,75.0,84.3,1.0
6573401242,DP0019,75.0,83.5,1.0
6573401243,DP0041,75.0,82.0,1.0
6573401244,DP0038,75.0,83.6,1.0
6573401245,DP0043,75.0,84.6,1.0
6573401246,DP0015,50.0,41.3,0.0
6573401247,DP0041,50.0,34.5,0.0
6573401248,DP0036,55.0,51.3,0.0
6573401249,DP0005,55.0,42.1,0.0
6573401250,DP0041,50.0,32.2,0.0
6573401251,DP0043,50.0,30.9,0.0
6573401252,DP0028,55.0,38.7,0.0
6573401253,DP0041,55.0,32.8,0.0
6573401254,DP0027,50.0,48.2,0.0
6573401255,DP0041,50.0,37.6,0.0
6573401256,DP0041,50.0,32.7,0.0
6573401257,DP0041,50.0,29.9,0.0
6573401258,DP0041,55.0,44.4,0.0
6573401259,DP0041,50.0,36.0,0.0
6573401260,DP0041,55.0,36.0,0.0
6573401261,DP0041,55.0,40.1,0.0
6573401262,DP0015,40.0,34.4,0.0
6573401263,DP0005,50.0,31.5,0.0
6573401264,DP0009,55.0,49.7,0.0
6573401265,DP0043,40.0,28.4,0.0
6573401266,DP0048,55.0,46.6,0.0
6573401267,DP0041,50.0,32.1,0.0
6573401268,DP0015,40.0,27.1,0.0
6573401269,DP0023,50.0,44.9,0.0
6573401270,DP0041,45.0,35.4,0.0
6573401271,DP0041,55.0,31.4,0.0
6573401272,,,,
6573401273,DP0039,55.0,35.2,0.0
6573401274,DP0030,55.0,41.3,0.0
6573401275,DP0041,70.0,57.1,0.0
6573401276,DP0043,45.0,28.5,0.0
6573401277,DP0029,55.0,43.0,0.0
6573401278,DP0041,50.0,36.0,0.0
6573401279,DP0005,50.0,23.6,0.0
6573401280,DP0005,50.0,23.6,0.0
6573401281,DP0008,50.0,20.3,0.0
6573401282,DP0048,50.0,32.8,0.0
6573401283,DP0041,50.0,19.3,0.0
6573401284,DP0042,50.0,17.8,0.0
6573401285,DP0036,50.0,18.5,0.0
6573401286,DP0041,50.0,62.3,1.0
6573401287,DP0043,40.0,38.2,0.0
6573401288,DP0041,40.0,42.1,1.0
6573401289,DP0001,40.0,37.9,0.0
6573401290,DP0028,50.0,34.7,0.0
6573401291,DP0041,50.0,37.2,0.0
6573401292,DP0002,50.0,37.5,0.0
6573401293,DP0041,50.0,38.8,0.0
6573401294,DP0041,50.0,34.7,0.0
6573401295,DP0041,50.0,40.9,0.0
6573401296,DP0043,45.0,37.4,0.0
6573401297,DP0048,50.0,45.1,0.0
6573401298,DP0041,45.0,62.3,1.0
6573401299,DP0041,45.0,41.3,0.0
6573401300,DP0043,50.0,26.3,0.0
6573401301,DP0041,50.0,39.0,0.0
6573401302,DP0028,55.0,31.6,0.0
6573401303,DP0014,40.0,50.6,1.0
6573401304,DP0015,60.0,46.5,0.0
6573401305,DP0019,40.0,28.9,0.0
6573401306,DP0041,50.0,33.5,0.0
6573401307,DP0043,55.0,50.8,0.0
6573401308,DP0041,45.0,30.9,0.0
6573401309,DP0026,40.0,39.1,0.0
6573401310,DP0002,40.0,25.9,0.0
6573401311,DP0043,65.0,50.5,0.0
6573401312,DP0041,65.0,51.0,0.0
6573401313,DP0047,65.0,48.0,0.0
6573401314,DP0005,65.0,44.9,0.0
6573401315,DP0015,65.0,45.3,0.0
6573401316,DP0041,65.0,51.4,0.0
6573401317,DP0015,65.0,51.4,0.0
6573401318,DP0037,50.0,27.0,0.0
6573401319,DP0041,65.0,56.8,0.0
6573401320,DP0041,65.0,62.0,0.0
6573401321,DP0005,65.0,58.9,0.0
6573401322,DP0019,65.0,60.8,0.0
6573401323,DP0018,65.0,58.8,0.0
6573401324,DP0041,65.0,63.8,0.0
6573401325,DP0039,50.0,29.9,0.0
6573401326,DP0037,45.0,26.4,0.0
6573401327,DP0043,50.0,33.5,0.0
6573401328,DP0043,65.0,47.1,0.0
6573401329,DP0041,55.0,42.2,0.0
6573401330,DP0041,55.0,38.7,0.0
6573401331,DP0041,55.0,54.7,0.0
6573401332,DP0041,55.0,32.6,0.0
6573401333,DP0042,55.0,30.7,0.0
6573401334,DP0041,55.0,32.6,0.0
6573401335,DP0038,55.0,31.8,0.0
6573401336,DP0041,55.0,32.0,0.0
6573401337,DP0043,55.0,27.6,0.0
6573401338,DP0041,55.0,31.5,0.0
6573401339,DP0041,40.0,29.9,0.0
6573401340,DP0010,60.0,46.2,0.0
6573401341,DP0015,60.0,48.8,0.0
6573401342,DP0041,60.0,48.3,0.0
6573401343,DP0013,60.0,46.6,0.0
6573401344,DP0041,60.0,52.3,0.0
6573401345,DP0040,60.0,49.9,0.0
6573401346,DP0041,60.0,48.4,0.0
6573401347,DP0002,90.0,86.5,0.0
6573401348,DP0041,40.0,31.5,0.0
6573401349,DP0025,50.0,30.8,0.0
6573401350,DP0018,55.0,64.8,1.0
6573401351,DP0010,55.0,58.8,1.0
6573401352,DP0047,55.0,63.6,1.0
6573401353,DP0041,55.0,63.8,1.0
6573401354,DP0041,55.0,58.5,1.0
6573401355,DP0007,55.0,61.6,1.0
6573401356,DP0018,55.0,66.3,1.0
6573401357,DP0019,50.0,38.3,0.0
6573401358,DP0011,50.0,39.8,0.0
6573401359,DP0041,45.0,30.4,0.0
6573401360,DP0041,40.0,32.4,0.0
6573401361,DP0041,50.0,20.6,0.0
6573401362,DP0015,65.0,46.1,0.0
6573401363,DP0029,65.0,51.6,0.0
6573401364,DP0038,65.0,51.2,0.0
6573401365,DP0007,65.0,52.6,0.0
6573401366,DP0043,65.0,49.8,0.0
6573401367,DP0041,65.0,44.7,0.0
6573401368,DP0033,65.0,55.4,0.0
6573401369,DP0043,45.0,39.0,0.0
6573401370,DP0041,40.0,20.5,0.0
6573401371,DP0022,40.0,36.7,0.0
6573401372,DP0014,70.0,46.0,0.0
6573401373,DP0041,50.0,36.2,0.0
6573401374,DP0028,50.0,34.5,0.0
6573401375,DP0019,50.0,37.9,0.0
6573401376,DP0041,50.0,27.0,0.0
6573401377,DP0041,40.0,27.7,0.0
6573401378,DP0019,60.0,33.1,0.0
6573401379,DP0032,40.0,20.9,0.0
6573401380,DP0043,90.0,85.1,0.0
6573401381,DP0041,65.0,45.4,0.0
6573401382,DP0041,60.0,43.4,0.0
6573401383,DP0040,60.0,42.6,0.0
6573401384,DP0041,60.0,42.3,0.0
6573401385,DP0019,60.0,45.8,0.0
6573401386,DP0041,60.0,43.3,0.0
6573401387,DP0043,60.0,45.9,0.0
6573401388,DP0045,60.0,47.4,0.0
6573401389,DP0041,45.0,53.6,1.0
6573401390,DP0026,50.0,41.5,0.0
6573401391,DP0042,50.0,37.8,0.0
6573401392,DP0021,50.0,42.9,0.0
6573401393,DP0034,50.0,42.5,0.0
6573401394,DP0042,50.0,40.2,0.0
6573401395,DP0043,40.0,27.3,0.0
6573401396,DP0043,55.0,39.4,0.0
6573401397,DP0039,55.0,41.5,0.0
6573401398,DP0041,55.0,57.1,1.0
6573401399,DP0047,50.0,42.3,0.0
6573401400,DP0041,50.0,35.1,0.0
6573401401,DP0008,45.0,28.8,0.0
6573401402,DP0018,50.0,51.1,1.0
6573401403,DP0048,65.0,69.3,1.0
6573401404,DP0041,50.0,36.5,0.0
6573401405,DP0043,50.0,40.3,0.0
6573401406,DP0006,65.0,49.5,0.0
6573401407,DP0029,50.0,23.9,0.0
6573401408,DP0041,50.0,34.5,0.0
6573401409,DP0019,40.0,21.3,0.0
6573401410,DP0041,50.0,25.7,0.0
6573401411,DP0043,50.0,40.8,0.0
6573401412,DP0008,70.0,44.9,0.0
6573401413,DP0019,70.0,45.7,0.0
6573401414,DP0015,70.0,40.5,0.0
6573401415,DP0005,70.0,45.0,0.0
6573401416,DP0049,70.0,50.9,0.0
6573401417,DP0005,70.0,43.2,0.0
6573401418,DP0039,75.0,82.2,1.0
6573401419,DP0007,50.0,30.5,0.0
6573401420,DP0041,45.0,44.6,0.0
6573401421,DP0017,45.0,39.0,0.0
6573401422,DP0041,45.0,30.3,0.0
6573401423,DP0001,50.0,28.6,0.0
6573401424,DP0003,60.0,32.6,0.0
6573401425,DP0041,75.0,86.8,1.0
6573401426,DP0039,50.0,36.0,0.0
6573401427,DP0049,55.0,29.0,0.0
6573401428,DP0041,50.0,30.6,0.0
6573401429,DP0041,50.0,33.8,0.0
6573401430,DP0041,50.0,25.7,0.0
6573401431,DP0005,50.0,29.6,0.0
6573401432,DP0038,50.0,35.9,0.0
6573401433,DP0041,50.0,27.4,0.0
6573401434,DP0041,55.0,39.4,0.0
6573401435,DP0040,45.0,30.2,0.0
6573401436,DP0043,50.0,21.5,0.0
6573401437,DP0023,40.0,41.8,1.0
6573401438,DP0043,40.0,41.6,1.0
6573401439,DP0038,40.0,43.4,1.0
6573401440,DP0043,55.0,48.2,0.0
6573401441,DP0015,80.0,69.5,0.0
6573401442,DP0043,55.0,35.2,0.0
6573401443,DP0043,50.0,38.7,0.0
6573401444,DP0008,65.0,39.6,0.0
6573401445,DP0043,50.0,30.2,0.0
6573401446,DP0041,50.0,34.6,0.0
6573401447,DP0005,50.0,35.9,0.0
6573401448,DP0041,50.0,35.3,0.0
6573401449,DP0008,45.0,29.9,0.0
6573401450,DP0043,55.0,32.2,0.0
6573401451,DP0043,55.0,31.2,0.0
6573401452,DP0043,55.0,36.1,0.0
6573401453,DP0041,40.0,22.9,0.0
6573401454,DP0008,50.0,26.9,0.0
6573401455,DP0006,50.0,22.1,0.0
6573401456,DP0019,50.0,31.0,0.0
6573401457,DP0039,50.0,34.6,0.0
6573401458,DP0015,50.0,37.6,0.0
6573401459,DP0041,50.0,36.9,0.0
6573401460,DP0007,50.0,35.2,0.0
6573401461,DP0026,50.0,34.5,0.0
6573401462,DP0041,50.0,36.7,0.0
6573401463,DP0044,60.0,39.0,0.0
6573401464,DP0024,40.0,15.9,0.0
6573401465,DP0034,40.0,29.3,0.0
6573401466,DP0015,45.0,31.5,0.0
6573401467,DP0041,55.0,53.5,0.0
6573401468,,,,
6573401469,DP0041,50.0,24.8,0.0
6573401470,DP0005,40.0,27.2,0.0
6573401471,DP0048,40.0,38.9,0.0
6573401472,DP0041,50.0,40.6,0.0
6573401473,DP0041,55.0,26.6,0.0
6573401474,DP0043,50.0,27.0,0.0
6573401475,DP0039,55.0,41.0,0.0
6573401476,DP0019,40.0,23.8,0.0
6573401477,DP0019,45.0,40.4,0.0
6573401478,DP0005,50.0,42.2,0.0
6573401479,DP0041,50.0,43.2,0.0
6573401480,DP0003,50.0,41.8,0.0
6573401481,DP0044,50.0,41.1,0.0
6573401482,DP0041,50.0,38.3,0.0
6573401483,DP0033,50.0,40.9,0.0
6573401484,DP0008,70.0,41.9,0.0
6573401485,DP0026,50.0,44.7,0.0
6573401486,DP0018,50.0,45.0,0.0
6573401487,DP0015,50.0,52.1,1.0
6573401488,DP0015,50.0,24.9,0.0
6573401489,DP0041,50.0,34.4,0.0
6573401490,DP0041,65.0,51.0,0.0
6573401491,DP0043,65.0,49.1,0.0
6573401492,DP0019,65.0,49.5,0.0
6573401493,DP0041,65.0,47.6,0.0
6573401494,DP0007,75.0,46.9,0.0
6573401495,DP0043,45.0,19.8,0.0
6573401496,DP0041,55.0,36.2,0.0
6573401497,DP0041,40.0,33.5,0.0
6573401498,DP0033,55.0,33.5,0.0
6573401499,DP0043,55.0,27.8,0.0
6573401500,DP0039,55.0,31.1,0.0
6573401501,DP0041,55.0,32.2,0.0
6573401502,DP0028,55.0,28.0,0.0
6573401503,DP0023,55.0,30.5,0.0
6573401504,DP0041,55.0,27.2,0.0
6573401505,DP0041,50.0,29.0,0.0
6573401506,DP0041,55.0,32.6,0.0
6573401507,DP0041,55.0,45.2,0.0
6573401508,DP0027,55.0,37.0,0.0
6573401509,DP0041,45.0,32.5,0.0
6573401510,DP0041,50.0,41.1,0.0
6573401511,DP0041,50.0,49.4,0.0
6573401512,DP0041,50.0,45.3,0.0
6573401513,DP0043,50.0,39.5,0.0
6573401514,DP0041,50.0,43.6,0.0
6573401515,DP0041,50.0,41.0,0.0
6573401516,DP0022,50.0,41.0,0.0
6573401517,DP0025,60.0,35.9,0.0
6573401518,DP0041,55.0,30.2,0.0
6573401519,DP0019,55.0,31.0,0.0
6573401520,DP0005,55.0,34.0,0.0
6573401521,DP0015,55.0,29.8,0.0
6573401522,DP0048,55.0,54.1,0.0
6573401523,DP0032,55.0,35.1,0.0
6573401524,DP0019,55.0,34.1,0.0
6573401525,DP0005,55.0,39.1,0.0
6573401526,DP0041,40.0,47.3,1.0
6573401527,DP0043,40.0,40.5,1.0
6573401528,DP0041,40.0,42.5,1.0
6573401529,DP0041,40.0,42.5,1.0
6573401530,DP0043,50.0,33.6,0.0
6573401531,DP0034,50.0,38.5,0.0
6573401532,DP0039,50.0,39.7,0.0
6573401533,DP0027,65.0,80.3,1.0
6573401534,DP0043,50.0,23.4,0.0
6573401535,DP0041,50.0,29.9,0.0
6573401536,DP0043,50.0,30.3,0.0
6573401537,DP0041,40.0,16.4,0.0
6573401538,DP0008,40.0,33.6,0.0
6573401539,DP0041,40.0,23.7,0.0
6573401540,DP0041,55.0,38.5,0.0
6573401541,DP0005,45.0,29.0,0.0
6573401542,DP0043,55.0,56.0,1.0
6573401543,DP0019,65.0,49.2,0.0
6573401544,DP0047,50.0,28.1,0.0
6573401545,DP0041,40.0,24.5,0.0
6573401546,DP0002,55.0,31.4,0.0
6573401547,DP0041,50.0,37.3,0.0
6573401548,DP0008,55.0,38.4,0.0
6573401549,DP0041,40.0,20.4,0.0
6573401550,DP0027,40.0,20.5,0.0
6573401551,DP0041,50.0,30.3,0.0
6573401552,DP0026,50.0,41.2,0.0
6573401553,DP0038,50.0,37.8,0.0
6573401554,DP0027,50.0,41.9,0.0
6573401555,DP0015,50.0,36.9,0.0
6573401556,DP0041,50.0,36.0,0.0
6573401557,DP0041,50.0,32.7,0.0
6573401558,DP0041,50.0,37.1,0.0
6573401559,DP0041,50.0,39.2,0.0
6573401560,DP0028,50.0,42.0,0.0
6573401561,DP0041,70.0,82.8,1.0
6573401562,DP0041,50.0,35.7,0.0
6573401563,DP0028,60.0,39.7,0.0
6573401564,DP0008,55.0,37.8,0.0
6573401565,DP0005,45.0,28.5,0.0
6573401566,DP0019,55.0,54.3,0.0
6573401567,DP0034,55.0,37.3,0.0
6573401568,DP0041,55.0,34.7,0.0
6573401569,DP0041,55.0,39.2,0.0
6573401570,DP0043,55.0,41.7,0.0
6573401571,DP0023,55.0,42.2,0.0
6573401572,DP0043,55.0,41.0,0.0
6573401573,DP0008,55.0,40.5,0.0
6573401574,DP0036,60.0,52.8,0.0
6573401575,DP0041,50.0,42.6,0.0
6573401576,DP0048,40.0,50.9,1.0
6573401577,DP0044,50.0,84.5,1.0
6573401578,DP0041,65.0,45.0,0.0
6573401579,DP0041,65.0,49.0,0.0
6573401580,DP0041,65.0,44.0,0.0
6573401581,DP0043,65.0,38.7,0.0
6573401582,DP0019,65.0,45.6,0.0
6573401583,DP0041,55.0,41.9,0.0
6573401584,DP0041,55.0,45.6,0.0
6573401585,DP0005,55.0,41.4,0.0
6573401586,DP0041,40.0,34.2,0.0
6573401587,DP0005,40.0,32.0,0.0
6573401588,DP0021,50.0,35.5,0.0
6573401589,DP0033,50.0,37.3,0.0
6573401590,DP0043,40.0,25.2,0.0
6573401591,DP0041,55.0,28.8,0.0
6573401592,DP0043,40.0,57.2,1.0
6573401593,DP0005,50.0,33.6,0.0
6573401594,DP0034,50.0,30.5,0.0
6573401595,DP0041,50.0,32.1,0.0
6573401596,DP0008,50.0,32.8,0.0
6573401597,DP0039,50.0,28.8,0.0
6573401598,DP0041,50.0,32.0,0.0
6573401599,DP0008,50.0,31.4,0.0
6573401600,DP0007,40.0,37.4,0.0
6573401601,DP0005,50.0,43.9,0.0
6573401602,DP0009,50.0,26.9,0.0
6573401603,DP0041,50.0,36.0,0.0
6573401604,DP0041,50.0,36.6,0.0
6573401605,DP0043,50.0,39.3,0.0
6573401606,DP0043,50.0,35.1,0.0
6573401607,DP0041,50.0,33.9,0.0
6573401608,DP0005,50.0,36.9,0.0
6573401609,DP0034,50.0,34.0,0.0
6573401610,DP0041,65.0,53.2,0.0
6573401611,DP0007,65.0,47.5,0.0
6573401612,DP0038,65.0,40.1,0.0
6573401613,DP0041,50.0,34.4,0.0
6573401614,DP0019,45.0,24.1,0.0
6573401615,DP0043,50.0,35.7,0.0
6573401616,DP0041,50.0,35.0,0.0
6573401617,DP0043,50.0,85.3,1.0
6573401618,DP0008,55.0,29.1,0.0
6573401619,DP0041,40.0,34.3,0.0
6573401620,DP0007,75.0,48.5,0.0
6573401621,DP0041,75.0,53.5,0.0
6573401622,DP0043,75.0,51.9,0.0
6573401623,DP0019,75.0,47.0,0.0
6573401624,DP0008,75.0,47.8,0.0
6573401625,DP0018,75.0,48.5,0.0
6573401626,DP0047,75.0,46.8,0.0
6573401627,DP0041,45.0,38.2,0.0
6573401628,DP0041,45.0,32.3,0.0
6573401629,DP0044,75.0,53.2,0.0
6573401630,DP0016,40.0,37.0,0.0
6573401631,DP0026,55.0,35.1,0.0
6573401632,DP0046,40.0,56.9,1.0
6573401633,DP0041,45.0,24.4,0.0
6573401634,DP0041,75.0,45.1,0.0
6573401635,DP0047,45.0,36.9,0.0
6573401636,DP0041,45.0,39.7,0.0
6573401637,DP0043,50.0,32.2,0.0
6573401638,DP0041,60.0,31.6,0.0
6573401639,DP0028,55.0,40.9,0.0
6573401640,DP0041,55.0,39.4,0.0
6573401641,DP0015,40.0,28.7,0.0
6573401642,DP0041,65.0,51.4,0.0
6573401643,DP0041,65.0,45.2,0.0
6573401644,DP0043,65.0,50.1,0.0
6573401645,DP0041,65.0,51.5,0.0
6573401646,DP0048,65.0,66.1,1.0
6573401647,DP0028,55.0,43.9,0.0
6573401648,DP0043,65.0,71.6,1.0
6573401649,DP0041,55.0,28.9,0.0
6573401650,DP0046,40.0,41.4,1.0
6573401651,DP0024,45.0,27.2,0.0
6573401652,DP0038,50.0,28.3,0.0
6573401653,DP0028,55.0,41.3,0.0
6573401654,DP0048,55.0,54.4,0.0
6573401655,DP0019,65.0,70.4,1.0
6573401656,DP0039,45.0,30.5,0.0
6573401657,DP0041,45.0,34.2,0.0
6573401658,DP0048,40.0,41.8,1.0
6573401659,DP0019,85.0,59.0,0.0
6573401660,DP0041,55.0,30.7,0.0
6573401661,DP0043,50.0,36.7,0.0
6573401662,DP0041,75.0,49.1,0.0
6573401663,DP0005,50.0,41.3,0.0
6573401664,DP0041,50.0,33.8,0.0
6573401665,DP0041,55.0,47.4,0.0
6573401666,DP0015,55.0,34.5,0.0
6573401667,DP0009,80.0,53.4,0.0
6573401668,DP0041,80.0,53.0,0.0
6573401669,DP0039,80.0,55.2,0.0
6573401670,DP0041,50.0,39.5,0.0
6573401671,DP0048,45.0,37.8,0.0
6573401672,DP0005,50.0,116.1,1.0
6573401673,DP0041,55.0,39.2,0.0
6573401674,DP0041,60.0,34.1,0.0
6573401675,DP0026,40.0,30.2,0.0
6573401676,DP0019,55.0,29.5,0.0
6573401677,DP0024,50.0,21.4,0.0
6573401678,DP0019,45.0,30.9,0.0
6573401679,DP0041,60.0,36.3,0.0
6573401680,DP0041,45.0,36.4,0.0
6573401681,DP0043,50.0,45.1,0.0
6573401682,DP0005,50.0,29.0,0.0
6573401683,DP0041,40.0,33.9,0.0
6573401684,DP0050,55.0,63.9,1.0
6573401685,DP0021,65.0,36.8,0.0
6573401686,DP0033,55.0,30.3,0.0
6573401687,DP0043,40.0,30.7,0.0
6573401688,DP0007,45.0,25.2,0.0
6573401689,DP0009,45.0,33.2,0.0
6573401690,DP0019,55.0,39.6,0.0
6573401691,DP0041,55.0,40.0,0.0
6573401692,DP0021,55.0,40.2,0.0
6573401693,DP0038,55.0,37.8,0.0
6573401694,DP0041,55.0,40.0,0.0
6573401695,DP0049,55.0,40.4,0.0
6573401696,DP0041,40.0,25.3,0.0
6573401697,DP0022,40.0,24.7,0.0
6573401698,DP0043,90.0,57.0,0.0
6573401699,DP0030,55.0,31.0,0.0
6573401700,DP0041,55.0,70.7,1.0
6573401701,DP0004,40.0,34.8,0.0
6573401702,DP0041,50.0,28.7,0.0
6573401703,DP0015,95.0,69.4,0.0
6573401704,DP0048,45.0,63.8,1.0
6573401705,DP0008,50.0,40.2,0.0
6573401706,DP0039,50.0,22.9,0.0
6573401707,DP0029,45.0,37.7,0.0
6573401708,DP0041,50.0,39.4,0.0
6573401709,DP0042,40.0,27.3,0.0
6573401710,DP0013,55.0,45.5,0.0
6573401711,DP0041,50.0,48.5,0.0
6573401712,DP0017,50.0,51.0,1.0
6573401713,DP0039,40.0,31.8,0.0
6573401714,DP0008,40.0,31.5,0.0
6573401715,DP0041,90.0,62.8,0.0
6573401716,DP0008,40.0,37.6,0.0
6573401717,DP0043,40.0,26.6,0.0
6573401718,DP0015,55.0,39.3,0.0
6573401719,DP0041,45.0,37.0,0.0
6573401720,DP0031,45.0,41.7,0.0
6573401721,DP0033,45.0,40.8,0.0
6573401722,DP0041,45.0,41.3,0.0
6573401723,DP0041,45.0,42.0,0.0
6573401724,DP0041,45.0,45.4,1.0
6573401725,DP0019,45.0,40.2,0.0
6573401726,DP0041,40.0,52.1,1.0
6573401727,DP0041,50.0,32.5,0.0
6573401728,DP0014,55.0,33.8,0.0
6573401729,DP0003,50.0,24.1,0.0
6573401730,DP0048,45.0,55.9,1.0
6573401731,DP0041,90.0,62.0,0.0
6573401732,DP0005,70.0,44.0,0.0
6573401733,DP0027,70.0,43.3,0.0
6573401734,DP0049,70.0,49.7,0.0
6573401735,DP0038,70.0,42.4,0.0
6573401736,DP0041,70.0,44.4,0.0
6573401737,DP0041,70.0,41.9,0.0
6573401738,DP0041,70.0,47.8,0.0
6573401739,DP0043,50.0,35.7,0.0
6573401740,DP0034,55.0,53.6,0.0
6573401741,DP0047,55.0,55.3,1.0
6573401742,DP0039,55.0,52.5,0.0
6573401743,DP0041,55.0,52.4,0.0
6573401744,DP0002,55.0,48.1,0.0
6573401745,DP0019,50.0,43.4,0.0
6573401746,DP0043,55.0,42.9,0.0
6573401747,DP0043,55.0,45.2,0.0
6573401748,DP0005,40.0,29.8,0.0
6573401749,DP0026,70.0,42.0,0.0
6573401750,DP0034,50.0,26.2,0.0
6573401751,DP0026,45.0,30.3,0.0
6573401752,DP0023,45.0,37.5,0.0
6573401753,DP0041,45.0,30.9,0.0
6573401754,DP0038,45.0,31.0,0.0
6573401755,DP0044,45.0,32.5,0.0
6573401756,DP0041,75.0,65.0,0.0
6573401757,DP0041,50.0,60.5,1.0
6573401758,DP0041,50.0,58.3,1.0
6573401759,DP0043,50.0,58.5,1.0
6573401760,DP0041,70.0,62.6,0.0
6573401761,DP0048,70.0,76.3,1.0
6573401762,DP0041,70.0,62.0,0.0
6573401763,DP0008,55.0,52.4,0.0
6573401764,DP0043,65.0,55.6,0.0
6573401765,DP0041,45.0,26.1,0.0
6573401766,DP0042,75.0,67.5,0.0
6573401767,DP0045,50.0,30.2,0.0
6573401768,DP0041,45.0,28.8,0.0
6573401769,DP0043,50.0,37.6,0.0
6573401770,DP0041,55.0,53.3,0.0
6573401771,DP0041,55.0,51.4,0.0
6573401772,DP0003,55.0,55.2,1.0
6573401773,DP0041,55.0,56.7,1.0
6573401774,DP0043,55.0,54.9,0.0
6573401775,DP0003,55.0,47.6,0.0
6573401776,DP0041,55.0,53.2,0.0
6573401777,DP0005,65.0,43.5,0.0
6573401778,DP0009,40.0,22.1,0.0
6573401779,DP0041,65.0,38.4,0.0
6573401780,DP0043,50.0,31.5,0.0
6573401781,DP0021,50.0,28.7,0.0
6573401782,DP0041,55.0,37.7,0.0
6573401783,DP0012,85.0,86.4,1.0
6573401784,DP0026,85.0,80.3,0.0
6573401785,DP0041,85.0,81.7,0.0
6573401786,DP0041,85.0,80.2,0.0
6573401787,DP0041,85.0,84.4,0.0
6573401788,DP0002,85.0,78.3,0.0
6573401789,DP0044,85.0,80.1,0.0
6573401790,DP0041,40.0,28.9,0.0
6573401791,DP0007,50.0,25.9,0.0
6573401792,DP0041,50.0,32.5,0.0
6573401793,DP0018,50.0,33.9,0.0
6573401794,DP0041,50.0,26.6,0.0
6573401795,DP0041,50.0,29.2,0.0
6573401796,DP0041,50.0,32.9,0.0
6573401797,DP0043,50.0,26.4,0.0
6573401798,DP0005,45.0,27.8,0.0
6573401799,DP0043,55.0,44.9,0.0
6573401800,DP0005,50.0,38.7,0.0
6573401801,DP0016,55.0,59.2,1.0
6573401802,DP0041,50.0,32.6,0.0
6573401803,DP0028,50.0,32.9,0.0
6573401804,DP0043,50.0,31.3,0.0
6573401805,DP0021,40.0,38.9,0.0
6573401806,DP0041,40.0,24.0,0.0
6573401807,DP0043,55.0,35.2,0.0
6573401808,DP0041,65.0,57.0,0.0
6573401809,DP0050,65.0,72.2,1.0
6573401810,DP0041,65.0,52.4,0.0
6573401811,DP0041,65.0,53.1,0.0
6573401812,DP0041,65.0,51.0,0.0
6573401813,DP0045,65.0,47.0,0.0
6573401814,DP0041,65.0,51.0,0.0
6573401815,DP0016,55.0,39.8,0.0
6573401816,DP0041,55.0,38.6,0.0
6573401817,DP0019,40.0,30.8,0.0
6573401818,DP0041,40.0,39.3,0.0
6573401819,DP0041,40.0,34.5,0.0
6573401820,DP0006,40.0,35.7,0.0
6573401821,DP0041,40.0,38.1,0.0
6573401822,DP0038,40.0,35.2,0.0
6573401823,DP0021,50.0,43.1,0.0
6573401824,DP0041,90.0,59.7,0.0
6573401825,DP0041,90.0,57.5,0.0
6573401826,DP0041,90.0,57.2,0.0
6573401827,DP0045,90.0,59.3,0.0
6573401828,DP0041,90.0,58.3,0.0
6573401829,DP0005,45.0,18.1,0.0
6573401830,DP0038,45.0,33.5,0.0
6573401831,DP0015,55.0,34.4,0.0
6573401832,DP0048,50.0,46.7,0.0
6573401833,DP0002,55.0,40.7,0.0
6573401834,DP0041,40.0,19.1,0.0
6573401835,DP0041,50.0,41.2,0.0
6573401836,DP0019,40.0,26.3,0.0
6573401837,DP0041,65.0,41.1,0.0
6573401838,DP0041,40.0,26.6,0.0
6573401839,DP0021,45.0,22.4,0.0
6573401840,DP0028,55.0,26.6,0.0
6573401841,DP0015,55.0,29.7,0.0
6573401842,DP0009,55.0,39.1,0.0
6573401843,DP0041,55.0,32.1,0.0
6573401844,DP0043,55.0,28.6,0.0
6573401845,DP0041,55.0,40.2,0.0
6573401846,DP0041,55.0,35.8,0.0
6573401847,DP0033,45.0,28.9,0.0
6573401848,DP0012,55.0,38.1,0.0
6573401849,DP0012,40.0,31.9,0.0
6573401850,DP0030,65.0,38.1,0.0
6573401851,DP0033,40.0,41.3,1.0
6573401852,DP0038,40.0,22.6,0.0
6573401853,DP0007,45.0,32.0,0.0
6573401854,DP0049,45.0,27.2,0.0
6573401855,DP0026,40.0,20.4,0.0
6573401856,DP0002,40.0,21.2,0.0
6573401857,DP0043,50.0,43.5,0.0
6573401858,DP0042,50.0,42.7,0.0
6573401859,DP0049,50.0,45.4,0.0
6573401860,DP0041,50.0,36.6,0.0
6573401861,DP0041,50.0,40.4,0.0
6573401862,DP0026,50.0,46.8,0.0
6573401863,DP0043,50.0,46.8,0.0
6573401864,DP0019,50.0,33.3,0.0
6573401865,DP0041,65.0,56.2,0.0
6573401866,DP0041,40.0,26.6,0.0
6573401867,DP0041,40.0,27.3,0.0
6573401868,DP0043,40.0,28.6,0.0
6573401869,DP0048,40.0,52.0,1.0
6573401870,DP0041,40.0,31.4,0.0
6573401871,DP0041,40.0,30.2,0.0
6573401872,DP0047,50.0,46.7,0.0
6573401873,DP0008,50.0,47.0,0.0
6573401874,DP0047,50.0,48.2,0.0
6573401875,DP0041,50.0,45.6,0.0
6573401876,DP0008,50.0,44.7,0.0
6573401877,DP0043,50.0,46.1,0.0
6573401878,DP0041,50.0,46.8,0.0
6573401879,DP0015,50.0,70.5,1.0
6573401880,DP0041,55.0,31.3,0.0
6573401881,DP0041,50.0,22.2,0.0
6573401882,DP0043,40.0,22.8,0.0
6573401883,DP0028,50.0,20.6,0.0
6573401884,DP0033,50.0,23.8,0.0
6573401885,DP0017,50.0,21.3,0.0
6573401886,DP0015,50.0,24.4,0.0
6573401887,DP0041,50.0,24.4,0.0
6573401888,DP0041,50.0,27.1,0.0
6573401889,DP0026,50.0,24.2,0.0
6573401890,DP0041,65.0,56.7,0.0
6573401891,DP0041,40.0,30.6,0.0
6573401892,DP0008,50.0,40.4,0.0
6573401893,DP0019,50.0,44.9,0.0
6573401894,DP0039,50.0,40.5,0.0
6573401895,DP0003,50.0,37.8,0.0
6573401896,DP0041,50.0,39.4,0.0
6573401897,DP0041,40.0,21.9,0.0
6573401898,DP0041,50.0,48.3,0.0
6573401899,DP0024,55.0,58.5,1.0
6573401900,DP0038,50.0,32.3,0.0
6573401901,DP0041,55.0,33.1,0.0
6573401902,DP0005,50.0,41.4,0.0
6573401903,DP0041,50.0,41.4,0.0
6573401904,DP0007,50.0,33.8,0.0
6573401905,DP0043,55.0,24.8,0.0
6573401906,DP0037,55.0,37.3,0.0
6573401907,DP0008,45.0,32.1,0.0
6573401908,DP0038,45.0,26.8,0.0
6573401909,DP0043,45.0,31.3,0.0
6573401910,DP0041,45.0,30.6,0.0
6573401911,DP0002,45.0,26.7,0.0
6573401912,DP0005,45.0,27.5,0.0
6573401913,DP0041,55.0,58.4,1.0
6573401914,DP0043,65.0,58.3,0.0
6573401915,DP0041,50.0,38.5,0.0
6573401916,DP0005,65.0,41.9,0.0
6573401917,DP0007,40.0,39.2,0.0
6573401918,DP0050,50.0,55.4,1.0
6573401919,DP0016,40.0,26.6,0.0
6573401920,DP0005,40.0,30.0,0.0
6573401921,DP0018,40.0,29.6,0.0
6573401922,DP0041,50.0,37.9,0.0
6573401923,DP0043,50.0,43.3,0.0
6573401924,DP0020,50.0,43.0,0.0
6573401925,DP0043,50.0,41.2,0.0
6573401926,DP0041,50.0,43.8,0.0
6573401927,DP0041,50.0,37.8,0.0
6573401928,DP0001,50.0,41.4,0.0
6573401929,DP0046,50.0,51.2,1.0
6573401930,DP0008,55.0,42.1,0.0
6573401931,DP0008,50.0,29.1,0.0
6573401932,DP0049,65.0,48.0,0.0
6573401933,DP0033,50.0,43.4,0.0
6573401934,DP0041,50.0,32.4,0.0
6573401935,DP0041,50.0,31.0,0.0
6573401936,DP0041,50.0,31.1,0.0
6573401937,DP0043,50.0,33.4,0.0
6573401938,DP0041,50.0,34.0,0.0
6573401939,DP0008,50.0,34.0,0.0
6573401940,DP0041,50.0,30.7,0.0
6573401941,DP0018,40.0,23.8,0.0
6573401942,DP0005,65.0,41.8,0.0
6573401943,DP0008,50.0,38.7,0.0
6573401944,DP0041,50.0,36.7,0.0
6573401945,DP0019,50.0,36.0,0.0
6573401946,DP0041,50.0,34.6,0.0
6573401947,DP0041,50.0,39.9,0.0
6573401948,DP0032,50.0,38.7,0.0
6573401949,DP0041,50.0,33.1,0.0
6573401950,DP0008,50.0,26.2,0.0
6573401951,DP0008,50.0,32.5,0.0
6573401952,DP0008,40.0,42.8,1.0
6573401953,DP0041,45.0,23.5,0.0
6573401954,DP0019,55.0,33.4,0.0
6573401955,DP0041,55.0,33.7,0.0
6573401956,DP0015,40.0,24.1,0.0
6573401957,DP0047,45.0,34.3,0.0
6573401958,DP0043,55.0,35.5,0.0
6573401959,DP0041,40.0,18.9,0.0
6573401960,DP0049,40.0,21.8,0.0
6573401961,DP0007,40.0,34.1,0.0
6573401962,DP0041,50.0,26.9,0.0
6573401963,DP0041,50.0,24.3,0.0
6573401964,DP0047,40.0,24.4,0.0
6573401965,DP0046,45.0,31.8,0.0
6573401966,DP0041,45.0,23.8,0.0
6573401967,DP0043,45.0,23.7,0.0
6573401968,DP0039,45.0,26.8,0.0
6573401969,DP0015,45.0,23.1,0.0
6573401970,DP0027,45.0,27.5,0.0
6573401971,DP0041,45.0,29.5,0.0
6573401972,DP0041,65.0,40.3,0.0
6573401973,DP0043,45.0,22.3,0.0
6573401974,DP0043,65.0,46.1,0.0
6573401975,DP0041,65.0,48.6,0.0
6573401976,DP0044,65.0,44.7,0.0
6573401977,DP0041,65.0,47.0,0.0
6573401978,DP0014,65.0,45.8,0.0
6573401979,DP0041,65.0,48.7,0.0
6573401980,DP0007,50.0,26.0,0.0
6573401981,DP0041,50.0,25.6,0.0
6573401982,DP0043,50.0,20.4,0.0
6573401983,DP0028,70.0,53.7,0.0
6573401984,,,,
6573401985,DP0041,55.0,34.6,0.0
6573401986,DP0021,45.0,35.9,0.0
6573401987,DP0028,50.0,37.9,0.0
6573401988,DP0043,60.0,47.1,0.0
6573401989,DP0043,60.0,51.2,0.0
6573401990,DP0041,50.0,31.3,0.0
6573401991,DP0041,45.0,33.2,0.0
6573401992,DP0004,55.0,63.1,1.0
6573401993,DP0016,50.0,59.9,1.0
6573401994,DP0041,50.0,25.1,0.0
6573401995,DP0005,50.0,28.2,0.0
6573401996,DP0019,40.0,29.4,0.0
6573401997,DP0011,50.0,38.9,0.0
6573401998,DP0034,55.0,37.1,0.0
6573401999,DP0041,55.0,45.0,0.0
6573402000,DP0041,65.0,44.7,0.0
6573402001,DP0036,55.0,56.1,1.0
6573402002,DP0009,45.0,23.5,0.0
6573402003,DP0041,50.0,37.2,0.0
6573402004,DP0007,50.0,29.1,0.0
6573402005,DP0041,40.0,26.0,0.0
6573402006,DP0043,40.0,32.4,0.0
6573402007,DP0047,40.0,33.0,0.0
6573402008,DP0041,40.0,28.7,0.0
6573402009,DP0041,45.0,36.6,0.0
6573402010,DP0008,45.0,38.1,0.0
6573402011,DP0041,45.0,40.1,0.0
6573402012,DP0010,45.0,36.4,0.0
6573402013,DP0041,45.0,39.2,0.0
6573402014,DP0049,45.0,36.8,0.0
6573402015,DP0008,50.0,29.3,0.0
6573402016,DP0005,50.0,26.3,0.0
6573402017,DP0041,50.0,31.5,0.0
6573402018,DP0009,45.0,38.6,0.0
6573402019,DP0014,60.0,41.1,0.0
6573402020,DP0041,40.0,29.0,0.0
6573402021,DP0041,60.0,40.2,0.0
6573402022,DP0017,55.0,34.8,0.0
6573402023,DP0041,65.0,43.2,0.0
6573402024,DP0041,50.0,47.7,0.0
6573402025,DP0047,45.0,31.4,0.0
6573402026,DP0041,45.0,27.5,0.0
6573402027,DP0041,60.0,46.3,0.0
6573402028,DP0041,45.0,37.3,0.0
6573402029,DP0041,55.0,38.5,0.0
6573402030,DP0041,45.0,29.1,0.0
6573402031,DP0015,60.0,38.2,0.0
6573402032,DP0043,60.0,40.9,0.0
6573402033,DP0041,50.0,35.8,0.0
6573402034,DP0036,50.0,35.5,0.0
6573402035,DP0040,50.0,27.2,0.0
6573402036,DP0019,40.0,26.4,0.0
6573402037,DP0041,50.0,26.0,0.0
6573402038,DP0005,45.0,47.7,1.0
6573402039,DP0008,50.0,33.1,0.0
6573402040,DP0041,50.0,26.3,0.0
6573402041,DP0041,50.0,38.5,0.0
6573402042,DP0041,50.0,23.5,0.0
6573402043,DP0020,75.0,41.1,0.0
6573402044,DP0043,75.0,48.8,0.0
6573402045,DP0005,75.0,45.8,0.0
6573402046,DP0048,75.0,51.5,0.0
6573402047,DP0043,75.0,47.1,0.0
6573402048,DP0005,75.0,40.3,0.0
6573402049,DP0041,55.0,36.9,0.0
6573402050,DP0041,50.0,32.9,0.0
6573402051,DP0044,55.0,41.5,0.0
6573402052,DP0041,40.0,40.9,1.0
6573402053,DP0043,55.0,44.8,0.0
6573402054,DP0016,40.0,28.6,0.0
6573402055,DP0041,50.0,43.5,0.0
6573402056,DP0041,50.0,32.9,0.0
6573402057,DP0041,40.0,20.3,0.0
6573402058,DP0033,40.0,17.1,0.0
6573402059,DP0041,50.0,28.7,0.0
6573402060,DP0043,75.0,56.6,0.0
6573402061,DP0039,50.0,42.9,0.0
6573402062,DP0041,50.0,45.1,0.0
6573402063,DP0047,60.0,41.8,0.0
6573402064,DP0041,60.0,39.6,0.0
6573402065,DP0041,60.0,37.7,0.0
6573402066,DP0008,40.0,20.2,0.0
6573402067,DP0039,40.0,20.2,0.0
6573402068,DP0043,40.0,25.1,0.0
6573402069,DP0041,40.0,23.6,0.0
6573402070,DP0041,40.0,17.9,0.0
6573402071,DP0043,40.0,17.9,0.0
6573402072,DP0041,50.0,38.9,0.0
6573402073,DP0024,60.0,50.9,0.0
6573402074,DP0041,55.0,45.7,0.0
6573402075,DP0043,55.0,35.9,0.0
6573402076,DP0041,55.0,41.5,0.0
6573402077,DP0019,55.0,43.9,0.0
6573402078,DP0005,55.0,41.8,0.0
6573402079,DP0013,55.0,42.5,0.0
6573402080,,,,
6573402081,DP0043,40.0,17.9,0.0
6573402082,DP0001,60.0,40.7,0.0
6573402083,DP0005,45.0,50.0,1.0
6573402084,DP0041,40.0,35.9,0.0
6573402085,DP0008,40.0,27.4,0.0
6573402086,DP0026,50.0,20.4,0.0
6573402087,DP0043,60.0,44.5,0.0
6573402088,DP0041,55.0,34.8,0.0
6573402089,DP0025,55.0,43.0,0.0
6573402090,DP0041,55.0,36.3,0.0
6573402091,DP0041,55.0,43.9,0.0
6573402092,DP0008,50.0,40.0,0.0
6573402093,DP0041,50.0,26.5,0.0
6573402094,DP0028,50.0,32.4,0.0
6573402095,DP0014,50.0,30.6,0.0
6573402096,DP0041,50.0,31.4,0.0
6573402097,DP0043,50.0,35.8,0.0
6573402098,DP0041,50.0,33.3,0.0
6573402099,DP0041,60.0,46.3,0.0
6573402100,DP0005,50.0,38.7,0.0
6573402101,DP0002,50.0,40.4,0.0
6573402102,DP0026,50.0,38.5,0.0
6573402103,DP0028,50.0,33.2,0.0
6573402104,DP0021,50.0,34.5,0.0
6573402105,DP0019,50.0,30.3,0.0
6573402106,DP0043,65.0,43.6,0.0
6573402107,DP0041,55.0,45.4,0.0
6573402108,DP0050,45.0,38.3,0.0
6573402109,DP0041,55.0,53.4,0.0
6573402110,DP0047,40.0,22.9,0.0
6573402111,DP0041,60.0,50.5,0.0
6573402112,DP0048,60.0,60.3,1.0
6573402113,DP0041,55.0,41.1,0.0
6573402114,DP0043,55.0,45.7,0.0
6573402115,DP0041,55.0,40.6,0.0
6573402116,DP0019,55.0,41.3,0.0
6573402117,DP0043,55.0,39.5,0.0
6573402118,DP0015,55.0,41.0,0.0
6573402119,DP0041,60.0,39.9,0.0
6573402120,DP0007,45.0,22.7,0.0
6573402121,DP0043,45.0,19.6,0.0
6573402122,DP0041,45.0,24.9,0.0
6573402123,DP0041,50.0,34.9,0.0
6573402124,DP0041,50.0,33.9,0.0
6573402125,DP0040,45.0,30.5,0.0
6573402126,DP0033,55.0,27.0,0.0
6573402127,DP0001,50.0,42.3,0.0
6573402128,DP0005,65.0,39.8,0.0
6573402129,DP0041,50.0,40.9,0.0
6573402130,DP0008,45.0,24.7,0.0
6573402131,DP0043,40.0,29.0,0.0
6573402132,DP0041,40.0,31.4,0.0
6573402133,DP0006,55.0,33.4,0.0
6573402134,DP0007,40.0,30.3,0.0
6573402135,DP0006,55.0,35.8,0.0
6573402136,DP0041,55.0,38.7,0.0
6573402137,DP0015,55.0,40.7,0.0
6573402138,DP0033,55.0,37.6,0.0
6573402139,DP0041,55.0,42.3,0.0
6573402140,DP0041,55.0,37.8,0.0
6573402141,DP0041,40.0,53.1,1.0
6573402142,DP0039,45.0,21.1,0.0
6573402143,DP0019,50.0,24.3,0.0
6573402144,DP0013,45.0,26.7,0.0
6573402145,DP0041,55.0,38.8,0.0
6573402146,DP0041,55.0,37.2,0.0
6573402147,DP0041,55.0,36.4,0.0
6573402148,DP0041,55.0,36.4,0.0
6573402149,DP0041,70.0,52.5,0.0
6573402150,DP0041,45.0,21.2,0.0
6573402151,DP0048,55.0,49.8,0.0
6573402152,DP0041,45.0,39.2,0.0
6573402153,DP0003,40.0,25.6,0.0
6573402154,DP0002,40.0,26.0,0.0
6573402155,DP0024,40.0,21.4,0.0
6573402156,DP0041,40.0,25.3,0.0
6573402157,DP0041,40.0,24.3,0.0
6573402158,DP0006,40.0,22.5,0.0
6573402159,DP0012,65.0,41.2,0.0
6573402160,DP0041,65.0,44.1,0.0
6573402161,DP0043,60.0,72.3,1.0
6573402162,DP0041,40.0,29.0,0.0
6573402163,DP0019,50.0,29.2,0.0
6573402164,DP0005,40.0,25.8,0.0
6573402165,DP0041,40.0,32.6,0.0
6573402166,DP0027,55.0,38.4,0.0
6573402167,DP0005,55.0,37.9,0.0
6573402168,DP0041,55.0,36.8,0.0
6573402169,DP0018,55.0,36.6,0.0
6573402170,DP0043,55.0,40.0,0.0
6573402171,DP0041,50.0,32.3,0.0
6573402172,DP0043,40.0,23.5,0.0
6573402173,DP0005,55.0,45.5,0.0
6573402174,DP0041,50.0,34.2,0.0
6573402175,DP0041,50.0,29.2,0.0
6573402176,DP0005,55.0,54.8,0.0
6573402177,,,,
6573402178,DP0026,65.0,63.3,0.0
6573402179,DP0043,50.0,105.5,1.0
6573402180,DP0015,50.0,110.4,1.0
6573402181,DP0015,50.0,107.9,1.0
6573402182,DP0005,50.0,105.5,1.0
6573402183,DP0015,50.0,107.9,1.0
6573402184,DP0041,50.0,105.5,1.0
6573402185,DP0006,65.0,48.2,0.0
6573402186,DP0047,50.0,35.2,0.0
6573402187,DP0040,50.0,33.0,0.0
6573402188,DP0041,50.0,31.1,0.0
6573402189,DP0014,50.0,35.3,0.0
6573402190,DP0040,40.0,29.9,0.0
6573402191,DP0009,55.0,41.3,0.0
6573402192,DP0039,40.0,25.1,0.0
6573402193,DP0041,50.0,25.7,0.0
6573402194,DP0041,50.0,37.4,0.0
6573402195,DP0026,55.0,37.2,0.0
6573402196,DP0041,45.0,36.4,0.0
6573402197,DP0019,65.0,63.3,0.0
6573402198,DP0029,40.0,23.3,0.0
6573402199,DP0019,40.0,33.4,0.0
6573402200,DP0047,50.0,34.4,0.0
6573402201,DP0003,60.0,52.6,0.0
6573402202,DP0041,60.0,52.4,0.0
6573402203,DP0026,60.0,54.7,0.0
6573402204,DP0005,60.0,59.6,0.0
6573402205,DP0041,60.0,51.4,0.0
6573402206,DP0038,60.0,52.4,0.0
6573402207,DP0023,40.0,42.5,1.0
6573402208,DP0007,40.0,44.8,1.0
6573402209,DP0036,55.0,30.4,0.0
6573402210,DP0003,80.0,57.9,0.0
6573402211,DP0041,40.0,67.1,1.0
6573402212,DP0033,40.0,18.8,0.0
6573402213,DP0028,40.0,17.1,0.0
6573402214,DP0043,40.0,18.5,0.0
6573402215,DP0041,40.0,18.5,0.0
6573402216,DP0041,55.0,41.8,0.0
6573402217,DP0003,40.0,31.1,0.0
6573402218,DP0050,40.0,46.0,1.0
6573402219,DP0041,70.0,101.9,1.0
6573402220,DP0008,55.0,29.3,0.0
6573402221,DP0033,85.0,75.2,0.0
6573402222,DP0043,55.0,30.3,0.0
6573402223,DP0008,55.0,30.2,0.0
6573402224,DP0039,65.0,39.0,0.0
6573402225,DP0019,50.0,53.2,1.0
6573402226,DP0041,50.0,32.4,0.0
6573402227,DP0042,45.0,19.1,0.0
6573402228,DP0041,55.0,45.8,0.0
6573402229,DP0017,50.0,31.4,0.0
6573402230,DP0043,70.0,47.3,0.0
6573402231,DP0007,70.0,48.8,0.0
6573402232,DP0041,70.0,52.2,0.0
6573402233,DP0041,70.0,53.0,0.0
6573402234,DP0017,70.0,52.0,0.0
6573402235,DP0019,70.0,53.1,0.0
6573402236,DP0048,50.0,44.5,0.0
6573402237,DP0041,40.0,30.6,0.0
6573402238,DP0005,40.0,24.9,0.0
6573402239,DP0015,40.0,21.2,0.0
6573402240,DP0041,65.0,43.4,0.0
6573402241,DP0013,45.0,37.7,0.0
6573402242,DP0048,40.0,57.0,1.0
6573402243,DP0041,45.0,27.2,0.0
6573402244,DP0041,45.0,43.4,0.0
6573402245,DP0041,50.0,25.1,0.0
6573402246,DP0016,45.0,28.6,0.0
6573402247,DP0027,45.0,34.8,0.0
6573402248,DP0041,40.0,26.9,0.0
6573402249,DP0041,50.0,23.4,0.0
6573402250,DP0012,50.0,27.9,0.0
6573402251,DP0041,50.0,29.6,0.0
6573402252,DP0015,50.0,21.8,0.0
6573402253,DP0015,50.0,27.3,0.0
6573402254,DP0041,50.0,25.6,0.0
6573402255,DP0041,65.0,52.6,0.0
6573402256,DP0043,55.0,34.3,0.0
6573402257,DP0033,50.0,59.1,1.0
6573402258,DP0019,55.0,49.0,0.0
6573402259,DP0041,55.0,34.4,0.0
6573402260,DP0041,40.0,33.9,0.0
6573402261,DP0005,40.0,35.7,0.0
6573402262,DP0034,40.0,30.9,0.0
6573402263,DP0041,40.0,34.9,0.0
6573402264,DP0043,40.0,30.4,0.0
6573402265,DP0026,50.0,29.3,0.0
6573402266,DP0043,65.0,61.0,0.0
6573402267,DP0041,40.0,25.9,0.0
6573402268,DP0035,40.0,31.1,0.0
6573402269,DP0033,50.0,52.3,1.0
6573402270,DP0019,50.0,51.3,1.0
6573402271,DP0041,50.0,50.9,1.0
6573402272,DP0005,50.0,54.7,1.0
6573402273,DP0005,50.0,59.8,1.0
6573402274,DP0002,50.0,51.5,1.0
6573402275,DP0041,55.0,45.1,0.0
6573402276,DP0041,50.0,37.8,0.0
6573402277,DP0041,45.0,28.8,0.0
6573402278,DP0019,60.0,43.6,0.0
6573402279,DP0010,60.0,45.6,0.0
6573402280,DP0043,60.0,36.2,0.0
6573402281,DP0043,60.0,40.9,0.0
6573402282,DP0041,60.0,42.7,0.0
6573402283,DP0041,60.0,45.1,0.0
6573402284,DP0041,45.0,26.5,0.0
6573402285,DP0043,75.0,45.2,0.0
6573402286,DP0041,50.0,32.7,0.0
6573402287,DP0041,50.0,40.8,0.0
6573402288,DP0005,50.0,30.5,0.0
6573402289,DP0041,50.0,34.9,0.0
6573402290,DP0041,50.0,34.1,0.0
6573402291,DP0039,50.0,36.7,0.0
6573402292,DP0041,50.0,33.3,0.0
6573402293,DP0041,55.0,35.7,0.0
6573402294,DP0044,55.0,44.6,0.0
6573402295,DP0037,55.0,40.8,0.0
6573402296,DP0041,40.0,26.6,0.0
6573402297,DP0041,65.0,38.2,0.0
6573402298,DP0041,65.0,36.3,0.0
6573402299,DP0033,65.0,37.0,0.0
6573402300,DP0041,65.0,37.3,0.0
6573402301,DP0005,65.0,31.4,0.0
6573402302,DP0005,65.0,35.6,0.0
6573402303,DP0041,50.0,24.4,0.0
6573402304,DP0026,50.0,29.7,0.0
6573402305,DP0025,50.0,28.1,0.0
6573402306,DP0039,50.0,28.2,0.0
6573402307,DP0043,50.0,26.0,0.0
6573402308,DP0019,50.0,28.0,0.0
6573402309,DP0041,50.0,30.0,0.0
6573402310,DP0041,40.0,40.4,1.0
6573402311,DP0043,50.0,48.2,0.0
6573402312,DP0041,50.0,57.0,1.0
6573402313,DP0041,50.0,52.7,1.0
6573402314,DP0041,50.0,55.3,1.0
6573402315,DP0041,45.0,33.5,0.0
6573402316,DP0049,50.0,38.4,0.0
6573402317,DP0041,40.0,14.5,0.0
6573402318,DP0041,40.0,17.7,0.0
6573402319,DP0021,40.0,23.9,0.0
6573402320,DP0006,40.0,23.2,0.0
6573402321,DP0005,40.0,28.9,0.0
6573402322,DP0031,40.0,31.8,0.0
6573402323,DP0019,40.0,26.3,0.0
6573402324,DP0041,50.0,31.4,0.0
6573402325,DP0049,60.0,41.5,0.0
6573402326,DP0008,50.0,24.9,0.0
6573402327,DP0015,50.0,30.1,0.0
6573402328,DP0010,50.0,25.5,0.0
6573402329,DP0009,50.0,26.5,0.0
6573402330,DP0015,40.0,26.9,0.0
6573402331,DP0041,65.0,42.2,0.0
6573402332,DP0012,40.0,37.4,0.0
6573402333,DP0016,40.0,35.8,0.0
6573402334,DP0043,40.0,35.0,0.0
6573402335,DP0041,40.0,32.6,0.0
6573402336,DP0009,40.0,32.1,0.0
6573402337,DP0043,40.0,40.2,1.0
6573402338,DP0047,45.0,21.4,0.0
6573402339,DP0041,40.0,41.3,1.0
6573402340,DP0019,50.0,49.6,0.0
6573402341,DP0041,50.0,47.8,0.0
6573402342,DP0041,50.0,44.5,0.0
6573402343,DP0041,50.0,47.9,0.0
6573402344,DP0041,50.0,51.9,1.0
6573402345,DP0039,45.0,33.4,0.0
6573402346,DP0043,45.0,39.6,0.0
6573402347,DP0041,45.0,44.4,0.0
6573402348,DP0027,45.0,39.2,0.0
6573402349,DP0008,50.0,30.4,0.0
6573402350,DP0002,55.0,38.4,0.0
6573402351,DP0041,55.0,48.0,0.0
6573402352,DP0041,40.0,26.9,0.0
6573402353,DP0027,50.0,40.9,0.0
6573402354,DP0041,50.0,45.7,0.0
6573402355,DP0049,50.0,41.8,0.0
6573402356,DP0043,50.0,26.3,0.0
6573402357,DP0015,65.0,44.4,0.0
6573402358,DP0043,70.0,49.5,0.0
6573402359,DP0041,65.0,47.8,0.0
6573402360,DP0033,50.0,32.0,0.0
6573402361,DP0019,55.0,38.4,0.0
6573402362,DP0043,50.0,29.2,0.0
6573402363,DP0041,50.0,28.3,0.0
6573402364,DP0041,55.0,26.2,0.0
6573402365,DP0015,50.0,24.4,0.0
6573402366,DP0046,50.0,49.4,0.0
6573402367,DP0019,45.0,37.1,0.0
6573402368,DP0008,50.0,46.6,0.0
6573402369,DP0019,60.0,37.3,0.0
6573402370,DP0041,60.0,41.0,0.0
6573402371,,,,
6573402372,DP0005,55.0,38.2,0.0
6573402373,DP0021,50.0,25.4,0.0
6573402374,DP0015,45.0,25.2,0.0
6573402375,DP0041,50.0,34.7,0.0
6573402376,DP0024,85.0,62.1,0.0
6573402377,DP0023,50.0,32.3,0.0
6573402378,DP0041,50.0,29.3,0.0
6573402379,DP0037,50.0,29.9,0.0
6573402380,DP0041,50.0,38.8,0.0
6573402381,DP0041,50.0,30.4,0.0
6573402382,DP0041,85.0,57.5,0.0
6573402383,DP0019,50.0,41.4,0.0
6573402384,DP0043,55.0,56.1,1.0
6573402385,DP0041,55.0,53.2,0.0
6573402386,DP0005,55.0,55.3,1.0
6573402387,DP0047,55.0,50.9,0.0
6573402388,DP0041,55.0,53.7,0.0
6573402389,DP0041,55.0,52.9,0.0
6573402390,DP0041,45.0,35.6,0.0
6573402391,DP0008,60.0,39.1,0.0
6573402392,DP0028,65.0,36.3,0.0
6573402393,DP0039,50.0,28.6,0.0
6573402394,DP0041,50.0,30.7,0.0
6573402395,DP0006,50.0,24.6,0.0
6573402396,DP0043,50.0,32.7,0.0
6573402397,DP0010,40.0,24.0,0.0
6573402398,DP0041,45.0,31.2,0.0
6573402399,DP0041,50.0,115.8,1.0
6573402400,DP0027,50.0,119.3,1.0
6573402401,DP0033,50.0,116.6,1.0
6573402402,DP0047,50.0,117.7,1.0
6573402403,DP0028,50.0,118.6,1.0
6573402404,DP0041,50.0,119.1,1.0
6573402405,DP0041,50.0,34.5,0.0
6573402406,DP0019,50.0,34.7,0.0
6573402407,DP0038,40.0,22.0,0.0
6573402408,DP0043,50.0,24.9,0.0
6573402409,DP0041,65.0,55.2,0.0
6573402410,DP0009,55.0,35.3,0.0
6573402411,DP0043,55.0,43.2,0.0
6573402412,DP0005,45.0,35.2,0.0
6573402413,DP0041,45.0,37.8,0.0
6573402414,DP0007,45.0,33.5,0.0
6573402415,DP0041,45.0,33.4,0.0
6573402416,DP0044,45.0,39.3,0.0
6573402417,DP0028,40.0,26.7,0.0
6573402418,DP0041,40.0,27.4,0.0
6573402419,DP0015,55.0,34.3,0.0
6573402420,DP0043,55.0,38.9,0.0
6573402421,DP0014,55.0,32.5,0.0
6573402422,DP0031,55.0,33.0,0.0
6573402423,DP0046,55.0,45.9,0.0
6573402424,DP0041,55.0,31.8,0.0
6573402425,DP0041,55.0,31.3,0.0
6573402426,DP0043,45.0,22.5,0.0
6573402427,DP0026,45.0,30.4,0.0
6573402428,DP0014,60.0,52.2,0.0
6573402429,DP0043,55.0,47.0,0.0
6573402430,DP0043,60.0,47.5,0.0
6573402431,DP0015,50.0,50.9,1.0
6573402432,DP0041,50.0,45.1,0.0
6573402433,DP0027,50.0,37.3,0.0
6573402434,DP0038,50.0,46.0,0.0
6573402435,DP0041,50.0,43.7,0.0
6573402436,DP0007,50.0,46.5,0.0
6573402437,DP0041,50.0,46.0,0.0
6573402438,DP0043,50.0,29.3,0.0
6573402439,DP0048,40.0,36.3,0.0
6573402440,DP0028,70.0,44.8,0.0
6573402441,DP0021,65.0,41.9,0.0
6573402442,DP0041,60.0,45.0,0.0
6573402443,,,,
6573402444,DP0014,45.0,44.3,0.0
6573402445,DP0023,40.0,23.6,0.0
6573402446,DP0041,40.0,30.6,0.0
6573402447,DP0005,40.0,29.4,0.0
6573402448,DP0047,40.0,27.4,0.0
6573402449,DP0041,40.0,23.7,0.0
6573402450,DP0047,50.0,50.4,1.0
6573402451,DP0014,65.0,37.7,0.0
6573402452,DP0043,40.0,18.4,0.0
6573402453,DP0041,40.0,23.0,0.0
6573402454,DP0041,65.0,40.0,0.0
6573402455,DP0016,55.0,34.7,0.0
6573402456,DP0015,40.0,23.8,0.0
6573402457,DP0041,50.0,33.8,0.0
6573402458,DP0009,50.0,34.1,0.0
6573402459,DP0048,40.0,37.8,0.0
6573402460,DP0009,50.0,32.7,0.0
6573402461,DP0041,50.0,42.4,0.0
6573402462,DP0006,55.0,39.8,0.0
6573402463,DP0043,75.0,51.0,0.0
6573402464,DP0041,40.0,29.0,0.0
6573402465,DP0043,45.0,33.1,0.0
6573402466,DP0026,45.0,31.4,0.0
6573402467,DP0019,45.0,32.1,0.0
6573402468,DP0039,45.0,39.1,0.0
6573402469,DP0041,70.0,51.4,0.0
6573402470,DP0043,45.0,44.6,0.0
6573402471,DP0041,45.0,50.1,1.0
6573402472,DP0020,55.0,37.4,0.0
6573402473,DP0043,50.0,31.4,0.0
6573402474,DP0005,50.0,27.5,0.0
6573402475,DP0005,50.0,28.9,0.0
6573402476,DP0041,50.0,27.0,0.0
6573402477,DP0041,50.0,31.3,0.0
6573402478,DP0039,50.0,32.9,0.0
6573402479,DP0028,40.0,19.7,0.0
6573402480,DP0005,60.0,42.5,0.0
6573402481,DP0043,45.0,30.1,0.0
6573402482,DP0041,50.0,27.0,0.0
6573402483,DP0011,50.0,24.0,0.0
6573402484,DP0007,50.0,21.0,0.0
6573402485,DP0011,50.0,27.1,0.0
6573402486,DP0041,50.0,26.9,0.0
6573402487,DP0041,50.0,23.2,0.0
6573402488,DP0037,50.0,21.4,0.0
6573402489,DP0041,55.0,36.4,0.0
6573402490,DP0043,65.0,54.5,0.0
6573402491,DP0021,50.0,40.1,0.0
6573402492,DP0041,50.0,38.6,0.0
6573402493,DP0041,50.0,40.7,0.0
6573402494,DP0019,50.0,37.5,0.0
6573402495,DP0041,50.0,40.5,0.0
6573402496,DP0005,55.0,34.7,0.0
6573402497,DP0039,50.0,49.9,0.0
6573402498,DP0005,50.0,49.2,0.0
6573402499,DP0041,50.0,41.8,0.0
6573402500,DP0044,50.0,44.7,0.0
6573402501,DP0041,50.0,45.5,0.0
6573402502,DP0041,40.0,32.5,0.0
6573402503,DP0041,40.0,28.9,0.0
6573402504,DP0041,40.0,30.1,0.0
6573402505,DP0041,40.0,30.1,0.0
6573402506,DP0041,40.0,31.6,0.0
6573402507,DP0019,70.0,54.5,0.0
6573402508,DP0024,40.0,23.4,0.0
6573402509,DP0041,40.0,34.9,0.0
6573402510,DP0041,40.0,37.4,0.0
6573402511,DP0043,40.0,36.7,0.0
6573402512,DP0041,40.0,32.5,0.0
6573402513,DP0041,40.0,35.2,0.0
6573402514,DP0038,40.0,36.1,0.0
6573402515,DP0041,65.0,65.4,1.0
6573402516,DP0018,50.0,30.4,0.0
6573402517,DP0041,50.0,41.0,0.0
6573402518,DP0015,50.0,43.9,0.0
6573402519,DP0043,50.0,44.5,0.0
6573402520,DP0011,50.0,45.3,0.0
6573402521,DP0041,50.0,40.6,0.0
6573402522,DP0008,50.0,44.5,0.0
6573402523,DP0041,65.0,46.1,0.0
6573402524,DP0005,65.0,46.6,0.0
6573402525,DP0014,65.0,47.7,0.0
6573402526,DP0041,65.0,48.8,0.0
6573402527,DP0049,65.0,47.2,0.0
6573402528,DP0001,65.0,47.5,0.0
6573402529,DP0025,45.0,32.2,0.0
6573402530,DP0032,55.0,39.1,0.0
6573402531,DP0041,60.0,45.9,0.0
6573402532,DP0041,60.0,48.1,0.0
6573402533,DP0049,60.0,46.8,0.0
6573402534,DP0027,60.0,46.2,0.0
6573402535,DP0005,60.0,53.7,0.0
6573402536,DP0043,60.0,49.4,0.0
6573402537,DP0041,55.0,37.6,0.0
6573402538,DP0039,50.0,32.6,0.0
6573402539,DP0037,50.0,35.3,0.0
6573402540,DP0041,50.0,28.9,0.0
6573402541,DP0041,60.0,50.7,0.0
6573402542,DP0026,45.0,32.0,0.0
6573402543,,,,
6573402544,,,,
6573402545,,,,
6573402546,DP0041,50.0,44.2,0.0
6573402547,DP0027,50.0,29.8,0.0
6573402548,DP0026,40.0,30.5,0.0
6573402549,DP0041,40.0,18.9,0.0
6573402550,DP0015,40.0,18.5,0.0
6573402551,DP0035,45.0,39.0,0.0
6573402552,DP0044,40.0,18.0,0.0
6573402553,DP0047,40.0,14.5,0.0
6573402554,DP0034,40.0,15.8,0.0
6573402555,DP0009,40.0,16.4,0.0
6573402556,DP0018,40.0,20.2,0.0
6573402557,DP0008,40.0,23.5,0.0
6573402558,DP0008,45.0,29.0,0.0
6573402559,DP0043,40.0,29.4,0.0
6573402560,DP0041,45.0,49.7,1.0
6573402561,DP0019,55.0,36.1,0.0
6573402562,DP0015,55.0,33.3,0.0
6573402563,DP0003,55.0,32.4,0.0
6573402564,DP0041,55.0,40.0,0.0
6573402565,DP0041,60.0,40.7,0.0
6573402566,DP0042,45.0,31.3,0.0
6573402567,DP0023,55.0,37.8,0.0
6573402568,DP0005,45.0,38.9,0.0
6573402569,DP0021,45.0,41.2,0.0
6573402570,DP0026,45.0,40.1,0.0
6573402571,DP0041,45.0,42.0,0.0
6573402572,DP0043,45.0,40.6,0.0
6573402573,DP0041,45.0,41.4,0.0
6573402574,DP0019,50.0,36.1,0.0
6573402575,DP0011,50.0,32.9,0.0
6573402576,DP0047,50.0,43.1,0.0
6573402577,DP0041,40.0,19.9,0.0
6573402578,DP0039,75.0,55.0,0.0
6573402579,DP0015,55.0,39.8,0.0
6573402580,DP0041,45.0,43.9,0.0
6573402581,DP0019,45.0,34.4,0.0
6573402582,DP0006,45.0,36.7,0.0
6573402583,DP0043,45.0,36.4,0.0
6573402584,DP0008,45.0,38.3,0.0
6573402585,DP0005,45.0,37.2,0.0
6573402586,DP0019,45.0,34.6,0.0
6573402587,DP0041,55.0,60.4,1.0
6573402588,DP0041,50.0,28.8,0.0
6573402589,DP0002,40.0,24.9,0.0
6573402590,DP0008,40.0,26.8,0.0
6573402591,DP0041,40.0,33.8,0.0
6573402592,DP0041,40.0,29.2,0.0
6573402593,DP0019,40.0,33.5,0.0
6573402594,DP0049,40.0,35.6,0.0
6573402595,,,,
6573402596,,,,
6573402597,,,,
6573402598,DP0041,55.0,43.5,0.0
6573402599,DP0034,40.0,37.9,0.0
6573402600,DP0041,45.0,15.7,0.0
6573402601,DP0043,50.0,50.5,1.0
6573402602,DP0010,50.0,47.1,0.0
6573402603,DP0008,50.0,49.6,0.0
6573402604,DP0027,50.0,48.5,0.0
6573402605,DP0043,50.0,51.4,1.0
6573402606,DP0041,65.0,65.9,1.0
6573402607,DP0013,90.0,60.5,0.0
6573402608,DP0008,80.0,52.2,0.0
6573402609,DP0047,80.0,50.1,0.0
6573402610,DP0014,80.0,48.1,0.0
6573402611,DP0043,80.0,60.0,0.0
6573402612,DP0026,80.0,57.6,0.0
6573402613,DP0008,45.0,29.8,0.0
6573402614,DP0041,60.0,35.9,0.0
6573402615,DP0026,60.0,37.9,0.0
6573402616,DP0003,60.0,32.5,0.0
6573402617,DP0043,60.0,34.5,0.0
6573402618,DP0043,60.0,31.9,0.0
6573402619,DP0041,60.0,37.7,0.0
6573402620,DP0038,50.0,27.1,0.0
6573402621,DP0041,60.0,37.5,0.0
6573402622,DP0019,45.0,23.1,0.0
6573402623,DP0041,40.0,33.9,0.0
6573402624,DP0049,55.0,36.7,0.0
6573402625,DP0007,50.0,26.7,0.0
6573402626,DP0001,50.0,26.9,0.0
6573402627,DP0043,50.0,25.8,0.0
6573402628,DP0041,50.0,23.0,0.0
6573402629,DP0015,50.0,25.3,0.0
6573402630,DP0043,50.0,30.3,0.0
6573402631,DP0005,65.0,53.4,0.0
6573402632,DP0041,90.0,68.3,0.0
6573402633,DP0008,40.0,18.4,0.0
6573402634,DP0048,65.0,61.6,0.0
6573402635,DP0032,65.0,53.9,0.0
6573402636,DP0029,65.0,47.0,0.0
6573402637,DP0041,65.0,50.1,0.0
6573402638,DP0041,65.0,48.5,0.0
6573402639,DP0041,65.0,53.4,0.0
6573402640,DP0041,40.0,24.3,0.0
6573402641,DP0041,50.0,30.8,0.0
6573402642,DP0043,50.0,31.0,0.0
6573402643,DP0041,50.0,36.4,0.0
6573402644,DP0043,50.0,30.5,0.0
6573402645,DP0041,50.0,34.2,0.0
6573402646,DP0019,50.0,36.1,0.0
6573402647,DP0041,55.0,33.2,0.0
6573402648,DP0019,55.0,55.2,1.0
6573402649,DP0038,45.0,36.3,0.0
6573402650,DP0006,50.0,41.4,0.0
6573402651,DP0041,55.0,35.5,0.0
6573402652,DP0041,50.0,42.8,0.0
6573402653,DP0041,65.0,47.0,0.0
6573402654,DP0041,40.0,23.1,0.0
6573402655,DP0026,50.0,38.6,0.0
6573402656,DP0038,55.0,40.1,0.0
6573402657,DP0041,45.0,28.0,0.0
6573402658,DP0041,55.0,52.2,0.0
6573402659,DP0009,55.0,30.6,0.0
6573402660,DP0041,55.0,30.4,0.0
6573402661,DP0041,50.0,45.6,0.0
6573402662,DP0041,50.0,26.9,0.0
6573402663,DP0044,50.0,29.7,0.0
6573402664,DP0041,50.0,25.9,0.0
6573402665,DP0041,50.0,32.8,0.0
6573402666,DP0014,50.0,31.2,0.0
6573402667,DP0041,50.0,31.8,0.0
6573402668,DP0005,40.0,44.7,1.0
6573402669,DP0026,40.0,32.7,0.0
6573402670,DP0001,45.0,29.6,0.0
6573402671,DP0041,55.0,29.9,0.0
6573402672,DP0014,40.0,30.9,0.0
6573402673,DP0041,45.0,28.6,0.0
6573402674,DP0041,50.0,37.7,0.0
6573402675,DP0042,50.0,35.0,0.0
6573402676,DP0043,50.0,32.3,0.0
6573402677,DP0009,50.0,36.6,0.0
6573402678,DP0043,50.0,34.1,0.0
6573402679,DP0019,50.0,37.5,0.0
6573402680,DP0028,40.0,32.2,0.0
6573402681,DP0039,65.0,37.4,0.0
6573402682,DP0039,65.0,39.3,0.0
6573402683,DP0015,40.0,25.9,0.0
6573402684,DP0041,45.0,44.3,0.0
6573402685,DP0005,50.0,40.4,0.0
6573402686,DP0023,40.0,34.9,0.0
6573402687,DP0041,45.0,27.6,0.0
6573402688,DP0041,45.0,27.9,0.0
6573402689,DP0041,45.0,29.9,0.0
6573402690,DP0033,45.0,25.9,0.0
6573402691,DP0037,45.0,24.8,0.0
6573402692,DP0009,45.0,23.3,0.0
6573402693,DP0043,45.0,29.1,0.0
6573402694,DP0029,55.0,37.5,0.0
6573402695,DP0041,55.0,40.4,0.0
6573402696,DP0041,55.0,38.6,0.0
6573402697,DP0041,55.0,40.8,0.0
6573402698,DP0041,55.0,37.6,0.0
6573402699,DP0007,70.0,52.5,0.0
6573402700,DP0035,55.0,28.3,0.0
6573402701,DP0041,40.0,16.0,0.0
6573402702,DP0043,55.0,45.4,0.0
6573402703,DP0041,55.0,45.4,0.0
6573402704,DP0043,55.0,44.3,0.0
6573402705,DP0043,55.0,40.5,0.0
6573402706,DP0039,55.0,47.7,0.0
6573402707,DP0019,50.0,26.2,0.0
6573402708,DP0047,40.0,24.1,0.0
6573402709,DP0005,65.0,45.0,0.0
6573402710,DP0005,40.0,28.5,0.0
6573402711,DP0034,40.0,28.5,0.0
6573402712,DP0019,65.0,38.7,0.0
6573402713,DP0043,55.0,37.5,0.0
6573402714,DP0009,55.0,39.3,0.0
6573402715,DP0041,60.0,44.7,0.0
6573402716,DP0005,40.0,33.8,0.0
6573402717,DP0005,60.0,67.3,1.0
6573402718,DP0040,55.0,33.8,0.0
6573402719,DP0005,45.0,38.8,0.0
6573402720,DP0026,50.0,55.3,1.0
6573402721,DP0017,40.0,31.3,0.0
6573402722,DP0043,40.0,29.9,0.0
6573402723,DP0002,40.0,37.1,0.0
6573402724,DP0028,55.0,42.7,0.0
6573402725,DP0041,40.0,44.6,1.0
6573402726,DP0041,65.0,42.0,0.0
6573402727,DP0019,60.0,46.1,0.0
6573402728,DP0005,55.0,48.6,0.0
6573402729,DP0015,50.0,30.1,0.0
6573402730,DP0015,50.0,35.0,0.0
6573402731,DP0043,50.0,41.4,0.0
6573402732,DP0041,45.0,29.4,0.0
6573402733,DP0026,50.0,25.6,0.0
6573402734,DP0043,65.0,49.4,0.0
6573402735,DP0041,65.0,37.1,0.0
6573402736,DP0025,65.0,44.0,0.0
6573402737,DP0041,50.0,42.3,0.0
6573402738,DP0041,50.0,36.5,0.0
6573402739,DP0041,50.0,38.0,0.0
6573402740,DP0041,50.0,42.9,0.0
6573402741,DP0041,50.0,38.1,0.0
6573402742,DP0041,50.0,38.8,0.0
6573402743,DP0015,50.0,37.9,0.0
6573402744,DP0041,50.0,38.3,0.0
6573402745,DP0041,50.0,43.4,0.0
6573402746,DP0041,40.0,29.1,0.0
6573402747,DP0041,50.0,39.9,0.0
6573402748,DP0041,80.0,56.4,0.0
6573402749,DP0008,55.0,35.2,0.0
6573402750,DP0041,55.0,34.4,0.0
6573402751,DP0041,55.0,32.7,0.0
6573402752,DP0021,55.0,31.5,0.0
6573402753,DP0041,55.0,37.2,0.0
6573402754,DP0028,55.0,32.3,0.0
6573402755,DP0041,55.0,40.3,0.0
6573402756,DP0043,40.0,26.7,0.0
6573402757,DP0041,50.0,30.4,0.0
6573402758,DP0047,50.0,33.1,0.0
6573402759,DP0005,50.0,35.6,0.0
6573402760,DP0041,50.0,34.5,0.0
6573402761,DP0041,50.0,34.2,0.0
6573402762,DP0043,50.0,33.2,0.0
6573402763,DP0014,45.0,28.5,0.0
6573402764,DP0019,55.0,60.9,1.0
6573402765,DP0008,55.0,53.8,0.0
6573402766,DP0041,55.0,51.6,0.0
6573402767,DP0019,65.0,66.7,1.0
6573402768,DP0016,65.0,69.5,1.0
6573402769,DP0041,65.0,63.4,0.0
6573402770,DP0041,65.0,64.9,0.0
6573402771,DP0008,65.0,67.1,1.0
6573402772,DP0007,65.0,61.8,0.0
6573402773,DP0043,75.0,66.1,0.0
6573402774,DP0043,75.0,70.4,0.0
6573402775,DP0043,75.0,66.5,0.0
6573402776,DP0008,75.0,66.9,0.0
6573402777,DP0017,75.0,69.2,0.0
6573402778,DP0041,75.0,67.2,0.0
6573402779,DP0042,55.0,41.1,0.0
6573402780,DP0041,55.0,32.7,0.0
6573402781,DP0041,45.0,41.3,0.0
6573402782,DP0048,45.0,58.6,1.0
6573402783,DP0033,50.0,25.9,0.0
6573402784,DP0015,40.0,33.2,0.0
6573402785,DP0041,40.0,30.6,0.0
6573402786,DP0041,40.0,34.7,0.0
6573402787,DP0041,40.0,30.1,0.0
6573402788,DP0041,40.0,28.6,0.0
6573402789,DP0002,40.0,30.5,0.0
6573402790,DP0041,50.0,32.7,0.0
6573402791,DP0023,50.0,37.9,0.0
6573402792,DP0041,50.0,36.4,0.0
6573402793,DP0004,50.0,47.8,0.0
6573402794,DP0048,50.0,46.5,0.0
6573402795,DP0030,50.0,34.9,0.0
6573402796,DP0039,55.0,38.6,0.0
6573402797,DP0041,55.0,36.3,0.0
6573402798,DP0006,55.0,34.6,0.0
6573402799,DP0041,55.0,35.3,0.0
6573402800,DP0036,55.0,36.3,0.0
6573402801,DP0043,55.0,34.2,0.0
6573402802,DP0028,50.0,38.3,0.0
6573402803,DP0041,40.0,33.9,0.0
6573402804,DP0008,40.0,36.2,0.0
6573402805,DP0005,50.0,43.6,0.0
6573402806,DP0003,50.0,47.6,0.0
6573402807,DP0041,50.0,44.7,0.0
6573402808,DP0038,50.0,46.7,0.0
6573402809,DP0049,50.0,46.3,0.0
6573402810,DP0006,45.0,31.6,0.0
6573402811,DP0043,55.0,38.4,0.0
6573402812,DP0008,40.0,40.5,1.0
6573402813,DP0019,50.0,41.8,0.0
6573402814,DP0041,70.0,52.7,0.0
6573402815,DP0007,50.0,39.8,0.0
6573402816,DP0029,90.0,70.7,0.0
6573402817,DP0043,90.0,62.2,0.0
6573402818,DP0005,90.0,61.7,0.0
6573402819,DP0021,90.0,72.6,0.0
6573402820,DP0002,90.0,65.3,0.0
6573402821,DP0009,90.0,68.3,0.0
6573402822,DP0042,65.0,41.5,0.0
6573402823,DP0015,45.0,16.9,0.0
6573402824,DP0009,45.0,24.2,0.0
6573402825,DP0041,45.0,23.4,0.0
6573402826,DP0034,65.0,37.6,0.0
6573402827,DP0028,50.0,30.1,0.0
6573402828,DP0050,50.0,44.2,0.0
6573402829,DP0015,50.0,30.3,0.0
6573402830,DP0038,50.0,28.4,0.0
6573402831,DP0019,55.0,39.8,0.0
6573402832,DP0041,55.0,43.3,0.0
6573402833,DP0005,55.0,42.1,0.0
6573402834,DP0041,55.0,46.5,0.0
6573402835,DP0002,55.0,44.3,0.0
6573402836,DP0041,55.0,45.5,0.0
6573402837,DP0037,50.0,40.9,0.0
6573402838,DP0049,65.0,52.0,0.0
6573402839,DP0009,50.0,32.8,0.0
6573402840,DP0043,50.0,34.8,0.0
6573402841,DP0019,50.0,31.8,0.0
6573402842,DP0041,50.0,34.2,0.0
6573402843,DP0035,50.0,33.2,0.0
6573402844,DP0041,50.0,31.7,0.0
6573402845,DP0038,55.0,34.5,0.0
6573402846,DP0041,55.0,34.9,0.0
6573402847,DP0015,55.0,32.1,0.0
6573402848,DP0041,55.0,42.7,0.0
6573402849,DP0021,55.0,38.4,0.0
6573402850,DP0002,50.0,39.9,0.0
6573402851,DP0044,50.0,38.8,0.0
6573402852,DP0019,50.0,34.2,0.0
6573402853,DP0041,50.0,38.6,0.0
6573402854,DP0041,50.0,31.4,0.0
6573402855,DP0041,50.0,32.2,0.0
6573402856,DP0007,45.0,21.6,0.0
6573402857,DP0041,60.0,41.0,0.0
6573402858,DP0041,45.0,23.1,0.0
6573402859,DP0041,65.0,41.9,0.0
6573402860,DP0041,50.0,33.2,0.0
6573402861,DP0041,60.0,47.3,0.0
6573402862,DP0008,65.0,41.0,0.0
6573402863,DP0041,40.0,23.0,0.0
6573402864,DP0039,40.0,25.4,0.0
6573402865,DP0005,40.0,26.2,0.0
6573402866,DP0005,40.0,27.0,0.0
6573402867,DP0041,40.0,31.9,0.0
6573402868,DP0041,40.0,30.5,0.0
6573402869,DP0009,40.0,29.7,0.0
6573402870,DP0047,55.0,34.7,0.0
6573402871,DP0041,50.0,35.7,0.0
6573402872,DP0041,85.0,55.2,0.0
6573402873,DP0041,40.0,37.7,0.0
6573402874,DP0041,40.0,40.8,1.0
6573402875,DP0009,40.0,36.3,0.0
6573402876,DP0043,40.0,36.0,0.0
6573402877,DP0041,40.0,38.6,0.0
6573402878,DP0043,40.0,36.4,0.0
6573402879,DP0020,70.0,47.8,0.0
6573402880,DP0028,65.0,47.1,0.0
6573402881,DP0015,40.0,39.8,0.0
6573402882,DP0041,60.0,49.9,0.0
6573402883,DP0008,40.0,30.8,0.0
6573402884,DP0041,70.0,43.5,0.0
6573402885,DP0041,45.0,29.3,0.0
6573402886,DP0015,45.0,23.0,0.0
6573402887,DP0038,45.0,27.1,0.0
6573402888,DP0043,45.0,28.8,0.0
6573402889,DP0041,55.0,31.9,0.0
6573402890,DP0005,50.0,31.5,0.0
6573402891,DP0015,55.0,52.5,0.0
6573402892,DP0014,50.0,25.9,0.0
6573402893,DP0038,50.0,25.1,0.0
6573402894,DP0016,40.0,18.9,0.0
6573402895,DP0020,65.0,36.2,0.0
6573402896,DP0043,60.0,43.2,0.0
6573402897,DP0030,60.0,44.3,0.0
6573402898,DP0041,50.0,23.8,0.0
6573402899,DP0041,55.0,34.8,0.0
6573402900,DP0015,50.0,37.0,0.0
6573402901,DP0044,40.0,35.5,0.0
6573402902,DP0019,45.0,30.6,0.0
6573402903,DP0041,45.0,31.5,0.0
6573402904,DP0041,45.0,33.8,0.0
6573402905,DP0041,45.0,30.9,0.0
6573402906,DP0019,45.0,27.1,0.0
6573402907,DP0017,45.0,31.7,0.0
6573402908,DP0041,65.0,57.2,0.0
6573402909,DP0041,60.0,52.2,0.0
6573402910,DP0050,60.0,69.0,1.0
6573402911,DP0015,40.0,32.0,0.0
6573402912,DP0021,55.0,30.6,0.0
6573402913,DP0047,70.0,60.4,0.0
6573402914,DP0041,70.0,63.7,0.0
6573402915,DP0028,70.0,53.2,0.0
6573402916,DP0041,45.0,35.8,0.0
6573402917,DP0010,75.0,47.3,0.0
6573402918,DP0043,75.0,45.8,0.0
6573402919,DP0041,75.0,44.2,0.0
6573402920,DP0041,75.0,50.0,0.0
6573402921,DP0041,75.0,48.7,0.0
6573402922,DP0033,75.0,48.3,0.0
6573402923,DP0043,40.0,21.7,0.0
6573402924,DP0049,40.0,20.2,0.0
6573402925,DP0005,65.0,37.5,0.0
6573402926,DP0008,55.0,43.5,0.0
6573402927,DP0049,50.0,34.2,0.0
6573402928,DP0041,55.0,36.6,0.0
6573402929,DP0019,60.0,43.5,0.0
6573402930,DP0016,40.0,38.6,0.0
6573402931,DP0041,55.0,40.5,0.0
6573402932,DP0039,45.0,27.9,0.0
6573402933,DP0047,50.0,31.5,0.0
6573402934,DP0033,50.0,30.7,0.0
6573402935,DP0027,50.0,44.1,0.0
6573402936,DP0041,50.0,27.2,0.0
6573402937,DP0015,50.0,31.1,0.0
6573402938,DP0027,50.0,36.5,0.0
6573402939,DP0043,40.0,12.1,0.0
6573402940,DP0015,40.0,24.9,0.0
6573402941,DP0007,50.0,34.1,0.0
6573402942,DP0015,50.0,42.7,0.0
6573402943,DP0005,45.0,27.6,0.0
6573402944,DP0041,80.0,54.3,0.0
6573402945,DP0012,80.0,50.7,0.0
6573402946,DP0033,80.0,55.2,0.0
6573402947,DP0041,80.0,53.1,0.0
6573402948,DP0021,80.0,51.3,0.0
6573402949,DP0041,80.0,50.5,0.0
6573402950,DP0024,45.0,32.5,0.0
6573402951,DP0030,45.0,25.4,0.0
6573402952,DP0041,45.0,29.8,0.0
6573402953,DP0019,45.0,29.3,0.0
6573402954,DP0002,45.0,27.1,0.0
6573402955,DP0003,45.0,33.0,0.0
6573402956,DP0041,40.0,23.6,0.0
6573402957,DP0036,40.0,44.7,1.0
6573402958,DP0042,55.0,33.8,0.0
6573402959,DP0009,45.0,39.5,0.0
6573402960,DP0021,40.0,34.6,0.0
6573402961,DP0019,50.0,38.4,0.0
6573402962,DP0028,50.0,40.5,0.0
6573402963,DP0042,55.0,26.6,0.0
6573402964,DP0041,45.0,31.5,0.0
6573402965,DP0041,40.0,29.3,0.0
6573402966,DP0019,50.0,42.2,0.0
6573402967,DP0043,50.0,31.7,0.0
6573402968,DP0015,40.0,27.1,0.0
6573402969,DP0041,40.0,58.8,1.0
6573402970,DP0005,40.0,32.1,0.0
6573402971,DP0046,50.0,56.3,1.0
6573402972,DP0002,50.0,37.0,0.0
6573402973,DP0041,50.0,33.9,0.0
6573402974,DP0006,50.0,32.0,0.0
6573402975,DP0015,50.0,33.7,0.0
6573402976,DP0048,50.0,52.5,1.0
6573402977,DP0004,50.0,55.8,1.0
6573402978,DP0048,50.0,51.5,1.0
6573402979,DP0041,40.0,22.0,0.0
6573402980,DP0033,45.0,34.4,0.0
6573402981,DP0031,55.0,34.5,0.0
6573402982,DP0044,55.0,39.7,0.0
6573402983,DP0034,55.0,40.5,0.0
6573402984,DP0041,55.0,41.5,0.0
6573402985,DP0041,55.0,38.7,0.0
6573402986,DP0016,40.0,35.1,0.0
6573402987,DP0041,55.0,43.8,0.0
6573402988,DP0041,40.0,27.2,0.0
6573402989,DP0041,50.0,34.7,0.0
6573402990,DP0041,45.0,40.8,0.0
6573402991,DP0043,45.0,29.5,0.0
6573402992,DP0041,45.0,33.6,0.0
6573402993,DP0041,45.0,32.6,0.0
6573402994,DP0049,45.0,26.5,0.0
6573402995,DP0041,55.0,49.1,0.0
6573402996,DP0044,55.0,50.9,0.0
6573402997,DP0041,50.0,35.5,0.0
6573402998,DP0041,50.0,31.8,0.0
6573402999,DP0041,50.0,34.9,0.0
6573403000,DP0041,50.0,46.9,0.0
6573403001,DP0046,55.0,70.4,1.0
6573403002,DP0041,40.0,20.3,0.0
6573403003,DP0015,70.0,50.0,0.0
6573403004,DP0041,40.0,35.1,0.0
6573403005,DP0041,55.0,36.6,0.0
6573403006,DP0041,55.0,45.5,0.0
6573403007,DP0048,45.0,41.0,0.0
6573403008,DP0041,55.0,37.8,0.0
6573403009,DP0041,55.0,35.2,0.0
6573403010,DP0030,55.0,35.2,0.0
6573403011,DP0028,55.0,35.9,0.0
6573403012,DP0006,55.0,37.5,0.0
6573403013,DP0043,55.0,35.6,0.0
6573403014,DP0039,45.0,32.8,0.0
6573403015,DP0033,60.0,44.5,0.0
6573403016,DP0038,50.0,43.1,0.0
6573403017,DP0041,45.0,27.1,0.0
6573403018,DP0041,55.0,52.6,0.0
6573403019,DP0007,40.0,41.9,1.0
6573403020,DP0041,50.0,25.2,0.0
6573403021,DP0011,45.0,35.9,0.0
6573403022,DP0043,45.0,25.8,0.0
6573403023,DP0003,40.0,32.7,0.0
6573403024,DP0046,40.0,49.6,1.0
6573403025,DP0008,50.0,39.3,0.0
6573403026,DP0019,40.0,23.9,0.0
6573403027,DP0043,50.0,34.3,0.0
6573403028,DP0023,50.0,38.4,0.0
6573403029,DP0034,50.0,36.7,0.0
6573403030,DP0015,50.0,38.7,0.0
6573403031,DP0005,50.0,38.1,0.0
6573403032,DP0041,40.0,28.3,0.0
6573403033,DP0042,55.0,52.9,0.0
6573403034,DP0048,50.0,54.8,1.0
6573403035,DP0002,50.0,41.6,0.0
6573403036,DP0041,50.0,38.9,0.0
6573403037,DP0011,50.0,39.2,0.0
6573403038,DP0041,60.0,33.1,0.0
6573403039,DP0044,55.0,32.4,0.0
6573403040,DP0038,45.0,23.4,0.0
6573403041,DP0041,45.0,40.4,0.0
6573403042,DP0041,55.0,33.6,0.0
6573403043,DP0024,55.0,39.7,0.0
6573403044,DP0047,55.0,38.0,0.0
6573403045,DP0008,55.0,37.6,0.0
6573403046,DP0041,55.0,39.0,0.0
6573403047,DP0041,50.0,61.1,1.0
6573403048,,,,
6573403049,DP0041,60.0,53.8,0.0
6573403050,DP0041,45.0,41.2,0.0
6573403051,DP0043,45.0,41.8,0.0
6573403052,DP0019,45.0,44.4,0.0
6573403053,DP0041,45.0,47.0,1.0
6573403054,DP0015,45.0,39.6,0.0
6573403055,DP0043,45.0,44.6,0.0
6573403056,DP0008,50.0,52.5,1.0
6573403057,DP0041,60.0,46.3,0.0
6573403058,DP0021,60.0,47.0,0.0
6573403059,DP0041,60.0,44.0,0.0
6573403060,DP0041,60.0,46.8,0.0
6573403061,DP0041,60.0,47.4,0.0
6573403062,DP0041,60.0,41.0,0.0
6573403063,DP0019,40.0,33.3,0.0
6573403064,DP0030,60.0,43.4,0.0
6573403065,DP0041,45.0,22.6,0.0
6573403066,DP0012,55.0,73.7,1.0
6573403067,DP0041,65.0,50.7,0.0
6573403068,DP0041,60.0,43.1,0.0
6573403069,DP0005,60.0,42.5,0.0
6573403070,DP0008,60.0,36.6,0.0
6573403071,DP0015,60.0,40.8,0.0
6573403072,DP0041,60.0,39.1,0.0
6573403073,DP0028,60.0,39.5,0.0
6573403074,DP0044,40.0,34.2,0.0
6573403075,DP0046,40.0,48.0,1.0
6573403076,DP0019,40.0,33.7,0.0
6573403077,DP0043,40.0,36.0,0.0
6573403078,DP0019,40.0,38.4,0.0
6573403079,DP0005,40.0,39.4,0.0
6573403080,DP0041,50.0,30.5,0.0
6573403081,DP0005,60.0,36.0,0.0
6573403082,DP0035,45.0,28.4,0.0
6573403083,DP0041,70.0,59.6,0.0
6573403084,,,,
6573403085,DP0008,50.0,38.8,0.0
6573403086,DP0005,50.0,43.3,0.0
6573403087,DP0041,45.0,25.7,0.0
6573403088,DP0005,40.0,35.5,0.0
6573403089,DP0041,40.0,33.9,0.0
6573403090,DP0041,75.0,51.0,0.0
6573403091,DP0014,60.0,49.8,0.0
6573403092,DP0005,60.0,53.2,0.0
6573403093,DP0041,60.0,51.5,0.0
6573403094,DP0041,50.0,25.8,0.0
6573403095,DP0041,50.0,28.4,0.0
6573403096,DP0006,50.0,28.9,0.0
6573403097,DP0020,50.0,31.1,0.0
6573403098,DP0049,70.0,44.6,0.0
6573403099,DP0043,60.0,40.9,0.0
6573403100,DP0039,50.0,40.0,0.0
6573403101,DP0038,45.0,22.0,0.0
6573403102,DP0041,50.0,30.8,0.0
6573403103,DP0005,45.0,27.5,0.0
6573403104,DP0023,55.0,44.8,0.0
6573403105,DP0041,50.0,54.9,1.0
6573403106,DP0030,40.0,29.5,0.0
6573403107,DP0007,50.0,43.3,0.0
6573403108,DP0048,50.0,53.6,1.0
6573403109,DP0041,50.0,39.9,0.0
6573403110,DP0041,45.0,32.7,0.0
6573403111,DP0043,45.0,35.9,0.0
6573403112,DP0028,50.0,39.8,0.0
6573403113,DP0041,50.0,40.8,0.0
6573403114,DP0041,50.0,44.3,0.0
6573403115,DP0028,50.0,43.6,0.0
6573403116,DP0043,50.0,45.3,0.0
6573403117,DP0033,50.0,42.6,0.0
6573403118,DP0046,40.0,31.0,0.0
6573403119,DP0030,45.0,27.2,0.0
6573403120,DP0041,70.0,43.1,0.0
6573403121,DP0028,70.0,42.4,0.0
6573403122,DP0001,70.0,39.7,0.0
6573403123,DP0039,70.0,45.6,0.0
6573403124,DP0014,70.0,45.0,0.0
6573403125,DP0043,70.0,39.7,0.0
6573403126,DP0038,65.0,52.0,0.0
6573403127,DP0047,55.0,41.0,0.0
6573403128,DP0005,45.0,37.8,0.0
6573403129,DP0015,45.0,41.0,0.0
6573403130,DP0019,45.0,43.3,0.0
6573403131,DP0043,50.0,32.1,0.0
6573403132,DP0006,55.0,44.3,0.0
6573403133,DP0043,50.0,51.6,1.0
6573403134,DP0028,50.0,27.8,0.0
6573403135,DP0039,50.0,31.2,0.0
6573403136,DP0026,50.0,26.4,0.0
6573403137,DP0049,70.0,48.9,0.0
6573403138,DP0041,40.0,40.8,1.0
6573403139,DP0041,70.0,48.2,0.0
6573403140,DP0030,45.0,30.6,0.0
6573403141,DP0041,45.0,31.3,0.0
6573403142,DP0041,45.0,30.5,0.0
6573403143,DP0007,45.0,29.1,0.0
6573403144,DP0041,45.0,31.3,0.0
6573403145,DP0041,50.0,32.8,0.0
6573403146,DP0003,50.0,31.1,0.0
6573403147,DP0043,55.0,59.8,1.0
6573403148,DP0019,45.0,38.7,0.0
6573403149,DP0026,40.0,40.6,1.0
6573403150,DP0043,60.0,46.3,0.0
6573403151,DP0043,45.0,11.9,0.0
6573403152,DP0041,45.0,19.3,0.0
6573403153,DP0041,45.0,18.4,0.0
6573403154,DP0041,45.0,20.2,0.0
6573403155,DP0037,45.0,14.8,0.0
6573403156,DP0002,45.0,14.3,0.0
6573403157,DP0041,45.0,36.6,0.0
6573403158,DP0041,55.0,33.8,0.0
6573403159,DP0002,55.0,67.9,1.0
6573403160,DP0043,45.0,39.3,0.0
6573403161,DP0015,40.0,18.6,0.0
6573403162,DP0041,50.0,30.7,0.0
6573403163,DP0033,40.0,26.5,0.0
6573403164,DP0041,45.0,44.2,0.0
6573403165,DP0041,60.0,60.8,1.0
6573403166,DP0038,55.0,51.5,0.0
6573403167,DP0026,45.0,23.0,0.0
6573403168,DP0036,50.0,29.3,0.0
6573403169,DP0029,50.0,28.2,0.0
6573403170,DP0014,50.0,30.2,0.0
6573403171,DP0027,50.0,28.4,0.0
6573403172,DP0041,40.0,28.6,0.0
6573403173,DP0041,40.0,25.2,0.0
6573403174,DP0008,40.0,27.9,0.0
6573403175,DP0028,40.0,30.3,0.0
6573403176,DP0018,40.0,26.5,0.0
6573403177,DP0041,40.0,23.2,0.0
6573403178,DP0005,55.0,47.3,0.0
6573403179,DP0041,45.0,38.5,0.0
6573403180,DP0015,65.0,61.7,0.0
6573403181,DP0015,65.0,59.1,0.0
6573403182,DP0037,65.0,57.8,0.0
6573403183,DP0043,75.0,47.2,0.0
6573403184,DP0041,45.0,26.5,0.0
6573403185,DP0041,50.0,49.5,0.0
6573403186,DP0041,45.0,31.9,0.0
6573403187,DP0041,60.0,50.3,0.0
6573403188,DP0008,65.0,56.3,0.0
6573403189,DP0008,65.0,64.5,0.0
6573403190,DP0016,65.0,59.4,0.0
6573403191,DP0041,65.0,59.5,0.0
6573403192,DP0041,65.0,64.0,0.0
6573403193,DP0041,65.0,59.8,0.0
6573403194,DP0007,50.0,36.6,0.0
6573403195,DP0015,65.0,68.0,1.0
6573403196,DP0041,55.0,43.0,0.0
6573403197,DP0015,50.0,35.8,0.0
6573403198,DP0010,45.0,38.9,0.0
6573403199,DP0043,45.0,39.9,0.0
6573403200,DP0025,40.0,70.4,1.0
6573403201,DP0048,40.0,30.4,0.0
6573403202,DP0005,55.0,35.3,0.0
6573403203,DP0041,45.0,35.1,0.0
6573403204,DP0019,50.0,45.6,0.0
6573403205,DP0039,50.0,43.3,0.0
6573403206,DP0041,50.0,39.9,0.0
6573403207,DP0041,50.0,43.4,0.0
6573403208,DP0005,50.0,42.8,0.0
6573403209,DP0041,50.0,34.2,0.0
6573403210,DP0009,50.0,33.9,0.0
6573403211,DP0023,50.0,35.6,0.0
6573403212,DP0041,50.0,37.8,0.0
6573403213,DP0038,40.0,18.8,0.0
6573403214,DP0043,40.0,22.3,0.0
6573403215,DP0043,45.0,26.7,0.0
6573403216,DP0007,50.0,39.8,0.0
6573403217,DP0039,50.0,40.8,0.0
6573403218,DP0043,50.0,42.2,0.0
6573403219,DP0009,40.0,34.0,0.0
6573403220,DP0043,55.0,39.3,0.0
6573403221,DP0043,40.0,32.2,0.0
6573403222,DP0019,55.0,30.0,0.0
6573403223,DP0043,55.0,29.4,0.0
6573403224,DP0015,55.0,33.5,0.0
6573403225,DP0006,55.0,33.4,0.0
6573403226,DP0041,55.0,35.6,0.0
6573403227,DP0025,55.0,26.5,0.0
6573403228,DP0041,50.0,34.2,0.0
6573403229,DP0041,50.0,48.1,0.0
6573403230,DP0041,50.0,36.3,0.0
6573403231,DP0041,50.0,33.1,0.0
6573403232,DP0043,50.0,44.3,0.0
6573403233,DP0041,50.0,43.4,0.0
6573403234,DP0041,50.0,49.0,0.0
6573403235,DP0046,50.0,57.8,1.0
6573403236,DP0015,50.0,41.3,0.0
6573403237,DP0043,40.0,19.4,0.0
6573403238,DP0033,45.0,30.8,0.0
6573403239,DP0011,40.0,23.3,0.0
6573403240,DP0044,50.0,32.0,0.0
6573403241,DP0041,40.0,15.5,0.0
6573403242,DP0015,50.0,24.9,0.0
6573403243,DP0008,40.0,32.7,0.0
6573403244,DP0026,40.0,33.3,0.0
6573403245,DP0012,40.0,32.2,0.0
6573403246,DP0041,40.0,30.2,0.0
6573403247,DP0041,40.0,28.1,0.0
6573403248,DP0015,40.0,35.0,0.0
6573403249,DP0050,50.0,47.6,0.0
6573403250,DP0019,65.0,44.8,0.0
6573403251,DP0043,70.0,52.3,0.0
6573403252,DP0038,60.0,43.6,0.0
6573403253,DP0008,60.0,40.9,0.0
6573403254,DP0048,60.0,60.5,1.0
6573403255,DP0043,60.0,32.1,0.0
6573403256,DP0041,60.0,41.8,0.0
6573403257,DP0043,55.0,32.0,0.0
6573403258,DP0005,55.0,33.4,0.0
6573403259,DP0039,55.0,36.1,0.0
6573403260,DP0008,55.0,34.3,0.0
6573403261,DP0041,55.0,30.9,0.0
6573403262,DP0007,55.0,36.6,0.0
6573403263,DP0043,45.0,36.0,0.0
6573403264,DP0041,65.0,64.9,0.0
6573403265,DP0041,50.0,36.1,0.0
6573403266,DP0041,50.0,30.0,0.0
6573403267,DP0019,50.0,36.5,0.0
6573403268,DP0037,50.0,33.2,0.0
6573403269,DP0041,50.0,29.3,0.0
6573403270,DP0041,50.0,30.1,0.0
6573403271,DP0041,45.0,36.3,0.0
6573403272,DP0041,45.0,39.2,0.0
6573403273,DP0017,45.0,34.2,0.0
6573403274,DP0041,45.0,36.7,0.0
6573403275,DP0041,45.0,37.4,0.0
6573403276,DP0043,45.0,39.2,0.0
6573403277,DP0048,40.0,45.9,1.0
6573403278,DP0041,45.0,35.5,0.0
6573403279,DP0021,40.0,29.1,0.0
6573403280,DP0005,40.0,35.0,0.0
6573403281,DP0041,40.0,26.1,0.0
6573403282,DP0041,40.0,24.8,0.0
6573403283,DP0041,40.0,23.9,0.0
6573403284,DP0021,40.0,43.3,1.0
6573403285,DP0008,40.0,39.2,0.0
6573403286,DP0041,40.0,37.5,0.0
6573403287,DP0041,55.0,36.2,0.0
6573403288,DP0041,65.0,40.5,0.0
6573403289,DP0028,65.0,39.6,0.0
6573403290,DP0043,50.0,25.1,0.0
6573403291,DP0041,45.0,29.3,0.0
6573403292,DP0036,50.0,38.3,0.0
6573403293,DP0041,40.0,28.0,0.0
6573403294,DP0026,50.0,26.7,0.0
6573403295,DP0017,50.0,20.7,0.0
6573403296,DP0043,40.0,51.8,1.0
6573403297,DP0028,40.0,28.8,0.0
6573403298,DP0041,50.0,38.0,0.0
6573403299,DP0039,50.0,40.8,0.0
6573403300,DP0048,55.0,65.8,1.0
6573403301,DP0041,40.0,37.5,0.0
6573403302,DP0041,50.0,30.2,0.0
6573403303,DP0050,50.0,55.0,1.0
6573403304,DP0047,40.0,20.2,0.0
6573403305,DP0041,55.0,44.6,0.0
6573403306,DP0041,45.0,25.9,0.0
6573403307,DP0041,45.0,54.4,1.0
6573403308,DP0040,50.0,47.2,0.0
6573403309,DP0041,50.0,49.2,0.0
6573403310,DP0041,50.0,48.7,0.0
6573403311,DP0041,50.0,43.3,0.0
6573403312,DP0019,50.0,46.9,0.0
6573403313,DP0041,40.0,28.5,0.0
6573403314,DP0007,40.0,33.1,0.0
6573403315,DP0041,40.0,31.0,0.0
6573403316,DP0005,40.0,31.8,0.0
6573403317,DP0041,40.0,33.4,0.0
6573403318,DP0043,40.0,25.6,0.0
6573403319,DP0041,45.0,20.4,0.0
6573403320,DP0008,45.0,43.2,0.0
6573403321,DP0043,55.0,37.9,0.0
6573403322,DP0041,55.0,49.3,0.0
6573403323,DP0041,40.0,25.3,0.0
6573403324,DP0033,40.0,29.9,0.0
6573403325,DP0019,40.0,29.9,0.0
6573403326,DP0030,40.0,26.1,0.0
6573403327,DP0041,40.0,31.2,0.0
6573403328,DP0037,40.0,26.2,0.0
6573403329,DP0041,55.0,31.4,0.0
6573403330,DP0041,55.0,50.0,0.0
6573403331,DP0041,65.0,61.4,0.0
6573403332,DP0041,40.0,31.7,0.0
6573403333,DP0041,55.0,42.5,0.0
6573403334,DP0043,85.0,68.8,0.0
6573403335,DP0014,45.0,32.0,0.0
6573403336,DP0046,65.0,69.9,1.0
6573403337,DP0043,65.0,53.3,0.0
6573403338,DP0048,70.0,67.6,0.0
6573403339,DP0026,45.0,33.0,0.0
6573403340,DP0041,55.0,39.2,0.0
6573403341,DP0041,40.0,19.6,0.0
6573403342,DP0043,50.0,30.3,0.0
6573403343,DP0003,55.0,25.5,0.0
6573403344,DP0015,55.0,33.4,0.0
6573403345,DP0039,55.0,38.6,0.0
6573403346,DP0003,55.0,38.5,0.0
6573403347,DP0041,55.0,38.1,0.0
6573403348,DP0041,55.0,38.3,0.0
6573403349,DP0015,55.0,37.4,0.0
6573403350,DP0015,55.0,39.1,0.0
6573403351,DP0043,55.0,37.7,0.0
6573403352,DP0041,45.0,25.0,0.0
6573403353,DP0041,60.0,43.2,0.0
6573403354,DP0029,65.0,51.4,0.0
6573403355,DP0025,45.0,32.0,0.0
6573403356,DP0043,80.0,53.5,0.0
6573403357,DP0041,55.0,38.2,0.0
6573403358,DP0009,50.0,36.7,0.0
6573403359,DP0019,40.0,25.8,0.0
6573403360,DP0042,100.0,71.8,0.0
6573403361,DP0009,45.0,27.5,0.0
6573403362,DP0041,50.0,31.6,0.0
6573403363,DP0041,65.0,71.8,1.0
6573403364,DP0003,50.0,32.3,0.0
6573403365,DP0043,50.0,35.7,0.0
6573403366,DP0028,50.0,38.6,0.0
6573403367,DP0046,50.0,46.1,0.0
6573403368,DP0043,50.0,37.6,0.0
6573403369,DP0028,50.0,36.1,0.0
6573403370,DP0041,50.0,41.6,0.0
6573403371,DP0024,45.0,26.8,0.0
6573403372,DP0015,75.0,52.9,0.0
6573403373,DP0019,50.0,28.6,0.0
6573403374,DP0038,50.0,64.1,1.0
6573403375,DP0041,50.0,64.5,1.0
6573403376,DP0005,50.0,60.0,1.0
6573403377,DP0041,50.0,43.8,0.0
6573403378,DP0013,50.0,45.3,0.0
6573403379,DP0005,50.0,47.8,0.0
6573403380,DP0043,50.0,49.1,0.0
6573403381,DP0026,50.0,41.7,0.0
6573403382,DP0041,50.0,48.5,0.0
6573403383,DP0043,40.0,38.8,0.0
6573403384,DP0019,40.0,32.6,0.0
6573403385,DP0041,85.0,62.6,0.0
6573403386,DP0041,40.0,32.6,0.0
6573403387,DP0019,55.0,31.0,0.0
6573403388,DP0049,50.0,46.0,0.0
6573403389,DP0026,55.0,39.4,0.0
6573403390,DP0043,85.0,60.6,0.0
6573403391,DP0019,85.0,61.9,0.0
6573403392,DP0039,85.0,58.3,0.0
6573403393,DP0043,85.0,63.2,0.0
6573403394,DP0008,85.0,59.1,0.0
6573403395,DP0043,85.0,65.0,0.0
6573403396,DP0041,85.0,57.7,0.0
6573403397,DP0039,55.0,47.8,0.0
6573403398,DP0003,55.0,37.1,0.0
6573403399,DP0047,50.0,32.4,0.0
6573403400,DP0002,65.0,66.6,1.0
6573403401,DP0019,40.0,22.3,0.0
6573403402,DP0023,40.0,22.0,0.0
6573403403,DP0041,40.0,23.8,0.0
6573403404,DP0041,40.0,21.5,0.0
6573403405,DP0048,65.0,49.2,0.0
6573403406,DP0028,55.0,48.7,0.0
6573403407,DP0041,40.0,24.5,0.0
6573403408,DP0005,60.0,48.2,0.0
6573403409,DP0041,60.0,46.8,0.0
6573403410,DP0043,60.0,46.8,0.0
6573403411,DP0041,60.0,48.4,0.0
6573403412,DP0045,60.0,48.5,0.0
6573403413,DP0041,60.0,47.1,0.0
6573403414,DP0005,60.0,44.7,0.0
6573403415,DP0021,50.0,29.9,0.0
6573403416,DP0043,45.0,34.7,0.0
6573403417,DP0005,65.0,41.9,0.0
6573403418,DP0041,65.0,42.9,0.0
6573403419,DP0017,65.0,42.8,0.0
6573403420,DP0019,65.0,42.5,0.0
6573403421,DP0041,65.0,45.6,0.0
6573403422,DP0041,65.0,43.4,0.0
6573403423,DP0005,65.0,41.8,0.0
6573403424,DP0015,50.0,37.5,0.0
6573403425,DP0028,50.0,39.6,0.0
6573403426,DP0029,50.0,38.8,0.0
6573403427,DP0005,50.0,34.6,0.0
6573403428,DP0043,50.0,37.1,0.0
6573403429,DP0002,50.0,32.7,0.0
6573403430,DP0042,40.0,25.0,0.0
6573403431,DP0041,45.0,48.0,1.0
6573403432,DP0043,45.0,42.9,0.0
6573403433,DP0012,55.0,32.6,0.0
6573403434,DP0043,50.0,24.8,0.0
6573403435,DP0020,50.0,24.2,0.0
6573403436,DP0041,50.0,25.3,0.0
6573403437,DP0041,50.0,23.3,0.0
6573403438,DP0005,50.0,25.8,0.0
6573403439,DP0049,50.0,24.0,0.0
6573403440,DP0043,40.0,43.9,1.0
6573403441,DP0043,50.0,59.1,1.0
6573403442,DP0041,55.0,40.3,0.0
6573403443,DP0006,55.0,46.2,0.0
6573403444,DP0041,50.0,24.2,0.0
6573403445,DP0002,55.0,41.7,0.0
6573403446,DP0013,40.0,29.2,0.0
6573403447,DP0016,40.0,30.5,0.0
6573403448,DP0017,40.0,27.1,0.0
6573403449,DP0004,40.0,41.0,1.0
6573403450,DP0004,40.0,41.2,1.0
6573403451,DP0026,45.0,42.7,0.0
6573403452,DP0048,45.0,42.4,0.0
6573403453,DP0041,40.0,29.8,0.0
6573403454,DP0047,55.0,32.0,0.0
6573403455,DP0041,40.0,31.5,0.0
6573403456,DP0002,45.0,46.6,1.0
6573403457,DP0009,40.0,27.7,0.0
6573403458,DP0048,55.0,65.8,1.0
6573403459,DP0006,85.0,50.8,0.0
6573403460,DP0015,55.0,38.9,0.0
6573403461,DP0041,40.0,33.8,0.0
6573403462,DP0041,65.0,42.5,0.0
6573403463,DP0041,65.0,45.4,0.0
6573403464,DP0043,55.0,40.9,0.0
6573403465,DP0006,40.0,24.5,0.0
6573403466,DP0038,60.0,62.2,1.0
6573403467,DP0041,50.0,32.7,0.0
6573403468,DP0041,50.0,20.2,0.0
6573403469,DP0006,55.0,46.0,0.0
6573403470,DP0028,40.0,32.5,0.0
6573403471,DP0015,40.0,27.1,0.0
6573403472,DP0041,65.0,51.2,0.0
6573403473,DP0005,45.0,27.2,0.0
6573403474,DP0044,55.0,41.9,0.0
6573403475,DP0008,40.0,33.3,0.0
6573403476,DP0028,40.0,33.5,0.0
6573403477,DP0041,40.0,33.1,0.0
6573403478,DP0005,40.0,36.2,0.0
6573403479,DP0041,40.0,30.0,0.0
6573403480,DP0044,40.0,31.8,0.0
6573403481,DP0019,40.0,23.4,0.0
6573403482,DP0005,40.0,21.3,0.0
6573403483,DP0015,40.0,18.7,0.0
6573403484,DP0047,40.0,18.7,0.0
6573403485,DP0041,40.0,15.5,0.0
6573403486,DP0019,40.0,16.7,0.0
6573403487,DP0019,40.0,21.2,0.0
6573403488,DP0005,55.0,31.7,0.0
6573403489,DP0043,55.0,39.3,0.0
6573403490,DP0032,40.0,20.3,0.0
6573403491,DP0043,40.0,23.7,0.0
6573403492,DP0041,55.0,38.0,0.0
6573403493,DP0043,50.0,38.7,0.0
6573403494,DP0038,50.0,35.0,0.0
6573403495,DP0041,50.0,32.1,0.0
6573403496,DP0015,55.0,56.7,1.0
6573403497,DP0039,55.0,38.1,0.0
6573403498,DP0012,55.0,35.6,0.0
6573403499,DP0037,55.0,41.0,0.0
6573403500,DP0016,55.0,37.4,0.0
6573403501,DP0041,55.0,39.0,0.0
6573403502,DP0041,55.0,39.8,0.0
6573403503,,,,
6573403504,DP0041,45.0,36.1,0.0
6573403505,DP0041,40.0,24.5,0.0
6573403506,DP0027,40.0,22.7,0.0
6573403507,DP0041,40.0,24.5,0.0
6573403508,DP0044,40.0,27.8,0.0
6573403509,DP0011,40.0,29.8,0.0
6573403510,DP0048,40.0,33.0,0.0
6573403511,DP0019,45.0,36.0,0.0
6573403512,DP0001,40.0,29.5,0.0
6573403513,DP0019,50.0,36.0,0.0
6573403514,DP0008,60.0,42.4,0.0
6573403515,DP0031,70.0,66.3,0.0
6573403516,DP0041,50.0,38.9,0.0
6573403517,DP0007,50.0,35.0,0.0
6573403518,DP0043,50.0,31.3,0.0
6573403519,DP0006,50.0,33.7,0.0
6573403520,DP0015,50.0,38.8,0.0
6573403521,DP0041,50.0,32.4,0.0
6573403522,DP0041,40.0,24.3,0.0
6573403523,DP0041,40.0,29.4,0.0
6573403524,DP0043,55.0,53.5,0.0
6573403525,DP0005,45.0,23.6,0.0
6573403526,DP0041,40.0,23.9,0.0
6573403527,DP0007,55.0,33.9,0.0
6573403528,DP0043,55.0,36.5,0.0
6573403529,DP0041,55.0,36.8,0.0
6573403530,DP0041,55.0,33.5,0.0
6573403531,DP0019,55.0,30.8,0.0
6573403532,DP0008,55.0,34.6,0.0
6573403533,DP0041,50.0,26.8,0.0
6573403534,DP0016,40.0,35.0,0.0
6573403535,DP0047,50.0,30.1,0.0
6573403536,DP0043,50.0,47.7,0.0
6573403537,DP0050,55.0,55.7,1.0
6573403538,DP0005,55.0,41.9,0.0
6573403539,DP0044,50.0,26.7,0.0
6573403540,DP0044,40.0,17.9,0.0
6573403541,DP0027,50.0,52.6,1.0
6573403542,DP0041,50.0,56.9,1.0
6573403543,DP0047,55.0,33.1,0.0
6573403544,DP0019,40.0,25.9,0.0
6573403545,,,,
6573403546,DP0033,60.0,31.6,0.0
6573403547,DP0041,45.0,29.5,0.0
6573403548,DP0043,40.0,21.8,0.0
6573403549,DP0043,45.0,27.9,0.0
6573403550,DP0010,55.0,66.7,1.0
6573403551,DP0043,40.0,20.6,0.0
6573403552,DP0040,55.0,41.8,0.0
6573403553,DP0041,45.0,46.1,1.0
6573403554,DP0044,45.0,48.6,1.0
6573403555,DP0041,45.0,53.5,1.0
6573403556,DP0044,60.0,49.3,0.0
6573403557,DP0039,50.0,36.3,0.0
6573403558,DP0019,50.0,30.1,0.0
6573403559,DP0041,40.0,21.4,0.0
6573403560,DP0036,60.0,51.4,0.0
6573403561,DP0041,50.0,34.2,0.0
6573403562,DP0039,40.0,18.4,0.0
6573403563,DP0041,45.0,37.9,0.0
6573403564,DP0008,55.0,37.4,0.0
6573403565,DP0009,50.0,42.4,0.0
6573403566,DP0028,45.0,20.1,0.0
6573403567,DP0041,50.0,36.2,0.0
6573403568,DP0037,55.0,42.9,0.0
6573403569,DP0041,50.0,38.7,0.0
6573403570,DP0043,55.0,38.4,0.0
6573403571,DP0019,55.0,39.6,0.0
6573403572,DP0041,55.0,35.2,0.0
6573403573,DP0021,55.0,36.7,0.0
6573403574,DP0006,55.0,38.0,0.0
6573403575,DP0007,55.0,35.5,0.0
6573403576,DP0033,40.0,18.6,0.0
6573403577,DP0027,45.0,34.0,0.0
6573403578,DP0009,45.0,30.3,0.0
6573403579,DP0041,60.0,39.0,0.0
6573403580,DP0013,45.0,36.2,0.0
6573403581,DP0041,50.0,57.1,1.0
6573403582,DP0041,50.0,53.9,1.0
6573403583,DP0043,50.0,51.5,1.0
6573403584,DP0047,50.0,57.2,1.0
6573403585,DP0041,50.0,55.8,1.0
6573403586,DP0041,50.0,53.9,1.0
6573403587,DP0005,50.0,25.5,0.0
6573403588,DP0041,50.0,20.7,0.0
6573403589,DP0041,50.0,24.0,0.0
6573403590,DP0043,55.0,43.1,0.0
6573403591,DP0041,55.0,39.8,0.0
6573403592,DP0041,45.0,28.6,0.0
6573403593,DP0043,45.0,28.6,0.0
6573403594,DP0021,50.0,28.4,0.0
6573403595,DP0041,40.0,35.4,0.0
6573403596,DP0026,70.0,52.0,0.0
6573403597,DP0043,40.0,41.7,1.0
6573403598,DP0041,60.0,49.6,0.0
6573403599,DP0010,40.0,32.2,0.0
6573403600,DP0015,40.0,38.6,0.0
6573403601,DP0041,40.0,33.9,0.0
6573403602,DP0019,40.0,34.1,0.0
6573403603,DP0008,45.0,50.8,1.0
6573403604,DP0007,50.0,49.4,0.0
6573403605,DP0041,50.0,37.7,0.0
6573403606,DP0041,55.0,34.0,0.0
6573403607,DP0038,50.0,29.5,0.0
6573403608,DP0015,50.0,48.3,0.0
6573403609,DP0042,60.0,39.3,0.0
6573403610,DP0015,60.0,45.2,0.0
6573403611,DP0041,50.0,41.3,0.0
6573403612,,,,
6573403613,DP0033,40.0,25.0,0.0
6573403614,DP0027,50.0,39.2,0.0
6573403615,DP0041,55.0,35.4,0.0
6573403616,DP0009,75.0,57.7,0.0
6573403617,DP0048,75.0,72.4,0.0
6573403618,DP0041,75.0,58.1,0.0
6573403619,DP0029,75.0,60.6,0.0
6573403620,DP0041,50.0,38.0,0.0
6573403621,DP0043,50.0,38.8,0.0
6573403622,DP0030,50.0,35.6,0.0
6573403623,DP0006,50.0,41.0,0.0
6573403624,DP0021,40.0,21.2,0.0
6573403625,DP0043,45.0,40.9,0.0
6573403626,DP0043,40.0,35.5,0.0
6573403627,DP0001,40.0,35.6,0.0
6573403628,DP0041,40.0,35.6,0.0
6573403629,DP0041,40.0,29.8,0.0
6573403630,DP0043,40.0,41.3,1.0
6573403631,DP0041,45.0,35.5,0.0
6573403632,DP0011,90.0,62.3,0.0
6573403633,DP0006,40.0,25.6,0.0
6573403634,DP0043,45.0,22.0,0.0
6573403635,DP0041,50.0,40.5,0.0
6573403636,DP0011,40.0,24.1,0.0
6573403637,DP0041,60.0,48.7,0.0
6573403638,DP0041,50.0,24.0,0.0
6573403639,DP0019,50.0,28.8,0.0
6573403640,DP0022,50.0,31.6,0.0
6573403641,DP0041,50.0,31.1,0.0
6573403642,DP0043,40.0,28.9,0.0
6573403643,DP0005,50.0,41.4,0.0
6573403644,DP0041,75.0,56.1,0.0
6573403645,DP0041,50.0,26.2,0.0
6573403646,DP0041,45.0,23.2,0.0
6573403647,,,,
6573403648,DP0028,60.0,37.5,0.0
6573403649,DP0041,60.0,33.2,0.0
6573403650,DP0041,60.0,33.8,0.0
6573403651,DP0002,60.0,40.5,0.0
6573403652,DP0002,55.0,38.3,0.0
6573403653,DP0005,55.0,39.7,0.0
6573403654,DP0041,55.0,41.2,0.0
6573403655,DP0041,55.0,37.1,0.0
6573403656,DP0041,55.0,41.4,0.0
6573403657,DP0041,50.0,45.3,0.0
6573403658,DP0039,50.0,45.4,0.0
6573403659,DP0043,50.0,42.2,0.0
6573403660,DP0019,50.0,43.0,0.0
6573403661,DP0008,45.0,31.4,0.0
6573403662,DP0041,50.0,29.0,0.0
6573403663,DP0041,50.0,26.4,0.0
6573403664,DP0016,50.0,30.5,0.0
6573403665,DP0041,65.0,55.1,0.0
6573403666,DP0017,65.0,59.5,0.0
6573403667,DP0009,65.0,54.7,0.0
6573403668,DP0041,65.0,55.1,0.0
6573403669,DP0019,65.0,53.0,0.0
6573403670,DP0041,65.0,59.0,0.0
6573403671,DP0043,55.0,40.4,0.0
6573403672,DP0023,50.0,27.4,0.0
6573403673,DP0043,55.0,45.9,0.0
6573403674,DP0041,50.0,29.2,0.0
6573403675,DP0002,55.0,64.1,1.0
6573403676,DP0041,50.0,31.2,0.0
6573403677,DP0041,40.0,23.0,0.0
6573403678,DP0049,45.0,33.4,0.0
6573403679,DP0008,55.0,52.0,0.0
6573403680,DP0041,80.0,44.8,0.0
6573403681,DP0005,50.0,39.1,0.0
6573403682,DP0032,50.0,40.7,0.0
6573403683,DP0020,50.0,41.0,0.0
6573403684,DP0043,50.0,35.1,0.0
6573403685,DP0041,50.0,40.7,0.0
6573403686,DP0038,50.0,40.2,0.0
6573403687,DP0033,45.0,62.3,1.0
6573403688,DP0016,60.0,39.6,0.0
6573403689,DP0041,65.0,72.1,1.0
6573403690,DP0031,75.0,46.5,0.0
6573403691,DP0041,45.0,28.8,0.0
6573403692,DP0041,55.0,32.6,0.0
6573403693,DP0043,40.0,30.0,0.0
6573403694,DP0015,40.0,45.7,1.0
6573403695,DP0028,45.0,22.9,0.0
6573403696,DP0033,55.0,73.1,1.0
6573403697,DP0005,40.0,23.4,0.0
6573403698,DP0041,40.0,29.6,0.0
6573403699,DP0043,55.0,62.8,1.0
6573403700,DP0028,55.0,63.5,1.0
6573403701,DP0041,55.0,62.5,1.0
6573403702,DP0041,55.0,65.0,1.0
6573403703,DP0039,55.0,62.0,1.0
6573403704,DP0038,55.0,68.0,1.0
6573403705,DP0008,45.0,33.3,0.0
6573403706,DP0019,45.0,27.6,0.0
6573403707,DP0039,60.0,60.0,0.0
6573403708,DP0005,50.0,42.3,0.0
6573403709,DP0042,55.0,54.2,0.0
6573403710,DP0020,45.0,21.1,0.0
6573403711,DP0006,45.0,23.6,0.0
6573403712,DP0002,45.0,23.4,0.0
6573403713,DP0041,45.0,24.8,0.0
6573403714,DP0005,45.0,19.9,0.0
6573403715,DP0041,45.0,18.2,0.0
6573403716,DP0043,50.0,23.7,0.0
6573403717,DP0041,40.0,27.5,0.0
6573403718,DP0043,65.0,38.5,0.0
6573403719,DP0041,65.0,37.3,0.0
6573403720,DP0041,65.0,37.6,0.0
6573403721,DP0041,65.0,42.4,0.0
6573403722,DP0047,65.0,41.4,0.0
6573403723,DP0031,55.0,44.6,0.0
6573403724,DP0041,45.0,21.6,0.0
6573403725,DP0041,40.0,23.7,0.0
6573403726,DP0005,60.0,33.0,0.0
6573403727,DP0041,55.0,42.5,0.0
6573403728,DP0005,55.0,35.9,0.0
6573403729,DP0041,55.0,39.1,0.0
6573403730,DP0043,40.0,29.0,0.0
6573403731,DP0021,50.0,31.7,0.0
6573403732,DP0043,40.0,34.9,0.0
6573403733,DP0041,40.0,35.7,0.0
6573403734,DP0041,40.0,41.8,1.0
6573403735,DP0041,40.0,38.2,0.0
6573403736,DP0045,40.0,40.9,1.0
6573403737,DP0043,40.0,39.8,0.0
6573403738,DP0041,55.0,47.2,0.0
6573403739,DP0009,40.0,29.3,0.0
6573403740,DP0033,50.0,39.2,0.0
6573403741,DP0043,60.0,38.4,0.0
6573403742,DP0041,50.0,37.9,0.0
6573403743,DP0041,50.0,32.7,0.0
6573403744,DP0043,40.0,29.7,0.0
6573403745,DP0041,45.0,38.9,0.0
6573403746,DP0049,45.0,35.1,0.0
6573403747,DP0041,45.0,34.8,0.0
6573403748,DP0041,45.0,34.7,0.0
6573403749,DP0043,45.0,35.4,0.0
6573403750,DP0028,45.0,38.2,0.0
6573403751,DP0041,50.0,25.6,0.0
6573403752,DP0023,50.0,33.7,0.0
6573403753,DP0041,60.0,42.0,0.0
6573403754,DP0041,85.0,55.8,0.0
6573403755,DP0041,40.0,33.6,0.0
6573403756,DP0008,55.0,29.3,0.0
6573403757,DP0043,55.0,38.2,0.0
6573403758,DP0008,55.0,41.6,0.0
6573403759,DP0043,55.0,41.5,0.0
6573403760,DP0041,55.0,43.4,0.0
6573403761,DP0005,65.0,55.2,0.0
6573403762,DP0041,45.0,16.9,0.0
6573403763,DP0008,40.0,45.4,1.0
6573403764,DP0041,65.0,49.5,0.0
6573403765,DP0008,45.0,30.5,0.0
6573403766,DP0041,55.0,29.9,0.0
6573403767,DP0041,45.0,21.4,0.0
6573403768,DP0041,50.0,37.3,0.0
6573403769,DP0015,55.0,38.8,0.0
6573403770,DP0019,55.0,26.5,0.0
6573403771,DP0041,55.0,31.0,0.0
6573403772,DP0041,55.0,31.3,0.0
6573403773,DP0009,55.0,23.5,0.0
6573403774,DP0028,55.0,27.5,0.0
6573403775,DP0041,55.0,26.8,0.0
6573403776,DP0041,55.0,40.9,0.0
6573403777,DP0048,55.0,49.6,0.0
6573403778,DP0043,55.0,49.7,0.0
6573403779,DP0046,55.0,53.5,0.0
6573403780,DP0046,55.0,47.0,0.0
6573403781,DP0041,50.0,19.1,0.0
6573403782,DP0041,55.0,35.8,0.0
6573403783,DP0019,55.0,38.0,0.0
6573403784,DP0003,55.0,33.8,0.0
6573403785,DP0041,55.0,33.7,0.0
6573403786,DP0005,55.0,33.2,0.0
6573403787,DP0030,55.0,34.7,0.0
6573403788,DP0041,65.0,52.0,0.0
6573403789,DP0021,65.0,53.3,0.0
6573403790,DP0016,45.0,28.9,0.0
6573403791,DP0008,40.0,29.4,0.0
6573403792,DP0007,40.0,24.6,0.0
6573403793,DP0043,40.0,25.4,0.0
6573403794,DP0043,40.0,24.8,0.0
6573403795,DP0043,40.0,24.6,0.0
6573403796,DP0041,40.0,26.7,0.0
6573403797,DP0036,50.0,50.4,1.0
6573403798,DP0019,40.0,33.6,0.0
6573403799,DP0043,40.0,27.9,0.0
6573403800,DP0005,40.0,31.9,0.0
6573403801,DP0003,40.0,26.7,0.0
6573403802,DP0005,40.0,33.1,0.0
6573403803,DP0015,40.0,33.8,0.0
6573403804,DP0023,45.0,41.5,0.0
6573403805,DP0041,55.0,33.7,0.0
6573403806,DP0049,55.0,40.8,0.0
6573403807,DP0041,75.0,45.4,0.0
6573403808,DP0041,50.0,26.4,0.0
6573403809,DP0046,50.0,57.7,1.0
6573403810,DP0043,85.0,61.5,0.0
6573403811,DP0024,50.0,36.2,0.0
6573403812,DP0005,60.0,38.4,0.0
6573403813,DP0017,65.0,53.3,0.0
6573403814,DP0019,60.0,37.8,0.0
6573403815,DP0043,45.0,38.5,0.0
6573403816,DP0047,60.0,31.5,0.0
6573403817,DP0041,50.0,26.6,0.0
6573403818,DP0005,50.0,31.6,0.0
6573403819,DP0041,50.0,36.6,0.0
6573403820,DP0015,50.0,32.7,0.0
6573403821,DP0041,50.0,35.2,0.0
6573403822,DP0021,50.0,28.9,0.0
6573403823,DP0007,50.0,34.2,0.0
6573403824,DP0034,45.0,34.0,0.0
6573403825,DP0011,45.0,29.4,0.0
6573403826,DP0041,45.0,31.6,0.0
6573403827,DP0041,45.0,34.7,0.0
6573403828,DP0043,45.0,27.7,0.0
6573403829,DP0043,45.0,33.6,0.0
6573403830,DP0041,55.0,35.3,0.0
6573403831,DP0041,55.0,39.5,0.0
6573403832,DP0008,55.0,45.6,0.0
6573403833,DP0019,75.0,53.6,0.0
6573403834,DP0041,65.0,46.9,0.0
6573403835,DP0041,65.0,47.9,0.0
6573403836,DP0041,65.0,43.3,0.0
6573403837,DP0006,65.0,50.8,0.0
6573403838,DP0050,65.0,60.7,0.0
6573403839,DP0041,65.0,51.5,0.0
6573403840,DP0041,45.0,38.7,0.0
6573403841,DP0019,45.0,42.2,0.0
6573403842,DP0041,45.0,43.7,0.0
6573403843,DP0006,45.0,43.4,0.0
6573403844,DP0041,45.0,43.4,0.0
6573403845,DP0005,45.0,43.1,0.0
6573403846,DP0048,55.0,55.8,1.0
6573403847,DP0039,45.0,25.8,0.0
6573403848,DP0041,50.0,36.2,0.0
6573403849,DP0018,50.0,35.2,0.0
6573403850,DP0041,65.0,43.3,0.0
6573403851,DP0008,40.0,42.3,1.0
6573403852,DP0021,40.0,45.4,1.0
6573403853,DP0041,40.0,42.0,1.0
6573403854,DP0041,40.0,43.9,1.0
6573403855,DP0006,40.0,39.7,0.0
6573403856,DP0012,40.0,45.0,1.0
6573403857,DP0003,55.0,35.0,0.0
6573403858,DP0041,55.0,37.3,0.0
6573403859,DP0041,45.0,62.2,1.0
6573403860,DP0019,50.0,36.2,0.0
6573403861,DP0030,65.0,47.2,0.0
6573403862,DP0024,50.0,37.7,0.0
6573403863,DP0041,40.0,31.7,0.0
6573403864,DP0043,40.0,27.9,0.0
6573403865,DP0041,45.0,31.8,0.0
6573403866,DP0027,60.0,45.9,0.0
6573403867,DP0001,60.0,40.3,0.0
6573403868,DP0050,50.0,79.7,1.0
6573403869,DP0012,50.0,22.2,0.0
6573403870,DP0041,55.0,34.8,0.0
6573403871,DP0041,50.0,32.2,0.0
6573403872,DP0006,70.0,63.3,0.0
6573403873,DP0041,50.0,27.2,0.0
6573403874,DP0041,50.0,32.7,0.0
6573403875,DP0041,50.0,30.0,0.0
6573403876,DP0019,50.0,34.5,0.0
6573403877,DP0005,50.0,29.0,0.0
6573403878,DP0008,50.0,31.9,0.0
6573403879,DP0041,65.0,40.3,0.0
6573403880,DP0019,40.0,22.7,0.0
6573403881,DP0043,40.0,27.2,0.0
6573403882,DP0021,40.0,22.6,0.0
6573403883,DP0041,60.0,38.5,0.0
6573403884,DP0048,55.0,55.1,1.0
6573403885,DP0033,55.0,34.1,0.0
6573403886,DP0005,55.0,37.3,0.0
6573403887,DP0043,55.0,38.7,0.0
6573403888,DP0005,55.0,38.8,0.0
6573403889,DP0041,55.0,38.6,0.0
6573403890,DP0041,40.0,25.0,0.0
6573403891,DP0042,50.0,54.0,1.0
6573403892,DP0041,50.0,55.3,1.0
6573403893,DP0041,50.0,50.7,1.0
6573403894,DP0031,50.0,47.0,0.0
6573403895,DP0049,50.0,49.2,0.0
6573403896,DP0049,50.0,48.8,0.0
6573403897,DP0044,55.0,32.8,0.0
6573403898,DP0042,55.0,34.0,0.0
6573403899,DP0048,55.0,50.7,0.0
6573403900,DP0041,55.0,37.5,0.0
6573403901,DP0049,55.0,31.9,0.0
6573403902,DP0041,55.0,35.1,0.0
6573403903,DP0024,40.0,20.7,0.0
6573403904,DP0005,40.0,25.0,0.0
6573403905,DP0005,40.0,20.6,0.0
6573403906,DP0005,40.0,23.8,0.0
6573403907,DP0041,40.0,25.5,0.0
6573403908,DP0041,40.0,23.2,0.0
6573403909,DP0002,55.0,34.9,0.0
6573403910,DP0036,50.0,40.8,0.0
6573403911,DP0041,40.0,54.2,1.0
6573403912,DP0041,60.0,35.5,0.0
6573403913,DP0041,45.0,34.7,0.0
6573403914,DP0005,50.0,41.3,0.0
6573403915,DP0015,40.0,47.6,1.0
6573403916,DP0015,50.0,30.1,0.0
6573403917,DP0049,50.0,32.6,0.0
6573403918,DP0021,50.0,33.1,0.0
6573403919,DP0039,50.0,27.0,0.0
6573403920,DP0025,50.0,30.6,0.0
6573403921,DP0041,50.0,31.1,0.0
6573403922,DP0002,45.0,44.8,0.0
6573403923,DP0019,55.0,51.7,0.0
6573403924,DP0002,40.0,20.6,0.0
6573403925,DP0041,40.0,24.2,0.0
6573403926,DP0041,50.0,38.6,0.0
6573403927,DP0043,65.0,43.1,0.0
6573403928,,,,
6573403929,DP0002,40.0,24.4,0.0
6573403930,DP0002,45.0,41.2,0.0
6573403931,DP0050,60.0,69.3,1.0
6573403932,DP0012,50.0,31.9,0.0
6573403933,DP0033,45.0,39.5,0.0
6573403934,DP0037,75.0,46.0,0.0
6573403935,DP0041,50.0,44.5,0.0
6573403936,DP0041,45.0,38.0,0.0
6573403937,DP0041,65.0,41.4,0.0
6573403938,DP0021,55.0,47.4,0.0
6573403939,DP0008,50.0,35.3,0.0
6573403940,DP0041,65.0,54.7,0.0
6573403941,DP0041,40.0,25.8,0.0
6573403942,DP0041,40.0,25.7,0.0
6573403943,DP0041,40.0,25.8,0.0
6573403944,DP0041,40.0,25.4,0.0
6573403945,DP0043,40.0,24.2,0.0
6573403946,DP0041,40.0,26.9,0.0
6573403947,DP0041,45.0,21.7,0.0
6573403948,DP0042,50.0,35.4,0.0
6573403949,DP0041,55.0,37.3,0.0
6573403950,DP0008,40.0,28.0,0.0
6573403951,DP0041,50.0,25.1,0.0
6573403952,DP0039,50.0,34.1,0.0
6573403953,DP0041,50.0,33.7,0.0
6573403954,DP0041,50.0,34.4,0.0
6573403955,DP0020,50.0,36.5,0.0
6573403956,DP0007,50.0,28.3,0.0
6573403957,DP0043,60.0,42.9,0.0
6573403958,DP0041,50.0,33.1,0.0
6573403959,DP0015,50.0,30.9,0.0
6573403960,,,,
6573403961,,,,
6573403962,,,,
6573403963,DP0041,60.0,38.9,0.0
6573403964,DP0026,40.0,20.4,0.0
6573403965,DP0041,55.0,78.3,1.0
6573403966,DP0021,40.0,27.2,0.0
6573403967,DP0041,55.0,34.6,0.0
6573403968,DP0015,55.0,45.9,0.0
6573403969,DP0043,50.0,28.5,0.0
6573403970,DP0038,55.0,36.1,0.0
6573403971,DP0034,40.0,23.3,0.0
6573403972,DP0043,45.0,23.3,0.0
6573403973,DP0005,40.0,14.7,0.0
6573403974,DP0019,45.0,33.2,0.0
6573403975,DP0043,45.0,26.4,0.0
6573403976,DP0009,55.0,46.2,0.0
6573403977,DP0033,55.0,28.0,0.0
6573403978,DP0027,40.0,25.0,0.0
6573403979,DP0041,40.0,27.8,0.0
6573403980,DP0041,40.0,29.7,0.0
6573403981,DP0043,40.0,25.5,0.0
6573403982,DP0041,40.0,25.3,0.0
6573403983,DP0009,50.0,32.0,0.0
6573403984,DP0006,45.0,37.5,0.0
6573403985,DP0041,55.0,51.7,0.0
6573403986,DP0041,55.0,32.7,0.0
6573403987,DP0041,40.0,16.1,0.0
6573403988,DP0043,45.0,36.9,0.0
6573403989,DP0041,45.0,34.2,0.0
6573403990,DP0005,50.0,35.6,0.0
6573403991,DP0009,45.0,31.8,0.0
6573403992,DP0010,55.0,33.2,0.0
6573403993,DP0050,45.0,63.1,1.0
6573403994,DP0019,45.0,47.7,1.0
6573403995,DP0019,45.0,40.3,0.0
6573403996,DP0041,45.0,37.7,0.0
6573403997,DP0041,40.0,41.0,1.0
6573403998,DP0002,45.0,29.5,0.0
6573403999,DP0041,50.0,44.9,0.0
6573404000,DP0041,55.0,43.8,0.0
6573404001,DP0041,50.0,38.3,0.0
6573404002,DP0041,50.0,42.0,0.0
6573404003,DP0019,80.0,57.5,0.0
6573404004,DP0009,70.0,47.1,0.0
6573404005,DP0043,60.0,37.7,0.0
6573404006,DP0019,40.0,19.7,0.0
6573404007,DP0021,60.0,52.5,0.0
6573404008,DP0048,45.0,50.9,1.0
6573404009,DP0008,50.0,23.6,0.0
6573404010,DP0003,40.0,21.4,0.0
6573404011,DP0041,40.0,24.8,0.0
6573404012,DP0034,40.0,23.0,0.0
6573404013,DP0033,40.0,24.5,0.0
6573404014,DP0044,40.0,25.2,0.0
6573404015,DP0041,40.0,18.2,0.0
6573404016,DP0005,65.0,45.7,0.0
6573404017,DP0043,50.0,44.8,0.0
6573404018,DP0041,50.0,13.1,0.0
6573404019,DP0049,40.0,39.1,0.0
6573404020,DP0041,45.0,28.5,0.0
6573404021,DP0041,45.0,29.1,0.0
6573404022,DP0041,45.0,27.7,0.0
6573404023,DP0041,45.0,28.8,0.0
6573404024,DP0041,45.0,31.5,0.0
6573404025,DP0041,45.0,30.6,0.0
6573404026,DP0041,55.0,37.2,0.0
6573404027,DP0041,50.0,46.8,0.0
6573404028,DP0037,55.0,41.5,0.0
6573404029,DP0041,40.0,22.7,0.0
6573404030,DP0038,55.0,33.8,0.0
6573404031,DP0043,55.0,55.4,1.0
6573404032,DP0028,55.0,56.1,1.0
6573404033,DP0041,55.0,62.8,1.0
6573404034,DP0041,55.0,54.0,0.0
6573404035,DP0008,55.0,64.0,1.0
6573404036,DP0043,55.0,60.5,1.0
6573404037,DP0043,85.0,56.7,0.0
6573404038,DP0041,40.0,35.9,0.0
6573404039,DP0027,60.0,45.7,0.0
6573404040,DP0041,50.0,33.0,0.0
6573404041,DP0021,40.0,19.9,0.0
6573404042,DP0041,45.0,26.8,0.0
6573404043,DP0041,65.0,45.5,0.0
6573404044,DP0015,50.0,29.4,0.0
6573404045,DP0034,45.0,27.6,0.0
6573404046,DP0019,45.0,29.7,0.0
6573404047,DP0039,45.0,32.7,0.0
6573404048,DP0006,45.0,31.8,0.0
6573404049,DP0014,45.0,28.2,0.0
6573404050,DP0041,45.0,28.3,0.0
6573404051,DP0048,55.0,52.5,0.0
6573404052,DP0042,45.0,40.4,0.0
6573404053,DP0041,50.0,33.9,0.0
6573404054,DP0041,55.0,42.4,0.0
6573404055,DP0018,55.0,35.9,0.0
6573404056,DP0015,40.0,33.5,0.0
6573404057,DP0041,50.0,37.1,0.0
6573404058,DP0041,50.0,41.1,0.0
6573404059,DP0041,50.0,34.6,0.0
6573404060,DP0005,50.0,42.0,0.0
6573404061,DP0041,50.0,38.8,0.0
6573404062,DP0041,50.0,36.7,0.0
6573404063,DP0041,50.0,34.5,0.0
6573404064,DP0005,40.0,28.8,0.0
6573404065,DP0041,55.0,71.1,1.0
6573404066,DP0041,65.0,45.8,0.0
6573404067,DP0005,45.0,50.4,1.0
6573404068,DP0041,50.0,30.4,0.0
6573404069,DP0044,55.0,43.4,0.0
6573404070,DP0010,45.0,32.4,0.0
6573404071,DP0019,55.0,34.8,0.0
6573404072,DP0041,55.0,32.9,0.0
6573404073,,,,
6573404074,,,,
6573404075,,,,
6573404076,,,,
6573404077,,,,
6573404078,,,,
6573404079,DP0041,55.0,43.5,0.0
6573404080,DP0039,55.0,37.7,0.0
6573404081,DP0034,60.0,44.1,0.0
6573404082,DP0004,55.0,60.3,1.0
6573404083,DP0008,55.0,32.1,0.0
6573404084,DP0004,55.0,48.5,0.0
6573404085,DP0041,40.0,24.6,0.0
6573404086,DP0019,45.0,25.4,0.0
6573404087,DP0043,40.0,19.6,0.0
6573404088,DP0043,40.0,16.5,0.0
6573404089,DP0043,40.0,18.7,0.0
6573404090,DP0041,45.0,20.9,0.0
6573404091,DP0043,55.0,32.9,0.0
6573404092,DP0025,50.0,34.8,0.0
6573404093,DP0038,50.0,65.7,1.0
6573404094,DP0020,55.0,28.5,0.0
6573404095,DP0021,55.0,33.9,0.0
6573404096,DP0005,55.0,43.8,0.0
6573404097,DP0043,55.0,34.1,0.0
6573404098,DP0037,50.0,34.0,0.0
6573404099,DP0028,50.0,30.4,0.0
6573404100,DP0041,50.0,30.4,0.0
6573404101,DP0014,55.0,37.5,0.0
6573404102,DP0041,55.0,45.7,0.0
6573404103,DP0041,45.0,36.5,0.0
6573404104,DP0002,55.0,40.0,0.0
6573404105,DP0041,50.0,28.7,0.0
6573404106,DP0041,45.0,31.0,0.0
6573404107,DP0027,45.0,29.6,0.0
6573404108,DP0043,45.0,30.5,0.0
6573404109,DP0023,45.0,28.1,0.0
6573404110,DP0028,45.0,31.3,0.0
6573404111,DP0041,45.0,25.7,0.0
6573404112,DP0030,40.0,33.3,0.0
6573404113,DP0041,45.0,30.9,0.0
6573404114,DP0041,50.0,36.2,0.0
6573404115,DP0041,50.0,38.0,0.0
6573404116,,,,
6573404117,DP0041,45.0,32.0,0.0
6573404118,DP0041,40.0,22.3,0.0
6573404119,DP0007,40.0,20.7,0.0
6573404120,DP0041,55.0,42.2,0.0
6573404121,DP0041,45.0,32.8,0.0
6573404122,DP0041,55.0,34.5,0.0
6573404123,DP0006,55.0,37.0,0.0
6573404124,DP0041,55.0,37.4,0.0
6573404125,DP0043,55.0,35.9,0.0
6573404126,DP0005,55.0,30.9,0.0
6573404127,DP0023,65.0,41.6,0.0
6573404128,DP0041,50.0,25.6,0.0
6573404129,DP0043,50.0,52.1,1.0
6573404130,DP0028,50.0,25.7,0.0
6573404131,DP0005,55.0,34.2,0.0
6573404132,DP0041,80.0,71.3,0.0
6573404133,DP0041,40.0,28.5,0.0
6573404134,DP0043,40.0,27.1,0.0
6573404135,DP0041,40.0,29.4,0.0
6573404136,DP0041,40.0,21.4,0.0
6573404137,DP0043,40.0,26.8,0.0
6573404138,DP0033,40.0,28.5,0.0
6573404139,DP0019,40.0,30.6,0.0
6573404140,DP0005,65.0,62.2,0.0
6573404141,DP0041,50.0,29.9,0.0
6573404142,DP0003,40.0,34.4,0.0
6573404143,DP0029,45.0,45.5,1.0
6573404144,DP0043,65.0,47.7,0.0
6573404145,DP0005,65.0,46.8,0.0
6573404146,DP0043,65.0,42.0,0.0
6573404147,DP0008,65.0,42.9,0.0
6573404148,DP0046,65.0,61.6,0.0
6573404149,DP0019,65.0,43.4,0.0
6573404150,DP0008,65.0,40.8,0.0
6573404151,DP0033,60.0,44.6,0.0
6573404152,DP0043,40.0,27.9,0.0
6573404153,DP0014,40.0,24.1,0.0
6573404154,DP0043,40.0,21.8,0.0
6573404155,DP0019,40.0,20.0,0.0
6573404156,DP0041,40.0,24.0,0.0
6573404157,DP0041,40.0,19.2,0.0
6573404158,DP0041,50.0,32.8,0.0
6573404159,DP0041,55.0,67.9,1.0
6573404160,DP0041,40.0,22.6,0.0
6573404161,DP0041,40.0,25.8,0.0
6573404162,DP0018,40.0,29.1,0.0
6573404163,DP0015,40.0,24.7,0.0
6573404164,DP0041,70.0,48.6,0.0
6573404165,DP0021,50.0,42.4,0.0
6573404166,DP0043,50.0,31.9,0.0
6573404167,DP0025,55.0,38.1,0.0
6573404168,DP0043,50.0,45.6,0.0
6573404169,DP0041,45.0,23.5,0.0
6573404170,DP0028,60.0,54.5,0.0
6573404171,DP0041,40.0,24.2,0.0
6573404172,DP0039,50.0,42.8,0.0
6573404173,DP0041,50.0,32.3,0.0
6573404174,DP0041,50.0,34.1,0.0
6573404175,DP0008,50.0,29.4,0.0
6573404176,DP0014,50.0,39.4,0.0
6573404177,DP0041,50.0,30.0,0.0
6573404178,DP0041,50.0,33.9,0.0
6573404179,DP0019,50.0,28.2,0.0
6573404180,DP0024,45.0,43.2,0.0
6573404181,DP0041,40.0,18.4,0.0
6573404182,DP0041,45.0,31.3,0.0
6573404183,DP0021,55.0,55.1,1.0
6573404184,DP0019,45.0,23.7,0.0
6573404185,DP0043,45.0,23.4,0.0
6573404186,DP0041,55.0,39.3,0.0
6573404187,DP0041,55.0,39.9,0.0
6573404188,DP0043,45.0,32.7,0.0
6573404189,DP0014,60.0,46.2,0.0
6573404190,DP0005,40.0,30.0,0.0
6573404191,DP0041,55.0,35.1,0.0
6573404192,DP0043,55.0,31.6,0.0
6573404193,DP0034,55.0,35.5,0.0
6573404194,DP0005,55.0,35.5,0.0
6573404195,DP0041,55.0,31.8,0.0
6573404196,DP0041,55.0,35.1,0.0
6573404197,DP0048,50.0,44.6,0.0
6573404198,DP0019,50.0,33.2,0.0
6573404199,DP0041,50.0,27.7,0.0
6573404200,DP0041,50.0,27.1,0.0
6573404201,DP0003,50.0,31.2,0.0
6573404202,DP0041,50.0,29.3,0.0
6573404203,DP0033,55.0,40.2,0.0
6573404204,DP0041,40.0,39.2,0.0
6573404205,DP0041,65.0,51.6,0.0
6573404206,DP0041,65.0,47.7,0.0
6573404207,DP0041,65.0,53.5,0.0
6573404208,DP0043,65.0,55.6,0.0
6573404209,DP0019,65.0,51.4,0.0
6573404210,DP0008,65.0,49.4,0.0
6573404211,DP0041,50.0,29.0,0.0
6573404212,DP0003,50.0,33.9,0.0
6573404213,DP0041,50.0,27.7,0.0
6573404214,DP0041,50.0,33.1,0.0
6573404215,DP0041,55.0,39.8,0.0
6573404216,DP0041,60.0,47.7,0.0
6573404217,DP0041,45.0,35.1,0.0
6573404218,DP0043,45.0,32.7,0.0
6573404219,DP0041,45.0,38.2,0.0
6573404220,DP0041,45.0,35.2,0.0
6573404221,DP0023,45.0,32.8,0.0
6573404222,DP0041,45.0,34.8,0.0
6573404223,DP0041,55.0,50.4,0.0
6573404224,DP0041,55.0,39.7,0.0
6573404225,DP0041,55.0,38.4,0.0
6573404226,DP0041,55.0,38.0,0.0
6573404227,DP0041,55.0,38.9,0.0
6573404228,DP0019,55.0,39.9,0.0
6573404229,DP0002,55.0,38.5,0.0
6573404230,DP0034,40.0,45.7,1.0
6573404231,DP0005,45.0,39.3,0.0
6573404232,DP0041,40.0,25.7,0.0
6573404233,DP0041,40.0,34.4,0.0
6573404234,DP0036,40.0,34.6,0.0
6573404235,DP0010,40.0,18.7,0.0
6573404236,DP0041,65.0,43.0,0.0
6573404237,DP0019,40.0,24.2,0.0
6573404238,DP0041,65.0,46.2,0.0
6573404239,DP0041,50.0,35.3,0.0
6573404240,DP0038,40.0,23.1,0.0
6573404241,DP0016,60.0,35.2,0.0
6573404242,DP0043,55.0,53.0,0.0
6573404243,DP0041,55.0,51.2,0.0
6573404244,DP0041,55.0,51.2,0.0
6573404245,DP0023,55.0,52.7,0.0
6573404246,DP0026,55.0,45.7,0.0
6573404247,DP0041,55.0,55.3,1.0
6573404248,DP0041,50.0,35.4,0.0
6573404249,DP0004,45.0,38.8,0.0
6573404250,DP0041,45.0,17.8,0.0
6573404251,DP0044,45.0,24.1,0.0
6573404252,DP0038,45.0,23.6,0.0
6573404253,DP0025,45.0,17.7,0.0
6573404254,DP0041,45.0,21.6,0.0
6573404255,DP0041,40.0,29.4,0.0
6573404256,DP0043,45.0,64.0,1.0
6573404257,DP0019,60.0,31.8,0.0
6573404258,DP0006,50.0,28.5,0.0
6573404259,DP0006,70.0,48.9,0.0
6573404260,DP0015,40.0,31.5,0.0
6573404261,DP0041,45.0,34.5,0.0
6573404262,DP0041,45.0,38.1,0.0
6573404263,DP0041,45.0,34.1,0.0
6573404264,DP0043,45.0,34.6,0.0
6573404265,DP0015,50.0,27.1,0.0
6573404266,DP0047,65.0,41.0,0.0
6573404267,DP0003,65.0,68.3,1.0
6573404268,DP0021,40.0,27.2,0.0
6573404269,DP0041,40.0,27.2,0.0
6573404270,DP0043,40.0,31.2,0.0
6573404271,DP0041,40.0,27.5,0.0
6573404272,DP0041,40.0,30.8,0.0
6573404273,DP0041,40.0,27.3,0.0
6573404274,DP0015,70.0,47.3,0.0
6573404275,DP0041,55.0,35.1,0.0
6573404276,DP0043,65.0,44.3,0.0
6573404277,DP0039,45.0,64.9,1.0
6573404278,DP0028,60.0,43.7,0.0
6573404279,DP0041,40.0,33.4,0.0
6573404280,DP0041,50.0,32.2,0.0
6573404281,DP0011,55.0,38.4,0.0
6573404282,DP0008,50.0,22.4,0.0
6573404283,DP0041,50.0,21.0,0.0
6573404284,DP0041,50.0,63.1,1.0
6573404285,DP0044,50.0,63.9,1.0
6573404286,DP0041,40.0,26.2,0.0
6573404287,DP0041,65.0,49.8,0.0
6573404288,DP0032,65.0,52.9,0.0
6573404289,DP0032,40.0,24.9,0.0
6573404290,DP0015,40.0,37.2,0.0
6573404291,DP0008,40.0,21.4,0.0
6573404292,DP0043,45.0,32.0,0.0
6573404293,DP0019,70.0,48.7,0.0
6573404294,DP0029,50.0,38.2,0.0
6573404295,DP0041,50.0,36.1,0.0
6573404296,DP0043,50.0,34.4,0.0
6573404297,DP0004,50.0,56.0,1.0
6573404298,DP0027,50.0,34.3,0.0
6573404299,DP0043,50.0,34.0,0.0
6573404300,DP0008,50.0,32.5,0.0
6573404301,,,,
6573404302,DP0041,40.0,46.3,1.0
6573404303,DP0032,55.0,30.7,0.0
6573404304,DP0041,55.0,32.4,0.0
6573404305,DP0019,55.0,33.0,0.0
6573404306,DP0019,55.0,38.7,0.0
6573404307,DP0015,55.0,34.0,0.0
6573404308,DP0041,55.0,31.1,0.0
6573404309,DP0043,55.0,29.9,0.0
6573404310,DP0041,40.0,22.5,0.0
6573404311,DP0043,55.0,37.3,0.0
6573404312,DP0002,45.0,42.1,0.0
6573404313,DP0009,70.0,60.8,0.0
6573404314,DP0027,40.0,16.7,0.0
6573404315,DP0020,45.0,32.4,0.0
6573404316,DP0041,45.0,29.3,0.0
6573404317,DP0010,55.0,37.1,0.0
6573404318,DP0036,40.0,20.6,0.0
6573404319,DP0029,55.0,53.2,0.0
6573404320,DP0005,40.0,32.7,0.0
6573404321,DP0033,45.0,25.5,0.0
6573404322,DP0005,50.0,49.1,0.0
6573404323,DP0041,50.0,52.4,1.0
6573404324,DP0041,50.0,46.8,0.0
6573404325,DP0050,50.0,58.9,1.0
6573404326,DP0043,50.0,46.1,0.0
6573404327,DP0019,50.0,46.4,0.0
6573404328,DP0041,45.0,31.7,0.0
6573404329,DP0021,45.0,31.4,0.0
6573404330,DP0043,45.0,34.2,0.0
6573404331,DP0046,60.0,62.6,1.0
6573404332,DP0001,60.0,46.0,0.0
6573404333,DP0002,45.0,40.3,0.0
6573404334,DP0041,40.0,56.1,1.0
6573404335,DP0005,65.0,40.9,0.0
6573404336,DP0027,65.0,47.0,0.0
6573404337,DP0041,55.0,31.6,0.0
6573404338,DP0041,55.0,26.2,0.0
6573404339,DP0041,55.0,25.6,0.0
6573404340,DP0021,55.0,30.1,0.0
6573404341,DP0041,55.0,33.4,0.0
6573404342,DP0007,40.0,42.1,1.0
6573404343,DP0041,70.0,46.1,0.0
6573404344,DP0041,55.0,33.2,0.0
6573404345,DP0007,50.0,51.5,1.0
6573404346,DP0028,45.0,17.2,0.0
6573404347,DP0043,45.0,25.0,0.0
6573404348,DP0028,45.0,27.9,0.0
6573404349,DP0016,45.0,28.6,0.0
6573404350,DP0008,45.0,27.4,0.0
6573404351,DP0041,45.0,24.8,0.0
6573404352,DP0043,45.0,26.3,0.0
6573404353,DP0019,40.0,40.5,1.0
6573404354,DP0015,40.0,42.3,1.0
6573404355,DP0001,40.0,39.6,0.0
6573404356,DP0029,40.0,36.6,0.0
6573404357,DP0049,40.0,34.9,0.0
6573404358,DP0007,40.0,19.5,0.0
6573404359,DP0041,40.0,18.7,0.0
6573404360,DP0007,40.0,14.4,0.0
6573404361,DP0043,40.0,17.9,0.0
6573404362,DP0008,40.0,19.4,0.0
6573404363,DP0028,40.0,20.1,0.0
6573404364,DP0005,60.0,34.3,0.0
6573404365,DP0007,60.0,31.8,0.0
6573404366,DP0041,60.0,36.1,0.0
6573404367,DP0043,60.0,36.2,0.0
6573404368,DP0046,60.0,42.7,0.0
6573404369,DP0005,60.0,30.6,0.0
6573404370,,,,
6573404371,DP0024,40.0,24.4,0.0
6573404372,,,,
6573404373,DP0033,55.0,43.9,0.0
6573404374,DP0041,55.0,75.2,1.0
6573404375,DP0041,55.0,74.1,1.0
6573404376,DP0006,55.0,71.7,1.0
6573404377,DP0010,55.0,68.0,1.0
6573404378,DP0041,55.0,31.9,0.0
6573404379,DP0038,55.0,31.6,0.0
6573404380,DP0010,40.0,22.8,0.0
6573404381,DP0041,40.0,21.6,0.0
6573404382,DP0041,40.0,22.6,0.0
6573404383,DP0041,40.0,26.4,0.0
6573404384,DP0041,40.0,20.8,0.0
6573404385,DP0033,40.0,23.7,0.0
6573404386,DP0005,40.0,31.2,0.0
6573404387,DP0006,40.0,42.7,1.0
6573404388,DP0016,40.0,45.2,1.0
6573404389,DP0041,40.0,44.7,1.0
6573404390,DP0005,40.0,44.9,1.0
6573404391,DP0019,40.0,41.4,1.0
6573404392,DP0008,40.0,40.7,1.0
6573404393,DP0043,60.0,41.1,0.0
6573404394,DP0038,45.0,39.2,0.0
6573404395,DP0041,40.0,19.2,0.0
6573404396,DP0041,55.0,35.2,0.0
6573404397,DP0020,55.0,41.4,0.0
6573404398,DP0041,55.0,38.0,0.0
6573404399,DP0049,55.0,39.3,0.0
6573404400,DP0038,55.0,33.7,0.0
6573404401,DP0039,55.0,33.4,0.0
6573404402,DP0039,40.0,38.8,0.0
6573404403,DP0041,60.0,37.4,0.0
6573404404,DP0041,60.0,31.4,0.0
6573404405,DP0019,60.0,40.3,0.0
6573404406,DP0041,60.0,35.1,0.0
6573404407,DP0041,60.0,36.5,0.0
6573404408,DP0007,60.0,39.8,0.0
6573404409,DP0041,55.0,31.1,0.0
6573404410,DP0019,40.0,39.7,0.0
6573404411,DP0048,50.0,52.3,1.0
6573404412,DP0043,40.0,26.9,0.0
6573404413,DP0041,40.0,28.0,0.0
6573404414,DP0041,50.0,43.4,0.0
6573404415,DP0021,55.0,42.2,0.0
6573404416,DP0019,60.0,52.2,0.0
6573404417,DP0005,50.0,51.4,1.0
6573404418,DP0041,50.0,30.5,0.0
6573404419,DP0008,50.0,33.6,0.0
6573404420,DP0034,55.0,38.0,0.0
6573404421,DP0041,50.0,41.3,0.0
6573404422,DP0041,50.0,45.2,0.0
6573404423,DP0041,60.0,50.4,0.0
6573404424,DP0008,60.0,43.3,0.0
6573404425,DP0008,50.0,20.2,0.0
6573404426,DP0041,50.0,42.8,0.0
6573404427,DP0043,45.0,46.2,1.0
6573404428,DP0007,50.0,24.5,0.0
6573404429,DP0041,50.0,25.1,0.0
6573404430,DP0041,50.0,24.5,0.0
6573404431,DP0037,50.0,25.3,0.0
6573404432,DP0005,50.0,25.0,0.0
6573404433,DP0032,50.0,26.4,0.0
6573404434,DP0041,60.0,52.7,0.0
6573404435,DP0007,40.0,27.4,0.0
6573404436,DP0006,45.0,37.8,0.0
6573404437,DP0041,50.0,31.8,0.0
6573404438,DP0035,50.0,35.6,0.0
6573404439,DP0027,65.0,38.1,0.0
6573404440,DP0041,40.0,31.7,0.0
6573404441,DP0026,55.0,39.5,0.0
6573404442,DP0038,55.0,38.8,0.0
6573404443,DP0019,40.0,48.7,1.0
6573404444,DP0041,45.0,24.0,0.0
6573404445,DP0018,45.0,24.6,0.0
6573404446,DP0003,55.0,32.0,0.0
6573404447,DP0041,45.0,25.9,0.0
6573404448,DP0038,55.0,35.6,0.0
6573404449,DP0005,60.0,36.7,0.0
6573404450,DP0041,40.0,26.9,0.0
6573404451,DP0005,55.0,40.2,0.0
6573404452,DP0041,55.0,47.7,0.0
6573404453,DP0006,70.0,60.0,0.0
6573404454,DP0043,45.0,27.3,0.0
6573404455,DP0041,45.0,26.5,0.0
6573404456,DP0008,50.0,33.9,0.0
6573404457,DP0005,50.0,39.6,0.0
6573404458,DP0041,50.0,43.8,0.0
6573404459,DP0042,50.0,49.1,0.0
6573404460,DP0021,50.0,47.7,0.0
6573404461,DP0041,50.0,33.9,0.0
6573404462,DP0014,65.0,44.0,0.0
6573404463,DP0001,50.0,35.0,0.0
6573404464,DP0043,50.0,79.9,1.0
6573404465,DP0006,40.0,41.1,1.0
6573404466,DP0039,55.0,38.7,0.0
6573404467,DP0032,40.0,33.8,0.0
6573404468,DP0005,40.0,42.8,1.0
6573404469,DP0041,40.0,37.3,0.0
6573404470,DP0016,40.0,43.3,1.0
6573404471,DP0041,50.0,29.8,0.0
6573404472,DP0015,55.0,42.0,0.0
6573404473,DP0041,60.0,55.1,0.0
6573404474,DP0003,50.0,30.4,0.0
6573404475,DP0043,50.0,29.9,0.0
6573404476,DP0005,50.0,50.1,1.0
6573404477,DP0043,45.0,23.7,0.0
6573404478,DP0043,50.0,34.4,0.0
6573404479,DP0039,55.0,35.9,0.0
6573404480,DP0041,55.0,34.4,0.0
6573404481,DP0006,55.0,35.4,0.0
6573404482,DP0029,55.0,40.5,0.0
6573404483,DP0041,55.0,43.0,0.0
6573404484,DP0048,55.0,46.2,0.0
6573404485,DP0023,55.0,42.4,0.0
6573404486,DP0041,40.0,23.3,0.0
6573404487,DP0049,45.0,41.4,0.0
6573404488,DP0015,45.0,40.5,0.0
6573404489,DP0041,55.0,51.0,0.0
6573404490,DP0034,50.0,41.8,0.0
6573404491,DP0041,50.0,39.3,0.0
6573404492,DP0008,50.0,45.3,0.0
6573404493,DP0005,50.0,43.4,0.0
6573404494,DP0041,50.0,43.1,0.0
6573404495,DP0001,50.0,42.5,0.0
6573404496,DP0010,45.0,52.5,1.0
6573404497,DP0021,75.0,42.9,0.0
6573404498,DP0015,40.0,20.7,0.0
6573404499,DP0006,40.0,24.7,0.0
6573404500,DP0041,40.0,21.7,0.0
6573404501,DP0005,40.0,23.4,0.0
6573404502,DP0005,40.0,28.2,0.0
6573404503,DP0043,40.0,23.8,0.0
6573404504,DP0019,45.0,41.6,0.0
6573404505,DP0041,45.0,43.8,0.0
6573404506,DP0041,45.0,42.9,0.0
6573404507,DP0008,45.0,43.3,0.0
6573404508,DP0010,55.0,37.9,0.0
6573404509,DP0041,45.0,32.7,0.0
6573404510,DP0041,50.0,40.5,0.0
6573404511,DP0028,50.0,49.6,0.0
6573404512,DP0041,45.0,51.8,1.0
6573404513,DP0041,55.0,47.9,0.0
6573404514,DP0005,40.0,17.2,0.0
6573404515,DP0041,50.0,33.1,0.0
6573404516,DP0019,45.0,26.7,0.0
6573404517,DP0032,45.0,27.6,0.0
6573404518,DP0041,45.0,29.1,0.0
6573404519,DP0041,45.0,28.2,0.0
6573404520,DP0048,45.0,41.1,0.0
6573404521,DP0018,45.0,24.6,0.0
6573404522,DP0027,50.0,30.9,0.0
6573404523,DP0041,45.0,41.8,0.0
6573404524,DP0041,45.0,24.9,0.0
6573404525,DP0041,45.0,23.7,0.0
6573404526,DP0041,75.0,55.7,0.0
6573404527,DP0049,50.0,33.3,0.0
6573404528,DP0041,45.0,32.2,0.0
6573404529,DP0041,40.0,24.4,0.0
6573404530,DP0013,55.0,26.4,0.0
6573404531,DP0041,50.0,37.4,0.0
6573404532,DP0041,50.0,37.0,0.0
6573404533,DP0041,55.0,43.7,0.0
6573404534,DP0041,55.0,40.2,0.0
6573404535,DP0043,55.0,40.5,0.0
6573404536,DP0015,55.0,41.2,0.0
6573404537,DP0041,55.0,36.3,0.0
6573404538,DP0041,55.0,38.5,0.0
6573404539,DP0027,60.0,41.8,0.0
6573404540,DP0041,60.0,40.1,0.0
6573404541,DP0009,60.0,45.5,0.0
6573404542,DP0041,60.0,45.8,0.0
6573404543,DP0041,60.0,45.3,0.0
6573404544,DP0043,60.0,43.7,0.0
6573404545,DP0041,65.0,46.6,0.0
6573404546,DP0041,45.0,24.6,0.0
6573404547,DP0041,45.0,29.9,0.0
6573404548,DP0043,65.0,45.3,0.0
6573404549,DP0043,40.0,19.3,0.0
6573404550,DP0041,65.0,59.5,0.0
6573404551,DP0005,45.0,39.2,0.0
6573404552,DP0043,55.0,49.5,0.0
6573404553,DP0029,40.0,39.2,0.0
6573404554,DP0041,55.0,42.5,0.0
6573404555,DP0041,45.0,35.0,0.0
6573404556,DP0028,40.0,23.1,0.0
6573404557,DP0043,40.0,27.0,0.0
6573404558,DP0041,50.0,36.9,0.0
6573404559,DP0043,50.0,25.8,0.0
6573404560,DP0041,50.0,26.3,0.0
6573404561,DP0043,50.0,23.3,0.0
6573404562,DP0041,50.0,25.0,0.0
6573404563,DP0022,50.0,24.1,0.0
6573404564,DP0041,50.0,23.0,0.0
6573404565,DP0033,65.0,48.3,0.0
6573404566,DP0040,40.0,21.1,0.0
6573404567,DP0048,55.0,42.0,0.0
6573404568,DP0019,50.0,38.7,0.0
6573404569,DP0041,50.0,31.1,0.0
6573404570,DP0006,50.0,33.6,0.0
6573404571,DP0041,50.0,36.8,0.0
6573404572,DP0041,50.0,35.4,0.0
6573404573,DP0028,50.0,31.8,0.0
6573404574,DP0006,40.0,35.5,0.0
6573404575,DP0039,45.0,46.3,1.0
6573404576,DP0041,45.0,44.9,0.0
6573404577,DP0041,45.0,44.9,0.0
6573404578,DP0043,45.0,44.4,0.0
6573404579,DP0041,45.0,44.8,0.0
6573404580,DP0005,45.0,42.8,0.0
6573404581,DP0028,45.0,18.1,0.0
6573404582,DP0019,50.0,33.7,0.0
6573404583,DP0011,50.0,28.8,0.0
6573404584,DP0043,55.0,30.6,0.0
6573404585,DP0041,45.0,34.2,0.0
6573404586,DP0041,45.0,35.7,0.0
6573404587,DP0043,45.0,29.1,0.0
6573404588,DP0041,45.0,32.9,0.0
6573404589,DP0005,45.0,32.7,0.0
6573404590,DP0041,45.0,36.5,0.0
6573404591,DP0040,55.0,40.9,0.0
6573404592,DP0039,55.0,36.3,0.0
6573404593,DP0024,45.0,28.4,0.0
6573404594,DP0015,55.0,46.2,0.0
6573404595,DP0048,55.0,66.5,1.0
6573404596,DP0031,55.0,46.3,0.0
6573404597,DP0043,55.0,46.8,0.0
6573404598,DP0036,55.0,45.2,0.0
6573404599,DP0041,55.0,46.3,0.0
6573404600,DP0041,40.0,36.3,0.0
6573404601,DP0043,55.0,64.2,1.0
6573404602,DP0004,55.0,79.7,1.0
6573404603,DP0006,55.0,63.1,1.0
6573404604,DP0005,60.0,42.3,0.0
6573404605,DP0041,55.0,46.2,0.0
6573404606,DP0014,45.0,35.4,0.0
6573404607,DP0050,50.0,35.4,0.0
6573404608,DP0047,50.0,34.8,0.0
6573404609,DP0041,45.0,16.1,0.0
6573404610,DP0041,45.0,17.4,0.0
6573404611,DP0041,45.0,18.2,0.0
6573404612,DP0023,45.0,15.5,0.0
6573404613,DP0030,45.0,14.4,0.0
6573404614,DP0041,45.0,17.6,0.0
6573404615,DP0048,90.0,80.4,0.0
6573404616,DP0005,60.0,40.8,0.0
6573404617,DP0008,40.0,37.7,0.0
6573404618,DP0041,60.0,34.0,0.0
6573404619,DP0041,45.0,34.4,0.0
6573404620,DP0041,50.0,45.8,0.0
6573404621,DP0015,50.0,41.3,0.0
6573404622,DP0043,50.0,46.3,0.0
6573404623,DP0028,50.0,39.3,0.0
6573404624,DP0043,50.0,39.2,0.0
6573404625,DP0041,50.0,35.9,0.0
6573404626,DP0041,50.0,35.1,0.0
6573404627,DP0026,40.0,22.6,0.0
6573404628,DP0005,45.0,22.0,0.0
6573404629,DP0041,65.0,50.6,0.0
6573404630,DP0019,65.0,56.2,0.0
6573404631,DP0041,65.0,51.7,0.0
6573404632,DP0041,65.0,55.6,0.0
6573404633,DP0041,65.0,54.9,0.0
6573404634,DP0019,65.0,54.7,0.0
6573404635,DP0005,50.0,38.0,0.0
6573404636,DP0041,75.0,82.0,1.0
6573404637,DP0028,40.0,26.9,0.0
6573404638,DP0041,50.0,25.7,0.0
6573404639,DP0005,50.0,26.3,0.0
6573404640,DP0009,50.0,28.7,0.0
6573404641,DP0041,50.0,24.9,0.0
6573404642,DP0041,50.0,29.6,0.0
6573404643,DP0041,50.0,28.9,0.0
6573404644,DP0048,50.0,38.3,0.0
6573404645,DP0041,50.0,26.7,0.0
6573404646,DP0041,50.0,23.7,0.0
6573404647,DP0041,50.0,28.1,0.0
6573404648,DP0005,45.0,45.5,1.0
6573404649,DP0043,45.0,36.5,0.0
6573404650,DP0041,45.0,34.2,0.0
6573404651,DP0033,45.0,34.7,0.0
6573404652,DP0038,45.0,32.6,0.0
6573404653,DP0041,45.0,33.7,0.0
6573404654,DP0005,45.0,36.2,0.0
6573404655,DP0041,50.0,35.6,0.0
6573404656,DP0029,50.0,35.8,0.0
6573404657,DP0041,50.0,35.9,0.0
6573404658,DP0043,50.0,39.7,0.0
6573404659,DP0033,50.0,35.0,0.0
6573404660,DP0028,50.0,38.7,0.0
6573404661,DP0028,55.0,26.9,0.0
6573404662,DP0041,55.0,44.1,0.0
6573404663,DP0041,55.0,41.6,0.0
6573404664,DP0020,40.0,25.9,0.0
6573404665,DP0023,55.0,38.5,0.0
6573404666,DP0019,50.0,32.7,0.0
6573404667,DP0041,55.0,53.6,0.0
6573404668,DP0026,55.0,53.9,0.0
6573404669,DP0041,55.0,56.4,1.0
6573404670,DP0025,55.0,53.9,0.0
6573404671,DP0041,55.0,52.5,0.0
6573404672,DP0019,55.0,52.6,0.0
6573404673,DP0012,45.0,35.2,0.0
6573404674,DP0046,40.0,49.5,1.0
6573404675,DP0050,50.0,46.4,0.0
6573404676,DP0041,50.0,37.3,0.0
6573404677,DP0002,45.0,25.9,0.0
6573404678,DP0031,55.0,32.4,0.0
6573404679,DP0043,45.0,35.8,0.0
6573404680,DP0041,65.0,45.6,0.0
6573404681,DP0041,55.0,40.4,0.0
6573404682,DP0041,55.0,51.7,0.0
6573404683,DP0041,50.0,31.3,0.0
6573404684,DP0041,50.0,32.6,0.0
6573404685,DP0003,50.0,36.4,0.0
6573404686,DP0041,50.0,34.9,0.0
6573404687,DP0019,50.0,35.1,0.0
6573404688,DP0034,50.0,35.8,0.0
6573404689,DP0008,40.0,29.9,0.0
6573404690,DP0039,40.0,29.1,0.0
6573404691,DP0030,40.0,31.0,0.0
6573404692,DP0041,55.0,41.5,0.0
6573404693,DP0006,50.0,31.4,0.0
6573404694,DP0047,50.0,49.2,0.0
6573404695,DP0007,45.0,41.0,0.0
6573404696,DP0041,50.0,47.3,0.0
6573404697,DP0041,50.0,27.4,0.0
6573404698,DP0041,60.0,43.3,0.0
6573404699,DP0005,55.0,35.7,0.0
6573404700,DP0041,55.0,33.2,0.0
6573404701,DP0041,55.0,31.1,0.0
6573404702,DP0026,55.0,29.1,0.0
6573404703,DP0015,55.0,33.7,0.0
6573404704,DP0043,55.0,33.3,0.0
6573404705,DP0047,70.0,50.8,0.0
6573404706,DP0026,70.0,54.3,0.0
6573404707,DP0041,70.0,49.7,0.0
6573404708,DP0015,50.0,45.9,0.0
6573404709,DP0006,50.0,26.7,0.0
6573404710,DP0041,80.0,69.5,0.0
6573404711,DP0005,50.0,39.4,0.0
6573404712,DP0041,70.0,55.4,0.0
6573404713,DP0048,50.0,55.1,1.0
6573404714,DP0028,50.0,33.0,0.0
6573404715,DP0043,50.0,30.0,0.0
6573404716,DP0013,50.0,36.8,0.0
6573404717,DP0048,50.0,52.0,1.0
6573404718,DP0008,45.0,25.1,0.0
6573404719,DP0041,60.0,47.8,0.0
6573404720,DP0002,40.0,27.5,0.0
6573404721,DP0015,60.0,32.3,0.0
6573404722,DP0035,40.0,19.4,0.0
6573404723,DP0041,45.0,31.4,0.0
6573404724,DP0041,45.0,35.0,0.0
6573404725,DP0041,60.0,43.8,0.0
6573404726,DP0016,50.0,26.4,0.0
6573404727,DP0041,60.0,58.7,0.0
6573404728,DP0008,50.0,42.2,0.0
6573404729,DP0008,75.0,46.3,0.0
6573404730,DP0041,75.0,48.1,0.0
6573404731,DP0041,75.0,45.3,0.0
6573404732,DP0043,60.0,43.1,0.0
6573404733,DP0041,55.0,37.2,0.0
6573404734,DP0041,45.0,30.9,0.0
6573404735,DP0007,40.0,23.9,0.0
6573404736,DP0041,40.0,29.9,0.0
6573404737,DP0041,40.0,24.9,0.0
6573404738,DP0041,40.0,22.9,0.0
6573404739,DP0041,40.0,28.9,0.0
6573404740,DP0005,40.0,28.5,0.0
6573404741,DP0041,50.0,46.0,0.0
6573404742,DP0022,45.0,23.8,0.0
6573404743,DP0043,65.0,42.1,0.0
6573404744,DP0007,50.0,35.4,0.0
6573404745,DP0041,50.0,45.7,0.0
6573404746,DP0041,50.0,46.0,0.0
6573404747,DP0017,55.0,33.6,0.0
6573404748,DP0043,50.0,26.2,0.0
6573404749,DP0005,40.0,20.2,0.0
6573404750,DP0041,50.0,30.2,0.0
6573404751,DP0036,75.0,58.9,0.0
6573404752,DP0041,60.0,62.7,1.0
6573404753,DP0041,55.0,37.2,0.0
6573404754,DP0041,50.0,79.8,1.0
6573404755,DP0041,80.0,60.7,0.0
6573404756,DP0005,75.0,45.3,0.0
6573404757,DP0041,45.0,37.4,0.0
6573404758,DP0047,55.0,36.1,0.0
6573404759,DP0043,55.0,36.9,0.0
6573404760,DP0043,55.0,42.6,0.0
6573404761,DP0041,55.0,42.4,0.0
6573404762,DP0041,55.0,40.2,0.0
6573404763,DP0019,50.0,31.3,0.0
6573404764,DP0044,55.0,31.4,0.0
6573404765,DP0043,50.0,48.1,0.0
6573404766,DP0041,50.0,50.2,1.0
6573404767,DP0010,50.0,47.7,0.0
6573404768,DP0041,50.0,47.2,0.0
6573404769,DP0041,50.0,46.5,0.0
6573404770,DP0050,45.0,47.8,1.0
6573404771,DP0048,50.0,45.8,0.0
6573404772,DP0041,55.0,65.6,1.0
6573404773,DP0041,45.0,30.8,0.0
6573404774,DP0028,45.0,27.1,0.0
6573404775,DP0041,45.0,30.4,0.0
6573404776,DP0032,45.0,28.1,0.0
6573404777,DP0035,45.0,29.8,0.0
6573404778,DP0039,45.0,27.3,0.0
6573404779,DP0050,45.0,55.8,1.0
6573404780,DP0009,45.0,34.3,0.0
6573404781,DP0014,45.0,31.0,0.0
6573404782,DP0041,45.0,39.4,0.0
6573404783,DP0043,45.0,29.5,0.0
6573404784,DP0043,55.0,34.6,0.0
6573404785,DP0012,55.0,29.4,0.0
6573404786,DP0001,55.0,33.7,0.0
6573404787,DP0002,40.0,29.7,0.0
6573404788,DP0048,40.0,42.4,1.0
6573404789,DP0041,45.0,34.2,0.0
6573404790,DP0019,45.0,29.0,0.0
6573404791,DP0040,45.0,27.0,0.0
6573404792,DP0042,45.0,28.5,0.0
6573404793,DP0005,70.0,61.1,0.0
6573404794,DP0041,40.0,27.2,0.0
6573404795,DP0015,55.0,38.1,0.0
6573404796,DP0041,40.0,22.3,0.0
6573404797,DP0021,50.0,51.5,1.0
6573404798,DP0040,50.0,45.5,0.0
6573404799,DP0028,50.0,46.3,0.0
6573404800,DP0019,50.0,49.1,0.0
6573404801,DP0040,50.0,30.1,0.0
6573404802,DP0041,40.0,29.2,0.0
6573404803,DP0039,55.0,40.1,0.0
6573404804,DP0014,55.0,35.6,0.0
6573404805,DP0041,55.0,35.6,0.0
6573404806,DP0005,55.0,42.8,0.0
6573404807,DP0041,50.0,45.7,0.0
6573404808,DP0019,55.0,39.9,0.0
6573404809,DP0041,55.0,39.7,0.0
6573404810,DP0041,55.0,39.5,0.0
6573404811,DP0007,55.0,40.7,0.0
6573404812,DP0041,55.0,39.7,0.0
6573404813,DP0005,40.0,24.3,0.0
6573404814,DP0041,55.0,28.6,0.0
6573404815,DP0041,50.0,30.1,0.0
6573404816,DP0010,60.0,37.3,0.0
6573404817,DP0041,40.0,35.9,0.0
6573404818,DP0019,40.0,24.9,0.0
6573404819,DP0041,40.0,23.9,0.0
6573404820,DP0021,45.0,32.7,0.0
6573404821,DP0043,45.0,35.3,0.0
6573404822,DP0050,45.0,53.1,1.0
6573404823,DP0041,95.0,70.3,0.0
6573404824,DP0019,95.0,72.4,0.0
6573404825,DP0041,95.0,70.3,0.0
6573404826,DP0043,95.0,74.4,0.0
6573404827,DP0030,95.0,68.5,0.0
6573404828,DP0043,95.0,70.8,0.0
6573404829,DP0005,40.0,36.1,0.0
6573404830,DP0048,55.0,60.1,1.0
6573404831,DP0041,50.0,28.4,0.0
6573404832,DP0028,50.0,34.8,0.0
6573404833,DP0040,50.0,35.7,0.0
6573404834,DP0024,50.0,34.1,0.0
6573404835,DP0043,50.0,36.9,0.0
6573404836,DP0041,50.0,36.0,0.0
6573404837,DP0041,50.0,35.9,0.0
6573404838,DP0038,50.0,41.1,0.0
6573404839,DP0043,65.0,45.9,0.0
6573404840,DP0014,50.0,37.3,0.0
6573404841,DP0041,40.0,24.1,0.0
6573404842,DP0005,55.0,37.2,0.0
6573404843,DP0041,50.0,27.2,0.0
6573404844,DP0041,40.0,27.5,0.0
6573404845,DP0043,45.0,31.2,0.0
6573404846,DP0008,45.0,29.7,0.0
6573404847,DP0043,45.0,52.2,1.0
6573404848,DP0041,50.0,26.2,0.0
6573404849,DP0041,50.0,51.1,1.0
6573404850,DP0041,90.0,61.8,0.0
6573404851,DP0041,55.0,42.5,0.0
6573404852,DP0049,40.0,18.9,0.0
6573404853,DP0046,55.0,57.5,1.0
6573404854,DP0043,50.0,25.6,0.0
6573404855,DP0041,40.0,30.7,0.0
6573404856,DP0041,45.0,37.2,0.0
6573404857,DP0041,55.0,46.7,0.0
6573404858,DP0044,40.0,25.4,0.0
6573404859,DP0023,75.0,58.2,0.0
6573404860,DP0041,75.0,53.1,0.0
6573404861,DP0041,75.0,56.1,0.0
6573404862,DP0041,75.0,54.5,0.0
6573404863,DP0008,75.0,56.6,0.0
6573404864,DP0041,75.0,60.0,0.0
6573404865,DP0041,45.0,30.7,0.0
6573404866,DP0041,40.0,27.8,0.0
6573404867,DP0043,45.0,31.7,0.0
6573404868,DP0019,70.0,49.8,0.0
6573404869,DP0005,55.0,43.9,0.0
6573404870,DP0043,45.0,50.8,1.0
6573404871,DP0041,60.0,88.4,1.0
6573404872,DP0015,40.0,29.8,0.0
6573404873,DP0041,40.0,30.6,0.0
6573404874,DP0039,40.0,29.4,0.0
6573404875,DP0041,40.0,32.7,0.0
6573404876,DP0043,40.0,28.7,0.0
6573404877,DP0041,40.0,30.8,0.0
6573404878,DP0041,50.0,32.4,0.0
6573404879,DP0041,50.0,34.4,0.0
6573404880,DP0041,40.0,18.4,0.0
6573404881,DP0050,45.0,47.6,1.0
6573404882,DP0041,45.0,31.2,0.0
6573404883,DP0041,65.0,47.5,0.0
6573404884,DP0015,65.0,46.0,0.0
6573404885,DP0043,65.0,43.1,0.0
6573404886,DP0017,65.0,40.5,0.0
6573404887,,,,
6573404888,,,,
6573404889,DP0041,60.0,53.6,0.0
6573404890,DP0043,55.0,30.8,0.0
6573404891,DP0041,40.0,23.8,0.0
6573404892,DP0023,40.0,15.9,0.0
6573404893,DP0005,60.0,47.0,0.0
6573404894,DP0041,50.0,27.8,0.0
6573404895,DP0030,85.0,61.4,0.0
6573404896,DP0019,40.0,24.2,0.0
6573404897,DP0043,40.0,28.1,0.0
6573404898,DP0041,40.0,25.6,0.0
6573404899,DP0019,40.0,28.4,0.0
6573404900,DP0045,40.0,25.0,0.0
6573404901,DP0041,40.0,21.2,0.0
6573404902,DP0041,40.0,21.8,0.0
6573404903,DP0010,65.0,62.7,0.0
6573404904,DP0041,55.0,36.2,0.0
6573404905,DP0005,50.0,29.2,0.0
6573404906,DP0029,65.0,45.0,0.0
6573404907,DP0041,55.0,33.0,0.0
6573404908,DP0028,50.0,42.0,0.0
6573404909,DP0002,90.0,57.7,0.0
6573404910,DP0041,90.0,59.0,0.0
6573404911,DP0026,90.0,58.9,0.0
6573404912,DP0046,90.0,72.2,0.0
6573404913,DP0021,90.0,57.5,0.0
6573404914,DP0043,90.0,59.5,0.0
6573404915,,,,
6573404916,DP0015,65.0,52.8,0.0
6573404917,DP0041,65.0,49.7,0.0
6573404918,DP0005,65.0,54.8,0.0
6573404919,DP0024,65.0,50.3,0.0
6573404920,DP0039,65.0,54.5,0.0
6573404921,DP0043,65.0,53.9,0.0
6573404922,DP0041,65.0,56.0,0.0
6573404923,DP0041,40.0,27.3,0.0
6573404924,DP0036,40.0,25.2,0.0
6573404925,DP0041,40.0,24.7,0.0
6573404926,DP0041,55.0,47.2,0.0
6573404927,DP0008,55.0,51.0,0.0
6573404928,DP0044,55.0,47.2,0.0
6573404929,DP0028,55.0,48.5,0.0
6573404930,DP0041,55.0,48.4,0.0
6573404931,DP0043,55.0,50.2,0.0
6573404932,DP0030,50.0,31.4,0.0
6573404933,DP0019,75.0,53.1,0.0
6573404934,DP0049,45.0,18.1,0.0
6573404935,DP0009,45.0,23.0,0.0
6573404936,DP0045,45.0,22.8,0.0
6573404937,DP0018,45.0,22.4,0.0
6573404938,DP0038,45.0,18.1,0.0
6573404939,DP0041,55.0,39.0,0.0
6573404940,DP0041,50.0,31.0,0.0
6573404941,DP0041,50.0,23.3,0.0
6573404942,DP0041,50.0,52.9,1.0
6573404943,DP0041,55.0,36.0,0.0
6573404944,DP0048,65.0,59.7,0.0
6573404945,DP0041,50.0,34.9,0.0
6573404946,DP0005,55.0,41.9,0.0
6573404947,DP0041,55.0,43.1,0.0
6573404948,DP0041,40.0,37.4,0.0
6573404949,DP0007,40.0,35.2,0.0
6573404950,DP0041,55.0,47.6,0.0
6573404951,DP0050,55.0,53.1,0.0
6573404952,DP0041,55.0,50.8,0.0
6573404953,DP0005,55.0,50.2,0.0
6573404954,DP0041,55.0,47.7,0.0
6573404955,DP0016,40.0,37.0,0.0
6573404956,DP0041,65.0,44.8,0.0
6573404957,DP0015,55.0,52.8,0.0
6573404958,DP0041,60.0,35.5,0.0
6573404959,DP0019,45.0,36.5,0.0
6573404960,DP0019,40.0,29.6,0.0
6573404961,DP0008,55.0,39.6,0.0
6573404962,DP0041,45.0,34.9,0.0
6573404963,DP0020,50.0,49.7,0.0
6573404964,DP0041,40.0,23.5,0.0
6573404965,DP0041,40.0,26.9,0.0
6573404966,DP0044,45.0,37.8,0.0
6573404967,DP0041,45.0,29.2,0.0
6573404968,DP0041,45.0,25.7,0.0
6573404969,DP0041,45.0,28.3,0.0
6573404970,DP0015,45.0,28.8,0.0
6573404971,DP0019,50.0,54.1,1.0
6573404972,DP0026,40.0,35.5,0.0
6573404973,DP0043,40.0,34.6,0.0
6573404974,DP0043,40.0,23.1,0.0
6573404975,DP0036,55.0,47.9,0.0
6573404976,DP0043,55.0,36.3,0.0
6573404977,DP0014,55.0,29.0,0.0
6573404978,DP0048,40.0,38.1,0.0
6573404979,DP0030,50.0,18.9,0.0
6573404980,DP0043,40.0,33.4,0.0
6573404981,DP0026,50.0,31.9,0.0
6573404982,DP0010,50.0,27.1,0.0
6573404983,DP0043,50.0,29.2,0.0
6573404984,DP0041,50.0,28.1,0.0
6573404985,DP0005,50.0,28.9,0.0
6573404986,DP0005,50.0,29.2,0.0
6573404987,DP0041,40.0,39.6,0.0
6573404988,DP0041,50.0,42.1,0.0
6573404989,DP0041,55.0,36.7,0.0
6573404990,DP0041,45.0,39.6,0.0
6573404991,DP0008,45.0,42.8,0.0
6573404992,DP0026,45.0,40.3,0.0
6573404993,DP0041,45.0,40.6,0.0
6573404994,DP0017,45.0,36.6,0.0
6573404995,DP0048,45.0,48.4,1.0
6573404996,DP0041,55.0,40.3,0.0
6573404997,DP0033,90.0,83.7,0.0
6573404998,DP0005,55.0,27.8,0.0
6573404999,DP0043,60.0,41.1,0.0
6573405000,DP0041,65.0,45.2,0.0
6573405001,DP0041,65.0,49.8,0.0
6573405002,DP0030,65.0,50.9,0.0
6573405003,DP0008,55.0,34.8,0.0
6573405004,DP0012,50.0,36.0,0.0
6573405005,DP0047,60.0,43.9,0.0
6573405006,DP0046,40.0,38.7,0.0
6573405007,DP0043,45.0,43.9,0.0
6573405008,DP0010,40.0,27.2,0.0
6573405009,DP0019,50.0,63.5,1.0
6573405010,DP0041,60.0,40.3,0.0
6573405011,DP0005,50.0,33.0,0.0
6573405012,DP0041,45.0,36.7,0.0
6573405013,DP0043,45.0,47.7,1.0
6573405014,DP0041,50.0,28.9,0.0
6573405015,DP0041,65.0,38.4,0.0
6573405016,DP0005,65.0,39.9,0.0
6573405017,DP0029,65.0,46.0,0.0
6573405018,DP0035,65.0,46.1,0.0
6573405019,DP0028,55.0,36.2,0.0
6573405020,DP0029,55.0,30.7,0.0
6573405021,DP0027,55.0,30.7,0.0
6573405022,DP0008,55.0,35.7,0.0
6573405023,DP0002,55.0,46.9,0.0
6573405024,DP0041,50.0,25.3,0.0
6573405025,DP0015,50.0,28.5,0.0
6573405026,DP0048,55.0,62.8,1.0
6573405027,DP0041,55.0,41.5,0.0
6573405028,DP0047,40.0,57.7,1.0
6573405029,DP0002,60.0,39.4,0.0
6573405030,DP0019,60.0,43.6,0.0
6573405031,DP0005,50.0,31.6,0.0
6573405032,DP0041,65.0,40.8,0.0
6573405033,DP0041,65.0,37.3,0.0
6573405034,DP0041,50.0,43.2,0.0
6573405035,DP0008,40.0,16.4,0.0
6573405036,DP0008,40.0,18.8,0.0
6573405037,DP0041,40.0,18.9,0.0
6573405038,DP0041,50.0,21.1,0.0
6573405039,DP0008,40.0,20.2,0.0
6573405040,DP0028,50.0,53.9,1.0
6573405041,DP0036,60.0,36.7,0.0
6573405042,DP0041,60.0,39.1,0.0
6573405043,DP0041,60.0,37.7,0.0
6573405044,DP0041,60.0,40.2,0.0
6573405045,DP0022,60.0,38.9,0.0
6573405046,DP0035,60.0,37.3,0.0
6573405047,DP0028,50.0,33.2,0.0
6573405048,DP0041,50.0,28.6,0.0
6573405049,DP0043,50.0,44.0,0.0
6573405050,DP0041,55.0,47.8,0.0
6573405051,DP0023,75.0,61.5,0.0
6573405052,DP0027,55.0,35.2,0.0
6573405053,DP0043,60.0,39.9,0.0
6573405054,DP0019,65.0,47.1,0.0
6573405055,DP0041,50.0,21.5,0.0
6573405056,DP0041,55.0,32.7,0.0
6573405057,DP0012,45.0,26.3,0.0
6573405058,DP0043,45.0,29.5,0.0
6573405059,DP0005,45.0,28.3,0.0
6573405060,DP0034,45.0,29.6,0.0
6573405061,DP0010,65.0,46.9,0.0
6573405062,DP0021,45.0,27.5,0.0
6573405063,DP0041,40.0,29.0,0.0
6573405064,DP0033,55.0,59.6,1.0
6573405065,DP0041,45.0,43.1,0.0
6573405066,DP0008,50.0,25.8,0.0
6573405067,DP0023,45.0,51.1,1.0
6573405068,DP0041,55.0,21.0,0.0
6573405069,DP0005,55.0,29.7,0.0
6573405070,DP0041,55.0,22.6,0.0
6573405071,DP0041,45.0,30.7,0.0
6573405072,DP0003,50.0,24.2,0.0
6573405073,DP0005,65.0,41.6,0.0
6573405074,DP0047,55.0,53.8,0.0
6573405075,DP0041,50.0,32.4,0.0
6573405076,DP0041,50.0,33.4,0.0
6573405077,DP0033,60.0,32.6,0.0
6573405078,DP0005,40.0,30.0,0.0
6573405079,DP0002,45.0,29.0,0.0
6573405080,DP0023,65.0,55.0,0.0
6573405081,DP0005,45.0,32.2,0.0
6573405082,DP0005,40.0,20.4,0.0
6573405083,DP0041,50.0,24.7,0.0
6573405084,DP0023,45.0,22.8,0.0
6573405085,DP0041,50.0,33.2,0.0
6573405086,DP0008,45.0,23.9,0.0
6573405087,DP0041,50.0,26.4,0.0
6573405088,DP0043,50.0,32.8,0.0
6573405089,DP0041,60.0,39.7,0.0
6573405090,DP0043,90.0,63.8,0.0
6573405091,DP0018,40.0,19.3,0.0
6573405092,DP0027,40.0,21.3,0.0
6573405093,DP0009,40.0,19.1,0.0
6573405094,DP0041,40.0,19.4,0.0
6573405095,DP0028,40.0,20.8,0.0
6573405096,DP0019,40.0,22.9,0.0
6573405097,DP0041,45.0,56.1,1.0
6573405098,DP0034,45.0,26.6,0.0
6573405099,DP0019,40.0,21.1,0.0
6573405100,DP0046,55.0,48.2,0.0
6573405101,DP0040,60.0,58.7,0.0
6573405102,DP0041,40.0,41.9,1.0
6573405103,DP0043,45.0,33.7,0.0
6573405104,DP0041,50.0,36.0,0.0
6573405105,DP0015,55.0,34.3,0.0
6573405106,DP0002,65.0,50.9,0.0
6573405107,DP0041,50.0,23.9,0.0
6573405108,DP0041,50.0,67.1,1.0
6573405109,DP0041,50.0,29.0,0.0
6573405110,DP0043,50.0,39.1,0.0
6573405111,DP0041,50.0,44.3,0.0
6573405112,DP0041,50.0,42.5,0.0
6573405113,DP0007,50.0,40.3,0.0
6573405114,DP0041,50.0,41.5,0.0
6573405115,DP0021,50.0,40.0,0.0
6573405116,DP0043,70.0,37.5,0.0
6573405117,DP0015,55.0,36.6,0.0
6573405118,DP0041,55.0,42.4,0.0
6573405119,DP0041,40.0,34.4,0.0
6573405120,DP0004,40.0,50.0,1.0
6573405121,DP0008,40.0,33.2,0.0
6573405122,DP0027,40.0,42.1,1.0
6573405123,DP0039,40.0,34.4,0.0
6573405124,DP0041,40.0,36.1,0.0
6573405125,DP0041,55.0,33.2,0.0
6573405126,DP0019,50.0,17.6,0.0
6573405127,DP0003,55.0,35.6,0.0
6573405128,DP0009,65.0,39.8,0.0
6573405129,DP0043,50.0,26.4,0.0
6573405130,DP0041,55.0,53.9,0.0
6573405131,,,,
6573405132,DP0041,50.0,40.7,0.0
6573405133,DP0018,50.0,39.3,0.0
6573405134,DP0043,45.0,37.7,0.0
6573405135,DP0041,50.0,31.5,0.0
6573405136,DP0048,65.0,72.7,1.0
6573405137,DP0041,50.0,44.6,0.0
6573405138,DP0027,50.0,46.8,0.0
6573405139,DP0005,50.0,46.7,0.0
6573405140,DP0041,50.0,42.7,0.0
6573405141,DP0007,50.0,44.6,0.0
6573405142,DP0041,50.0,44.9,0.0
6573405143,DP0019,45.0,36.4,0.0
6573405144,DP0041,45.0,34.8,0.0
6573405145,DP0021,45.0,34.1,0.0
6573405146,DP0041,50.0,50.6,1.0
6573405147,DP0043,50.0,51.9,1.0
6573405148,DP0041,65.0,62.3,0.0
6573405149,DP0023,50.0,32.1,0.0
6573405150,DP0019,40.0,32.8,0.0
6573405151,DP0041,50.0,80.2,1.0
6573405152,DP0006,50.0,30.4,0.0
6573405153,DP0009,45.0,27.7,0.0
6573405154,DP0043,50.0,50.1,1.0
6573405155,DP0009,40.0,16.2,0.0
6573405156,DP0016,40.0,21.5,0.0
6573405157,DP0012,40.0,20.6,0.0
6573405158,DP0041,40.0,17.3,0.0
6573405159,DP0041,40.0,20.4,0.0
6573405160,DP0041,55.0,44.0,0.0
6573405161,DP0003,55.0,45.5,0.0
6573405162,DP0041,55.0,40.5,0.0
6573405163,DP0041,55.0,46.1,0.0
6573405164,DP0043,55.0,42.0,0.0
6573405165,DP0021,55.0,46.7,0.0
6573405166,DP0034,65.0,52.7,0.0
6573405167,DP0041,45.0,36.8,0.0
6573405168,DP0034,40.0,32.3,0.0
6573405169,DP0020,40.0,28.9,0.0
6573405170,DP0041,40.0,29.5,0.0
6573405171,DP0005,40.0,34.9,0.0
6573405172,DP0041,55.0,40.5,0.0
6573405173,DP0005,60.0,38.1,0.0
6573405174,DP0039,60.0,38.2,0.0
6573405175,DP0023,60.0,37.7,0.0
6573405176,DP0043,60.0,41.5,0.0
6573405177,DP0007,60.0,39.4,0.0
6573405178,DP0010,60.0,38.1,0.0
6573405179,DP0019,55.0,40.0,0.0
6573405180,DP0041,40.0,19.1,0.0
6573405181,DP0005,40.0,20.9,0.0
6573405182,DP0015,40.0,22.8,0.0
6573405183,DP0041,40.0,18.8,0.0
6573405184,DP0008,50.0,46.6,0.0
6573405185,DP0041,50.0,46.6,0.0
6573405186,DP0041,50.0,48.1,0.0
6573405187,DP0021,50.0,52.0,1.0
6573405188,DP0018,50.0,45.2,0.0
6573405189,DP0041,50.0,48.8,0.0
6573405190,DP0010,50.0,32.6,0.0
6573405191,DP0041,55.0,33.0,0.0
6573405192,DP0033,45.0,10.2,0.0
6573405193,DP0049,45.0,35.1,0.0
6573405194,DP0041,50.0,26.0,0.0
6573405195,DP0039,50.0,31.0,0.0
6573405196,DP0041,50.0,28.9,0.0
6573405197,DP0041,50.0,29.9,0.0
6573405198,DP0005,45.0,29.8,0.0
6573405199,DP0041,45.0,44.1,0.0
6573405200,DP0041,45.0,45.9,1.0
6573405201,DP0043,45.0,45.8,1.0
6573405202,DP0041,45.0,46.0,1.0
6573405203,DP0043,45.0,43.4,0.0
6573405204,DP0048,45.0,56.5,1.0
6573405205,DP0019,65.0,35.3,0.0
6573405206,DP0005,65.0,40.5,0.0
6573405207,DP0003,65.0,39.1,0.0
6573405208,DP0041,65.0,33.7,0.0
6573405209,DP0041,40.0,30.2,0.0
6573405210,DP0041,50.0,30.5,0.0
6573405211,DP0013,40.0,21.7,0.0
6573405212,DP0043,40.0,29.3,0.0
6573405213,DP0041,45.0,34.4,0.0
6573405214,DP0041,40.0,34.6,0.0
6573405215,DP0002,45.0,32.1,0.0
6573405216,DP0007,50.0,42.0,0.0
6573405217,DP0032,40.0,19.0,0.0
6573405218,DP0041,65.0,40.0,0.0
6573405219,DP0041,40.0,61.2,1.0
6573405220,DP0039,50.0,29.2,0.0
6573405221,DP0043,50.0,27.2,0.0
6573405222,DP0030,50.0,30.2,0.0
6573405223,DP0043,50.0,33.3,0.0
6573405224,DP0043,50.0,37.9,0.0
6573405225,DP0027,60.0,32.8,0.0
6573405226,DP0043,50.0,35.9,0.0
6573405227,DP0041,50.0,35.9,0.0
6573405228,DP0041,40.0,31.0,0.0
6573405229,DP0041,45.0,54.2,1.0
6573405230,DP0041,40.0,37.4,0.0
6573405231,DP0041,40.0,32.9,0.0
6573405232,DP0019,40.0,31.8,0.0
6573405233,DP0041,40.0,35.2,0.0
6573405234,DP0005,55.0,30.7,0.0
6573405235,DP0010,45.0,25.0,0.0
6573405236,DP0041,45.0,20.3,0.0
6573405237,DP0041,45.0,24.0,0.0
6573405238,DP0043,45.0,21.8,0.0
6573405239,DP0019,50.0,34.6,0.0
6573405240,DP0033,50.0,33.3,0.0
6573405241,DP0005,50.0,35.5,0.0
6573405242,DP0008,50.0,31.6,0.0
6573405243,DP0007,50.0,31.9,0.0
6573405244,DP0038,55.0,38.7,0.0
6573405245,DP0043,65.0,46.8,0.0
6573405246,DP0005,45.0,26.1,0.0
6573405247,DP0021,55.0,36.0,0.0
6573405248,DP0028,55.0,54.0,0.0
6573405249,DP0041,45.0,30.3,0.0
6573405250,DP0010,40.0,34.7,0.0
6573405251,DP0015,55.0,36.6,0.0
6573405252,DP0008,55.0,35.8,0.0
6573405253,DP0041,55.0,31.4,0.0
6573405254,DP0033,45.0,32.0,0.0
6573405255,DP0043,55.0,36.2,0.0
6573405256,DP0020,55.0,29.7,0.0
6573405257,DP0041,50.0,40.8,0.0
6573405258,DP0041,50.0,37.8,0.0
6573405259,DP0048,60.0,62.3,1.0
6573405260,DP0041,85.0,56.3,0.0
6573405261,DP0044,45.0,30.6,0.0
6573405262,DP0038,45.0,39.0,0.0
6573405263,DP0048,40.0,58.4,1.0
6573405264,DP0048,40.0,51.3,1.0
6573405265,DP0006,40.0,39.4,0.0
6573405266,DP0043,40.0,40.6,1.0
6573405267,DP0041,40.0,38.7,0.0
6573405268,DP0034,50.0,34.7,0.0
6573405269,DP0041,60.0,44.9,0.0
6573405270,DP0041,60.0,48.4,0.0
6573405271,DP0041,60.0,40.1,0.0
6573405272,DP0006,60.0,46.1,0.0
6573405273,DP0019,60.0,43.0,0.0
6573405274,DP0019,50.0,44.4,0.0
6573405275,DP0043,45.0,58.3,1.0
6573405276,DP0009,75.0,50.2,0.0
6573405277,DP0008,65.0,44.5,0.0
6573405278,DP0015,65.0,43.7,0.0
6573405279,DP0044,65.0,45.8,0.0
6573405280,DP0041,65.0,41.0,0.0
6573405281,DP0039,65.0,46.0,0.0
6573405282,DP0041,60.0,63.4,1.0
6573405283,DP0043,50.0,26.7,0.0
6573405284,DP0005,50.0,35.3,0.0
6573405285,DP0041,40.0,42.2,1.0
6573405286,DP0005,40.0,45.6,1.0
6573405287,DP0041,40.0,38.5,0.0
6573405288,DP0027,40.0,46.7,1.0
6573405289,DP0041,40.0,42.1,1.0
6573405290,DP0041,40.0,42.2,1.0
6573405291,DP0041,40.0,43.4,1.0
6573405292,DP0050,40.0,41.4,1.0
6573405293,DP0041,45.0,60.4,1.0
6573405294,DP0041,75.0,54.3,0.0
6573405295,DP0005,45.0,27.9,0.0
6573405296,DP0005,45.0,31.2,0.0
6573405297,DP0043,45.0,29.5,0.0
6573405298,DP0006,45.0,27.9,0.0
6573405299,DP0041,80.0,53.3,0.0
6573405300,DP0041,40.0,43.0,1.0
6573405301,DP0023,45.0,35.8,0.0
6573405302,DP0019,50.0,40.5,0.0
6573405303,DP0041,55.0,72.6,1.0
6573405304,DP0008,40.0,29.6,0.0
6573405305,DP0033,45.0,20.1,0.0
6573405306,DP0037,45.0,24.9,0.0
6573405307,DP0017,45.0,15.6,0.0
6573405308,DP0005,45.0,22.1,0.0
6573405309,DP0019,45.0,17.4,0.0
6573405310,DP0038,45.0,25.0,0.0
6573405311,DP0041,40.0,32.1,0.0
6573405312,DP0041,70.0,43.8,0.0
6573405313,DP0021,45.0,51.9,1.0
6573405314,DP0041,60.0,41.6,0.0
6573405315,DP0005,40.0,22.4,0.0
6573405316,DP0044,40.0,16.7,0.0
6573405317,DP0041,50.0,32.4,0.0
6573405318,DP0041,40.0,18.0,0.0
6573405319,DP0041,45.0,28.7,0.0
6573405320,DP0041,50.0,45.1,0.0
6573405321,DP0041,40.0,29.0,0.0
6573405322,DP0015,50.0,27.8,0.0
6573405323,DP0041,40.0,17.9,0.0
6573405324,DP0041,50.0,39.4,0.0
6573405325,DP0041,50.0,40.2,0.0
6573405326,DP0015,45.0,40.9,0.0
6573405327,DP0009,55.0,26.5,0.0
6573405328,DP0005,45.0,35.5,0.0
6573405329,,,,
6573405330,DP0041,60.0,38.5,0.0
6573405331,DP0038,55.0,40.3,0.0
6573405332,DP0019,55.0,44.3,0.0
6573405333,DP0043,55.0,37.3,0.0
6573405334,DP0005,55.0,41.9,0.0
6573405335,DP0041,55.0,40.8,0.0
6573405336,DP0041,55.0,37.3,0.0
6573405337,DP0043,45.0,24.9,0.0
6573405338,DP0041,40.0,32.8,0.0
6573405339,DP0005,50.0,36.9,0.0
6573405340,DP0028,55.0,77.2,1.0
6573405341,,,,
6573405342,DP0048,40.0,41.8,1.0
6573405343,DP0041,50.0,28.2,0.0
6573405344,DP0013,40.0,22.4,0.0
6573405345,DP0005,40.0,21.4,0.0
6573405346,DP0039,40.0,21.8,0.0
6573405347,DP0043,40.0,22.8,0.0
6573405348,DP0041,50.0,19.5,0.0
6573405349,DP0043,45.0,32.0,0.0
6573405350,DP0041,55.0,33.3,0.0
6573405351,DP0041,50.0,24.2,0.0
6573405352,DP0041,55.0,54.6,0.0
6573405353,DP0041,45.0,28.6,0.0
6573405354,DP0041,45.0,38.5,0.0
6573405355,DP0043,45.0,31.7,0.0
6573405356,DP0019,45.0,33.8,0.0
6573405357,DP0041,45.0,33.9,0.0
6573405358,DP0043,45.0,51.0,1.0
6573405359,DP0041,55.0,26.2,0.0
6573405360,DP0004,55.0,63.3,1.0
6573405361,DP0037,45.0,45.8,1.0
6573405362,DP0028,45.0,34.7,0.0
6573405363,DP0041,50.0,35.4,0.0
6573405364,DP0022,65.0,42.9,0.0
6573405365,DP0048,55.0,48.0,0.0
6573405366,DP0039,50.0,24.2,0.0
6573405367,DP0041,50.0,45.0,0.0
6573405368,DP0005,60.0,47.7,0.0
6573405369,DP0041,65.0,46.9,0.0
6573405370,DP0008,65.0,50.3,0.0
6573405371,DP0010,65.0,47.0,0.0
6573405372,DP0049,65.0,46.8,0.0
6573405373,DP0034,60.0,37.9,0.0
6573405374,DP0041,45.0,32.0,0.0
6573405375,DP0041,45.0,31.9,0.0
6573405376,DP0006,45.0,27.2,0.0
6573405377,DP0044,100.0,84.2,0.0
6573405378,DP0041,50.0,41.1,0.0
6573405379,DP0023,45.0,25.4,0.0
6573405380,DP0041,50.0,39.7,0.0
6573405381,DP0009,65.0,53.7,0.0
6573405382,DP0019,50.0,27.2,0.0
6573405383,DP0041,70.0,56.0,0.0
6573405384,DP0026,55.0,44.6,0.0
6573405385,DP0041,40.0,29.4,0.0
6573405386,DP0033,40.0,25.7,0.0
6573405387,DP0003,40.0,29.4,0.0
6573405388,DP0002,40.0,27.9,0.0
6573405389,DP0041,40.0,25.8,0.0
6573405390,DP0005,40.0,29.4,0.0
6573405391,DP0029,40.0,27.0,0.0
6573405392,DP0041,55.0,42.1,0.0
6573405393,DP0043,55.0,37.3,0.0
6573405394,DP0041,55.0,33.7,0.0
6573405395,DP0043,55.0,41.0,0.0
6573405396,DP0005,55.0,43.0,0.0
6573405397,DP0041,50.0,22.9,0.0
6573405398,DP0015,40.0,42.0,1.0
6573405399,DP0041,55.0,35.3,0.0
6573405400,DP0041,40.0,25.3,0.0
6573405401,DP0041,55.0,44.0,0.0
6573405402,DP0049,50.0,33.6,0.0
6573405403,DP0019,50.0,30.5,0.0
6573405404,DP0041,40.0,27.8,0.0
6573405405,DP0041,50.0,25.6,0.0
6573405406,DP0012,60.0,48.6,0.0
6573405407,DP0008,60.0,46.6,0.0
6573405408,DP0041,60.0,47.8,0.0
6573405409,DP0041,60.0,47.4,0.0
6573405410,DP0043,60.0,48.3,0.0
6573405411,DP0041,60.0,50.1,0.0
6573405412,DP0019,45.0,31.9,0.0
6573405413,DP0041,40.0,27.7,0.0
6573405414,DP0043,50.0,39.7,0.0
6573405415,DP0041,55.0,32.4,0.0
6573405416,DP0043,45.0,15.3,0.0
6573405417,DP0019,40.0,29.3,0.0
6573405418,DP0049,40.0,31.9,0.0
6573405419,DP0005,50.0,41.1,0.0
6573405420,DP0041,45.0,22.6,0.0
6573405421,DP0041,45.0,25.4,0.0
6573405422,DP0038,45.0,28.6,0.0
6573405423,DP0041,50.0,32.4,0.0
6573405424,DP0015,45.0,29.5,0.0
6573405425,DP0041,45.0,40.8,0.0
6573405426,DP0011,50.0,32.8,0.0
6573405427,DP0041,40.0,17.6,0.0
6573405428,DP0041,50.0,27.2,0.0
6573405429,DP0043,50.0,29.3,0.0
6573405430,DP0041,40.0,29.9,0.0
6573405431,DP0029,40.0,29.2,0.0
6573405432,DP0033,40.0,29.8,0.0
6573405433,DP0041,40.0,27.9,0.0
6573405434,DP0005,40.0,32.8,0.0
6573405435,DP0002,40.0,27.7,0.0
6573405436,DP0034,40.0,25.9,0.0
6573405437,DP0042,40.0,41.7,1.0
6573405438,DP0010,65.0,33.8,0.0
6573405439,DP0041,40.0,16.0,0.0
6573405440,DP0016,40.0,32.6,0.0
6573405441,DP0041,40.0,30.8,0.0
6573405442,DP0005,40.0,27.6,0.0
6573405443,DP0043,40.0,29.3,0.0
6573405444,DP0040,40.0,33.4,0.0
6573405445,DP0041,40.0,33.6,0.0
6573405446,DP0005,55.0,36.6,0.0
6573405447,DP0041,95.0,77.8,0.0
6573405448,DP0039,55.0,35.5,0.0
6573405449,DP0041,55.0,40.0,0.0
6573405450,DP0047,55.0,33.5,0.0
6573405451,DP0041,55.0,30.7,0.0
6573405452,DP0019,55.0,29.9,0.0
6573405453,DP0041,55.0,39.1,0.0
6573405454,DP0039,50.0,31.9,0.0
6573405455,DP0021,55.0,37.2,0.0
6573405456,DP0041,55.0,56.4,1.0
6573405457,DP0041,50.0,29.0,0.0
6573405458,DP0043,65.0,68.7,1.0
6573405459,DP0041,40.0,26.5,0.0
6573405460,DP0021,40.0,47.5,1.0
6573405461,DP0041,40.0,48.9,1.0
6573405462,DP0043,40.0,46.2,1.0
6573405463,DP0008,40.0,45.4,1.0
6573405464,DP0041,40.0,47.8,1.0
6573405465,DP0041,40.0,49.0,1.0
6573405466,DP0041,40.0,17.9,0.0
6573405467,DP0021,55.0,37.6,0.0
6573405468,DP0041,55.0,39.0,0.0
6573405469,DP0041,55.0,43.5,0.0
6573405470,DP0005,75.0,59.5,0.0
6573405471,DP0005,55.0,30.1,0.0
6573405472,DP0021,45.0,28.5,0.0
6573405473,DP0007,45.0,31.9,0.0
6573405474,DP0008,45.0,31.3,0.0
6573405475,DP0041,60.0,39.9,0.0
6573405476,DP0041,50.0,38.4,0.0
6573405477,DP0041,40.0,17.8,0.0
6573405478,DP0019,55.0,33.1,0.0
6573405479,DP0041,55.0,35.5,0.0
6573405480,DP0029,55.0,35.6,0.0
6573405481,DP0005,55.0,36.4,0.0
6573405482,DP0027,55.0,33.6,0.0
6573405483,DP0041,55.0,32.5,0.0
6573405484,DP0012,50.0,21.4,0.0
6573405485,DP0009,40.0,23.1,0.0
6573405486,DP0005,45.0,33.0,0.0
6573405487,DP0041,45.0,35.2,0.0
6573405488,DP0043,45.0,32.7,0.0
6573405489,DP0038,45.0,28.1,0.0
6573405490,DP0006,45.0,34.1,0.0
6573405491,DP0045,60.0,38.4,0.0
6573405492,DP0041,45.0,36.5,0.0
6573405493,DP0041,45.0,34.6,0.0
6573405494,DP0029,45.0,62.7,1.0
6573405495,DP0041,55.0,34.0,0.0
6573405496,DP0041,55.0,37.7,0.0
6573405497,DP0041,80.0,52.4,0.0
6573405498,DP0008,40.0,25.8,0.0
6573405499,DP0041,40.0,26.4,0.0
6573405500,DP0036,40.0,23.0,0.0
6573405501,DP0041,40.0,26.2,0.0
6573405502,DP0041,40.0,31.3,0.0
6573405503,DP0011,40.0,18.0,0.0
6573405504,DP0008,45.0,42.7,0.0
6573405505,DP0043,65.0,36.4,0.0
6573405506,DP0027,55.0,33.6,0.0
6573405507,DP0041,40.0,53.7,1.0
6573405508,DP0008,40.0,54.9,1.0
6573405509,DP0041,40.0,50.2,1.0
6573405510,DP0041,40.0,19.3,0.0
6573405511,DP0015,60.0,50.2,0.0
6573405512,DP0041,45.0,40.6,0.0
6573405513,DP0043,50.0,48.2,0.0
6573405514,DP0041,50.0,44.1,0.0
6573405515,DP0041,50.0,45.5,0.0
6573405516,DP0005,50.0,41.7,0.0
6573405517,DP0041,50.0,47.7,0.0
6573405518,DP0041,50.0,44.8,0.0
6573405519,DP0008,55.0,40.6,0.0
6573405520,DP0041,40.0,32.3,0.0
6573405521,DP0039,45.0,25.8,0.0
6573405522,DP0041,45.0,30.5,0.0
6573405523,DP0027,50.0,40.3,0.0
6573405524,DP0007,45.0,31.7,0.0
6573405525,DP0019,55.0,52.8,0.0
6573405526,DP0005,55.0,32.8,0.0
6573405527,DP0041,50.0,37.3,0.0
6573405528,DP0025,50.0,41.1,0.0
6573405529,DP0034,55.0,36.2,0.0
6573405530,DP0005,50.0,27.3,0.0
6573405531,DP0018,45.0,30.7,0.0
6573405532,DP0044,55.0,40.4,0.0
6573405533,DP0028,75.0,44.5,0.0
6573405534,DP0012,40.0,44.7,1.0
6573405535,DP0005,50.0,41.5,0.0
6573405536,DP0005,40.0,26.3,0.0
6573405537,DP0044,40.0,34.0,0.0
6573405538,DP0041,40.0,30.8,0.0
6573405539,DP0026,40.0,29.3,0.0
6573405540,DP0043,40.0,30.5,0.0
6573405541,DP0036,40.0,34.1,0.0
6573405542,DP0008,40.0,32.6,0.0
6573405543,DP0043,45.0,26.9,0.0
6573405544,DP0041,45.0,32.2,0.0
6573405545,DP0038,50.0,43.3,0.0
6573405546,DP0043,60.0,36.1,0.0
6573405547,DP0041,50.0,34.9,0.0
6573405548,DP0019,50.0,32.0,0.0
6573405549,DP0047,50.0,32.8,0.0
6573405550,DP0041,60.0,68.0,1.0
6573405551,DP0041,75.0,43.1,0.0
6573405552,DP0033,40.0,25.8,0.0
6573405553,DP0008,50.0,29.0,0.0
6573405554,DP0041,50.0,35.1,0.0
6573405555,DP0041,50.0,32.9,0.0
6573405556,DP0019,50.0,26.8,0.0
6573405557,DP0006,50.0,29.9,0.0
6573405558,DP0041,50.0,30.4,0.0
6573405559,DP0043,55.0,31.4,0.0
6573405560,DP0041,55.0,38.8,0.0
6573405561,DP0043,50.0,39.8,0.0
6573405562,DP0007,55.0,48.4,0.0
6573405563,DP0041,50.0,38.7,0.0
6573405564,DP0032,50.0,42.0,0.0
6573405565,DP0041,75.0,57.4,0.0
6573405566,DP0038,75.0,56.0,0.0
6573405567,DP0041,75.0,59.8,0.0
6573405568,DP0043,75.0,57.4,0.0
6573405569,DP0005,75.0,58.0,0.0
6573405570,DP0041,75.0,58.6,0.0
6573405571,DP0041,60.0,41.1,0.0
6573405572,DP0012,45.0,41.0,0.0
6573405573,DP0009,45.0,47.7,1.0
6573405574,DP0046,45.0,42.9,0.0
6573405575,DP0021,55.0,36.0,0.0
6573405576,DP0041,80.0,49.4,0.0
6573405577,DP0005,50.0,27.1,0.0
6573405578,DP0047,50.0,33.1,0.0
6573405579,DP0019,50.0,26.6,0.0
6573405580,DP0004,50.0,47.5,0.0
6573405581,DP0041,50.0,32.8,0.0
6573405582,DP0041,50.0,28.6,0.0
6573405583,DP0019,65.0,41.6,0.0
6573405584,DP0041,55.0,33.4,0.0
6573405585,DP0043,50.0,39.7,0.0
6573405586,DP0041,45.0,39.2,0.0
6573405587,DP0043,60.0,45.3,0.0
6573405588,DP0041,50.0,44.6,0.0
6573405589,DP0005,45.0,21.1,0.0
6573405590,DP0041,40.0,20.7,0.0
6573405591,DP0024,45.0,20.6,0.0
6573405592,DP0015,55.0,38.6,0.0
6573405593,DP0041,55.0,36.4,0.0
6573405594,DP0041,40.0,52.7,1.0
6573405595,DP0041,70.0,56.9,0.0
6573405596,DP0033,40.0,42.8,1.0
6573405597,DP0041,50.0,29.4,0.0
6573405598,DP0005,50.0,42.4,0.0
6573405599,DP0038,55.0,78.1,1.0
6573405600,DP0043,40.0,22.6,0.0
6573405601,DP0041,40.0,23.3,0.0
6573405602,DP0005,40.0,23.7,0.0
6573405603,DP0041,40.0,26.9,0.0
6573405604,DP0041,40.0,22.3,0.0
6573405605,DP0019,40.0,21.3,0.0
6573405606,DP0008,40.0,22.1,0.0
6573405607,DP0041,55.0,39.5,0.0
6573405608,DP0028,40.0,20.5,0.0
6573405609,DP0023,40.0,32.6,0.0
6573405610,DP0041,45.0,24.0,0.0
6573405611,DP0041,40.0,38.1,0.0
6573405612,DP0041,40.0,40.2,1.0
6573405613,DP0041,40.0,34.0,0.0
6573405614,DP0047,40.0,35.7,0.0
6573405615,DP0041,40.0,38.0,0.0
6573405616,DP0034,40.0,37.1,0.0
6573405617,DP0041,45.0,15.7,0.0
6573405618,DP0003,75.0,48.5,0.0
6573405619,DP0041,45.0,46.0,1.0
6573405620,DP0041,45.0,32.0,0.0
6573405621,DP0015,55.0,42.3,0.0
6573405622,DP0008,50.0,35.5,0.0
6573405623,DP0041,45.0,28.2,0.0
6573405624,DP0041,40.0,19.0,0.0
6573405625,DP0041,85.0,88.8,1.0
6573405626,DP0005,55.0,48.4,0.0
6573405627,DP0041,50.0,25.5,0.0
6573405628,DP0041,55.0,42.7,0.0
6573405629,DP0027,45.0,35.2,0.0
6573405630,DP0050,50.0,53.0,1.0
6573405631,DP0021,40.0,26.2,0.0
6573405632,DP0041,45.0,26.7,0.0
6573405633,DP0043,50.0,27.6,0.0
6573405634,DP0015,55.0,53.2,0.0
6573405635,DP0043,55.0,31.1,0.0
6573405636,DP0041,40.0,24.4,0.0
6573405637,DP0041,50.0,33.2,0.0
6573405638,DP0041,40.0,26.7,0.0
6573405639,DP0002,45.0,36.1,0.0
6573405640,DP0043,55.0,43.1,0.0
6573405641,DP0041,50.0,38.7,0.0
6573405642,DP0008,40.0,32.4,0.0
6573405643,DP0026,40.0,25.5,0.0
6573405644,DP0019,55.0,38.4,0.0
6573405645,DP0041,55.0,37.7,0.0
6573405646,DP0008,55.0,38.5,0.0
6573405647,DP0033,55.0,39.1,0.0
6573405648,DP0028,55.0,38.4,0.0
6573405649,DP0015,55.0,34.2,0.0
6573405650,DP0018,55.0,40.4,0.0
6573405651,DP0041,50.0,25.4,0.0
6573405652,DP0044,45.0,69.8,1.0
6573405653,DP0041,45.0,69.5,1.0
6573405654,DP0041,45.0,69.9,1.0
6573405655,DP0043,45.0,68.4,1.0
6573405656,DP0005,45.0,70.3,1.0
6573405657,DP0041,45.0,71.0,1.0
6573405658,DP0041,45.0,50.9,1.0
6573405659,DP0019,55.0,37.7,0.0
6573405660,DP0033,55.0,55.5,1.0
6573405661,DP0019,55.0,37.7,0.0
6573405662,DP0028,60.0,40.8,0.0
6573405663,DP0041,60.0,43.9,0.0
6573405664,DP0019,60.0,40.2,0.0
6573405665,DP0037,55.0,35.8,0.0
6573405666,DP0015,55.0,30.3,0.0
6573405667,DP0005,55.0,34.1,0.0
6573405668,DP0039,55.0,34.1,0.0
6573405669,DP0018,55.0,33.3,0.0
6573405670,DP0041,55.0,36.1,0.0
6573405671,DP0019,55.0,38.8,0.0
6573405672,DP0020,55.0,35.8,0.0
6573405673,DP0039,50.0,57.6,1.0
6573405674,DP0005,40.0,24.0,0.0
6573405675,DP0030,40.0,38.9,0.0
6573405676,DP0015,40.0,35.9,0.0
6573405677,DP0041,55.0,40.6,0.0
6573405678,DP0043,45.0,28.2,0.0
6573405679,DP0005,45.0,27.6,0.0
6573405680,DP0041,50.0,36.7,0.0
6573405681,DP0041,50.0,33.0,0.0
6573405682,DP0014,50.0,39.4,0.0
6573405683,DP0045,45.0,36.2,0.0
6573405684,DP0039,45.0,37.1,0.0
6573405685,DP0041,45.0,37.2,0.0
6573405686,DP0037,40.0,32.8,0.0
6573405687,DP0041,55.0,45.4,0.0
6573405688,DP0048,45.0,37.7,0.0
6573405689,DP0041,45.0,20.7,0.0
6573405690,DP0007,45.0,27.2,0.0
6573405691,DP0048,45.0,37.0,0.0
6573405692,DP0005,45.0,23.2,0.0
6573405693,DP0019,40.0,23.7,0.0
6573405694,DP0039,55.0,64.4,1.0
6573405695,DP0028,50.0,27.5,0.0
6573405696,DP0041,55.0,32.7,0.0
6573405697,DP0021,50.0,24.3,0.0
6573405698,DP0030,40.0,35.2,0.0
6573405699,DP0028,45.0,38.6,0.0
6573405700,DP0010,60.0,35.7,0.0
6573405701,DP0010,60.0,56.0,0.0
6573405702,DP0043,60.0,59.9,0.0
6573405703,DP0043,60.0,57.8,0.0
6573405704,DP0021,60.0,61.6,1.0
6573405705,DP0041,60.0,55.5,0.0
6573405706,DP0009,60.0,56.7,0.0
6573405707,DP0041,50.0,42.3,0.0
6573405708,DP0043,45.0,34.1,0.0
6573405709,DP0031,45.0,32.6,0.0
6573405710,DP0005,50.0,49.0,0.0
6573405711,DP0043,65.0,48.7,0.0
6573405712,DP0041,55.0,45.5,0.0
6573405713,DP0015,85.0,59.3,0.0
6573405714,DP0041,55.0,36.3,0.0
6573405715,DP0015,60.0,45.3,0.0
6573405716,DP0041,40.0,26.1,0.0
6573405717,DP0028,45.0,26.5,0.0
6573405718,DP0049,40.0,48.3,1.0
6573405719,,,,
6573405720,DP0019,45.0,31.0,0.0
6573405721,DP0008,40.0,32.4,0.0
6573405722,DP0015,40.0,38.2,0.0
6573405723,DP0038,65.0,44.7,0.0
6573405724,DP0041,50.0,28.8,0.0
6573405725,DP0041,55.0,37.8,0.0
6573405726,DP0015,50.0,23.6,0.0
6573405727,DP0043,40.0,16.6,0.0
6573405728,DP0029,40.0,41.8,1.0
6573405729,DP0041,55.0,60.0,1.0
6573405730,DP0033,55.0,46.0,0.0
6573405731,DP0041,55.0,47.6,0.0
6573405732,DP0019,55.0,44.1,0.0
6573405733,DP0041,55.0,48.2,0.0
6573405734,DP0005,55.0,51.5,0.0
6573405735,DP0008,55.0,49.8,0.0
6573405736,DP0041,55.0,30.8,0.0
6573405737,DP0041,55.0,41.8,0.0
6573405738,DP0007,55.0,39.1,0.0
6573405739,DP0015,55.0,33.3,0.0
6573405740,DP0041,55.0,42.7,0.0
6573405741,DP0041,55.0,37.4,0.0
6573405742,DP0041,55.0,42.5,0.0
6573405743,DP0041,45.0,38.5,0.0
6573405744,DP0003,40.0,21.8,0.0
6573405745,DP0034,50.0,47.5,0.0
6573405746,DP0041,45.0,33.7,0.0
6573405747,DP0040,45.0,41.0,0.0
6573405748,DP0043,45.0,38.3,0.0
6573405749,DP0043,45.0,41.2,0.0
6573405750,DP0041,45.0,40.2,0.0
6573405751,DP0039,45.0,40.6,0.0
6573405752,DP0005,45.0,35.3,0.0
6573405753,DP0043,60.0,39.7,0.0
6573405754,DP0041,60.0,42.0,0.0
6573405755,DP0034,40.0,21.4,0.0
6573405756,DP0005,40.0,23.2,0.0
6573405757,DP0008,40.0,21.3,0.0
6573405758,DP0043,40.0,19.5,0.0
6573405759,DP0050,40.0,42.8,1.0
6573405760,DP0012,60.0,40.0,0.0
6573405761,DP0043,40.0,19.8,0.0
6573405762,DP0041,40.0,17.8,0.0
6573405763,DP0047,40.0,14.4,0.0
6573405764,DP0043,40.0,16.9,0.0
6573405765,DP0041,40.0,17.0,0.0
6573405766,DP0041,40.0,20.5,0.0
6573405767,DP0041,75.0,57.0,0.0
6573405768,DP0011,75.0,54.9,0.0
6573405769,DP0043,75.0,59.2,0.0
6573405770,DP0008,75.0,55.7,0.0
6573405771,DP0041,50.0,35.9,0.0
6573405772,DP0041,55.0,65.2,1.0
6573405773,DP0031,45.0,39.3,0.0
6573405774,DP0043,45.0,39.5,0.0
6573405775,DP0041,45.0,20.9,0.0
6573405776,DP0041,45.0,31.7,0.0
6573405777,DP0041,45.0,30.5,0.0
6573405778,DP0003,55.0,68.6,1.0
6573405779,DP0048,55.0,46.2,0.0
6573405780,DP0041,45.0,31.3,0.0
6573405781,DP0041,50.0,32.0,0.0
6573405782,DP0050,55.0,46.5,0.0
6573405783,DP0037,40.0,25.4,0.0
6573405784,DP0011,40.0,22.1,0.0
6573405785,DP0041,40.0,25.8,0.0
6573405786,DP0043,40.0,26.6,0.0
6573405787,DP0043,40.0,22.6,0.0
6573405788,DP0041,40.0,26.9,0.0
6573405789,DP0041,50.0,38.0,0.0
6573405790,DP0041,55.0,42.5,0.0
6573405791,DP0027,65.0,47.7,0.0
6573405792,DP0033,45.0,21.6,0.0
6573405793,DP0041,40.0,34.8,0.0
6573405794,DP0036,50.0,33.9,0.0
6573405795,DP0026,50.0,32.3,0.0
6573405796,DP0026,50.0,34.2,0.0
6573405797,DP0041,50.0,35.9,0.0
6573405798,DP0005,55.0,53.3,0.0
6573405799,DP0019,40.0,22.1,0.0
6573405800,DP0041,40.0,20.8,0.0
6573405801,DP0043,40.0,27.3,0.0
6573405802,DP0019,40.0,21.8,0.0
6573405803,DP0030,40.0,31.7,0.0
6573405804,DP0038,45.0,31.1,0.0
6573405805,DP0031,40.0,31.1,0.0
6573405806,DP0019,45.0,19.1,0.0
6573405807,DP0006,50.0,29.4,0.0
6573405808,DP0030,65.0,45.4,0.0
6573405809,DP0005,40.0,21.7,0.0
6573405810,DP0043,70.0,59.8,0.0
6573405811,DP0023,55.0,38.7,0.0
6573405812,DP0050,45.0,55.6,1.0
6573405813,DP0041,45.0,31.7,0.0
6573405814,DP0041,45.0,27.9,0.0
6573405815,DP0041,45.0,22.5,0.0
6573405816,DP0039,45.0,28.4,0.0
6573405817,DP0041,45.0,22.4,0.0
6573405818,DP0007,50.0,28.4,0.0
6573405819,DP0008,45.0,39.1,0.0
6573405820,DP0031,45.0,37.5,0.0
6573405821,DP0025,50.0,46.7,0.0
6573405822,DP0011,40.0,31.8,0.0
6573405823,DP0014,40.0,26.9,0.0
6573405824,DP0023,40.0,27.6,0.0
6573405825,DP0041,40.0,21.3,0.0
6573405826,DP0003,65.0,42.7,0.0
6573405827,DP0031,55.0,46.6,0.0
6573405828,DP0041,55.0,37.8,0.0
6573405829,DP0041,40.0,27.9,0.0
6573405830,DP0041,70.0,49.4,0.0
6573405831,DP0008,75.0,68.4,0.0
6573405832,DP0041,40.0,22.0,0.0
6573405833,DP0026,40.0,28.6,0.0
6573405834,DP0005,40.0,35.6,0.0
6573405835,DP0041,40.0,36.7,0.0
6573405836,DP0041,40.0,30.6,0.0
6573405837,DP0019,40.0,31.2,0.0
6573405838,DP0041,50.0,38.7,0.0
6573405839,DP0041,65.0,48.1,0.0
6573405840,DP0043,40.0,56.1,1.0
6573405841,DP0029,65.0,45.8,0.0
6573405842,DP0030,55.0,38.4,0.0
6573405843,DP0005,65.0,48.1,0.0
6573405844,DP0043,65.0,48.0,0.0
6573405845,DP0041,60.0,35.8,0.0
6573405846,DP0043,50.0,77.9,1.0
6573405847,DP0041,65.0,39.0,0.0
6573405848,DP0031,40.0,25.9,0.0
6573405849,DP0041,40.0,24.3,0.0
6573405850,DP0028,40.0,26.6,0.0
6573405851,DP0039,40.0,25.8,0.0
6573405852,,,,
6573405853,,,,
6573405854,DP0041,50.0,36.7,0.0
6573405855,DP0041,50.0,17.8,0.0
6573405856,DP0041,60.0,46.8,0.0
6573405857,DP0041,60.0,44.6,0.0
6573405858,DP0041,60.0,45.0,0.0
6573405859,DP0039,60.0,43.3,0.0
6573405860,DP0041,60.0,47.9,0.0
6573405861,DP0041,50.0,35.5,0.0
6573405862,DP0041,50.0,34.7,0.0
6573405863,DP0043,50.0,29.0,0.0
6573405864,DP0041,50.0,31.6,0.0
6573405865,DP0043,55.0,88.1,1.0
6573405866,DP0041,40.0,40.5,1.0
6573405867,DP0015,40.0,44.8,1.0
6573405868,DP0041,45.0,20.7,0.0
6573405869,DP0047,50.0,52.3,1.0
6573405870,DP0005,40.0,28.6,0.0
6573405871,DP0041,40.0,44.6,1.0
6573405872,DP0043,40.0,24.3,0.0
6573405873,DP0023,40.0,29.4,0.0
6573405874,DP0041,50.0,40.6,0.0
6573405875,DP0002,40.0,19.6,0.0
6573405876,DP0041,50.0,22.8,0.0
6573405877,DP0005,60.0,44.4,0.0
6573405878,DP0021,55.0,47.2,0.0
6573405879,DP0041,55.0,34.3,0.0
6573405880,DP0008,40.0,33.5,0.0
6573405881,DP0037,40.0,37.6,0.0
6573405882,DP0041,40.0,40.1,1.0
6573405883,DP0038,40.0,41.2,1.0
6573405884,DP0041,40.0,32.6,0.0
6573405885,DP0047,50.0,40.5,0.0
6573405886,DP0041,65.0,52.3,0.0
6573405887,DP0041,45.0,30.1,0.0
6573405888,DP0014,50.0,24.7,0.0
6573405889,DP0006,50.0,29.8,0.0
6573405890,DP0041,50.0,27.8,0.0
6573405891,DP0041,50.0,21.7,0.0
6573405892,DP0015,75.0,72.4,0.0
6573405893,DP0029,45.0,37.6,0.0
6573405894,DP0041,45.0,32.6,0.0
6573405895,DP0041,45.0,34.6,0.0
6573405896,DP0008,55.0,36.4,0.0
6573405897,DP0005,40.0,32.1,0.0
6573405898,DP0033,40.0,24.2,0.0
6573405899,DP0049,55.0,30.8,0.0
6573405900,DP0041,55.0,31.0,0.0
6573405901,DP0041,55.0,32.5,0.0
6573405902,DP0041,55.0,33.9,0.0
6573405903,DP0019,55.0,33.3,0.0
6573405904,DP0041,50.0,42.4,0.0
6573405905,DP0041,45.0,40.6,0.0
6573405906,DP0035,40.0,24.8,0.0
6573405907,DP0005,60.0,60.0,0.0
6573405908,DP0043,55.0,48.6,0.0
6573405909,DP0032,55.0,46.4,0.0
6573405910,DP0043,55.0,49.2,0.0
6573405911,DP0046,65.0,57.7,0.0
6573405912,DP0041,55.0,31.5,0.0
6573405913,DP0026,40.0,25.5,0.0
6573405914,DP0041,55.0,34.0,0.0
6573405915,DP0003,55.0,66.9,1.0
6573405916,DP0008,50.0,31.8,0.0
6573405917,DP0015,45.0,28.6,0.0
6573405918,DP0003,45.0,57.5,1.0
6573405919,DP0026,50.0,30.2,0.0
6573405920,DP0043,50.0,45.7,0.0
6573405921,DP0041,50.0,46.0,0.0
6573405922,DP0043,50.0,45.8,0.0
6573405923,DP0043,50.0,46.1,0.0
6573405924,DP0050,45.0,39.0,0.0
6573405925,DP0028,45.0,24.5,0.0
6573405926,DP0047,45.0,21.6,0.0
6573405927,DP0043,45.0,26.2,0.0
6573405928,DP0021,45.0,28.6,0.0
6573405929,DP0041,50.0,33.7,0.0
6573405930,DP0033,50.0,33.6,0.0
6573405931,DP0041,50.0,36.6,0.0
6573405932,DP0049,50.0,29.8,0.0
6573405933,DP0033,50.0,36.8,0.0
6573405934,DP0041,50.0,22.7,0.0
6573405935,DP0043,40.0,19.3,0.0
6573405936,DP0043,60.0,50.8,0.0
6573405937,DP0041,90.0,63.4,0.0
6573405938,DP0004,55.0,56.8,1.0
6573405939,DP0028,40.0,25.8,0.0
6573405940,DP0041,50.0,37.8,0.0
6573405941,DP0005,50.0,35.4,0.0
6573405942,DP0005,50.0,35.9,0.0
6573405943,DP0026,50.0,33.4,0.0
6573405944,DP0005,50.0,34.6,0.0
6573405945,DP0043,60.0,37.4,0.0
6573405946,DP0041,45.0,32.4,0.0
6573405947,DP0019,85.0,65.4,0.0
6573405948,DP0039,55.0,34.0,0.0
6573405949,DP0019,60.0,79.2,1.0
6573405950,DP0050,40.0,27.8,0.0
6573405951,DP0007,55.0,33.3,0.0
6573405952,DP0041,55.0,35.2,0.0
6573405953,DP0041,55.0,34.7,0.0
6573405954,DP0021,55.0,30.3,0.0
6573405955,DP0013,65.0,49.3,0.0
6573405956,DP0006,50.0,36.9,0.0
6573405957,DP0049,50.0,26.8,0.0
6573405958,DP0041,40.0,44.3,1.0
6573405959,DP0006,40.0,41.6,1.0
6573405960,DP0023,40.0,41.0,1.0
6573405961,DP0009,40.0,43.3,1.0
6573405962,DP0031,40.0,42.0,1.0
6573405963,DP0043,45.0,42.7,0.0
6573405964,DP0005,50.0,32.6,0.0
6573405965,DP0041,50.0,32.2,0.0
6573405966,DP0043,50.0,32.4,0.0
6573405967,DP0041,70.0,50.9,0.0
6573405968,DP0041,70.0,52.7,0.0
6573405969,DP0007,70.0,54.7,0.0
6573405970,DP0043,70.0,48.3,0.0
6573405971,DP0037,70.0,54.1,0.0
6573405972,DP0003,40.0,47.7,1.0
6573405973,DP0005,40.0,33.6,0.0
6573405974,DP0041,55.0,33.9,0.0
6573405975,DP0041,65.0,46.6,0.0
6573405976,DP0041,65.0,50.7,0.0
6573405977,DP0043,65.0,52.9,0.0
6573405978,DP0041,60.0,41.3,0.0
6573405979,DP0028,60.0,41.0,0.0
6573405980,DP0014,40.0,23.7,0.0
6573405981,DP0050,50.0,40.8,0.0
6573405982,DP0041,45.0,31.3,0.0
6573405983,DP0007,45.0,32.9,0.0
6573405984,DP0023,45.0,34.9,0.0
6573405985,DP0007,45.0,30.2,0.0
6573405986,DP0043,45.0,34.2,0.0
6573405987,DP0043,65.0,42.6,0.0
6573405988,DP0009,40.0,31.7,0.0
6573405989,DP0041,40.0,32.2,0.0
6573405990,DP0041,40.0,34.0,0.0
6573405991,DP0041,40.0,36.1,0.0
6573405992,DP0024,40.0,31.2,0.0
6573405993,DP0041,40.0,31.8,0.0
6573405994,DP0043,65.0,45.0,0.0
6573405995,DP0041,45.0,27.7,0.0
6573405996,DP0041,50.0,34.3,0.0
6573405997,DP0041,45.0,31.3,0.0
6573405998,DP0008,45.0,43.6,0.0
6573405999,DP0015,50.0,26.2,0.0
6573406000,DP0041,55.0,31.3,0.0
6573406001,DP0041,70.0,44.4,0.0
6573406002,DP0043,70.0,41.2,0.0
6573406003,DP0041,70.0,37.6,0.0
6573406004,DP0039,70.0,45.2,0.0
6573406005,DP0019,70.0,43.5,0.0
6573406006,DP0026,55.0,44.3,0.0
6573406007,DP0043,40.0,20.1,0.0
6573406008,DP0039,45.0,30.0,0.0
6573406009,DP0041,45.0,22.8,0.0
6573406010,DP0043,45.0,24.7,0.0
6573406011,DP0003,45.0,26.9,0.0
6573406012,DP0014,45.0,28.0,0.0
6573406013,DP0041,40.0,74.5,1.0
6573406014,DP0041,45.0,24.8,0.0
6573406015,DP0027,55.0,39.7,0.0
6573406016,DP0041,40.0,21.5,0.0
6573406017,DP0028,40.0,22.9,0.0
6573406018,DP0043,40.0,22.9,0.0
6573406019,DP0005,40.0,25.5,0.0
6573406020,DP0047,40.0,19.9,0.0
6573406021,DP0048,55.0,52.6,0.0
6573406022,DP0041,45.0,25.1,0.0
6573406023,DP0041,55.0,36.8,0.0
6573406024,DP0029,50.0,38.0,0.0
6573406025,DP0041,45.0,39.1,0.0
6573406026,DP0041,45.0,36.3,0.0
6573406027,DP0041,45.0,35.1,0.0
6573406028,DP0033,45.0,31.3,0.0
6573406029,DP0047,45.0,30.4,0.0
6573406030,DP0041,55.0,53.7,0.0
6573406031,DP0046,40.0,47.2,1.0
6573406032,DP0005,45.0,27.1,0.0
6573406033,DP0039,40.0,18.2,0.0
6573406034,DP0019,55.0,38.4,0.0
6573406035,DP0041,55.0,37.3,0.0
6573406036,DP0041,65.0,57.7,0.0
6573406037,DP0041,65.0,55.7,0.0
6573406038,DP0019,50.0,23.1,0.0
6573406039,DP0043,45.0,18.5,0.0
6573406040,DP0041,75.0,67.9,0.0
6573406041,DP0019,55.0,37.4,0.0
6573406042,DP0041,45.0,33.3,0.0
6573406043,DP0033,75.0,47.7,0.0
6573406044,DP0028,65.0,47.3,0.0
6573406045,DP0041,40.0,22.4,0.0
6573406046,DP0024,55.0,35.8,0.0
6573406047,DP0041,45.0,22.1,0.0
6573406048,DP0038,40.0,21.6,0.0
6573406049,DP0007,50.0,29.5,0.0
6573406050,DP0039,55.0,34.4,0.0
6573406051,DP0043,50.0,25.1,0.0
6573406052,DP0041,55.0,36.0,0.0
6573406053,DP0043,55.0,37.7,0.0
6573406054,DP0005,55.0,51.4,0.0
6573406055,DP0041,50.0,31.2,0.0
6573406056,DP0043,50.0,41.1,0.0
6573406057,DP0002,50.0,24.5,0.0
6573406058,DP0047,40.0,36.7,0.0
6573406059,DP0039,40.0,35.4,0.0
6573406060,DP0021,40.0,29.6,0.0
6573406061,DP0005,40.0,37.6,0.0
6573406062,DP0041,50.0,42.4,0.0
6573406063,DP0041,65.0,39.6,0.0
6573406064,DP0019,90.0,58.5,0.0
6573406065,DP0041,55.0,33.7,0.0
6573406066,DP0008,40.0,18.7,0.0
6573406067,DP0050,50.0,62.3,1.0
6573406068,DP0031,55.0,36.6,0.0
6573406069,DP0043,55.0,26.0,0.0
6573406070,DP0005,55.0,27.6,0.0
6573406071,DP0005,55.0,23.6,0.0
6573406072,DP0019,55.0,25.9,0.0
6573406073,DP0041,55.0,27.1,0.0
6573406074,DP0041,50.0,30.5,0.0
6573406075,DP0005,55.0,30.3,0.0
6573406076,DP0038,55.0,38.7,0.0
6573406077,DP0043,55.0,33.4,0.0
6573406078,DP0021,55.0,36.4,0.0
6573406079,DP0008,55.0,35.5,0.0
6573406080,DP0027,55.0,31.8,0.0
6573406081,DP0049,70.0,64.9,0.0
6573406082,DP0008,55.0,37.2,0.0
6573406083,DP0041,45.0,35.9,0.0
6573406084,DP0048,45.0,48.1,1.0
6573406085,DP0019,45.0,33.6,0.0
6573406086,DP0021,40.0,42.4,1.0
6573406087,DP0041,60.0,43.6,0.0
6573406088,DP0028,40.0,22.1,0.0
6573406089,DP0048,50.0,42.8,0.0
6573406090,DP0007,65.0,37.6,0.0
6573406091,DP0003,55.0,41.0,0.0
6573406092,DP0041,45.0,27.8,0.0
6573406093,DP0034,45.0,26.6,0.0
6573406094,DP0043,45.0,25.1,0.0
6573406095,DP0033,45.0,39.0,0.0
6573406096,DP0041,45.0,42.5,0.0
6573406097,DP0038,45.0,42.2,0.0
6573406098,DP0021,45.0,40.1,0.0
6573406099,DP0041,45.0,36.4,0.0
6573406100,DP0041,50.0,29.6,0.0
6573406101,DP0033,55.0,36.9,0.0
6573406102,DP0034,40.0,16.6,0.0
6573406103,DP0049,40.0,41.2,1.0
6573406104,DP0041,55.0,41.2,0.0
6573406105,DP0041,65.0,40.6,0.0
6573406106,DP0041,65.0,42.1,0.0
6573406107,DP0043,65.0,41.3,0.0
6573406108,DP0008,65.0,45.5,0.0
6573406109,DP0041,65.0,44.1,0.0
6573406110,DP0048,60.0,58.6,0.0
6573406111,DP0040,50.0,39.6,0.0
6573406112,DP0041,60.0,52.3,0.0
6573406113,DP0043,40.0,29.4,0.0
6573406114,DP0043,50.0,44.2,0.0
6573406115,DP0041,50.0,39.4,0.0
6573406116,DP0040,50.0,41.9,0.0
6573406117,DP0017,40.0,26.3,0.0
6573406118,DP0040,40.0,29.4,0.0
6573406119,DP0041,40.0,35.5,0.0
6573406120,DP0001,40.0,31.4,0.0
6573406121,DP0005,40.0,24.5,0.0
6573406122,DP0010,40.0,27.2,0.0
6573406123,DP0050,75.0,82.9,1.0
6573406124,DP0041,50.0,48.7,0.0
6573406125,DP0041,55.0,47.2,0.0
6573406126,DP0045,50.0,32.1,0.0
6573406127,DP0039,50.0,59.6,1.0
6573406128,DP0041,45.0,38.2,0.0
6573406129,DP0012,50.0,30.3,0.0
6573406130,DP0032,55.0,38.3,0.0
6573406131,DP0046,50.0,36.0,0.0
6573406132,DP0041,40.0,20.9,0.0
6573406133,DP0033,40.0,20.6,0.0
6573406134,DP0041,40.0,26.8,0.0
6573406135,DP0038,50.0,28.8,0.0
6573406136,DP0041,55.0,44.5,0.0
6573406137,,,,
6573406138,,,,
6573406139,,,,
6573406140,,,,
6573406141,,,,
6573406142,DP0041,55.0,35.2,0.0
6573406143,DP0031,50.0,36.7,0.0
6573406144,DP0041,60.0,54.2,0.0
6573406145,DP0033,40.0,22.7,0.0
6573406146,DP0005,55.0,34.6,0.0
6573406147,DP0041,40.0,24.4,0.0
6573406148,DP0043,50.0,53.6,1.0
6573406149,DP0043,45.0,26.7,0.0
6573406150,DP0015,50.0,32.9,0.0
6573406151,DP0015,55.0,28.3,0.0
6573406152,DP0043,40.0,17.2,0.0
6573406153,DP0037,65.0,56.4,0.0
6573406154,DP0049,50.0,34.7,0.0
6573406155,DP0041,50.0,30.5,0.0
6573406156,DP0043,50.0,30.9,0.0
6573406157,DP0005,50.0,29.2,0.0
6573406158,DP0041,50.0,33.8,0.0
6573406159,DP0041,40.0,40.8,1.0
6573406160,DP0026,50.0,38.9,0.0
6573406161,DP0038,40.0,26.8,0.0
6573406162,DP0043,40.0,23.9,0.0
6573406163,DP0038,40.0,19.8,0.0
6573406164,DP0015,40.0,23.1,0.0
6573406165,DP0041,40.0,18.4,0.0
6573406166,DP0041,45.0,24.5,0.0
6573406167,DP0041,50.0,29.0,0.0
6573406168,DP0041,40.0,13.7,0.0
6573406169,DP0019,50.0,43.7,0.0
6573406170,DP0019,45.0,27.5,0.0
6573406171,DP0020,45.0,28.0,0.0
6573406172,DP0019,45.0,28.0,0.0
6573406173,DP0008,45.0,36.1,0.0
6573406174,DP0041,60.0,38.8,0.0
6573406175,DP0043,60.0,38.6,0.0
6573406176,DP0047,60.0,32.4,0.0
6573406177,DP0043,60.0,33.0,0.0
6573406178,DP0043,60.0,32.7,0.0
6573406179,DP0050,60.0,56.9,0.0
6573406180,DP0006,60.0,37.8,0.0
6573406181,DP0015,45.0,29.9,0.0
6573406182,DP0041,40.0,24.7,0.0
6573406183,DP0005,45.0,43.5,0.0
6573406184,DP0041,65.0,52.2,0.0
6573406185,DP0033,65.0,49.6,0.0
6573406186,DP0041,40.0,21.4,0.0
6573406187,DP0041,55.0,35.1,0.0
6573406188,DP0041,55.0,46.9,0.0
6573406189,DP0043,40.0,24.6,0.0
6573406190,DP0027,40.0,20.4,0.0
6573406191,DP0008,40.0,22.9,0.0
6573406192,DP0028,40.0,18.5,0.0
6573406193,DP0041,40.0,21.9,0.0
6573406194,DP0041,60.0,49.8,0.0
6573406195,DP0020,75.0,71.3,0.0
6573406196,DP0048,45.0,47.0,1.0
6573406197,DP0005,55.0,44.8,0.0
6573406198,DP0041,40.0,25.2,0.0
6573406199,DP0041,40.0,26.5,0.0
6573406200,DP0005,40.0,24.8,0.0
6573406201,DP0028,40.0,23.7,0.0
6573406202,DP0041,40.0,25.2,0.0
6573406203,DP0005,55.0,37.0,0.0
6573406204,DP0038,55.0,39.8,0.0
6573406205,DP0041,55.0,36.6,0.0
6573406206,DP0041,55.0,34.6,0.0
6573406207,DP0005,55.0,33.6,0.0
6573406208,DP0041,55.0,33.8,0.0
6573406209,DP0015,55.0,35.1,0.0
6573406210,DP0013,55.0,35.7,0.0
6573406211,DP0041,55.0,34.4,0.0
6573406212,DP0037,55.0,33.3,0.0
6573406213,DP0043,60.0,38.3,0.0
6573406214,DP0005,45.0,34.7,0.0
6573406215,DP0041,50.0,39.7,0.0
6573406216,,,,
6573406217,,,,
6573406218,,,,
6573406219,,,,
6573406220,DP0041,45.0,22.8,0.0
6573406221,DP0012,50.0,30.7,0.0
6573406222,DP0043,65.0,46.1,0.0
6573406223,DP0041,50.0,30.2,0.0
6573406224,DP0041,55.0,28.2,0.0
6573406225,DP0046,65.0,102.8,1.0
6573406226,DP0038,65.0,88.4,1.0
6573406227,DP0034,65.0,91.2,1.0
6573406228,DP0041,65.0,92.0,1.0
6573406229,DP0005,65.0,94.8,1.0
6573406230,DP0032,45.0,22.2,0.0
6573406231,DP0015,45.0,24.1,0.0
6573406232,DP0021,45.0,22.3,0.0
6573406233,DP0041,40.0,35.5,0.0
6573406234,DP0033,40.0,31.0,0.0
6573406235,DP0043,40.0,35.2,0.0
6573406236,DP0041,40.0,35.9,0.0
6573406237,DP0004,40.0,52.1,1.0
6573406238,DP0005,45.0,28.9,0.0
6573406239,DP0041,80.0,66.3,0.0
6573406240,DP0007,40.0,34.9,0.0
6573406241,DP0030,40.0,35.9,0.0
6573406242,DP0047,50.0,41.3,0.0
6573406243,DP0043,45.0,23.7,0.0
6573406244,DP0043,45.0,23.8,0.0
6573406245,DP0041,45.0,28.6,0.0
6573406246,DP0028,45.0,26.6,0.0
6573406247,DP0037,40.0,30.1,0.0
6573406248,DP0005,40.0,22.2,0.0
6573406249,DP0041,40.0,21.3,0.0
6573406250,DP0012,55.0,46.9,0.0
6573406251,DP0015,55.0,32.9,0.0
6573406252,DP0041,55.0,53.8,0.0
6573406253,DP0033,55.0,43.5,0.0
6573406254,DP0015,65.0,50.3,0.0
6573406255,DP0041,55.0,25.9,0.0
6573406256,DP0033,50.0,30.8,0.0
6573406257,DP0028,50.0,55.9,1.0
6573406258,DP0007,50.0,53.2,1.0
6573406259,DP0002,50.0,51.8,1.0
6573406260,DP0043,50.0,53.0,1.0
6573406261,DP0041,50.0,54.2,1.0
6573406262,DP0041,40.0,20.5,0.0
6573406263,DP0041,50.0,27.0,0.0
6573406264,DP0019,50.0,44.5,0.0
6573406265,DP0024,65.0,42.1,0.0
6573406266,DP0008,65.0,35.9,0.0
6573406267,DP0041,65.0,43.9,0.0
6573406268,DP0006,65.0,43.1,0.0
6573406269,DP0015,65.0,42.4,0.0
6573406270,DP0010,45.0,28.4,0.0
6573406271,DP0041,45.0,25.3,0.0
6573406272,DP0041,65.0,50.1,0.0
6573406273,DP0041,45.0,32.4,0.0
6573406274,DP0041,40.0,18.1,0.0
6573406275,DP0007,40.0,38.6,0.0
6573406276,DP0038,85.0,57.2,0.0
6573406277,DP0041,40.0,21.2,0.0
6573406278,DP0028,50.0,39.6,0.0
6573406279,DP0041,50.0,29.0,0.0
6573406280,DP0028,50.0,45.3,0.0
6573406281,DP0041,55.0,29.3,0.0
6573406282,DP0005,65.0,46.3,0.0
6573406283,DP0048,65.0,67.3,1.0
6573406284,DP0005,65.0,50.1,0.0
6573406285,DP0041,65.0,46.4,0.0
6573406286,DP0041,65.0,52.5,0.0
6573406287,DP0041,40.0,19.8,0.0
6573406288,DP0039,40.0,20.1,0.0
6573406289,DP0028,40.0,27.6,0.0
6573406290,DP0041,55.0,53.6,0.0
6573406291,DP0038,45.0,30.0,0.0
6573406292,DP0041,45.0,28.1,0.0
6573406293,DP0026,45.0,28.5,0.0
6573406294,DP0014,45.0,28.2,0.0
6573406295,DP0041,45.0,22.2,0.0
6573406296,DP0043,55.0,30.2,0.0
6573406297,DP0041,55.0,27.3,0.0
6573406298,DP0041,70.0,59.3,0.0
6573406299,DP0047,50.0,53.6,1.0
6573406300,DP0036,45.0,51.5,1.0
6573406301,DP0008,40.0,28.6,0.0
6573406302,DP0030,40.0,28.2,0.0
6573406303,DP0043,40.0,29.5,0.0
6573406304,DP0028,50.0,31.3,0.0
6573406305,DP0007,40.0,24.4,0.0
6573406306,DP0041,65.0,35.8,0.0
6573406307,DP0041,50.0,43.5,0.0
6573406308,DP0012,50.0,19.4,0.0
6573406309,,,,
6573406310,DP0009,40.0,35.9,0.0
6573406311,DP0041,40.0,33.6,0.0
6573406312,DP0039,40.0,38.4,0.0
6573406313,DP0043,45.0,38.9,0.0
6573406314,DP0005,65.0,65.8,1.0
6573406315,DP0043,65.0,66.6,1.0
6573406316,DP0043,65.0,64.2,0.0
6573406317,DP0006,65.0,62.3,0.0
6573406318,DP0007,50.0,39.4,0.0
6573406319,DP0009,50.0,29.4,0.0
6573406320,DP0041,45.0,19.0,0.0
6573406321,DP0008,40.0,30.9,0.0
6573406322,DP0024,40.0,28.1,0.0
6573406323,DP0043,50.0,44.2,0.0
6573406324,DP0010,55.0,43.1,0.0
6573406325,DP0020,55.0,41.1,0.0
6573406326,DP0038,55.0,31.0,0.0
6573406327,DP0041,55.0,31.9,0.0
6573406328,DP0041,50.0,34.0,0.0
6573406329,DP0005,40.0,7.8,0.0
6573406330,DP0041,40.0,5.3,0.0
6573406331,DP0041,40.0,7.7,0.0
6573406332,DP0019,65.0,46.8,0.0
6573406333,DP0028,50.0,24.1,0.0
6573406334,DP0033,50.0,22.8,0.0
6573406335,DP0005,50.0,46.9,0.0
6573406336,DP0041,40.0,29.1,0.0
6573406337,DP0041,40.0,29.0,0.0
6573406338,DP0003,40.0,28.5,0.0
6573406339,DP0018,45.0,27.9,0.0
6573406340,DP0041,60.0,39.7,0.0
6573406341,DP0041,55.0,37.8,0.0
6573406342,DP0033,55.0,33.4,0.0
6573406343,DP0041,65.0,45.1,0.0
6573406344,DP0020,55.0,42.0,0.0
6573406345,DP0009,65.0,45.2,0.0
6573406346,DP0015,70.0,41.3,0.0
6573406347,DP0044,50.0,30.8,0.0
6573406348,DP0013,60.0,87.9,1.0
6573406349,DP0024,60.0,91.2,1.0
6573406350,DP0041,60.0,88.1,1.0
6573406351,DP0043,60.0,95.1,1.0
6573406352,DP0005,60.0,83.6,1.0
6573406353,DP0041,60.0,39.4,0.0
6573406354,DP0028,50.0,36.6,0.0
6573406355,DP0041,50.0,50.4,1.0
6573406356,DP0021,55.0,50.3,0.0
6573406357,DP0041,55.0,43.2,0.0
6573406358,DP0041,55.0,44.6,0.0
6573406359,DP0041,55.0,42.7,0.0
6573406360,DP0005,55.0,46.3,0.0
6573406361,DP0010,50.0,32.4,0.0
6573406362,DP0047,55.0,29.2,0.0
6573406363,DP0041,45.0,76.7,1.0
6573406364,DP0005,45.0,26.5,0.0
6573406365,DP0041,50.0,34.7,0.0
6573406366,DP0002,65.0,42.0,0.0
6573406367,DP0047,55.0,74.3,1.0
6573406368,DP0002,40.0,24.6,0.0
6573406369,DP0015,50.0,28.7,0.0
6573406370,DP0046,50.0,42.7,0.0
6573406371,DP0009,50.0,31.5,0.0
6573406372,DP0015,50.0,34.9,0.0
6573406373,DP0002,50.0,28.8,0.0
6573406374,DP0005,50.0,33.3,0.0
6573406375,DP0019,55.0,47.9,0.0
6573406376,DP0018,60.0,38.5,0.0
6573406377,DP0041,40.0,50.0,1.0
6573406378,DP0041,40.0,35.7,0.0
6573406379,DP0041,40.0,35.4,0.0
6573406380,DP0019,40.0,33.1,0.0
6573406381,DP0013,40.0,33.8,0.0
6573406382,DP0026,40.0,29.9,0.0
6573406383,DP0010,65.0,41.9,0.0
6573406384,DP0015,40.0,24.6,0.0
6573406385,DP0041,55.0,29.1,0.0
6573406386,DP0028,40.0,22.4,0.0
6573406387,DP0041,50.0,33.0,0.0
6573406388,DP0041,55.0,34.4,0.0
6573406389,DP0015,50.0,15.7,0.0
6573406390,DP0004,50.0,50.9,1.0
6573406391,DP0019,45.0,32.8,0.0
6573406392,DP0041,45.0,29.0,0.0
6573406393,DP0041,45.0,25.1,0.0
6573406394,DP0043,45.0,30.0,0.0
6573406395,DP0041,45.0,26.4,0.0
6573406396,DP0034,45.0,53.0,1.0
6573406397,DP0043,70.0,52.1,0.0
6573406398,DP0013,45.0,23.7,0.0
6573406399,DP0005,55.0,49.2,0.0
6573406400,DP0043,55.0,37.0,0.0
6573406401,DP0046,45.0,59.4,1.0
6573406402,DP0014,90.0,55.1,0.0
6573406403,DP0038,45.0,21.5,0.0
6573406404,DP0023,40.0,22.1,0.0
6573406405,DP0041,55.0,33.9,0.0
6573406406,DP0026,55.0,33.1,0.0
6573406407,DP0041,55.0,32.3,0.0
6573406408,DP0050,55.0,45.1,0.0
6573406409,DP0041,55.0,30.1,0.0
6573406410,DP0028,50.0,41.5,0.0
6573406411,DP0009,55.0,35.8,0.0
6573406412,DP0006,55.0,38.4,0.0
6573406413,DP0040,55.0,35.1,0.0
6573406414,DP0015,55.0,35.1,0.0
6573406415,DP0041,55.0,34.1,0.0
6573406416,DP0041,40.0,20.8,0.0
6573406417,DP0008,40.0,31.8,0.0
6573406418,DP0039,40.0,39.6,0.0
6573406419,DP0041,45.0,37.8,0.0
6573406420,DP0041,45.0,32.1,0.0
6573406421,DP0041,45.0,35.2,0.0
6573406422,DP0015,45.0,34.2,0.0
6573406423,DP0005,45.0,30.7,0.0
6573406424,DP0041,65.0,43.3,0.0
6573406425,DP0029,40.0,26.3,0.0
6573406426,DP0005,40.0,27.4,0.0
6573406427,DP0009,40.0,28.1,0.0
6573406428,DP0043,40.0,23.8,0.0
6573406429,DP0041,40.0,22.7,0.0
6573406430,DP0013,50.0,49.6,0.0
6573406431,DP0041,50.0,50.9,1.0
6573406432,DP0041,55.0,47.0,0.0
6573406433,DP0015,55.0,51.2,0.0
6573406434,DP0041,55.0,54.1,0.0
6573406435,DP0041,55.0,30.3,0.0
6573406436,DP0041,65.0,40.2,0.0
6573406437,DP0036,65.0,37.5,0.0
6573406438,DP0049,65.0,41.9,0.0
6573406439,DP0001,65.0,38.9,0.0
6573406440,DP0041,65.0,39.7,0.0
6573406441,DP0007,40.0,22.3,0.0
6573406442,DP0047,40.0,19.3,0.0
6573406443,DP0008,40.0,15.5,0.0
6573406444,DP0041,40.0,17.9,0.0
6573406445,DP0043,40.0,24.6,0.0
6573406446,DP0030,40.0,29.5,0.0
6573406447,DP0050,45.0,39.4,0.0
6573406448,DP0041,55.0,34.4,0.0
6573406449,DP0044,40.0,27.0,0.0
6573406450,DP0041,55.0,40.0,0.0
6573406451,DP0041,55.0,36.8,0.0
6573406452,DP0026,55.0,40.0,0.0
6573406453,DP0005,55.0,38.7,0.0
6573406454,DP0041,55.0,38.9,0.0
6573406455,DP0003,45.0,26.2,0.0
6573406456,DP0041,45.0,31.3,0.0
6573406457,DP0041,45.0,27.2,0.0
6573406458,DP0041,45.0,30.0,0.0
6573406459,DP0043,45.0,30.8,0.0
6573406460,DP0041,50.0,24.8,0.0
6573406461,DP0019,50.0,24.5,0.0
6573406462,DP0043,50.0,22.9,0.0
6573406463,DP0043,55.0,41.8,0.0
6573406464,DP0020,55.0,38.3,0.0
6573406465,DP0005,55.0,41.0,0.0
6573406466,DP0019,55.0,37.2,0.0
6573406467,DP0041,55.0,34.6,0.0
6573406468,DP0019,55.0,46.6,0.0
6573406469,DP0023,60.0,41.3,0.0
6573406470,DP0037,70.0,48.8,0.0
6573406471,DP0015,55.0,38.3,0.0
6573406472,DP0003,45.0,40.1,0.0
6573406473,DP0019,40.0,46.3,1.0
6573406474,DP0033,50.0,32.9,0.0
6573406475,DP0003,45.0,30.8,0.0
6573406476,DP0034,50.0,38.9,0.0
6573406477,DP0001,50.0,36.7,0.0
6573406478,DP0041,50.0,39.9,0.0
6573406479,DP0041,50.0,39.6,0.0
6573406480,DP0019,50.0,42.1,0.0
6573406481,DP0019,65.0,33.1,0.0
6573406482,DP0039,50.0,32.3,0.0
6573406483,DP0048,50.0,51.9,1.0
6573406484,DP0043,50.0,31.4,0.0
6573406485,DP0041,50.0,35.9,0.0
6573406486,DP0041,50.0,31.2,0.0
6573406487,DP0026,50.0,38.5,0.0
6573406488,DP0027,55.0,30.4,0.0
6573406489,DP0041,55.0,36.0,0.0
6573406490,DP0043,60.0,39.0,0.0
6573406491,DP0041,60.0,50.1,0.0
6573406492,DP0041,40.0,34.0,0.0
6573406493,DP0008,75.0,58.2,0.0
6573406494,DP0041,55.0,39.1,0.0
6573406495,DP0041,45.0,51.6,1.0
6573406496,DP0020,45.0,40.0,0.0
6573406497,DP0041,55.0,31.3,0.0
6573406498,DP0005,65.0,46.1,0.0
6573406499,DP0010,50.0,49.2,0.0
6573406500,DP0036,45.0,35.9,0.0
6573406501,DP0041,55.0,35.6,0.0
6573406502,DP0032,65.0,53.9,0.0
6573406503,DP0030,50.0,24.6,0.0
6573406504,DP0006,55.0,37.9,0.0
6573406505,DP0041,55.0,39.5,0.0
6573406506,DP0041,40.0,28.3,0.0
6573406507,DP0005,55.0,38.8,0.0
6573406508,DP0031,50.0,27.2,0.0
6573406509,DP0030,50.0,29.5,0.0
6573406510,DP0009,50.0,33.4,0.0
6573406511,DP0041,50.0,31.6,0.0
6573406512,DP0005,50.0,32.7,0.0
6573406513,DP0041,50.0,25.1,0.0
6573406514,DP0041,50.0,39.8,0.0
6573406515,DP0041,55.0,32.8,0.0
6573406516,DP0001,50.0,49.5,0.0
6573406517,DP0043,45.0,44.0,0.0
6573406518,DP0041,40.0,34.4,0.0
6573406519,DP0007,60.0,42.9,0.0
6573406520,DP0041,45.0,22.8,0.0
6573406521,DP0041,45.0,18.8,0.0
6573406522,DP0005,55.0,55.4,1.0
6573406523,DP0028,55.0,30.8,0.0
6573406524,DP0019,50.0,30.9,0.0
6573406525,DP0019,40.0,28.1,0.0
6573406526,DP0004,40.0,38.9,0.0
6573406527,DP0040,40.0,28.8,0.0
6573406528,DP0005,40.0,23.5,0.0
6573406529,DP0019,40.0,30.6,0.0
6573406530,DP0033,50.0,37.8,0.0
6573406531,DP0033,45.0,20.6,0.0
6573406532,DP0041,50.0,36.8,0.0
6573406533,DP0037,50.0,36.1,0.0
6573406534,DP0028,50.0,35.8,0.0
6573406535,DP0041,50.0,37.2,0.0
6573406536,DP0005,50.0,36.4,0.0
6573406537,DP0012,100.0,84.1,0.0
6573406538,DP0019,50.0,29.5,0.0
6573406539,DP0005,50.0,34.3,0.0
6573406540,DP0041,50.0,34.8,0.0
6573406541,DP0043,50.0,28.5,0.0
6573406542,DP0046,50.0,51.6,1.0
6573406543,DP0038,45.0,30.1,0.0
6573406544,DP0041,45.0,32.0,0.0
6573406545,DP0015,45.0,36.5,0.0
6573406546,DP0041,45.0,34.1,0.0
6573406547,DP0043,45.0,29.0,0.0
6573406548,DP0005,45.0,29.9,0.0
6573406549,DP0019,50.0,29.4,0.0
6573406550,DP0027,50.0,48.1,0.0
6573406551,DP0041,50.0,29.7,0.0
6573406552,DP0047,50.0,29.0,0.0
6573406553,DP0005,50.0,27.5,0.0
6573406554,DP0019,50.0,30.1,0.0
6573406555,DP0038,50.0,35.3,0.0
6573406556,DP0043,40.0,39.0,0.0
6573406557,DP0043,55.0,38.1,0.0
6573406558,DP0043,55.0,39.8,0.0
6573406559,,,,
6573406560,DP0009,75.0,46.7,0.0
6573406561,DP0041,40.0,22.6,0.0
6573406562,DP0039,60.0,33.5,0.0
6573406563,DP0015,55.0,42.1,0.0
6573406564,DP0041,55.0,40.9,0.0
6573406565,DP0041,55.0,41.3,0.0
6573406566,DP0041,55.0,35.0,0.0
6573406567,DP0041,55.0,36.4,0.0
6573406568,DP0041,55.0,34.4,0.0
6573406569,DP0008,55.0,33.5,0.0
6573406570,DP0041,55.0,45.0,0.0
6573406571,DP0005,55.0,39.8,0.0
6573406572,DP0040,55.0,47.0,0.0
6573406573,DP0015,55.0,45.8,0.0
6573406574,DP0043,40.0,32.9,0.0
6573406575,DP0041,40.0,38.8,0.0
6573406576,DP0041,40.0,32.4,0.0
6573406577,DP0019,40.0,39.3,0.0
6573406578,DP0050,40.0,55.1,1.0
6573406579,DP0019,55.0,44.5,0.0
6573406580,DP0005,55.0,43.1,0.0
6573406581,DP0011,40.0,21.1,0.0
6573406582,DP0043,40.0,29.2,0.0
6573406583,DP0007,45.0,27.9,0.0
6573406584,DP0008,40.0,29.8,0.0
6573406585,DP0015,45.0,31.1,0.0
6573406586,DP0032,50.0,45.3,0.0
6573406587,DP0005,50.0,35.5,0.0
6573406588,DP0041,50.0,33.3,0.0
6573406589,DP0041,50.0,30.0,0.0
6573406590,DP0042,55.0,60.7,1.0
6573406591,DP0041,55.0,59.4,1.0
6573406592,DP0007,65.0,40.2,0.0
6573406593,DP0041,50.0,24.1,0.0
6573406594,DP0019,55.0,43.5,0.0
6573406595,DP0041,45.0,28.9,0.0
6573406596,DP0029,55.0,29.4,0.0
6573406597,DP0041,55.0,29.7,0.0
6573406598,DP0018,55.0,28.1,0.0
6573406599,DP0001,55.0,24.8,0.0
6573406600,DP0023,55.0,28.8,0.0
6573406601,DP0041,50.0,28.0,0.0
6573406602,DP0041,50.0,26.0,0.0
6573406603,DP0046,40.0,49.6,1.0
6573406604,DP0002,40.0,34.2,0.0
6573406605,DP0003,40.0,30.6,0.0
6573406606,DP0041,50.0,35.2,0.0
6573406607,DP0041,45.0,29.3,0.0
6573406608,DP0043,40.0,27.7,0.0
6573406609,DP0012,55.0,37.5,0.0
6573406610,DP0041,40.0,19.1,0.0
6573406611,DP0048,50.0,61.7,1.0
6573406612,DP0002,40.0,16.1,0.0
6573406613,DP0041,75.0,45.1,0.0
6573406614,DP0041,55.0,48.1,0.0
6573406615,DP0022,50.0,32.6,0.0
6573406616,DP0041,40.0,31.8,0.0
6573406617,DP0041,40.0,25.0,0.0
6573406618,DP0043,90.0,85.0,0.0
6573406619,DP0041,55.0,38.6,0.0
6573406620,DP0006,55.0,27.3,0.0
6573406621,DP0002,65.0,53.3,0.0
6573406622,DP0019,55.0,47.7,0.0
6573406623,DP0019,50.0,27.5,0.0
6573406624,DP0005,40.0,22.9,0.0
6573406625,DP0025,40.0,27.6,0.0
6573406626,DP0043,50.0,46.0,0.0
6573406627,DP0015,50.0,49.4,0.0
6573406628,DP0036,45.0,42.7,0.0
6573406629,DP0041,45.0,40.7,0.0
6573406630,DP0002,45.0,36.4,0.0
6573406631,DP0021,45.0,38.1,0.0
6573406632,DP0041,45.0,41.8,0.0
6573406633,DP0015,50.0,26.1,0.0
6573406634,DP0025,50.0,37.5,0.0
6573406635,DP0038,55.0,37.1,0.0
6573406636,DP0043,45.0,28.5,0.0
6573406637,DP0041,45.0,33.2,0.0
6573406638,DP0041,45.0,31.7,0.0
6573406639,DP0038,40.0,31.0,0.0
6573406640,DP0007,40.0,30.7,0.0
6573406641,DP0018,45.0,28.6,0.0
6573406642,DP0008,50.0,19.7,0.0
6573406643,DP0032,55.0,76.6,1.0
6573406644,DP0043,55.0,78.7,1.0
6573406645,DP0005,55.0,72.3,1.0
6573406646,DP0024,55.0,82.0,1.0
6573406647,DP0047,40.0,26.0,0.0
6573406648,DP0026,40.0,33.7,0.0
6573406649,DP0024,45.0,43.9,0.0
6573406650,DP0008,45.0,53.2,1.0
6573406651,DP0041,50.0,35.8,0.0
6573406652,DP0005,45.0,33.4,0.0
6573406653,DP0048,40.0,36.4,0.0
6573406654,DP0005,40.0,22.9,0.0
6573406655,DP0043,40.0,23.5,0.0
6573406656,DP0019,60.0,48.1,0.0
6573406657,DP0005,55.0,33.9,0.0
6573406658,DP0047,40.0,39.7,0.0
6573406659,DP0015,80.0,65.5,0.0
6573406660,DP0043,40.0,32.3,0.0
6573406661,DP0030,50.0,32.9,0.0
6573406662,DP0035,50.0,29.3,0.0
6573406663,DP0039,50.0,28.7,0.0
6573406664,DP0033,50.0,34.0,0.0
6573406665,DP0014,50.0,28.6,0.0
6573406666,DP0041,50.0,38.4,0.0
6573406667,DP0019,60.0,60.8,1.0
6573406668,DP0041,50.0,43.4,0.0
6573406669,DP0041,65.0,45.5,0.0
6573406670,DP0019,40.0,37.0,0.0
6573406671,DP0041,70.0,60.6,0.0
6573406672,DP0041,50.0,39.6,0.0
6573406673,DP0038,50.0,33.1,0.0
6573406674,DP0041,45.0,59.0,1.0
6573406675,DP0029,55.0,36.0,0.0
6573406676,DP0041,55.0,37.7,0.0
6573406677,DP0041,55.0,36.7,0.0
6573406678,DP0043,55.0,38.3,0.0
6573406679,DP0039,55.0,38.4,0.0
6573406680,DP0031,55.0,32.6,0.0
6573406681,DP0047,65.0,49.8,0.0
6573406682,DP0041,55.0,31.4,0.0
6573406683,DP0011,50.0,34.4,0.0
6573406684,DP0018,40.0,16.1,0.0
6573406685,DP0003,40.0,22.6,0.0
6573406686,DP0019,40.0,36.2,0.0
6573406687,DP0041,60.0,39.3,0.0
6573406688,DP0033,40.0,23.7,0.0
6573406689,DP0041,40.0,23.7,0.0
6573406690,DP0038,65.0,50.5,0.0
6573406691,DP0019,65.0,50.8,0.0
6573406692,DP0043,65.0,50.4,0.0
6573406693,DP0046,65.0,66.4,1.0
6573406694,DP0041,65.0,48.0,0.0
6573406695,DP0043,55.0,31.9,0.0
6573406696,DP0017,65.0,42.6,0.0
6573406697,DP0038,40.0,24.7,0.0
6573406698,DP0041,50.0,65.1,1.0
6573406699,DP0050,50.0,47.3,0.0
6573406700,DP0041,45.0,25.1,0.0
6573406701,DP0041,60.0,33.0,0.0
6573406702,DP0019,45.0,23.9,0.0
6573406703,DP0033,45.0,21.9,0.0
6573406704,DP0041,45.0,27.2,0.0
6573406705,DP0041,45.0,30.0,0.0
6573406706,DP0041,45.0,26.8,0.0
6573406707,DP0041,65.0,48.5,0.0
6573406708,DP0007,65.0,49.7,0.0
6573406709,DP0041,65.0,46.8,0.0
6573406710,DP0012,65.0,52.2,0.0
6573406711,DP0041,50.0,41.9,0.0
6573406712,DP0047,50.0,42.6,0.0
6573406713,DP0015,40.0,27.1,0.0
6573406714,DP0050,80.0,69.8,0.0
6573406715,DP0019,65.0,39.4,0.0
6573406716,DP0041,40.0,34.3,0.0
6573406717,DP0041,40.0,47.9,1.0
6573406718,DP0041,50.0,27.9,0.0
6573406719,DP0005,40.0,30.6,0.0
6573406720,DP0041,45.0,46.9,1.0
6573406721,DP0041,50.0,33.4,0.0
6573406722,DP0041,50.0,32.1,0.0
6573406723,DP0041,45.0,31.1,0.0
6573406724,DP0008,55.0,35.8,0.0
6573406725,DP0041,50.0,43.1,0.0
6573406726,DP0019,50.0,36.5,0.0
6573406727,DP0008,50.0,36.1,0.0
6573406728,DP0005,50.0,36.6,0.0
6573406729,DP0037,50.0,35.9,0.0
6573406730,DP0043,40.0,19.7,0.0
6573406731,DP0041,65.0,47.2,0.0
6573406732,DP0041,50.0,46.4,0.0
6573406733,DP0015,40.0,25.6,0.0
6573406734,DP0001,40.0,27.6,0.0
6573406735,DP0041,40.0,26.7,0.0
6573406736,DP0021,40.0,29.7,0.0
6573406737,DP0041,40.0,26.1,0.0
6573406738,DP0008,50.0,53.4,1.0
6573406739,DP0031,55.0,23.3,0.0
6573406740,DP0041,45.0,28.4,0.0
6573406741,DP0005,55.0,54.1,0.0
6573406742,DP0043,50.0,27.7,0.0
6573406743,DP0046,50.0,50.8,1.0
6573406744,DP0041,50.0,28.4,0.0
6573406745,DP0034,50.0,24.0,0.0
6573406746,DP0041,50.0,32.5,0.0
6573406747,DP0007,45.0,29.2,0.0
6573406748,DP0019,65.0,47.5,0.0
6573406749,DP0017,50.0,34.7,0.0
6573406750,DP0041,50.0,27.3,0.0
6573406751,DP0007,50.0,26.3,0.0
6573406752,DP0041,50.0,26.1,0.0
6573406753,DP0036,50.0,26.3,0.0
6573406754,DP0043,50.0,26.4,0.0
6573406755,DP0015,65.0,56.4,0.0
6573406756,DP0041,40.0,37.7,0.0
6573406757,DP0005,70.0,47.2,0.0
6573406758,DP0041,50.0,50.0,0.0
6573406759,DP0039,65.0,55.6,0.0
6573406760,DP0041,45.0,32.1,0.0
6573406761,DP0020,55.0,37.9,0.0
6573406762,DP0041,55.0,40.5,0.0
6573406763,DP0049,55.0,36.8,0.0
6573406764,DP0014,55.0,39.6,0.0
6573406765,DP0041,55.0,41.8,0.0
6573406766,DP0028,55.0,39.3,0.0
6573406767,DP0041,55.0,40.1,0.0
6573406768,DP0043,55.0,42.1,0.0
6573406769,DP0041,40.0,33.0,0.0
6573406770,DP0009,50.0,25.4,0.0
6573406771,DP0008,45.0,37.9,0.0
6573406772,DP0041,45.0,36.7,0.0
6573406773,DP0015,45.0,30.4,0.0
6573406774,DP0039,45.0,35.7,0.0
6573406775,DP0034,45.0,38.4,0.0
6573406776,DP0041,40.0,50.6,1.0
6573406777,DP0041,45.0,29.6,0.0
6573406778,DP0041,45.0,27.3,0.0
6573406779,DP0044,45.0,27.9,0.0
6573406780,DP0005,45.0,30.3,0.0
6573406781,DP0019,50.0,41.4,0.0
6573406782,DP0041,50.0,30.9,0.0
6573406783,DP0041,50.0,37.4,0.0
6573406784,DP0038,45.0,57.2,1.0
6573406785,DP0005,50.0,24.6,0.0
6573406786,DP0039,90.0,68.2,0.0
6573406787,DP0041,50.0,29.8,0.0
6573406788,DP0005,40.0,18.9,0.0
6573406789,DP0028,45.0,28.9,0.0
6573406790,DP0024,40.0,53.3,1.0
6573406791,DP0041,50.0,43.9,0.0
6573406792,DP0041,70.0,63.8,0.0
6573406793,DP0008,55.0,31.1,0.0
6573406794,DP0005,55.0,36.9,0.0
6573406795,DP0044,55.0,33.8,0.0
6573406796,DP0041,55.0,33.2,0.0
6573406797,DP0041,55.0,38.9,0.0
6573406798,DP0048,55.0,49.5,0.0
6573406799,DP0041,45.0,35.9,0.0
6573406800,DP0002,75.0,54.1,0.0
6573406801,DP0002,95.0,65.2,0.0
6573406802,DP0041,95.0,69.1,0.0
6573406803,DP0023,95.0,58.7,0.0
6573406804,DP0039,55.0,42.4,0.0
6573406805,DP0041,55.0,45.8,0.0
6573406806,DP0041,55.0,49.1,0.0
6573406807,DP0041,55.0,46.6,0.0
6573406808,DP0041,55.0,47.3,0.0
6573406809,DP0021,50.0,43.0,0.0
6573406810,DP0050,50.0,45.7,0.0
6573406811,DP0041,45.0,32.2,0.0
6573406812,DP0043,40.0,31.3,0.0
6573406813,DP0019,60.0,41.8,0.0
6573406814,DP0049,45.0,29.9,0.0
6573406815,DP0041,55.0,38.3,0.0
6573406816,DP0043,45.0,19.5,0.0
6573406817,DP0041,50.0,53.6,1.0
6573406818,DP0043,50.0,43.1,0.0
6573406819,DP0041,60.0,32.1,0.0
6573406820,DP0049,50.0,42.0,0.0
6573406821,DP0041,50.0,29.3,0.0
6573406822,DP0048,50.0,50.4,1.0
6573406823,DP0008,50.0,29.0,0.0
6573406824,DP0041,50.0,33.1,0.0
6573406825,DP0043,50.0,32.8,0.0
6573406826,DP0043,55.0,38.3,0.0
6573406827,DP0041,55.0,30.3,0.0
6573406828,DP0005,55.0,34.8,0.0
6573406829,DP0041,55.0,32.1,0.0
6573406830,DP0041,55.0,37.4,0.0
6573406831,DP0041,40.0,27.8,0.0
6573406832,DP0041,40.0,30.2,0.0
6573406833,DP0041,40.0,33.0,0.0
6573406834,DP0036,40.0,35.9,0.0
6573406835,DP0029,40.0,26.4,0.0
6573406836,DP0043,45.0,33.4,0.0
6573406837,DP0041,45.0,37.8,0.0
6573406838,DP0041,45.0,32.9,0.0
6573406839,DP0041,40.0,28.4,0.0
6573406840,DP0048,40.0,40.7,1.0
6573406841,DP0007,75.0,59.7,0.0
6573406842,DP0041,50.0,26.4,0.0
6573406843,DP0048,50.0,32.7,0.0
6573406844,DP0015,50.0,37.6,0.0
6573406845,DP0049,55.0,37.4,0.0
6573406846,DP0039,55.0,41.0,0.0
6573406847,DP0023,55.0,39.8,0.0
6573406848,DP0043,55.0,30.9,0.0
6573406849,DP0036,55.0,30.4,0.0
6573406850,DP0041,55.0,34.8,0.0
6573406851,DP0008,55.0,44.1,0.0
6573406852,DP0050,65.0,59.5,0.0
6573406853,DP0009,40.0,33.7,0.0
6573406854,DP0041,50.0,38.1,0.0
6573406855,DP0037,55.0,45.8,0.0
6573406856,DP0008,40.0,33.6,0.0
6573406857,DP0005,40.0,25.7,0.0
6573406858,DP0018,55.0,49.9,0.0
6573406859,DP0026,65.0,50.5,0.0
6573406860,DP0041,65.0,51.9,0.0
6573406861,DP0041,40.0,19.2,0.0
6573406862,DP0033,45.0,43.7,0.0
6573406863,DP0039,50.0,34.3,0.0
6573406864,DP0041,65.0,40.4,0.0
6573406865,DP0019,50.0,36.5,0.0
6573406866,DP0041,40.0,34.5,0.0
6573406867,DP0041,40.0,29.3,0.0
6573406868,DP0023,40.0,27.5,0.0
6573406869,DP0020,40.0,33.1,0.0
6573406870,DP0043,40.0,31.8,0.0
6573406871,DP0041,40.0,30.8,0.0
6573406872,DP0014,50.0,50.5,1.0
6573406873,DP0041,55.0,40.3,0.0
6573406874,DP0020,45.0,29.2,0.0
6573406875,DP0041,40.0,37.1,0.0
6573406876,DP0015,40.0,36.8,0.0
6573406877,DP0033,40.0,36.1,0.0
6573406878,DP0041,40.0,40.3,1.0
6573406879,DP0033,40.0,36.3,0.0
6573406880,DP0002,55.0,55.4,1.0
6573406881,DP0041,50.0,31.6,0.0
6573406882,DP0041,40.0,49.3,1.0
6573406883,DP0005,45.0,29.0,0.0
6573406884,DP0041,45.0,30.7,0.0
6573406885,DP0050,45.0,36.2,0.0
6573406886,DP0041,45.0,31.7,0.0
6573406887,DP0041,55.0,41.2,0.0
6573406888,DP0041,55.0,39.3,0.0
6573406889,DP0044,55.0,40.3,0.0
6573406890,DP0041,55.0,39.4,0.0
6573406891,DP0005,50.0,33.4,0.0
6573406892,DP0033,50.0,69.1,1.0
6573406893,DP0044,55.0,60.7,1.0
6573406894,DP0041,55.0,63.0,1.0
6573406895,DP0041,55.0,56.6,1.0
6573406896,DP0041,55.0,60.2,1.0
6573406897,DP0008,55.0,61.3,1.0
6573406898,DP0021,40.0,19.6,0.0
6573406899,DP0041,40.0,21.2,0.0
6573406900,DP0019,75.0,51.7,0.0
6573406901,DP0041,55.0,45.4,0.0
6573406902,DP0027,65.0,55.0,0.0
6573406903,DP0030,40.0,42.9,1.0
6573406904,DP0015,40.0,22.0,0.0
6573406905,DP0041,55.0,39.8,0.0
6573406906,DP0008,55.0,53.9,0.0
6573406907,DP0041,50.0,40.6,0.0
6573406908,DP0041,55.0,40.2,0.0
6573406909,DP0023,65.0,36.1,0.0
6573406910,DP0026,55.0,39.3,0.0
6573406911,DP0008,55.0,38.3,0.0
6573406912,DP0041,45.0,24.1,0.0
6573406913,DP0008,45.0,36.8,0.0
6573406914,DP0041,45.0,32.0,0.0
6573406915,DP0041,45.0,32.8,0.0
6573406916,DP0005,45.0,33.1,0.0
6573406917,DP0041,45.0,33.3,0.0
6573406918,DP0041,45.0,36.9,0.0
6573406919,DP0041,65.0,42.8,0.0
6573406920,DP0041,60.0,52.0,0.0
6573406921,DP0015,60.0,56.2,0.0
6573406922,DP0005,60.0,57.4,0.0
6573406923,DP0041,60.0,57.1,0.0
6573406924,DP0013,60.0,50.4,0.0
6573406925,DP0002,50.0,28.2,0.0
6573406926,DP0030,50.0,42.7,0.0
6573406927,DP0041,45.0,24.1,0.0
6573406928,DP0030,55.0,27.6,0.0
6573406929,DP0041,40.0,24.8,0.0
6573406930,DP0002,55.0,50.7,0.0
6573406931,DP0043,85.0,53.5,0.0
6573406932,DP0041,85.0,51.5,0.0
6573406933,DP0041,85.0,55.3,0.0
6573406934,DP0015,50.0,40.3,0.0
6573406935,DP0041,40.0,27.4,0.0
6573406936,DP0012,65.0,40.3,0.0
6573406937,DP0019,45.0,19.6,0.0
6573406938,DP0016,45.0,32.5,0.0
6573406939,DP0041,40.0,26.3,0.0
6573406940,DP0041,50.0,39.5,0.0
6573406941,DP0038,50.0,38.7,0.0
6573406942,DP0028,50.0,40.1,0.0
6573406943,DP0043,50.0,37.2,0.0
6573406944,DP0041,50.0,35.3,0.0
6573406945,DP0041,45.0,57.1,1.0
6573406946,DP0041,55.0,34.1,0.0
6573406947,DP0043,60.0,53.2,0.0
6573406948,DP0041,50.0,35.0,0.0
6573406949,DP0041,50.0,32.7,0.0
6573406950,DP0041,50.0,39.9,0.0
6573406951,DP0041,50.0,34.4,0.0
6573406952,DP0039,50.0,37.8,0.0
6573406953,DP0041,40.0,27.8,0.0
6573406954,DP0007,50.0,25.8,0.0
6573406955,DP0041,50.0,28.5,0.0
6573406956,DP0023,50.0,24.6,0.0
6573406957,DP0003,50.0,21.9,0.0
6573406958,DP0012,50.0,18.7,0.0
6573406959,DP0041,60.0,42.9,0.0
6573406960,DP0005,60.0,44.3,0.0
6573406961,DP0043,60.0,44.3,0.0
6573406962,DP0041,60.0,45.2,0.0
6573406963,DP0041,60.0,47.1,0.0
6573406964,DP0017,45.0,44.8,0.0
6573406965,DP0015,50.0,25.6,0.0
6573406966,DP0027,40.0,49.3,1.0
6573406967,DP0041,55.0,25.7,0.0
6573406968,DP0018,75.0,56.0,0.0
6573406969,DP0043,40.0,34.6,0.0
6573406970,DP0041,85.0,68.3,0.0
6573406971,DP0041,50.0,33.9,0.0
6573406972,DP0049,45.0,24.0,0.0
6573406973,DP0041,55.0,42.7,0.0
6573406974,DP0041,65.0,50.0,0.0
6573406975,DP0019,55.0,35.5,0.0
6573406976,DP0041,45.0,27.0,0.0
6573406977,DP0041,55.0,63.5,1.0
6573406978,DP0015,40.0,31.0,0.0
6573406979,DP0009,45.0,33.3,0.0
6573406980,DP0041,40.0,14.6,0.0
6573406981,DP0050,75.0,63.2,0.0
6573406982,DP0005,75.0,52.6,0.0
6573406983,DP0019,75.0,54.3,0.0
6573406984,DP0043,75.0,50.0,0.0
6573406985,DP0039,75.0,54.7,0.0
6573406986,DP0041,40.0,37.8,0.0
6573406987,DP0027,55.0,45.8,0.0
6573406988,DP0041,40.0,39.9,0.0
6573406989,DP0043,45.0,39.8,0.0
6573406990,DP0005,50.0,25.9,0.0
6573406991,DP0041,50.0,31.4,0.0
6573406992,DP0039,50.0,26.8,0.0
6573406993,DP0041,65.0,56.0,0.0
6573406994,DP0050,55.0,61.3,1.0
6573406995,DP0041,55.0,39.8,0.0
6573406996,DP0041,55.0,39.3,0.0
6573406997,DP0023,55.0,38.8,0.0
6573406998,DP0041,55.0,36.7,0.0
6573406999,DP0041,70.0,60.8,0.0
6573407000,DP0049,50.0,64.6,1.0
6573407001,DP0041,65.0,43.5,0.0
6573407002,DP0041,65.0,39.8,0.0
6573407003,DP0024,55.0,40.5,0.0
6573407004,DP0008,50.0,34.5,0.0
6573407005,DP0031,65.0,66.1,1.0
6573407006,DP0041,65.0,67.4,1.0
6573407007,DP0034,65.0,67.7,1.0
6573407008,DP0041,65.0,65.1,1.0
6573407009,DP0044,65.0,64.3,0.0
6573407010,DP0041,60.0,48.8,0.0
6573407011,DP0041,70.0,53.6,0.0
6573407012,DP0041,70.0,52.9,0.0
6573407013,DP0041,70.0,56.1,0.0
6573407014,DP0028,70.0,53.6,0.0
6573407015,DP0041,70.0,49.7,0.0
6573407016,DP0041,45.0,24.5,0.0
6573407017,DP0027,55.0,28.1,0.0
6573407018,DP0043,55.0,46.4,0.0
6573407019,DP0026,55.0,32.5,0.0
6573407020,DP0002,40.0,40.7,1.0
6573407021,DP0041,50.0,22.8,0.0
6573407022,DP0041,50.0,32.6,0.0
6573407023,DP0043,50.0,32.4,0.0
6573407024,DP0043,50.0,38.9,0.0
6573407025,DP0048,45.0,41.3,0.0
6573407026,DP0043,45.0,24.6,0.0
6573407027,DP0043,45.0,25.6,0.0
6573407028,DP0009,45.0,23.5,0.0
6573407029,DP0041,45.0,20.3,0.0
6573407030,DP0043,70.0,50.3,0.0
6573407031,DP0041,70.0,53.9,0.0
6573407032,DP0041,70.0,50.6,0.0
6573407033,DP0015,70.0,51.5,0.0
6573407034,DP0005,70.0,56.1,0.0
6573407035,DP0029,50.0,34.3,0.0
6573407036,DP0026,55.0,43.7,0.0
6573407037,DP0041,55.0,53.7,0.0
6573407038,DP0008,45.0,25.8,0.0
6573407039,DP0041,40.0,21.4,0.0
6573407040,DP0043,60.0,41.0,0.0
6573407041,DP0010,60.0,43.0,0.0
6573407042,DP0043,60.0,42.7,0.0
6573407043,DP0032,60.0,42.0,0.0
6573407044,DP0015,60.0,45.0,0.0
6573407045,DP0041,60.0,45.4,0.0
6573407046,DP0047,40.0,27.4,0.0
6573407047,DP0041,40.0,20.5,0.0
6573407048,DP0039,55.0,40.9,0.0
6573407049,DP0005,55.0,42.1,0.0
6573407050,DP0041,45.0,35.3,0.0
6573407051,DP0041,45.0,42.3,0.0
6573407052,DP0005,50.0,36.0,0.0
6573407053,DP0034,65.0,56.2,0.0
6573407054,DP0004,40.0,54.1,1.0
6573407055,DP0041,50.0,39.6,0.0
6573407056,DP0041,55.0,43.4,0.0
6573407057,,,,
6573407058,DP0041,50.0,21.1,0.0
6573407059,DP0041,40.0,19.8,0.0
6573407060,DP0041,50.0,44.1,0.0
6573407061,DP0041,60.0,58.3,0.0
6573407062,DP0041,60.0,58.5,0.0
6573407063,DP0019,60.0,53.2,0.0
6573407064,DP0019,60.0,56.2,0.0
6573407065,DP0041,60.0,55.8,0.0
6573407066,DP0043,55.0,33.3,0.0
6573407067,DP0008,55.0,30.1,0.0
6573407068,DP0008,55.0,27.7,0.0
6573407069,DP0015,55.0,30.6,0.0
6573407070,DP0008,55.0,27.6,0.0
6573407071,DP0003,40.0,22.1,0.0
6573407072,,,,
6573407073,DP0041,55.0,42.4,0.0
6573407074,DP0009,55.0,25.2,0.0
6573407075,DP0005,60.0,40.8,0.0
6573407076,DP0015,50.0,37.1,0.0
6573407077,DP0010,40.0,20.4,0.0
6573407078,DP0043,45.0,47.8,1.0
6573407079,DP0047,55.0,41.1,0.0
6573407080,DP0023,40.0,19.1,0.0
6573407081,DP0041,40.0,28.2,0.0
6573407082,DP0043,45.0,21.2,0.0
6573407083,DP0041,55.0,33.8,0.0
6573407084,DP0012,55.0,40.3,0.0
6573407085,DP0041,55.0,48.2,0.0
6573407086,DP0041,50.0,33.0,0.0
6573407087,DP0039,55.0,42.0,0.0
6573407088,DP0041,40.0,26.6,0.0
6573407089,DP0007,40.0,24.6,0.0
6573407090,DP0041,40.0,28.6,0.0
6573407091,DP0041,40.0,22.2,0.0
6573407092,DP0041,55.0,41.5,0.0
6573407093,DP0003,55.0,51.6,0.0
6573407094,DP0047,50.0,32.1,0.0
6573407095,DP0007,50.0,30.1,0.0
6573407096,DP0006,50.0,30.1,0.0
6573407097,DP0039,40.0,23.1,0.0
6573407098,DP0041,45.0,55.3,1.0
6573407099,DP0028,40.0,29.4,0.0
6573407100,DP0008,50.0,27.3,0.0
6573407101,DP0041,75.0,40.1,0.0
6573407102,DP0007,40.0,23.1,0.0
6573407103,DP0043,55.0,33.0,0.0
6573407104,DP0041,50.0,34.8,0.0
6573407105,DP0041,55.0,41.4,0.0
6573407106,DP0041,85.0,52.9,0.0
6573407107,DP0041,55.0,36.3,0.0
6573407108,DP0041,45.0,24.4,0.0
6573407109,DP0043,50.0,37.5,0.0
6573407110,DP0041,45.0,26.1,0.0
6573407111,DP0041,90.0,55.9,0.0
6573407112,DP0041,40.0,17.7,0.0
6573407113,DP0044,45.0,24.2,0.0
6573407114,DP0041,45.0,29.8,0.0
6573407115,DP0041,45.0,28.3,0.0
6573407116,DP0041,45.0,31.3,0.0
6573407117,DP0023,40.0,20.5,0.0
6573407118,DP0041,45.0,24.2,0.0
6573407119,DP0015,45.0,21.3,0.0
6573407120,DP0008,55.0,36.3,0.0
6573407121,DP0015,40.0,23.6,0.0
6573407122,DP0037,40.0,32.1,0.0
6573407123,DP0010,40.0,26.6,0.0
6573407124,DP0027,55.0,49.7,0.0
6573407125,DP0041,40.0,27.6,0.0
6573407126,DP0041,45.0,22.4,0.0
6573407127,DP0048,55.0,57.6,1.0
6573407128,DP0004,50.0,92.1,1.0
6573407129,DP0041,45.0,32.6,0.0
6573407130,DP0008,70.0,41.3,0.0
6573407131,DP0022,70.0,46.3,0.0
6573407132,DP0043,70.0,44.7,0.0
6573407133,DP0041,70.0,46.9,0.0
6573407134,DP0041,70.0,40.5,0.0
6573407135,DP0041,55.0,37.3,0.0
6573407136,DP0038,55.0,37.6,0.0
6573407137,DP0041,40.0,18.1,0.0
6573407138,DP0041,50.0,25.6,0.0
6573407139,DP0041,45.0,38.0,0.0
6573407140,DP0019,50.0,71.7,1.0
6573407141,DP0019,55.0,40.3,0.0
6573407142,DP0041,50.0,31.7,0.0
6573407143,,,,
6573407144,DP0007,50.0,28.4,0.0
6573407145,DP0041,50.0,38.3,0.0
6573407146,DP0041,50.0,30.0,0.0
6573407147,DP0043,50.0,32.1,0.0
6573407148,DP0041,50.0,30.2,0.0
6573407149,DP0016,40.0,26.4,0.0
6573407150,DP0007,75.0,59.8,0.0
6573407151,DP0008,50.0,29.6,0.0
6573407152,DP0015,50.0,25.4,0.0
6573407153,DP0041,55.0,56.7,1.0
6573407154,DP0043,40.0,16.3,0.0
6573407155,DP0023,40.0,44.7,1.0
6573407156,DP0041,50.0,19.8,0.0
6573407157,DP0043,55.0,34.6,0.0
6573407158,DP0019,45.0,28.8,0.0
6573407159,DP0009,45.0,30.2,0.0
6573407160,DP0015,50.0,33.5,0.0
6573407161,DP0007,40.0,26.9,0.0
6573407162,DP0043,40.0,26.9,0.0
6573407163,DP0032,40.0,23.7,0.0
6573407164,DP0043,100.0,65.7,0.0
6573407165,DP0041,60.0,44.5,0.0
6573407166,DP0007,50.0,34.2,0.0
6573407167,DP0021,50.0,34.1,0.0
6573407168,DP0041,60.0,39.7,0.0
6573407169,DP0043,50.0,24.9,0.0
6573407170,DP0009,50.0,31.4,0.0
6573407171,DP0041,50.0,26.6,0.0
6573407172,DP0038,45.0,34.8,0.0
6573407173,DP0041,40.0,24.0,0.0
6573407174,DP0030,50.0,36.9,0.0
6573407175,DP0041,50.0,40.5,0.0
6573407176,DP0041,50.0,39.1,0.0
6573407177,DP0023,40.0,47.9,1.0
6573407178,DP0041,55.0,33.8,0.0
6573407179,DP0034,80.0,53.6,0.0
6573407180,DP0026,45.0,21.8,0.0
6573407181,DP0007,45.0,30.7,0.0
6573407182,DP0041,40.0,29.5,0.0
6573407183,DP0008,55.0,57.6,1.0
6573407184,DP0008,40.0,29.5,0.0
6573407185,DP0041,45.0,42.0,0.0
6573407186,DP0041,65.0,42.4,0.0
6573407187,DP0036,40.0,26.0,0.0
6573407188,DP0041,60.0,39.2,0.0
6573407189,DP0005,60.0,57.1,0.0
6573407190,DP0007,60.0,55.8,0.0
6573407191,DP0043,60.0,51.3,0.0
6573407192,DP0041,60.0,52.9,0.0
6573407193,DP0039,60.0,54.0,0.0
6573407194,DP0041,40.0,35.6,0.0
6573407195,DP0005,55.0,66.6,1.0
6573407196,DP0041,50.0,26.1,0.0
6573407197,DP0041,50.0,33.0,0.0
6573407198,DP0041,45.0,23.3,0.0
6573407199,DP0041,70.0,51.5,0.0
6573407200,DP0005,55.0,30.2,0.0
6573407201,DP0003,55.0,32.1,0.0
6573407202,DP0048,55.0,47.6,0.0
6573407203,DP0018,55.0,29.9,0.0
6573407204,DP0019,55.0,30.8,0.0
6573407205,DP0005,40.0,20.4,0.0
6573407206,DP0005,50.0,34.0,0.0
6573407207,DP0008,50.0,39.4,0.0
6573407208,DP0012,50.0,31.1,0.0
6573407209,DP0019,65.0,46.4,0.0
6573407210,DP0039,65.0,47.8,0.0
6573407211,DP0021,65.0,49.1,0.0
6573407212,DP0019,65.0,45.4,0.0
6573407213,DP0041,50.0,23.0,0.0
6573407214,DP0026,60.0,44.9,0.0
6573407215,DP0008,60.0,51.4,0.0
6573407216,DP0041,60.0,49.6,0.0
6573407217,DP0041,60.0,47.0,0.0
6573407218,DP0048,60.0,61.0,1.0
6573407219,DP0041,45.0,25.4,0.0
6573407220,DP0041,45.0,30.5,0.0
6573407221,DP0041,45.0,27.2,0.0
6573407222,DP0014,45.0,26.7,0.0
6573407223,DP0041,45.0,25.5,0.0
6573407224,DP0043,50.0,28.2,0.0
6573407225,DP0043,60.0,47.9,0.0
6573407226,DP0038,40.0,60.2,1.0
6573407227,DP0041,60.0,54.5,0.0
6573407228,DP0003,45.0,21.9,0.0
6573407229,,,,
6573407230,DP0002,40.0,18.4,0.0
6573407231,DP0007,50.0,45.5,0.0
6573407232,DP0041,60.0,82.5,1.0
6573407233,DP0033,45.0,24.3,0.0
6573407234,DP0027,45.0,32.3,0.0
6573407235,DP0005,50.0,29.4,0.0
6573407236,DP0011,55.0,44.4,0.0
6573407237,DP0005,50.0,33.2,0.0
6573407238,DP0041,55.0,30.8,0.0
6573407239,DP0041,55.0,37.0,0.0
6573407240,DP0015,55.0,33.1,0.0
6573407241,DP0019,40.0,23.4,0.0
6573407242,DP0043,40.0,24.5,0.0
6573407243,DP0039,65.0,56.5,0.0
6573407244,DP0041,55.0,43.9,0.0
6573407245,DP0043,50.0,28.6,0.0
6573407246,DP0023,50.0,41.4,0.0
6573407247,DP0009,50.0,29.7,0.0
6573407248,DP0015,50.0,28.4,0.0
6573407249,DP0008,70.0,42.5,0.0
6573407250,DP0041,40.0,27.3,0.0
6573407251,DP0005,50.0,28.9,0.0
6573407252,DP0041,45.0,31.1,0.0
6573407253,DP0041,45.0,32.7,0.0
6573407254,DP0019,45.0,31.9,0.0
6573407255,DP0041,45.0,33.0,0.0
6573407256,DP0041,45.0,37.7,0.0
6573407257,DP0019,50.0,36.8,0.0
6573407258,DP0041,65.0,54.2,0.0
6573407259,DP0041,60.0,52.0,0.0
6573407260,DP0039,60.0,51.1,0.0
6573407261,DP0004,50.0,53.8,1.0
6573407262,DP0032,50.0,64.0,1.0
6573407263,DP0043,50.0,44.7,0.0
6573407264,DP0026,60.0,54.0,0.0
6573407265,DP0041,60.0,52.5,0.0
6573407266,DP0005,60.0,54.0,0.0
6573407267,DP0005,60.0,51.6,0.0
6573407268,DP0008,55.0,23.9,0.0
6573407269,DP0041,50.0,35.6,0.0
6573407270,DP0043,40.0,24.2,0.0
6573407271,DP0005,65.0,65.6,1.0
6573407272,DP0019,60.0,56.4,0.0
6573407273,DP0041,45.0,32.5,0.0
6573407274,DP0018,45.0,26.9,0.0
6573407275,DP0042,55.0,36.9,0.0
6573407276,DP0041,60.0,62.3,1.0
6573407277,DP0028,50.0,43.2,0.0
6573407278,DP0026,50.0,31.6,0.0
6573407279,DP0041,50.0,32.7,0.0
6573407280,DP0041,50.0,33.3,0.0
6573407281,DP0041,40.0,31.9,0.0
6573407282,DP0028,40.0,22.9,0.0
6573407283,DP0042,55.0,41.1,0.0
6573407284,DP0043,40.0,24.0,0.0
6573407285,DP0041,60.0,39.6,0.0
6573407286,DP0009,55.0,73.5,1.0
6573407287,DP0029,55.0,73.5,1.0
6573407288,DP0041,55.0,69.6,1.0
6573407289,DP0021,55.0,73.5,1.0
6573407290,DP0041,55.0,76.9,1.0
6573407291,DP0009,40.0,31.5,0.0
6573407292,DP0004,45.0,45.7,1.0
6573407293,DP0026,45.0,54.0,1.0
6573407294,DP0014,50.0,23.3,0.0
6573407295,DP0041,50.0,35.4,0.0
6573407296,DP0019,50.0,32.1,0.0
6573407297,DP0029,50.0,35.3,0.0
6573407298,DP0041,50.0,33.2,0.0
6573407299,DP0043,50.0,34.4,0.0
6573407300,DP0019,45.0,38.3,0.0
6573407301,DP0015,75.0,49.1,0.0
6573407302,DP0039,60.0,46.9,0.0
6573407303,DP0041,50.0,30.4,0.0
6573407304,DP0048,50.0,46.3,0.0
6573407305,DP0012,60.0,42.6,0.0
6573407306,DP0041,45.0,27.0,0.0
6573407307,DP0043,55.0,51.8,0.0
6573407308,DP0029,40.0,28.0,0.0
6573407309,DP0026,40.0,25.4,0.0
6573407310,DP0005,50.0,31.6,0.0
6573407311,DP0028,45.0,39.0,0.0
6573407312,DP0015,50.0,29.3,0.0
6573407313,DP0005,55.0,33.2,0.0
6573407314,DP0008,55.0,37.5,0.0
6573407315,DP0041,55.0,34.4,0.0
6573407316,DP0005,55.0,39.5,0.0
6573407317,DP0019,55.0,33.6,0.0
6573407318,DP0005,55.0,39.3,0.0
6573407319,DP0019,45.0,27.0,0.0
6573407320,DP0008,45.0,27.5,0.0
6573407321,DP0041,45.0,26.5,0.0
6573407322,DP0041,45.0,26.7,0.0
6573407323,DP0043,50.0,34.7,0.0
6573407324,DP0041,50.0,33.4,0.0
6573407325,DP0005,50.0,34.8,0.0
6573407326,DP0015,50.0,29.3,0.0
6573407327,DP0012,50.0,32.7,0.0
6573407328,DP0014,45.0,24.5,0.0
6573407329,DP0041,60.0,44.8,0.0
6573407330,DP0041,55.0,34.4,0.0
6573407331,DP0012,55.0,39.8,0.0
6573407332,DP0043,40.0,23.5,0.0
6573407333,DP0043,50.0,39.2,0.0
6573407334,DP0019,55.0,47.1,0.0
6573407335,DP0036,55.0,44.8,0.0
6573407336,DP0005,55.0,46.3,0.0
6573407337,DP0041,55.0,45.6,0.0
6573407338,DP0048,55.0,56.0,1.0
6573407339,DP0041,45.0,30.1,0.0
6573407340,DP0041,45.0,31.2,0.0
6573407341,DP0020,45.0,37.8,0.0
6573407342,DP0041,40.0,19.5,0.0
6573407343,DP0007,50.0,27.6,0.0
6573407344,DP0015,40.0,27.2,0.0
6573407345,DP0027,50.0,36.5,0.0
6573407346,DP0041,65.0,46.4,0.0
6573407347,DP0043,45.0,30.2,0.0
6573407348,DP0038,45.0,31.1,0.0
6573407349,DP0041,50.0,29.8,0.0
6573407350,DP0038,65.0,51.9,0.0
6573407351,DP0042,45.0,34.9,0.0
6573407352,DP0041,45.0,23.7,0.0
6573407353,DP0008,45.0,30.5,0.0
6573407354,DP0041,50.0,38.7,0.0
6573407355,DP0041,50.0,41.3,0.0
6573407356,DP0041,60.0,42.0,0.0
6573407357,DP0023,40.0,16.1,0.0
6573407358,DP0041,55.0,68.9,1.0
6573407359,DP0005,55.0,68.8,1.0
6573407360,DP0043,55.0,69.9,1.0
6573407361,DP0015,55.0,63.9,1.0
6573407362,DP0041,55.0,66.7,1.0
6573407363,DP0043,50.0,27.7,0.0
6573407364,DP0041,90.0,61.9,0.0
6573407365,DP0041,50.0,29.7,0.0
6573407366,DP0043,50.0,32.6,0.0
6573407367,DP0041,40.0,34.3,0.0
6573407368,DP0015,40.0,40.5,1.0
6573407369,DP0042,45.0,39.8,0.0
6573407370,DP0028,45.0,45.7,1.0
6573407371,DP0028,45.0,36.7,0.0
6573407372,DP0041,45.0,44.3,0.0
6573407373,DP0021,45.0,44.5,0.0
6573407374,DP0041,55.0,30.3,0.0
6573407375,DP0026,70.0,54.6,0.0
6573407376,DP0026,70.0,55.4,0.0
6573407377,DP0043,40.0,68.4,1.0
6573407378,DP0006,60.0,36.5,0.0
6573407379,DP0027,50.0,38.9,0.0
6573407380,DP0010,55.0,48.4,0.0
6573407381,DP0038,60.0,43.9,0.0
6573407382,DP0019,40.0,24.3,0.0
6573407383,DP0041,55.0,41.1,0.0
6573407384,DP0041,50.0,22.1,0.0
6573407385,DP0040,65.0,49.6,0.0
6573407386,DP0041,45.0,52.8,1.0
6573407387,DP0041,75.0,39.2,0.0
6573407388,DP0039,45.0,26.9,0.0
6573407389,DP0041,55.0,34.1,0.0
6573407390,DP0019,60.0,37.2,0.0
6573407391,DP0041,60.0,46.5,0.0
6573407392,DP0034,40.0,38.9,0.0
6573407393,DP0041,55.0,37.2,0.0
6573407394,DP0015,55.0,40.7,0.0
6573407395,DP0043,55.0,41.6,0.0
6573407396,DP0041,55.0,39.4,0.0
6573407397,DP0041,55.0,38.9,0.0
6573407398,DP0005,40.0,16.3,0.0
6573407399,DP0041,70.0,46.8,0.0
6573407400,DP0041,40.0,24.4,0.0
6573407401,DP0035,40.0,28.7,0.0
6573407402,DP0041,40.0,25.2,0.0
6573407403,DP0041,40.0,28.2,0.0
6573407404,DP0005,40.0,28.3,0.0
6573407405,DP0002,45.0,27.0,0.0
6573407406,DP0005,55.0,43.4,0.0
6573407407,DP0041,55.0,38.2,0.0
6573407408,DP0041,55.0,44.1,0.0
6573407409,DP0038,55.0,44.8,0.0
6573407410,DP0018,55.0,48.6,0.0
6573407411,DP0025,70.0,44.9,0.0
6573407412,DP0006,55.0,38.5,0.0
6573407413,DP0041,50.0,36.4,0.0
6573407414,DP0005,40.0,25.9,0.0
6573407415,DP0006,60.0,33.9,0.0
6573407416,DP0008,40.0,40.7,1.0
6573407417,DP0041,40.0,18.9,0.0
6573407418,DP0043,40.0,26.5,0.0
6573407419,DP0025,50.0,30.2,0.0
6573407420,DP0030,55.0,41.0,0.0
6573407421,DP0005,60.0,60.0,0.0
6573407422,DP0037,45.0,22.2,0.0
6573407423,DP0015,50.0,34.0,0.0
6573407424,DP0002,55.0,26.0,0.0
6573407425,DP0019,65.0,45.5,0.0
6573407426,DP0048,65.0,51.8,0.0
6573407427,DP0041,55.0,43.3,0.0
6573407428,DP0041,55.0,40.8,0.0
6573407429,DP0041,55.0,45.9,0.0
6573407430,DP0050,55.0,52.1,0.0
6573407431,DP0021,45.0,35.6,0.0
6573407432,DP0039,40.0,17.4,0.0
6573407433,DP0017,40.0,42.9,1.0
6573407434,DP0026,65.0,43.9,0.0
6573407435,DP0005,65.0,43.5,0.0
6573407436,DP0041,65.0,36.9,0.0
6573407437,DP0019,65.0,37.0,0.0
6573407438,DP0041,65.0,40.7,0.0
6573407439,DP0034,60.0,37.3,0.0
6573407440,DP0047,40.0,32.5,0.0
6573407441,DP0043,45.0,26.0,0.0
6573407442,DP0050,55.0,77.6,1.0
6573407443,DP0041,90.0,62.8,0.0
6573407444,DP0002,75.0,57.0,0.0
6573407445,DP0041,75.0,60.5,0.0
6573407446,DP0041,65.0,36.3,0.0
6573407447,DP0005,70.0,41.9,0.0
6573407448,DP0041,70.0,46.7,0.0
6573407449,DP0041,70.0,43.5,0.0
6573407450,DP0030,70.0,46.7,0.0
6573407451,DP0041,70.0,45.9,0.0
6573407452,DP0024,65.0,38.4,0.0
6573407453,DP0041,45.0,32.4,0.0
6573407454,DP0018,45.0,27.7,0.0
6573407455,DP0041,45.0,30.4,0.0
6573407456,DP0041,45.0,32.8,0.0
6573407457,DP0047,45.0,75.2,1.0
6573407458,,,,
6573407459,,,,
6573407460,,,,
6573407461,,,,
6573407462,,,,
6573407463,DP0028,50.0,26.4,0.0
6573407464,DP0043,45.0,50.0,1.0
6573407465,DP0020,45.0,47.5,1.0
6573407466,DP0046,45.0,68.9,1.0
6573407467,DP0041,45.0,49.6,1.0
6573407468,DP0041,45.0,46.2,1.0
6573407469,DP0049,45.0,43.8,0.0
6573407470,DP0003,65.0,62.8,0.0
6573407471,DP0041,50.0,34.0,0.0
6573407472,DP0019,50.0,27.4,0.0
6573407473,DP0048,55.0,59.1,1.0
6573407474,DP0043,55.0,31.8,0.0
6573407475,DP0015,55.0,35.8,0.0
6573407476,DP0019,40.0,29.7,0.0
6573407477,DP0041,60.0,43.3,0.0
6573407478,DP0041,55.0,34.5,0.0
6573407479,DP0041,40.0,27.4,0.0
6573407480,DP0043,40.0,29.0,0.0
6573407481,DP0006,40.0,26.3,0.0
6573407482,DP0033,40.0,28.5,0.0
6573407483,DP0005,40.0,24.5,0.0
6573407484,,,,
6573407485,,,,
6573407486,,,,
6573407487,,,,
6573407488,,,,
6573407489,DP0041,45.0,33.7,0.0
6573407490,DP0041,45.0,35.1,0.0
6573407491,DP0037,45.0,37.5,0.0
6573407492,DP0033,50.0,28.1,0.0
6573407493,DP0024,55.0,35.1,0.0
6573407494,DP0041,65.0,39.0,0.0
6573407495,DP0041,40.0,36.6,0.0
6573407496,DP0005,40.0,21.1,0.0
6573407497,DP0004,40.0,40.4,1.0
6573407498,DP0041,40.0,16.9,0.0
6573407499,DP0028,40.0,19.2,0.0
6573407500,DP0015,40.0,20.6,0.0
6573407501,DP0041,40.0,33.9,0.0
6573407502,DP0041,55.0,33.7,0.0
6573407503,DP0019,55.0,49.2,0.0
6573407504,DP0007,45.0,35.7,0.0
6573407505,DP0043,55.0,51.3,0.0
6573407506,DP0005,50.0,39.8,0.0
6573407507,DP0043,45.0,33.4,0.0
6573407508,DP0041,55.0,31.4,0.0
6573407509,DP0041,55.0,39.2,0.0
6573407510,DP0007,55.0,45.3,0.0
6573407511,DP0007,55.0,40.2,0.0
6573407512,DP0023,55.0,46.9,0.0
6573407513,DP0018,55.0,47.7,0.0
6573407514,DP0046,45.0,41.8,0.0
6573407515,DP0041,45.0,29.0,0.0
6573407516,DP0008,45.0,28.5,0.0
6573407517,DP0019,45.0,24.3,0.0
6573407518,DP0041,45.0,29.9,0.0
6573407519,DP0008,45.0,22.3,0.0
6573407520,DP0039,45.0,21.2,0.0
6573407521,DP0041,45.0,19.6,0.0
6573407522,DP0019,45.0,19.0,0.0
6573407523,DP0041,45.0,24.0,0.0
6573407524,DP0043,55.0,44.9,0.0
6573407525,DP0005,50.0,27.5,0.0
6573407526,DP0043,50.0,33.3,0.0
6573407527,DP0043,45.0,30.1,0.0
6573407528,DP0050,60.0,57.9,0.0
6573407529,DP0012,60.0,32.9,0.0
6573407530,DP0007,75.0,59.2,0.0
6573407531,DP0021,50.0,26.0,0.0
6573407532,DP0043,50.0,26.9,0.0
6573407533,DP0026,45.0,24.6,0.0
6573407534,DP0043,50.0,32.9,0.0
6573407535,DP0041,50.0,32.3,0.0
6573407536,DP0041,50.0,29.3,0.0
6573407537,DP0025,50.0,33.5,0.0
6573407538,DP0038,50.0,30.8,0.0
6573407539,DP0041,65.0,53.3,0.0
6573407540,DP0008,65.0,50.0,0.0
6573407541,DP0011,65.0,52.3,0.0
6573407542,DP0041,65.0,51.0,0.0
6573407543,DP0036,65.0,48.6,0.0
6573407544,DP0041,40.0,20.3,0.0
6573407545,DP0019,50.0,49.1,0.0
6573407546,DP0001,65.0,45.6,0.0
6573407547,DP0036,50.0,27.6,0.0
6573407548,DP0008,55.0,39.2,0.0
6573407549,DP0008,55.0,35.4,0.0
6573407550,DP0027,45.0,27.5,0.0
6573407551,DP0029,45.0,27.8,0.0
6573407552,DP0019,45.0,31.6,0.0
6573407553,DP0041,45.0,28.9,0.0
6573407554,DP0041,45.0,25.2,0.0
6573407555,DP0041,60.0,35.8,0.0
6573407556,DP0041,60.0,36.7,0.0
6573407557,DP0002,60.0,32.4,0.0
6573407558,DP0041,60.0,37.5,0.0
6573407559,DP0041,65.0,47.3,0.0
6573407560,DP0015,50.0,35.1,0.0
6573407561,DP0041,45.0,53.2,1.0
6573407562,DP0019,55.0,37.4,0.0
6573407563,DP0041,55.0,51.2,0.0
6573407564,DP0048,50.0,56.9,1.0
6573407565,DP0046,50.0,45.7,0.0
6573407566,DP0002,45.0,45.6,1.0
6573407567,DP0003,65.0,57.9,0.0
6573407568,DP0019,60.0,46.2,0.0
6573407569,DP0019,60.0,44.2,0.0
6573407570,DP0041,50.0,29.3,0.0
6573407571,DP0041,50.0,30.7,0.0
6573407572,DP0019,50.0,72.9,1.0
6573407573,DP0041,50.0,29.3,0.0
6573407574,DP0013,50.0,29.1,0.0
6573407575,DP0008,50.0,33.2,0.0
6573407576,DP0043,50.0,32.2,0.0
6573407577,DP0041,100.0,91.6,0.0
6573407578,DP0015,50.0,30.0,0.0
6573407579,DP0041,55.0,32.7,0.0
6573407580,DP0044,55.0,35.4,0.0
6573407581,DP0041,55.0,36.1,0.0
6573407582,DP0015,55.0,37.7,0.0
6573407583,DP0003,55.0,30.9,0.0
6573407584,DP0012,55.0,71.6,1.0
6573407585,DP0048,45.0,77.4,1.0
6573407586,DP0043,55.0,48.9,0.0
6573407587,DP0041,55.0,46.3,0.0
6573407588,DP0019,55.0,52.3,0.0
6573407589,DP0044,50.0,29.5,0.0
6573407590,DP0049,50.0,25.0,0.0
6573407591,DP0003,55.0,47.6,0.0
6573407592,DP0004,55.0,65.1,1.0
6573407593,DP0015,55.0,41.9,0.0
6573407594,DP0005,55.0,40.8,0.0
6573407595,DP0041,55.0,44.0,0.0
6573407596,DP0041,40.0,21.2,0.0
6573407597,DP0007,55.0,36.2,0.0
6573407598,DP0043,50.0,31.4,0.0
6573407599,DP0006,50.0,33.8,0.0
6573407600,DP0041,40.0,34.9,0.0
6573407601,DP0043,50.0,33.9,0.0
6573407602,DP0029,50.0,36.6,0.0
6573407603,DP0015,50.0,34.6,0.0
6573407604,DP0003,50.0,31.2,0.0
6573407605,DP0041,50.0,35.6,0.0
6573407606,DP0012,40.0,28.0,0.0
6573407607,DP0041,60.0,58.6,0.0
6573407608,DP0048,50.0,52.1,1.0
6573407609,DP0008,50.0,36.6,0.0
6573407610,DP0043,50.0,31.8,0.0
6573407611,DP0006,55.0,53.4,0.0
6573407612,DP0041,70.0,51.8,0.0
6573407613,DP0043,70.0,50.5,0.0
6573407614,DP0037,70.0,48.4,0.0
6573407615,DP0041,70.0,48.0,0.0
6573407616,DP0019,70.0,47.8,0.0
6573407617,DP0043,40.0,40.8,1.0
6573407618,DP0041,55.0,46.4,0.0
6573407619,DP0015,50.0,33.0,0.0
6573407620,DP0041,40.0,68.9,1.0
6573407621,DP0009,40.0,63.1,1.0
6573407622,DP0041,40.0,66.9,1.0
6573407623,DP0041,40.0,65.9,1.0
6573407624,DP0041,40.0,69.5,1.0
6573407625,DP0041,40.0,32.3,0.0
6573407626,DP0041,50.0,31.1,0.0
6573407627,DP0005,55.0,35.8,0.0
6573407628,DP0041,55.0,66.4,1.0
6573407629,DP0039,45.0,27.4,0.0
6573407630,DP0005,45.0,23.9,0.0
6573407631,DP0041,50.0,28.1,0.0
6573407632,DP0043,50.0,25.2,0.0
6573407633,DP0022,50.0,53.9,1.0
6573407634,DP0043,40.0,21.1,0.0
6573407635,DP0021,55.0,46.0,0.0
6573407636,DP0043,40.0,22.4,0.0
6573407637,DP0005,55.0,38.3,0.0
6573407638,DP0041,55.0,43.3,0.0
6573407639,DP0019,55.0,40.4,0.0
6573407640,DP0008,60.0,32.7,0.0
6573407641,DP0008,45.0,29.8,0.0
6573407642,DP0043,45.0,29.6,0.0
6573407643,DP0005,55.0,26.0,0.0
6573407644,DP0027,50.0,38.3,0.0
6573407645,DP0041,65.0,46.2,0.0
6573407646,DP0020,50.0,31.9,0.0
6573407647,DP0041,100.0,70.9,0.0
6573407648,DP0043,45.0,43.2,0.0
6573407649,DP0028,45.0,42.4,0.0
6573407650,DP0009,45.0,43.9,0.0
6573407651,DP0041,45.0,48.8,1.0
6573407652,DP0001,45.0,39.8,0.0
6573407653,DP0005,60.0,42.5,0.0
6573407654,DP0023,65.0,52.8,0.0
6573407655,DP0041,65.0,52.3,0.0
6573407656,DP0041,65.0,52.0,0.0
6573407657,DP0029,65.0,50.3,0.0
6573407658,DP0041,65.0,48.2,0.0
6573407659,DP0019,40.0,37.4,0.0
6573407660,DP0001,40.0,23.5,0.0
6573407661,DP0043,55.0,39.1,0.0
6573407662,DP0043,55.0,47.2,0.0
6573407663,DP0030,55.0,32.8,0.0
6573407664,DP0019,45.0,25.4,0.0
6573407665,DP0041,45.0,24.1,0.0
6573407666,DP0041,45.0,20.3,0.0
6573407667,DP0043,70.0,61.7,0.0
6573407668,DP0041,40.0,21.6,0.0
6573407669,DP0002,70.0,55.8,0.0
6573407670,DP0041,50.0,32.7,0.0
6573407671,DP0043,50.0,32.7,0.0
6573407672,DP0041,50.0,31.0,0.0
6573407673,DP0007,50.0,32.6,0.0
6573407674,DP0015,50.0,29.0,0.0
6573407675,DP0019,40.0,30.0,0.0
6573407676,DP0039,55.0,33.4,0.0
6573407677,DP0019,55.0,34.7,0.0
6573407678,DP0041,55.0,34.5,0.0
6573407679,DP0013,55.0,32.5,0.0
6573407680,DP0043,55.0,32.5,0.0
6573407681,DP0041,60.0,28.5,0.0
6573407682,DP0043,50.0,45.2,0.0
6573407683,DP0040,40.0,26.9,0.0
6573407684,DP0041,50.0,42.4,0.0
6573407685,DP0041,75.0,57.1,0.0
6573407686,DP0026,60.0,76.0,1.0
6573407687,DP0005,45.0,23.8,0.0
6573407688,DP0041,50.0,33.3,0.0
6573407689,DP0041,55.0,31.5,0.0
6573407690,DP0041,55.0,44.4,0.0
6573407691,DP0030,45.0,24.4,0.0
6573407692,DP0041,50.0,32.8,0.0
6573407693,DP0038,45.0,22.7,0.0
6573407694,DP0041,50.0,48.2,0.0
6573407695,DP0041,45.0,60.8,1.0
6573407696,DP0041,50.0,28.4,0.0
6573407697,DP0041,40.0,26.5,0.0
6573407698,DP0008,45.0,32.3,0.0
6573407699,DP0019,60.0,58.3,0.0
6573407700,DP0041,40.0,27.6,0.0
6573407701,DP0021,40.0,30.4,0.0
6573407702,DP0018,55.0,39.8,0.0
6573407703,DP0043,55.0,25.7,0.0
6573407704,DP0012,50.0,34.7,0.0
6573407705,DP0041,55.0,29.3,0.0
6573407706,DP0041,40.0,36.7,0.0
6573407707,DP0039,60.0,34.8,0.0
6573407708,DP0018,60.0,32.8,0.0
6573407709,DP0041,60.0,35.2,0.0
6573407710,DP0013,60.0,32.0,0.0
6573407711,DP0026,60.0,36.2,0.0
6573407712,DP0002,45.0,20.0,0.0
6573407713,DP0019,60.0,41.5,0.0
6573407714,DP0039,60.0,42.9,0.0
6573407715,DP0019,60.0,39.0,0.0
6573407716,DP0043,60.0,42.6,0.0
6573407717,DP0041,60.0,38.2,0.0
6573407718,DP0041,65.0,46.3,0.0
6573407719,DP0041,40.0,27.1,0.0
6573407720,DP0041,40.0,29.6,0.0
6573407721,DP0015,40.0,29.1,0.0
6573407722,DP0043,40.0,31.7,0.0
6573407723,DP0043,40.0,28.1,0.0
6573407724,DP0041,55.0,40.5,0.0
6573407725,DP0033,50.0,49.7,0.0
6573407726,DP0041,45.0,36.7,0.0
6573407727,DP0021,50.0,44.7,0.0
6573407728,DP0005,50.0,41.4,0.0
6573407729,DP0008,50.0,27.6,0.0
6573407730,DP0008,50.0,32.8,0.0
6573407731,DP0019,50.0,32.5,0.0
6573407732,DP0041,50.0,36.2,0.0
6573407733,DP0028,50.0,41.1,0.0
6573407734,DP0008,55.0,50.6,0.0
6573407735,DP0019,40.0,20.3,0.0
6573407736,DP0041,50.0,22.9,0.0
6573407737,DP0043,40.0,18.3,0.0
6573407738,DP0043,65.0,36.3,0.0
6573407739,DP0005,65.0,35.4,0.0
6573407740,DP0041,65.0,31.9,0.0
6573407741,DP0043,65.0,35.9,0.0
6573407742,DP0041,65.0,40.4,0.0
6573407743,DP0026,40.0,37.0,0.0
6573407744,DP0049,45.0,24.1,0.0
6573407745,DP0005,40.0,35.2,0.0
6573407746,DP0012,50.0,24.9,0.0
6573407747,DP0043,50.0,25.4,0.0
6573407748,DP0019,50.0,24.3,0.0
6573407749,DP0041,50.0,25.3,0.0
6573407750,DP0041,50.0,31.4,0.0
6573407751,DP0041,50.0,45.8,0.0
6573407752,,,,
6573407753,DP0019,50.0,33.3,0.0
6573407754,DP0041,40.0,40.9,1.0
6573407755,DP0008,40.0,37.9,0.0
6573407756,DP0041,40.0,33.9,0.0
6573407757,DP0041,40.0,34.4,0.0
6573407758,DP0041,40.0,39.1,0.0
6573407759,DP0003,55.0,26.4,0.0
6573407760,DP0041,75.0,58.3,0.0
6573407761,DP0041,40.0,35.9,0.0
6573407762,DP0005,45.0,21.6,0.0
6573407763,DP0016,45.0,22.5,0.0
6573407764,DP0031,45.0,19.2,0.0
6573407765,DP0041,45.0,24.0,0.0
6573407766,DP0008,45.0,23.1,0.0
6573407767,DP0041,45.0,44.6,0.0
6573407768,DP0044,50.0,27.7,0.0
6573407769,DP0041,45.0,56.8,1.0
6573407770,DP0041,55.0,36.0,0.0
6573407771,DP0002,50.0,27.5,0.0
6573407772,DP0002,40.0,19.6,0.0
6573407773,DP0041,75.0,45.3,0.0
6573407774,DP0041,45.0,34.4,0.0
6573407775,DP0041,50.0,31.8,0.0
6573407776,DP0041,40.0,46.6,1.0
6573407777,DP0007,40.0,44.0,1.0
6573407778,DP0041,50.0,34.4,0.0
6573407779,DP0043,45.0,57.7,1.0
6573407780,DP0041,60.0,46.2,0.0
6573407781,DP0015,45.0,28.8,0.0
6573407782,DP0008,40.0,23.6,0.0
6573407783,DP0019,55.0,41.2,0.0
6573407784,DP0043,55.0,41.0,0.0
6573407785,DP0043,50.0,34.6,0.0
6573407786,DP0010,75.0,51.7,0.0
6573407787,DP0043,45.0,26.7,0.0
6573407788,DP0028,60.0,45.3,0.0
6573407789,DP0028,40.0,27.3,0.0
6573407790,DP0041,40.0,18.5,0.0
6573407791,DP0027,40.0,25.3,0.0
6573407792,DP0038,45.0,21.3,0.0
6573407793,DP0019,45.0,22.2,0.0
6573407794,DP0041,45.0,22.2,0.0
6573407795,DP0005,50.0,61.5,1.0
6573407796,DP0028,55.0,33.7,0.0
6573407797,DP0041,45.0,17.6,0.0
6573407798,DP0005,45.0,21.1,0.0
6573407799,DP0021,45.0,16.8,0.0
6573407800,DP0041,45.0,26.7,0.0
6573407801,DP0041,45.0,26.4,0.0
6573407802,DP0041,45.0,25.7,0.0
6573407803,DP0041,45.0,29.2,0.0
6573407804,DP0043,45.0,25.2,0.0
6573407805,DP0033,45.0,26.5,0.0
6573407806,DP0040,50.0,25.0,0.0
6573407807,DP0048,50.0,36.7,0.0
6573407808,DP0006,50.0,25.8,0.0
6573407809,DP0019,50.0,27.1,0.0
6573407810,DP0008,50.0,35.4,0.0
6573407811,DP0043,50.0,33.0,0.0
6573407812,DP0021,50.0,31.1,0.0
6573407813,DP0041,50.0,33.7,0.0
6573407814,DP0041,50.0,29.0,0.0
6573407815,DP0041,85.0,65.9,0.0
6573407816,DP0041,55.0,47.5,0.0
6573407817,DP0041,55.0,50.2,0.0
6573407818,DP0008,55.0,51.4,0.0
6573407819,DP0041,55.0,48.9,0.0
6573407820,DP0039,55.0,54.9,0.0
6573407821,DP0046,55.0,70.6,1.0
6573407822,DP0037,55.0,60.9,1.0
6573407823,DP0005,55.0,58.6,1.0
6573407824,DP0019,55.0,54.0,0.0
6573407825,DP0005,55.0,59.2,1.0
6573407826,DP0041,50.0,45.4,0.0
6573407827,DP0041,40.0,19.6,0.0
6573407828,DP0019,40.0,21.7,0.0
6573407829,DP0005,40.0,24.0,0.0
6573407830,DP0005,40.0,21.8,0.0
6573407831,DP0041,40.0,25.5,0.0
6573407832,DP0006,55.0,40.5,0.0
6573407833,DP0041,45.0,25.8,0.0
6573407834,DP0041,50.0,33.4,0.0
6573407835,DP0041,40.0,20.7,0.0
6573407836,DP0041,85.0,56.6,0.0
6573407837,DP0005,65.0,56.0,0.0
6573407838,DP0041,45.0,32.9,0.0
6573407839,DP0041,55.0,40.2,0.0
6573407840,DP0041,40.0,29.6,0.0
6573407841,DP0049,45.0,26.2,0.0
6573407842,DP0041,60.0,35.4,0.0
6573407843,DP0041,70.0,59.0,0.0
6573407844,DP0041,70.0,62.5,0.0
6573407845,DP0005,70.0,57.3,0.0
6573407846,DP0012,70.0,59.4,0.0
6573407847,DP0041,60.0,35.2,0.0
6573407848,DP0023,55.0,39.8,0.0
6573407849,DP0029,55.0,39.4,0.0
6573407850,DP0019,55.0,35.6,0.0
6573407851,DP0041,55.0,36.2,0.0
6573407852,DP0046,55.0,51.1,0.0
6573407853,DP0002,45.0,40.6,0.0
6573407854,DP0047,50.0,25.4,0.0
6573407855,DP0005,40.0,30.7,0.0
6573407856,DP0018,65.0,50.9,0.0
6573407857,DP0026,40.0,22.2,0.0
6573407858,DP0041,40.0,25.9,0.0
6573407859,DP0050,40.0,32.6,0.0
6573407860,DP0041,45.0,23.8,0.0
6573407861,DP0041,75.0,46.8,0.0
6573407862,DP0023,40.0,31.9,0.0
6573407863,DP0015,40.0,29.0,0.0
6573407864,DP0041,40.0,31.4,0.0
6573407865,DP0041,40.0,32.3,0.0
6573407866,DP0005,40.0,35.8,0.0
6573407867,DP0040,60.0,71.8,1.0
6573407868,DP0041,40.0,60.8,1.0
6573407869,DP0039,45.0,27.6,0.0
6573407870,DP0043,55.0,29.3,0.0
6573407871,DP0007,50.0,30.8,0.0
6573407872,DP0033,75.0,59.5,0.0
6573407873,DP0024,45.0,33.6,0.0
6573407874,DP0049,50.0,35.4,0.0
6573407875,DP0021,40.0,26.8,0.0
6573407876,DP0041,45.0,25.2,0.0
6573407877,DP0041,45.0,29.5,0.0
6573407878,DP0041,50.0,26.5,0.0
6573407879,DP0021,50.0,25.3,0.0
6573407880,DP0041,70.0,64.5,0.0
6573407881,DP0049,70.0,67.0,0.0
6573407882,DP0019,70.0,66.5,0.0
6573407883,DP0005,70.0,68.4,0.0
6573407884,DP0021,70.0,70.8,1.0
6573407885,DP0021,40.0,42.6,1.0
6573407886,DP0008,50.0,37.6,0.0
6573407887,DP0015,65.0,52.7,0.0
6573407888,DP0008,65.0,34.3,0.0
6573407889,DP0018,50.0,24.6,0.0
6573407890,DP0041,40.0,28.2,0.0
6573407891,DP0041,50.0,33.2,0.0
6573407892,DP0019,40.0,46.6,1.0
6573407893,DP0049,55.0,39.2,0.0
6573407894,DP0048,55.0,45.3,0.0
6573407895,DP0032,40.0,30.4,0.0
6573407896,DP0012,55.0,26.8,0.0
6573407897,DP0019,55.0,27.8,0.0
6573407898,DP0043,55.0,33.4,0.0
6573407899,DP0008,55.0,28.5,0.0
6573407900,DP0041,55.0,32.4,0.0
6573407901,DP0019,65.0,50.1,0.0
6573407902,DP0041,40.0,29.2,0.0
6573407903,DP0041,60.0,41.2,0.0
6573407904,DP0019,50.0,34.3,0.0
6573407905,DP0041,70.0,46.8,0.0
6573407906,DP0043,50.0,40.7,0.0
6573407907,DP0007,40.0,14.8,0.0
6573407908,DP0019,40.0,37.5,0.0
6573407909,DP0043,40.0,35.7,0.0
6573407910,DP0041,40.0,36.4,0.0
6573407911,DP0032,40.0,37.5,0.0
6573407912,DP0041,40.0,34.4,0.0
6573407913,,,,
6573407914,DP0041,45.0,28.2,0.0
6573407915,DP0008,40.0,39.8,0.0
6573407916,DP0041,55.0,33.9,0.0
6573407917,DP0008,65.0,44.2,0.0
6573407918,DP0042,45.0,29.7,0.0
6573407919,DP0043,45.0,29.3,0.0
6573407920,DP0019,45.0,34.6,0.0
6573407921,DP0045,45.0,36.9,0.0
6573407922,DP0041,45.0,33.5,0.0
6573407923,DP0005,45.0,33.2,0.0
6573407924,DP0044,50.0,25.6,0.0
6573407925,DP0008,50.0,42.6,0.0
6573407926,DP0021,50.0,34.1,0.0
6573407927,DP0043,65.0,35.7,0.0
6573407928,DP0023,50.0,34.9,0.0
6573407929,DP0008,50.0,31.3,0.0
6573407930,DP0015,50.0,29.0,0.0
6573407931,DP0041,50.0,30.9,0.0
6573407932,DP0041,50.0,25.9,0.0
6573407933,DP0005,50.0,67.0,1.0
6573407934,DP0043,40.0,20.7,0.0
6573407935,DP0041,45.0,20.0,0.0
6573407936,DP0046,40.0,32.8,0.0
6573407937,DP0005,40.0,24.6,0.0
6573407938,DP0041,40.0,26.0,0.0
6573407939,DP0007,40.0,23.6,0.0
6573407940,DP0041,40.0,25.9,0.0
6573407941,DP0043,50.0,29.1,0.0
6573407942,DP0048,50.0,28.8,0.0
6573407943,DP0009,55.0,36.0,0.0
6573407944,DP0009,55.0,33.6,0.0
6573407945,DP0041,45.0,29.3,0.0
6573407946,DP0039,40.0,26.3,0.0
6573407947,DP0041,50.0,47.7,0.0
6573407948,DP0041,50.0,29.8,0.0
6573407949,DP0019,50.0,31.2,0.0
6573407950,DP0027,50.0,30.0,0.0
6573407951,DP0048,50.0,46.6,0.0
6573407952,DP0033,50.0,28.7,0.0
6573407953,DP0019,60.0,50.1,0.0
6573407954,DP0014,90.0,67.3,0.0
6573407955,DP0041,45.0,32.1,0.0
6573407956,DP0033,55.0,50.9,0.0
6573407957,DP0041,55.0,50.7,0.0
6573407958,DP0021,55.0,50.1,0.0
6573407959,DP0041,55.0,44.0,0.0
6573407960,DP0039,55.0,45.2,0.0
6573407961,DP0041,40.0,31.3,0.0
6573407962,DP0048,45.0,69.7,1.0
6573407963,DP0007,65.0,48.0,0.0
6573407964,DP0041,45.0,18.2,0.0
6573407965,DP0005,45.0,20.0,0.0
6573407966,DP0005,45.0,18.8,0.0
6573407967,DP0041,45.0,21.6,0.0
6573407968,DP0041,45.0,17.6,0.0
6573407969,DP0049,40.0,20.4,0.0
6573407970,DP0005,50.0,48.3,0.0
6573407971,DP0002,40.0,41.8,1.0
6573407972,DP0035,40.0,18.7,0.0
6573407973,DP0041,75.0,46.1,0.0
6573407974,DP0044,45.0,70.9,1.0
6573407975,DP0004,45.0,74.9,1.0
6573407976,DP0005,45.0,69.5,1.0
6573407977,DP0041,45.0,71.9,1.0
6573407978,DP0050,60.0,56.7,0.0
6573407979,DP0041,60.0,40.4,0.0
6573407980,DP0041,60.0,35.0,0.0
6573407981,DP0008,60.0,38.6,0.0
6573407982,DP0041,60.0,35.5,0.0
6573407983,DP0041,40.0,29.1,0.0
6573407984,DP0043,50.0,29.9,0.0
6573407985,DP0041,50.0,34.4,0.0
6573407986,DP0039,50.0,29.9,0.0
6573407987,DP0049,40.0,29.6,0.0
6573407988,DP0039,50.0,49.6,0.0
6573407989,DP0043,50.0,43.7,0.0
6573407990,DP0049,50.0,47.9,0.0
6573407991,DP0041,50.0,45.1,0.0
6573407992,DP0041,50.0,49.8,0.0
6573407993,DP0014,50.0,39.4,0.0
6573407994,,,,
6573407995,DP0015,55.0,32.3,0.0
6573407996,DP0039,55.0,45.6,0.0
6573407997,DP0047,65.0,46.9,0.0
6573407998,DP0041,60.0,40.7,0.0
6573407999,DP0041,40.0,21.6,0.0
6573408000,DP0041,45.0,31.9,0.0
6573408001,DP0041,40.0,45.3,1.0
6573408002,DP0043,55.0,42.4,0.0
6573408003,DP0048,55.0,48.6,0.0
6573408004,DP0009,55.0,39.5,0.0
6573408005,DP0045,55.0,43.9,0.0
6573408006,DP0015,55.0,44.6,0.0
6573408007,DP0041,55.0,42.5,0.0
6573408008,DP0043,55.0,77.8,1.0
6573408009,DP0041,55.0,78.1,1.0
6573408010,DP0018,55.0,76.5,1.0
6573408011,DP0027,55.0,75.9,1.0
6573408012,DP0026,55.0,75.4,1.0
6573408013,DP0041,50.0,38.1,0.0
6573408014,DP0043,50.0,36.2,0.0
6573408015,DP0041,50.0,35.1,0.0
6573408016,DP0025,45.0,25.8,0.0
6573408017,DP0022,55.0,37.6,0.0
6573408018,DP0048,45.0,38.9,0.0
6573408019,DP0031,60.0,41.1,0.0
6573408020,DP0041,55.0,45.6,0.0
6573408021,DP0029,65.0,56.2,0.0
6573408022,DP0006,45.0,21.4,0.0
6573408023,DP0019,55.0,31.4,0.0
6573408024,DP0041,50.0,25.2,0.0
6573408025,DP0001,45.0,40.0,0.0
6573408026,DP0048,45.0,54.6,1.0
6573408027,DP0043,45.0,37.2,0.0
6573408028,DP0041,45.0,42.2,0.0
6573408029,DP0005,45.0,17.6,0.0
6573408030,DP0005,40.0,36.9,0.0
6573408031,DP0007,45.0,34.7,0.0
6573408032,DP0008,55.0,43.0,0.0
6573408033,DP0015,55.0,38.0,0.0
6573408034,DP0028,55.0,42.8,0.0
6573408035,DP0041,55.0,40.0,0.0
6573408036,DP0037,55.0,42.9,0.0
6573408037,DP0041,50.0,40.9,0.0
6573408038,DP0041,55.0,54.4,0.0
6573408039,DP0041,50.0,37.9,0.0
6573408040,DP0048,55.0,56.2,1.0
6573408041,DP0041,50.0,24.9,0.0
6573408042,DP0026,65.0,48.1,0.0
6573408043,DP0008,65.0,48.1,0.0
6573408044,DP0041,40.0,46.3,1.0
6573408045,DP0041,45.0,38.0,0.0
6573408046,DP0043,70.0,54.9,0.0
6573408047,DP0041,40.0,22.0,0.0
6573408048,DP0041,55.0,25.9,0.0
6573408049,DP0021,50.0,47.1,0.0
6573408050,DP0041,45.0,36.1,0.0
6573408051,DP0041,50.0,45.9,0.0
6573408052,DP0041,45.0,25.3,0.0
6573408053,DP0009,45.0,22.2,0.0
6573408054,DP0041,40.0,87.3,1.0
6573408055,DP0015,55.0,29.9,0.0
6573408056,DP0041,55.0,30.3,0.0
6573408057,DP0043,55.0,31.0,0.0
6573408058,DP0041,55.0,31.9,0.0
6573408059,DP0041,55.0,29.4,0.0
6573408060,DP0016,40.0,28.9,0.0
6573408061,DP0041,40.0,28.9,0.0
6573408062,DP0035,40.0,28.7,0.0
6573408063,DP0043,40.0,33.0,0.0
6573408064,DP0009,40.0,29.5,0.0
6573408065,DP0028,50.0,55.8,1.0
6573408066,DP0043,50.0,56.7,1.0
6573408067,DP0041,50.0,51.1,1.0
6573408068,DP0020,50.0,55.0,1.0
6573408069,DP0041,45.0,24.1,0.0
6573408070,DP0036,40.0,24.0,0.0
6573408071,DP0005,45.0,27.1,0.0
6573408072,DP0041,45.0,30.0,0.0
6573408073,DP0045,55.0,33.1,0.0
6573408074,DP0002,50.0,38.5,0.0
6573408075,DP0041,50.0,59.2,1.0
6573408076,DP0005,40.0,22.6,0.0
6573408077,DP0041,45.0,30.3,0.0
6573408078,DP0043,45.0,22.0,0.0
6573408079,DP0041,50.0,25.2,0.0
6573408080,DP0041,40.0,45.1,1.0
6573408081,DP0002,65.0,43.3,0.0
6573408082,DP0035,45.0,28.6,0.0
6573408083,DP0028,50.0,78.3,1.0
6573408084,DP0041,65.0,48.1,0.0
6573408085,DP0019,40.0,13.2,0.0
6573408086,DP0041,45.0,26.1,0.0
6573408087,DP0041,50.0,42.0,0.0
6573408088,DP0041,75.0,48.1,0.0
6573408089,DP0043,75.0,47.8,0.0
6573408090,DP0047,75.0,46.9,0.0
6573408091,DP0028,75.0,42.0,0.0
6573408092,DP0041,75.0,42.6,0.0
6573408093,DP0049,50.0,29.1,0.0
6573408094,DP0043,70.0,34.4,0.0
6573408095,DP0041,70.0,48.6,0.0
6573408096,DP0041,70.0,53.3,0.0
6573408097,DP0041,70.0,45.4,0.0
6573408098,DP0016,70.0,52.2,0.0
6573408099,DP0041,70.0,52.2,0.0
6573408100,DP0041,40.0,23.4,0.0
6573408101,DP0006,55.0,37.7,0.0
6573408102,DP0026,45.0,27.6,0.0
6573408103,DP0039,45.0,42.3,0.0
6573408104,DP0041,50.0,29.6,0.0
6573408105,DP0009,55.0,45.6,0.0
6573408106,DP0005,50.0,38.1,0.0
6573408107,DP0040,50.0,28.9,0.0
6573408108,DP0028,50.0,52.5,1.0
6573408109,DP0034,55.0,55.7,1.0
6573408110,DP0041,45.0,53.0,1.0
6573408111,DP0041,80.0,77.1,0.0
6573408112,DP0049,45.0,27.4,0.0
6573408113,DP0043,60.0,40.7,0.0
6573408114,DP0043,50.0,35.4,0.0
6573408115,DP0033,50.0,34.7,0.0
6573408116,DP0043,50.0,32.7,0.0
6573408117,DP0021,50.0,35.5,0.0
6573408118,DP0041,50.0,38.9,0.0
6573408119,DP0028,55.0,54.2,0.0
6573408120,DP0041,80.0,59.9,0.0
6573408121,DP0039,45.0,22.7,0.0
6573408122,DP0041,55.0,39.4,0.0
6573408123,DP0041,50.0,29.5,0.0
6573408124,DP0043,45.0,45.4,1.0
6573408125,DP0024,45.0,42.9,0.0
6573408126,DP0017,40.0,12.1,0.0
6573408127,DP0047,45.0,33.8,0.0
6573408128,DP0041,55.0,56.0,1.0
6573408129,DP0041,55.0,52.1,0.0
6573408130,DP0002,55.0,53.4,0.0
6573408131,DP0045,55.0,47.6,0.0
6573408132,DP0028,55.0,53.3,0.0
6573408133,DP0005,55.0,36.7,0.0
6573408134,DP0043,45.0,29.3,0.0
6573408135,DP0037,45.0,39.4,0.0
6573408136,DP0015,45.0,38.6,0.0
6573408137,DP0011,45.0,33.9,0.0
6573408138,DP0043,45.0,38.2,0.0
6573408139,DP0049,45.0,34.4,0.0
6573408140,DP0008,45.0,30.4,0.0
6573408141,DP0038,40.0,30.6,0.0
6573408142,DP0018,40.0,23.6,0.0
6573408143,DP0041,40.0,25.4,0.0
6573408144,DP0008,40.0,21.4,0.0
6573408145,DP0041,40.0,24.0,0.0
6573408146,DP0043,40.0,19.9,0.0
6573408147,DP0017,50.0,40.3,0.0
6573408148,DP0043,40.0,21.5,0.0
6573408149,DP0021,50.0,39.9,0.0
6573408150,DP0043,50.0,26.9,0.0
6573408151,DP0048,50.0,46.8,0.0
6573408152,DP0005,50.0,53.6,1.0
6573408153,DP0031,40.0,27.5,0.0
6573408154,DP0028,45.0,28.5,0.0
6573408155,DP0041,40.0,60.3,1.0
6573408156,DP0003,50.0,27.5,0.0
6573408157,DP0041,50.0,29.5,0.0
6573408158,DP0048,45.0,41.9,0.0
6573408159,DP0041,50.0,64.3,1.0
6573408160,DP0004,50.0,85.3,1.0
6573408161,DP0041,50.0,66.1,1.0
6573408162,DP0041,40.0,18.8,0.0
6573408163,DP0041,45.0,46.4,1.0
6573408164,DP0049,50.0,36.6,0.0
6573408165,DP0041,55.0,38.5,0.0
6573408166,DP0010,45.0,21.8,0.0
6573408167,DP0005,45.0,23.5,0.0
6573408168,DP0043,45.0,21.0,0.0
6573408169,DP0048,45.0,28.7,0.0
6573408170,DP0041,45.0,22.1,0.0
6573408171,DP0043,55.0,49.3,0.0
6573408172,DP0043,85.0,61.7,0.0
6573408173,DP0041,85.0,60.1,0.0
6573408174,DP0005,85.0,60.9,0.0
6573408175,DP0033,85.0,58.9,0.0
6573408176,DP0041,85.0,61.7,0.0
6573408177,DP0041,40.0,18.6,0.0
6573408178,DP0003,75.0,53.7,0.0
6573408179,DP0019,60.0,45.5,0.0
6573408180,DP0041,45.0,25.6,0.0
6573408181,DP0043,50.0,42.5,0.0
6573408182,DP0041,45.0,60.1,1.0
6573408183,DP0020,50.0,21.9,0.0
6573408184,DP0041,50.0,32.0,0.0
6573408185,DP0015,50.0,30.6,0.0
6573408186,DP0005,55.0,28.3,0.0
6573408187,DP0041,55.0,29.7,0.0
6573408188,DP0002,55.0,31.2,0.0
6573408189,DP0039,55.0,31.8,0.0
6573408190,DP0005,55.0,35.7,0.0
6573408191,DP0041,45.0,25.9,0.0
6573408192,DP0041,45.0,29.4,0.0
6573408193,DP0019,45.0,27.8,0.0
6573408194,DP0043,45.0,24.3,0.0
6573408195,DP0040,45.0,23.3,0.0
6573408196,DP0041,65.0,45.2,0.0
6573408197,DP0048,50.0,43.1,0.0
6573408198,DP0043,40.0,20.8,0.0
6573408199,DP0041,55.0,37.9,0.0
6573408200,DP0041,55.0,42.9,0.0
6573408201,DP0041,55.0,36.4,0.0
6573408202,DP0041,50.0,29.7,0.0
6573408203,DP0008,45.0,40.6,0.0
6573408204,DP0046,45.0,38.8,0.0
6573408205,DP0049,45.0,23.1,0.0
6573408206,DP0041,40.0,39.9,0.0
6573408207,DP0009,45.0,21.4,0.0
6573408208,DP0043,55.0,44.4,0.0
6573408209,DP0041,55.0,48.5,0.0
6573408210,DP0037,50.0,39.3,0.0
6573408211,DP0041,40.0,22.7,0.0
6573408212,DP0047,40.0,28.2,0.0
6573408213,DP0041,40.0,25.0,0.0
6573408214,DP0005,55.0,43.2,0.0
6573408215,DP0041,50.0,32.7,0.0
6573408216,DP0041,50.0,40.3,0.0
6573408217,DP0045,75.0,48.1,0.0
6573408218,DP0041,45.0,23.2,0.0
6573408219,DP0015,60.0,48.5,0.0
6573408220,DP0038,50.0,32.8,0.0
6573408221,DP0023,85.0,57.1,0.0
6573408222,DP0041,45.0,36.3,0.0
6573408223,DP0005,45.0,31.7,0.0
6573408224,DP0005,45.0,36.2,0.0
6573408225,DP0007,45.0,29.2,0.0
6573408226,DP0041,65.0,60.4,0.0
6573408227,DP0009,65.0,63.3,0.0
6573408228,DP0002,65.0,61.8,0.0
6573408229,DP0004,65.0,79.2,1.0
6573408230,DP0050,65.0,84.1,1.0
6573408231,DP0044,45.0,25.1,0.0
6573408232,DP0029,50.0,36.2,0.0
6573408233,DP0041,50.0,50.2,1.0
6573408234,DP0041,50.0,44.4,0.0
6573408235,DP0041,40.0,33.4,0.0
6573408236,DP0021,60.0,52.3,0.0
6573408237,DP0041,60.0,53.0,0.0
6573408238,DP0041,60.0,51.2,0.0
6573408239,DP0005,60.0,47.8,0.0
6573408240,DP0026,45.0,33.8,0.0
6573408241,DP0005,45.0,31.9,0.0
6573408242,DP0008,45.0,33.2,0.0
6573408243,DP0041,45.0,29.1,0.0
6573408244,DP0048,45.0,44.7,0.0
6573408245,DP0009,65.0,43.9,0.0
6573408246,DP0035,65.0,40.4,0.0
6573408247,DP0041,65.0,40.2,0.0
6573408248,DP0041,65.0,42.6,0.0
6573408249,DP0015,65.0,41.5,0.0
6573408250,DP0041,75.0,45.5,0.0
6573408251,DP0016,75.0,41.4,0.0
6573408252,DP0041,75.0,44.8,0.0
6573408253,DP0003,75.0,42.2,0.0
6573408254,DP0047,75.0,45.7,0.0
6573408255,DP0015,50.0,32.5,0.0
6573408256,DP0041,40.0,31.4,0.0
6573408257,DP0015,40.0,35.3,0.0
6573408258,DP0015,50.0,25.4,0.0
6573408259,DP0016,50.0,19.2,0.0
6573408260,DP0041,50.0,24.5,0.0
6573408261,DP0041,50.0,80.9,1.0
6573408262,DP0011,50.0,80.2,1.0
6573408263,DP0041,50.0,80.6,1.0
6573408264,DP0039,50.0,75.5,1.0
6573408265,DP0041,50.0,78.6,1.0
6573408266,DP0018,40.0,32.9,0.0
6573408267,DP0041,55.0,38.7,0.0
6573408268,DP0041,55.0,56.5,1.0
6573408269,DP0043,50.0,29.4,0.0
6573408270,DP0041,50.0,27.0,0.0
6573408271,DP0041,50.0,35.1,0.0
6573408272,DP0041,50.0,29.5,0.0
6573408273,DP0007,50.0,28.4,0.0
6573408274,DP0015,65.0,46.9,0.0
6573408275,DP0008,65.0,50.2,0.0
6573408276,DP0041,65.0,50.8,0.0
6573408277,DP0041,65.0,51.4,0.0
6573408278,DP0048,65.0,72.5,1.0
6573408279,DP0005,65.0,51.9,0.0
6573408280,DP0043,45.0,30.1,0.0
6573408281,DP0015,40.0,24.8,0.0
6573408282,DP0009,40.0,23.4,0.0
6573408283,DP0041,40.0,25.9,0.0
6573408284,DP0041,40.0,28.1,0.0
6573408285,DP0019,40.0,24.0,0.0
6573408286,DP0041,40.0,25.4,0.0
6573408287,DP0041,55.0,40.0,0.0
6573408288,DP0035,45.0,52.8,1.0
6573408289,DP0041,45.0,56.3,1.0
6573408290,DP0019,45.0,48.5,1.0
6573408291,DP0005,45.0,49.9,1.0
6573408292,DP0019,45.0,51.9,1.0
6573408293,DP0041,50.0,26.2,0.0
6573408294,DP0038,55.0,37.1,0.0
6573408295,DP0009,55.0,40.3,0.0
6573408296,DP0041,55.0,43.8,0.0
6573408297,DP0041,55.0,42.8,0.0
6573408298,DP0008,55.0,38.5,0.0
6573408299,DP0015,55.0,44.5,0.0
6573408300,DP0021,65.0,41.8,0.0
6573408301,DP0041,45.0,38.3,0.0
6573408302,DP0005,45.0,20.6,0.0
6573408303,DP0028,55.0,37.0,0.0
6573408304,DP0041,50.0,30.0,0.0
6573408305,DP0034,50.0,30.6,0.0
6573408306,DP0015,50.0,31.5,0.0
6573408307,DP0021,50.0,34.3,0.0
6573408308,DP0041,50.0,30.1,0.0
6573408309,DP0027,55.0,33.2,0.0
6573408310,DP0048,55.0,48.6,0.0
6573408311,DP0019,40.0,37.9,0.0
6573408312,DP0042,65.0,45.5,0.0
6573408313,DP0005,65.0,44.2,0.0
6573408314,DP0015,50.0,31.4,0.0
6573408315,DP0043,40.0,20.2,0.0
6573408316,DP0041,40.0,25.9,0.0
6573408317,DP0004,40.0,48.2,1.0
6573408318,DP0041,40.0,21.6,0.0
6573408319,DP0041,40.0,19.7,0.0
6573408320,DP0041,40.0,33.2,0.0
6573408321,DP0043,40.0,32.8,0.0
6573408322,DP0032,40.0,34.6,0.0
6573408323,DP0005,40.0,34.6,0.0
6573408324,DP0041,40.0,31.8,0.0
6573408325,DP0015,50.0,34.8,0.0
6573408326,DP0048,50.0,33.3,0.0
6573408327,DP0007,50.0,26.8,0.0
6573408328,DP0020,50.0,32.1,0.0
6573408329,DP0024,50.0,30.9,0.0
6573408330,DP0041,75.0,57.6,0.0
6573408331,DP0041,50.0,30.1,0.0
6573408332,DP0041,55.0,33.9,0.0
6573408333,DP0041,40.0,26.1,0.0
6573408334,DP0041,60.0,31.4,0.0
6573408335,DP0041,45.0,26.8,0.0
6573408336,DP0033,60.0,44.2,0.0
6573408337,DP0039,50.0,43.5,0.0
6573408338,DP0033,70.0,58.9,0.0
6573408339,DP0043,50.0,31.7,0.0
6573408340,DP0005,75.0,42.6,0.0
6573408341,DP0005,40.0,26.6,0.0
6573408342,DP0033,65.0,47.8,0.0
6573408343,DP0044,40.0,36.9,0.0
6573408344,DP0021,45.0,30.9,0.0
6573408345,DP0008,40.0,19.8,0.0
6573408346,DP0041,40.0,24.4,0.0
6573408347,DP0005,40.0,24.4,0.0
6573408348,DP0041,50.0,28.3,0.0
6573408349,DP0042,45.0,25.0,0.0
6573408350,DP0005,40.0,29.8,0.0
6573408351,DP0041,40.0,31.8,0.0
6573408352,DP0043,40.0,32.3,0.0
6573408353,DP0005,65.0,45.1,0.0
6573408354,DP0038,65.0,45.7,0.0
6573408355,DP0041,65.0,45.5,0.0
6573408356,DP0049,40.0,32.9,0.0
6573408357,DP0041,45.0,33.8,0.0
6573408358,DP0041,85.0,63.7,0.0
6573408359,DP0041,45.0,36.7,0.0
6573408360,DP0015,40.0,26.8,0.0
6573408361,DP0043,50.0,37.6,0.0
6573408362,DP0018,55.0,32.6,0.0
6573408363,DP0028,55.0,35.6,0.0
6573408364,DP0021,55.0,31.4,0.0
6573408365,DP0041,55.0,36.6,0.0
6573408366,DP0042,55.0,34.0,0.0
6573408367,DP0032,50.0,30.0,0.0
6573408368,DP0006,40.0,21.3,0.0
6573408369,DP0029,60.0,48.4,0.0
6573408370,DP0039,50.0,31.5,0.0
6573408371,DP0041,45.0,30.1,0.0
6573408372,DP0028,45.0,28.8,0.0
6573408373,DP0041,45.0,28.8,0.0
6573408374,DP0008,45.0,26.9,0.0
6573408375,DP0022,45.0,26.3,0.0
6573408376,DP0041,65.0,35.6,0.0
6573408377,DP0041,45.0,28.3,0.0
6573408378,DP0007,50.0,29.4,0.0
6573408379,DP0026,50.0,28.6,0.0
6573408380,DP0003,50.0,26.3,0.0
6573408381,DP0041,50.0,27.6,0.0
6573408382,DP0033,60.0,55.1,0.0
6573408383,DP0041,60.0,48.8,0.0
6573408384,DP0005,60.0,45.0,0.0
6573408385,DP0015,60.0,49.7,0.0
6573408386,DP0002,60.0,51.9,0.0
6573408387,DP0041,65.0,52.9,0.0
6573408388,DP0007,50.0,37.1,0.0
6573408389,DP0048,65.0,62.9,0.0
6573408390,DP0041,40.0,20.5,0.0
6573408391,,,,
6573408392,DP0005,45.0,68.3,1.0
6573408393,DP0041,40.0,28.9,0.0
6573408394,DP0005,55.0,42.2,0.0
6573408395,DP0041,55.0,39.5,0.0
6573408396,DP0041,40.0,60.6,1.0
6573408397,DP0019,50.0,37.0,0.0
6573408398,DP0041,60.0,56.1,0.0
6573408399,DP0015,65.0,46.9,0.0
6573408400,DP0016,40.0,28.4,0.0
6573408401,DP0036,40.0,28.7,0.0
6573408402,DP0041,65.0,41.4,0.0
6573408403,DP0041,45.0,31.5,0.0
6573408404,DP0044,50.0,28.2,0.0
6573408405,DP0041,50.0,34.4,0.0
6573408406,DP0043,50.0,31.9,0.0
6573408407,DP0028,50.0,31.7,0.0
6573408408,DP0041,50.0,32.6,0.0
6573408409,DP0043,40.0,33.3,0.0
6573408410,DP0006,60.0,39.7,0.0
6573408411,DP0041,45.0,40.4,0.0
6573408412,DP0041,55.0,43.9,0.0
6573408413,DP0041,50.0,30.4,0.0
6573408414,DP0005,45.0,22.0,0.0
6573408415,DP0041,45.0,21.1,0.0
6573408416,DP0041,45.0,21.0,0.0
6573408417,DP0041,40.0,45.8,1.0
6573408418,DP0041,45.0,34.4,0.0
6573408419,DP0041,45.0,39.6,0.0
6573408420,DP0021,45.0,38.0,0.0
6573408421,DP0043,45.0,36.0,0.0
6573408422,DP0038,45.0,35.9,0.0
6573408423,DP0043,45.0,34.2,0.0
6573408424,DP0005,50.0,32.5,0.0
6573408425,DP0043,45.0,46.9,1.0
6573408426,DP0021,45.0,27.0,0.0
6573408427,DP0041,40.0,51.5,1.0
6573408428,DP0008,40.0,22.0,0.0
6573408429,DP0041,55.0,43.2,0.0
6573408430,DP0043,50.0,37.0,0.0
6573408431,DP0041,50.0,41.1,0.0
6573408432,DP0041,65.0,34.7,0.0
6573408433,,,,
6573408434,DP0041,55.0,41.0,0.0
6573408435,DP0041,65.0,51.2,0.0
6573408436,DP0041,50.0,24.6,0.0
6573408437,DP0041,55.0,41.0,0.0
6573408438,DP0008,50.0,36.9,0.0
6573408439,DP0039,45.0,38.1,0.0
6573408440,DP0041,50.0,55.4,1.0
6573408441,DP0041,60.0,45.7,0.0
6573408442,DP0041,60.0,48.7,0.0
6573408443,DP0041,60.0,44.4,0.0
6573408444,DP0028,40.0,55.6,1.0
6573408445,DP0005,60.0,34.7,0.0
6573408446,DP0028,65.0,39.3,0.0
6573408447,DP0047,45.0,28.8,0.0
6573408448,DP0041,50.0,26.3,0.0
6573408449,DP0041,50.0,38.8,0.0
6573408450,DP0043,50.0,35.2,0.0
6573408451,DP0041,50.0,39.0,0.0
6573408452,DP0041,50.0,37.8,0.0
6573408453,DP0049,40.0,24.1,0.0
6573408454,DP0041,40.0,36.0,0.0
6573408455,DP0033,40.0,34.9,0.0
6573408456,DP0041,40.0,34.6,0.0
6573408457,DP0049,40.0,35.1,0.0
6573408458,DP0041,40.0,37.1,0.0
6573408459,DP0041,50.0,38.3,0.0
6573408460,DP0019,45.0,53.8,1.0
6573408461,DP0023,50.0,33.7,0.0
6573408462,DP0041,45.0,25.2,0.0
6573408463,DP0005,40.0,32.1,0.0
6573408464,DP0015,40.0,43.5,1.0
6573408465,DP0041,55.0,66.7,1.0
6573408466,DP0043,60.0,46.1,0.0
6573408467,DP0041,60.0,42.9,0.0
6573408468,DP0041,60.0,39.5,0.0
6573408469,DP0018,60.0,44.0,0.0
6573408470,DP0043,60.0,42.2,0.0
6573408471,DP0041,45.0,52.6,1.0
6573408472,DP0012,45.0,50.4,1.0
6573408473,DP0039,45.0,47.3,1.0
6573408474,DP0038,45.0,49.6,1.0
6573408475,DP0041,45.0,51.0,1.0
6573408476,DP0023,40.0,31.6,0.0
6573408477,DP0021,60.0,40.3,0.0
6573408478,DP0048,70.0,55.5,0.0
6573408479,DP0047,55.0,56.1,1.0
6573408480,DP0041,45.0,47.0,1.0
6573408481,DP0039,60.0,40.7,0.0
6573408482,DP0043,50.0,36.3,0.0
6573408483,DP0038,45.0,35.7,0.0
6573408484,DP0041,50.0,32.3,0.0
6573408485,DP0041,40.0,30.5,0.0
6573408486,DP0019,50.0,23.1,0.0
6573408487,DP0041,40.0,23.9,0.0
6573408488,DP0020,40.0,30.1,0.0
6573408489,DP0043,50.0,20.0,0.0
6573408490,DP0041,40.0,31.1,0.0
6573408491,DP0019,40.0,33.2,0.0
6573408492,DP0015,50.0,16.9,0.0
6573408493,DP0021,60.0,58.7,0.0
6573408494,DP0047,55.0,54.3,0.0
6573408495,DP0041,40.0,27.7,0.0
6573408496,DP0008,40.0,36.5,0.0
6573408497,DP0041,65.0,44.5,0.0
6573408498,DP0049,55.0,42.2,0.0
6573408499,DP0041,45.0,28.7,0.0
6573408500,DP0043,50.0,37.7,0.0
6573408501,DP0046,55.0,43.8,0.0
6573408502,DP0041,65.0,39.0,0.0
6573408503,DP0041,65.0,35.8,0.0
6573408504,DP0023,65.0,38.1,0.0
6573408505,DP0008,65.0,36.2,0.0
6573408506,DP0003,65.0,38.7,0.0
6573408507,DP0038,50.0,38.3,0.0
6573408508,DP0041,45.0,27.0,0.0
6573408509,DP0041,45.0,20.2,0.0
6573408510,DP0043,45.0,25.4,0.0
6573408511,DP0038,45.0,20.2,0.0
6573408512,DP0048,45.0,40.1,0.0
6573408513,DP0021,55.0,47.4,0.0
6573408514,DP0008,45.0,38.1,0.0
6573408515,DP0041,50.0,36.2,0.0
6573408516,DP0012,50.0,30.0,0.0
6573408517,DP0005,55.0,41.8,0.0
6573408518,DP0006,70.0,45.0,0.0
6573408519,DP0026,50.0,66.2,1.0
6573408520,DP0015,55.0,37.7,0.0
6573408521,DP0048,55.0,40.4,0.0
6573408522,DP0007,55.0,32.7,0.0
6573408523,DP0046,55.0,47.5,0.0
6573408524,DP0024,55.0,35.9,0.0
6573408525,DP0041,55.0,56.6,1.0
6573408526,DP0041,50.0,46.0,0.0
6573408527,DP0015,50.0,34.1,0.0
6573408528,DP0006,50.0,31.9,0.0
6573408529,DP0041,50.0,28.7,0.0
6573408530,DP0007,45.0,49.5,1.0
6573408531,DP0041,45.0,20.5,0.0
6573408532,DP0028,50.0,28.9,0.0
6573408533,DP0005,55.0,49.9,0.0
6573408534,DP0034,60.0,59.4,0.0
6573408535,DP0041,50.0,35.9,0.0
6573408536,DP0043,50.0,34.2,0.0
6573408537,DP0044,50.0,38.4,0.0
6573408538,DP0035,50.0,37.7,0.0
6573408539,DP0029,50.0,36.1,0.0
6573408540,DP0038,50.0,31.7,0.0
6573408541,DP0041,40.0,30.2,0.0
6573408542,DP0041,60.0,41.6,0.0
6573408543,DP0043,60.0,42.0,0.0
6573408544,DP0018,50.0,41.5,0.0
6573408545,DP0041,65.0,46.3,0.0
6573408546,DP0022,50.0,27.4,0.0
6573408547,DP0044,40.0,22.0,0.0
6573408548,DP0041,45.0,24.1,0.0
6573408549,DP0041,40.0,25.6,0.0
6573408550,DP0041,50.0,39.6,0.0
6573408551,DP0041,55.0,34.4,0.0
6573408552,DP0043,50.0,21.0,0.0
6573408553,DP0010,45.0,43.4,0.0
6573408554,DP0008,45.0,23.5,0.0
6573408555,DP0015,40.0,41.4,1.0
6573408556,DP0043,65.0,38.1,0.0
6573408557,DP0043,45.0,54.9,1.0
6573408558,DP0030,75.0,52.4,0.0
6573408559,DP0041,75.0,48.7,0.0
6573408560,DP0041,75.0,49.5,0.0
6573408561,DP0002,75.0,49.5,0.0
6573408562,DP0041,45.0,106.8,1.0
6573408563,DP0015,45.0,21.2,0.0
6573408564,DP0015,45.0,26.4,0.0
6573408565,DP0021,45.0,25.7,0.0
6573408566,DP0041,55.0,47.0,0.0
6573408567,DP0041,65.0,46.6,0.0
6573408568,DP0039,50.0,47.1,0.0
6573408569,DP0030,40.0,26.6,0.0
6573408570,DP0005,40.0,29.2,0.0
6573408571,DP0043,40.0,34.7,0.0
6573408572,DP0015,40.0,25.5,0.0
6573408573,DP0043,40.0,28.8,0.0
6573408574,DP0001,55.0,49.6,0.0
6573408575,DP0004,40.0,53.2,1.0
6573408576,DP0005,45.0,31.9,0.0
6573408577,DP0007,45.0,29.4,0.0
6573408578,DP0041,55.0,29.9,0.0
6573408579,DP0043,60.0,43.1,0.0
6573408580,DP0043,60.0,37.3,0.0
6573408581,DP0002,60.0,38.0,0.0
6573408582,DP0041,60.0,41.6,0.0
6573408583,DP0020,60.0,38.0,0.0
6573408584,DP0043,45.0,22.3,0.0
6573408585,DP0045,45.0,37.7,0.0
6573408586,DP0031,45.0,31.1,0.0
6573408587,DP0041,50.0,29.8,0.0
6573408588,DP0033,45.0,30.6,0.0
6573408589,DP0039,55.0,51.3,0.0
6573408590,DP0041,50.0,30.4,0.0
6573408591,DP0034,40.0,34.8,0.0
6573408592,DP0041,50.0,27.8,0.0
6573408593,DP0036,55.0,46.4,0.0
6573408594,DP0041,55.0,44.4,0.0
6573408595,DP0041,55.0,41.7,0.0
6573408596,DP0005,55.0,39.5,0.0
6573408597,DP0043,50.0,27.4,0.0
6573408598,DP0005,40.0,20.8,0.0
6573408599,DP0041,50.0,34.8,0.0
6573408600,DP0041,50.0,31.8,0.0
6573408601,DP0041,50.0,26.4,0.0
6573408602,DP0005,65.0,56.3,0.0
6573408603,DP0026,55.0,32.2,0.0
6573408604,DP0021,65.0,38.4,0.0
6573408605,DP0043,55.0,38.6,0.0
6573408606,DP0041,40.0,23.3,0.0
6573408607,DP0043,55.0,36.7,0.0
6573408608,DP0005,50.0,37.8,0.0
6573408609,DP0030,50.0,39.1,0.0
6573408610,DP0041,50.0,38.9,0.0
6573408611,DP0008,40.0,23.2,0.0
6573408612,DP0041,50.0,36.0,0.0
6573408613,DP0014,55.0,45.4,0.0
6573408614,DP0044,55.0,41.3,0.0
6573408615,DP0023,55.0,45.1,0.0
6573408616,DP0041,55.0,42.1,0.0
6573408617,DP0041,55.0,42.7,0.0
6573408618,DP0041,55.0,39.4,0.0
6573408619,DP0014,55.0,77.6,1.0
6573408620,DP0041,55.0,79.5,1.0
6573408621,DP0027,55.0,78.0,1.0
6573408622,DP0041,55.0,77.3,1.0
6573408623,DP0047,55.0,82.6,1.0
6573408624,DP0028,65.0,48.9,0.0
6573408625,DP0041,50.0,27.1,0.0
6573408626,DP0041,50.0,23.9,0.0
6573408627,DP0008,50.0,28.3,0.0
6573408628,DP0041,50.0,27.1,0.0
6573408629,DP0041,45.0,33.7,0.0
6573408630,DP0005,45.0,34.1,0.0
6573408631,DP0041,45.0,33.0,0.0
6573408632,DP0041,45.0,35.4,0.0
6573408633,DP0043,45.0,34.6,0.0
6573408634,DP0021,50.0,29.2,0.0
6573408635,DP0041,50.0,29.1,0.0
6573408636,DP0041,50.0,32.4,0.0
6573408637,DP0041,50.0,28.2,0.0
6573408638,DP0002,50.0,26.0,0.0
6573408639,DP0001,50.0,39.8,0.0
6573408640,DP0041,55.0,43.4,0.0
6573408641,DP0009,55.0,45.7,0.0
6573408642,DP0041,45.0,32.8,0.0
6573408643,DP0033,50.0,27.5,0.0
6573408644,DP0015,65.0,42.3,0.0
6573408645,DP0008,50.0,35.0,0.0
6573408646,DP0041,55.0,35.2,0.0
6573408647,DP0041,65.0,45.9,0.0
6573408648,DP0041,50.0,47.5,0.0
6573408649,DP0039,40.0,35.4,0.0
6573408650,DP0019,65.0,50.4,0.0
6573408651,DP0026,50.0,45.3,0.0
6573408652,DP0043,50.0,47.2,0.0
6573408653,DP0019,50.0,43.0,0.0
6573408654,DP0043,50.0,44.5,0.0
6573408655,DP0041,50.0,40.5,0.0
6573408656,DP0009,45.0,29.2,0.0
6573408657,DP0021,50.0,62.2,1.0
6573408658,DP0043,50.0,63.9,1.0
6573408659,DP0029,50.0,62.6,1.0
6573408660,DP0041,50.0,62.7,1.0
6573408661,DP0008,50.0,61.0,1.0
6573408662,DP0005,50.0,31.4,0.0
6573408663,DP0014,50.0,32.6,0.0
6573408664,DP0048,55.0,58.1,1.0
6573408665,DP0041,55.0,45.8,0.0
6573408666,DP0028,55.0,50.7,0.0
6573408667,DP0002,55.0,52.3,0.0
6573408668,DP0027,55.0,45.9,0.0
6573408669,DP0019,65.0,39.3,0.0
6573408670,DP0041,65.0,40.9,0.0
6573408671,DP0041,65.0,45.0,0.0
6573408672,DP0049,65.0,42.1,0.0
6573408673,DP0041,50.0,41.6,0.0
6573408674,DP0043,50.0,37.8,0.0
6573408675,DP0041,50.0,44.3,0.0
6573408676,DP0041,50.0,41.7,0.0
6573408677,DP0039,50.0,43.9,0.0
6573408678,DP0041,45.0,24.2,0.0
6573408679,DP0023,45.0,26.0,0.0
6573408680,DP0019,45.0,31.1,0.0
6573408681,DP0043,45.0,27.2,0.0
6573408682,DP0041,45.0,26.9,0.0
6573408683,DP0005,40.0,25.0,0.0
6573408684,DP0041,50.0,24.9,0.0
6573408685,DP0006,45.0,22.2,0.0
6573408686,DP0034,50.0,24.3,0.0
6573408687,DP0008,40.0,30.6,0.0
6573408688,DP0041,45.0,37.4,0.0
6573408689,DP0005,45.0,31.5,0.0
6573408690,DP0008,60.0,44.5,0.0
6573408691,DP0015,50.0,33.9,0.0
6573408692,DP0041,65.0,44.4,0.0
6573408693,DP0028,50.0,29.8,0.0
6573408694,DP0008,50.0,33.0,0.0
6573408695,DP0009,50.0,35.9,0.0
6573408696,DP0033,50.0,33.8,0.0
6573408697,DP0041,50.0,26.3,0.0
6573408698,DP0007,40.0,30.1,0.0
6573408699,DP0019,60.0,59.2,0.0
6573408700,DP0037,45.0,29.3,0.0
6573408701,DP0041,55.0,36.6,0.0
6573408702,DP0041,55.0,46.6,0.0
6573408703,DP0002,55.0,59.8,1.0
6573408704,DP0028,40.0,29.4,0.0
6573408705,DP0043,75.0,49.4,0.0
6573408706,DP0041,50.0,39.0,0.0
6573408707,DP0041,40.0,32.1,0.0
6573408708,DP0041,55.0,36.3,0.0
6573408709,DP0048,55.0,42.9,0.0
6573408710,DP0002,55.0,33.8,0.0
6573408711,DP0041,55.0,32.2,0.0
6573408712,DP0050,55.0,44.4,0.0
6573408713,DP0005,40.0,34.9,0.0
6573408714,DP0012,55.0,43.2,0.0
6573408715,DP0004,45.0,73.9,1.0
6573408716,DP0009,55.0,39.0,0.0
6573408717,DP0041,55.0,37.3,0.0
6573408718,DP0038,55.0,41.8,0.0
6573408719,DP0041,55.0,64.4,1.0
6573408720,DP0041,50.0,27.7,0.0
6573408721,DP0015,45.0,21.9,0.0
6573408722,DP0011,50.0,49.6,0.0
6573408723,DP0005,55.0,34.9,0.0
6573408724,DP0041,90.0,58.0,0.0
6573408725,DP0005,90.0,54.2,0.0
6573408726,DP0041,90.0,54.9,0.0
6573408727,DP0041,90.0,51.2,0.0
6573408728,DP0041,90.0,55.8,0.0
6573408729,DP0041,65.0,41.1,0.0
6573408730,DP0013,55.0,45.3,0.0
6573408731,DP0022,55.0,48.8,0.0
6573408732,DP0041,50.0,17.9,0.0
6573408733,DP0041,50.0,19.2,0.0
6573408734,DP0041,50.0,21.0,0.0
6573408735,DP0043,40.0,28.6,0.0
6573408736,DP0041,40.0,20.8,0.0
6573408737,DP0048,45.0,47.1,1.0
6573408738,DP0037,45.0,31.5,0.0
6573408739,DP0030,45.0,28.6,0.0
6573408740,DP0041,45.0,32.4,0.0
6573408741,DP0041,45.0,23.6,0.0
6573408742,DP0005,45.0,41.3,0.0
6573408743,DP0041,60.0,42.8,0.0
6573408744,DP0005,55.0,28.8,0.0
6573408745,DP0041,55.0,28.0,0.0
6573408746,DP0015,55.0,28.9,0.0
6573408747,DP0041,55.0,32.8,0.0
6573408748,,,,
6573408749,DP0007,65.0,53.8,0.0
6573408750,DP0043,45.0,60.2,1.0
6573408751,DP0041,45.0,31.4,0.0
6573408752,DP0041,45.0,22.1,0.0
6573408753,DP0041,50.0,38.1,0.0
6573408754,DP0041,50.0,35.7,0.0
6573408755,DP0010,50.0,42.1,0.0
6573408756,DP0041,50.0,34.6,0.0
6573408757,DP0043,50.0,34.0,0.0
6573408758,DP0044,40.0,20.6,0.0
6573408759,DP0043,50.0,52.1,1.0
6573408760,DP0034,40.0,19.8,0.0
6573408761,DP0047,40.0,19.5,0.0
6573408762,DP0041,65.0,37.1,0.0
6573408763,DP0041,45.0,25.2,0.0
6573408764,DP0001,45.0,36.3,0.0
6573408765,DP0005,75.0,68.8,0.0
6573408766,DP0003,55.0,43.4,0.0
6573408767,DP0041,40.0,32.5,0.0
6573408768,DP0041,55.0,41.1,0.0
6573408769,DP0049,55.0,38.2,0.0
6573408770,DP0021,55.0,39.9,0.0
6573408771,DP0034,55.0,36.0,0.0
6573408772,DP0015,55.0,41.4,0.0
6573408773,DP0043,55.0,69.4,1.0
6573408774,DP0043,40.0,58.7,1.0
6573408775,DP0014,60.0,37.7,0.0
6573408776,DP0041,45.0,32.3,0.0
6573408777,DP0042,55.0,44.6,0.0
6573408778,DP0039,55.0,49.6,0.0
6573408779,DP0038,55.0,46.1,0.0
6573408780,DP0041,55.0,46.9,0.0
6573408781,DP0038,55.0,48.4,0.0
6573408782,DP0043,45.0,32.3,0.0
6573408783,DP0021,45.0,66.3,1.0
6573408784,DP0015,40.0,49.0,1.0
6573408785,DP0042,40.0,56.6,1.0
6573408786,DP0012,40.0,54.4,1.0
6573408787,DP0028,40.0,55.0,1.0
6573408788,DP0043,45.0,52.2,1.0
6573408789,DP0041,45.0,52.0,1.0
6573408790,DP0043,45.0,59.7,1.0
6573408791,DP0041,45.0,58.9,1.0
6573408792,DP0041,45.0,55.8,1.0
6573408793,DP0007,50.0,25.4,0.0
6573408794,DP0039,40.0,41.1,1.0
6573408795,DP0007,40.0,18.2,0.0
6573408796,DP0009,40.0,31.1,0.0
6573408797,DP0010,45.0,25.7,0.0
6573408798,DP0041,45.0,51.1,1.0
6573408799,DP0043,50.0,20.7,0.0
6573408800,DP0003,40.0,29.1,0.0
6573408801,DP0043,40.0,29.6,0.0
6573408802,DP0003,40.0,27.6,0.0
6573408803,DP0003,40.0,27.1,0.0
6573408804,DP0041,40.0,26.2,0.0
6573408805,DP0047,50.0,34.7,0.0
6573408806,DP0043,55.0,41.1,0.0
6573408807,DP0010,45.0,33.3,0.0
6573408808,DP0041,65.0,43.9,0.0
6573408809,DP0037,55.0,32.8,0.0
6573408810,DP0041,55.0,39.4,0.0
6573408811,DP0041,40.0,34.0,0.0
6573408812,DP0018,40.0,26.7,0.0
6573408813,DP0026,45.0,25.1,0.0
6573408814,DP0005,100.0,70.7,0.0
6573408815,DP0041,100.0,73.7,0.0
6573408816,DP0041,100.0,75.0,0.0
6573408817,DP0043,100.0,67.5,0.0
6573408818,DP0003,100.0,74.5,0.0
6573408819,DP0041,50.0,28.7,0.0
6573408820,DP0041,40.0,34.6,0.0
6573408821,DP0007,45.0,30.1,0.0
6573408822,DP0003,45.0,30.2,0.0
6573408823,DP0041,45.0,31.4,0.0
6573408824,DP0019,45.0,28.3,0.0
6573408825,DP0041,45.0,29.8,0.0
6573408826,DP0021,45.0,19.8,0.0
6573408827,DP0020,40.0,30.2,0.0
6573408828,DP0015,50.0,25.9,0.0
6573408829,DP0021,55.0,32.6,0.0
6573408830,DP0007,45.0,27.6,0.0
6573408831,DP0029,50.0,18.9,0.0
6573408832,DP0047,50.0,17.7,0.0
6573408833,DP0002,50.0,17.0,0.0
6573408834,DP0041,50.0,44.0,0.0
6573408835,DP0005,45.0,37.3,0.0
6573408836,DP0007,50.0,35.4,0.0
6573408837,DP0019,50.0,23.6,0.0
6573408838,DP0026,50.0,21.5,0.0
6573408839,DP0041,45.0,34.3,0.0
6573408840,DP0024,45.0,34.1,0.0
6573408841,DP0019,45.0,35.8,0.0
6573408842,DP0041,45.0,34.1,0.0
6573408843,DP0041,50.0,41.6,0.0
6573408844,DP0041,75.0,46.5,0.0
6573408845,DP0008,40.0,36.3,0.0
6573408846,DP0041,40.0,30.0,0.0
6573408847,DP0042,40.0,31.2,0.0
6573408848,DP0041,40.0,32.2,0.0
6573408849,DP0041,40.0,32.9,0.0
6573408850,DP0043,60.0,36.9,0.0
6573408851,DP0023,65.0,39.7,0.0
6573408852,DP0039,55.0,47.5,0.0
6573408853,DP0049,40.0,47.7,1.0
6573408854,DP0041,55.0,35.3,0.0
6573408855,DP0041,55.0,38.0,0.0
6573408856,DP0009,55.0,40.1,0.0
6573408857,DP0022,50.0,29.0,0.0
6573408858,DP0008,60.0,50.8,0.0
6573408859,DP0028,45.0,24.9,0.0
6573408860,DP0025,45.0,27.7,0.0
6573408861,DP0043,45.0,24.6,0.0
6573408862,DP0050,45.0,40.9,0.0
6573408863,DP0041,45.0,27.8,0.0
6573408864,DP0006,55.0,36.1,0.0
6573408865,DP0041,55.0,43.1,0.0
6573408866,DP0019,45.0,31.2,0.0
6573408867,DP0041,50.0,34.5,0.0
6573408868,DP0030,55.0,35.5,0.0
6573408869,DP0041,50.0,32.8,0.0
6573408870,DP0049,40.0,26.0,0.0
6573408871,DP0050,45.0,31.7,0.0
6573408872,DP0013,40.0,23.4,0.0
6573408873,DP0019,45.0,34.7,0.0
6573408874,DP0026,45.0,33.2,0.0
6573408875,DP0015,45.0,32.9,0.0
6573408876,DP0032,45.0,31.9,0.0
6573408877,DP0041,50.0,39.0,0.0
6573408878,DP0041,50.0,38.0,0.0
6573408879,DP0043,50.0,38.6,0.0
6573408880,DP0026,50.0,37.7,0.0
6573408881,DP0023,45.0,37.4,0.0
6573408882,DP0043,55.0,36.6,0.0
6573408883,DP0004,75.0,65.6,0.0
6573408884,DP0043,50.0,34.8,0.0
6573408885,DP0041,95.0,64.4,0.0
6573408886,DP0041,65.0,51.8,0.0
6573408887,DP0041,60.0,36.1,0.0
6573408888,DP0049,40.0,25.1,0.0
6573408889,DP0041,65.0,51.7,0.0
6573408890,DP0028,50.0,44.1,0.0
6573408891,DP0015,50.0,41.7,0.0
6573408892,DP0041,50.0,40.7,0.0
6573408893,DP0041,40.0,21.5,0.0
6573408894,DP0038,50.0,69.3,1.0
6573408895,DP0028,50.0,67.9,1.0
6573408896,DP0008,50.0,67.8,1.0
6573408897,DP0008,50.0,75.1,1.0
6573408898,DP0019,55.0,45.9,0.0
6573408899,DP0041,55.0,43.2,0.0
6573408900,DP0019,55.0,42.5,0.0
6573408901,DP0041,55.0,43.4,0.0
6573408902,DP0015,60.0,48.9,0.0
6573408903,DP0020,60.0,46.2,0.0
6573408904,DP0041,60.0,52.4,0.0
6573408905,DP0010,60.0,38.5,0.0
6573408906,DP0041,45.0,36.4,0.0
6573408907,DP0041,45.0,34.0,0.0
6573408908,DP0028,45.0,37.3,0.0
6573408909,DP0038,70.0,62.8,0.0
6573408910,DP0043,70.0,62.6,0.0
6573408911,DP0041,55.0,35.7,0.0
6573408912,DP0041,75.0,58.2,0.0
6573408913,DP0020,40.0,29.7,0.0
6573408914,DP0020,50.0,59.9,1.0
6573408915,DP0043,40.0,47.3,1.0
6573408916,DP0015,40.0,29.1,0.0
6573408917,DP0007,40.0,36.6,0.0
6573408918,DP0043,40.0,28.9,0.0
6573408919,DP0043,55.0,46.0,0.0
6573408920,DP0041,55.0,45.8,0.0
6573408921,DP0046,55.0,62.2,1.0
6573408922,DP0039,55.0,44.5,0.0
6573408923,DP0005,40.0,31.4,0.0
6573408924,DP0041,40.0,27.8,0.0
6573408925,DP0041,40.0,26.6,0.0
6573408926,DP0041,85.0,60.3,0.0
6573408927,,,,
6573408928,DP0015,60.0,48.6,0.0
6573408929,DP0015,85.0,61.8,0.0
6573408930,DP0048,40.0,53.9,1.0
6573408931,DP0041,40.0,34.7,0.0
6573408932,DP0041,40.0,35.1,0.0
6573408933,DP0008,40.0,27.0,0.0
6573408934,DP0041,55.0,49.6,0.0
6573408935,DP0021,55.0,47.9,0.0
6573408936,DP0041,55.0,45.9,0.0
6573408937,DP0005,55.0,50.0,0.0
6573408938,DP0043,40.0,19.1,0.0
6573408939,DP0041,40.0,34.5,0.0
6573408940,DP0041,40.0,32.2,0.0
6573408941,DP0007,50.0,51.9,1.0
6573408942,DP0043,40.0,20.3,0.0
6573408943,DP0028,50.0,30.2,0.0
6573408944,DP0041,50.0,28.4,0.0
6573408945,DP0047,55.0,40.6,0.0
6573408946,DP0041,50.0,42.3,0.0
6573408947,DP0041,50.0,32.2,0.0
6573408948,DP0047,55.0,34.0,0.0
6573408949,DP0041,45.0,26.8,0.0
6573408950,DP0048,50.0,53.7,1.0
6573408951,DP0043,50.0,36.7,0.0
6573408952,DP0041,60.0,38.0,0.0
6573408953,DP0008,45.0,15.5,0.0
6573408954,DP0041,45.0,53.0,1.0
6573408955,DP0027,40.0,29.6,0.0
6573408956,DP0048,40.0,47.3,1.0
6573408957,DP0041,40.0,29.5,0.0
6573408958,DP0041,40.0,28.7,0.0
6573408959,DP0021,45.0,33.4,0.0
6573408960,DP0006,40.0,54.2,1.0
6573408961,DP0005,50.0,42.4,0.0
6573408962,DP0041,50.0,47.6,0.0
6573408963,DP0037,50.0,49.0,0.0
6573408964,DP0041,50.0,48.1,0.0
6573408965,DP0043,50.0,50.7,1.0
6573408966,DP0026,55.0,47.9,0.0
6573408967,DP0041,55.0,41.0,0.0
6573408968,DP0003,40.0,14.2,0.0
6573408969,DP0041,45.0,64.8,1.0
6573408970,DP0041,45.0,62.6,1.0
6573408971,DP0043,45.0,69.0,1.0
6573408972,DP0041,45.0,67.6,1.0
6573408973,DP0038,50.0,35.1,0.0
6573408974,DP0002,50.0,36.8,0.0
6573408975,DP0043,50.0,36.2,0.0
6573408976,DP0015,60.0,33.0,0.0
6573408977,DP0005,40.0,63.4,1.0
6573408978,DP0048,50.0,53.9,1.0
6573408979,DP0044,40.0,44.8,1.0
6573408980,DP0007,45.0,35.8,0.0
6573408981,DP0033,50.0,45.4,0.0
6573408982,DP0041,60.0,44.2,0.0
6573408983,DP0041,45.0,37.8,0.0
6573408984,DP0041,45.0,42.5,0.0
6573408985,DP0041,45.0,36.2,0.0
6573408986,DP0038,45.0,41.3,0.0
6573408987,DP0027,50.0,29.8,0.0
6573408988,DP0005,50.0,32.7,0.0
6573408989,DP0005,50.0,31.4,0.0
6573408990,DP0029,50.0,32.5,0.0
6573408991,DP0032,50.0,54.0,1.0
6573408992,DP0041,55.0,47.4,0.0
6573408993,DP0039,55.0,46.6,0.0
6573408994,DP0006,50.0,34.5,0.0
6573408995,DP0002,50.0,34.5,0.0
6573408996,DP0005,45.0,38.0,0.0
6573408997,DP0041,45.0,34.9,0.0
6573408998,DP0043,45.0,35.2,0.0
6573408999,DP0010,45.0,36.7,0.0
6573409000,DP0041,55.0,31.2,0.0
6573409001,DP0021,55.0,37.9,0.0
6573409002,DP0024,55.0,36.1,0.0
6573409003,DP0008,40.0,25.1,0.0
6573409004,DP0041,50.0,30.2,0.0
6573409005,DP0048,45.0,49.5,1.0
6573409006,DP0018,75.0,56.1,0.0
6573409007,DP0041,75.0,57.4,0.0
6573409008,DP0006,75.0,52.0,0.0
6573409009,DP0012,75.0,53.7,0.0
6573409010,DP0043,40.0,35.2,0.0
6573409011,DP0041,50.0,58.7,1.0
6573409012,DP0041,55.0,37.6,0.0
6573409013,DP0043,55.0,54.2,0.0
6573409014,DP0019,50.0,42.6,0.0
6573409015,DP0041,50.0,31.3,0.0
6573409016,DP0041,50.0,32.0,0.0
6573409017,DP0012,50.0,34.4,0.0
6573409018,DP0043,50.0,32.2,0.0
6573409019,DP0041,50.0,32.0,0.0
6573409020,DP0043,100.0,61.9,0.0
6573409021,DP0019,100.0,59.5,0.0
6573409022,DP0031,100.0,64.5,0.0
6573409023,DP0033,100.0,56.6,0.0
6573409024,DP0019,45.0,28.2,0.0
6573409025,DP0026,45.0,52.4,1.0
6573409026,DP0015,50.0,48.4,0.0
6573409027,DP0041,50.0,47.0,0.0
6573409028,DP0015,50.0,38.5,0.0
6573409029,DP0018,50.0,48.5,0.0
6573409030,DP0017,50.0,35.8,0.0
6573409031,DP0028,45.0,54.6,1.0
6573409032,DP0015,65.0,44.0,0.0
6573409033,DP0047,50.0,25.8,0.0
6573409034,DP0043,60.0,38.2,0.0
6573409035,DP0020,50.0,30.3,0.0
6573409036,DP0047,40.0,15.2,0.0
6573409037,DP0041,50.0,33.1,0.0
6573409038,DP0028,55.0,36.5,0.0
6573409039,DP0041,55.0,37.7,0.0
6573409040,DP0043,40.0,19.8,0.0
6573409041,DP0008,50.0,38.1,0.0
6573409042,DP0043,60.0,48.6,0.0
6573409043,DP0041,60.0,49.4,0.0
6573409044,DP0041,50.0,29.3,0.0
6573409045,DP0016,50.0,31.5,0.0
6573409046,DP0019,65.0,43.4,0.0
6573409047,DP0035,50.0,24.6,0.0
6573409048,DP0005,55.0,39.2,0.0
6573409049,DP0041,55.0,35.0,0.0
6573409050,DP0019,55.0,39.0,0.0
6573409051,DP0041,55.0,35.2,0.0
6573409052,DP0041,55.0,38.5,0.0
6573409053,DP0041,75.0,51.6,0.0
6573409054,DP0041,45.0,33.6,0.0
6573409055,DP0030,75.0,48.9,0.0
6573409056,DP0036,75.0,50.4,0.0
6573409057,DP0041,75.0,47.7,0.0
6573409058,DP0014,50.0,32.8,0.0
6573409059,DP0043,50.0,30.4,0.0
6573409060,DP0041,70.0,73.8,1.0
6573409061,DP0031,70.0,72.3,1.0
6573409062,DP0041,70.0,72.1,1.0
6573409063,DP0047,70.0,71.2,1.0
6573409064,DP0008,40.0,39.9,0.0
6573409065,DP0028,40.0,24.6,0.0
6573409066,DP0015,40.0,15.0,0.0
6573409067,DP0044,65.0,45.1,0.0
6573409068,DP0019,40.0,25.1,0.0
6573409069,DP0026,75.0,76.7,1.0
6573409070,DP0021,50.0,43.9,0.0
6573409071,DP0033,50.0,38.6,0.0
6573409072,DP0019,50.0,41.9,0.0
6573409073,DP0039,50.0,39.7,0.0
6573409074,DP0041,50.0,35.3,0.0
6573409075,DP0041,60.0,44.6,0.0
6573409076,DP0041,60.0,64.7,1.0
6573409077,DP0028,40.0,31.5,0.0
6573409078,DP0028,45.0,23.0,0.0
6573409079,DP0039,45.0,33.4,0.0
6573409080,DP0041,55.0,51.2,0.0
6573409081,DP0041,50.0,36.1,0.0
6573409082,DP0008,55.0,43.4,0.0
6573409083,DP0041,40.0,34.4,0.0
6573409084,DP0041,40.0,21.8,0.0
6573409085,DP0041,40.0,28.2,0.0
6573409086,DP0005,40.0,22.0,0.0
6573409087,DP0047,40.0,19.2,0.0
6573409088,DP0006,50.0,47.2,0.0
6573409089,DP0043,55.0,35.3,0.0
6573409090,DP0041,45.0,17.9,0.0
6573409091,DP0041,55.0,42.3,0.0
6573409092,DP0019,55.0,39.1,0.0
6573409093,DP0041,55.0,38.6,0.0
6573409094,DP0041,55.0,38.8,0.0
6573409095,DP0043,55.0,35.9,0.0
6573409096,DP0026,50.0,36.9,0.0
6573409097,DP0041,40.0,31.8,0.0
6573409098,DP0041,55.0,78.2,1.0
6573409099,DP0019,50.0,42.2,0.0
6573409100,DP0015,55.0,39.0,0.0
6573409101,DP0041,50.0,33.9,0.0
6573409102,DP0041,60.0,40.3,0.0
6573409103,DP0002,65.0,42.3,0.0
6573409104,DP0041,50.0,26.6,0.0
6573409105,DP0041,50.0,28.7,0.0
6573409106,DP0044,50.0,28.3,0.0
6573409107,DP0041,50.0,29.9,0.0
6573409108,DP0045,50.0,41.1,0.0
6573409109,DP0038,55.0,41.9,0.0
6573409110,,,,
6573409111,,,,
6573409112,,,,
6573409113,,,,
6573409114,DP0041,50.0,35.1,0.0
6573409115,DP0041,55.0,34.4,0.0
6573409116,DP0005,55.0,32.2,0.0
6573409117,DP0043,50.0,43.6,0.0
6573409118,DP0026,50.0,50.8,1.0
6573409119,DP0021,45.0,25.4,0.0
6573409120,DP0041,45.0,31.2,0.0
6573409121,DP0041,45.0,31.7,0.0
6573409122,DP0041,45.0,27.8,0.0
6573409123,,,,
6573409124,,,,
6573409125,,,,
6573409126,,,,
6573409127,DP0048,45.0,40.3,0.0
6573409128,DP0005,45.0,40.9,0.0
6573409129,DP0019,50.0,35.8,0.0
6573409130,DP0018,50.0,39.1,0.0
6573409131,DP0041,40.0,22.0,0.0
6573409132,DP0041,55.0,47.4,0.0
6573409133,DP0041,50.0,31.3,0.0
6573409134,DP0041,70.0,42.6,0.0
6573409135,DP0019,55.0,34.7,0.0
6573409136,DP0041,50.0,29.8,0.0
6573409137,DP0041,50.0,34.7,0.0
6573409138,DP0005,50.0,29.4,0.0
6573409139,DP0050,50.0,37.0,0.0
6573409140,DP0041,40.0,21.1,0.0
6573409141,DP0008,50.0,27.2,0.0
6573409142,DP0002,50.0,55.2,1.0
6573409143,DP0041,50.0,32.7,0.0
6573409144,DP0041,40.0,24.7,0.0
6573409145,DP0012,40.0,31.1,0.0
6573409146,DP0008,55.0,38.2,0.0
6573409147,DP0039,65.0,46.7,0.0
6573409148,DP0007,50.0,39.1,0.0
6573409149,DP0005,50.0,33.6,0.0
6573409150,DP0041,50.0,31.8,0.0
6573409151,DP0038,50.0,34.0,0.0
6573409152,DP0018,50.0,30.9,0.0
6573409153,DP0019,55.0,29.1,0.0
6573409154,DP0041,55.0,44.3,0.0
6573409155,DP0041,45.0,28.7,0.0
6573409156,DP0041,45.0,57.4,1.0
6573409157,DP0043,50.0,42.7,0.0
6573409158,DP0008,45.0,51.9,1.0
6573409159,DP0020,60.0,38.3,0.0
6573409160,DP0002,60.0,36.8,0.0
6573409161,DP0005,60.0,40.4,0.0
6573409162,DP0043,60.0,35.8,0.0
6573409163,DP0041,85.0,57.2,0.0
6573409164,DP0041,50.0,63.6,1.0
6573409165,DP0041,45.0,31.0,0.0
6573409166,DP0028,45.0,27.9,0.0
6573409167,DP0041,65.0,48.9,0.0
6573409168,DP0014,50.0,45.9,0.0
6573409169,DP0043,45.0,25.4,0.0
6573409170,DP0005,40.0,19.0,0.0
6573409171,DP0020,40.0,20.3,0.0
6573409172,DP0041,40.0,20.2,0.0
6573409173,DP0019,40.0,22.5,0.0
6573409174,DP0048,40.0,47.5,1.0
6573409175,DP0041,55.0,40.6,0.0
6573409176,DP0043,40.0,43.4,1.0
6573409177,DP0027,55.0,47.7,0.0
6573409178,DP0043,55.0,34.5,0.0
6573409179,DP0046,65.0,50.4,0.0
6573409180,DP0015,45.0,34.0,0.0
6573409181,DP0041,50.0,39.3,0.0
6573409182,DP0041,50.0,43.2,0.0
6573409183,DP0043,40.0,35.3,0.0
6573409184,DP0043,40.0,27.7,0.0
6573409185,DP0041,40.0,22.4,0.0
6573409186,DP0005,40.0,21.1,0.0
6573409187,DP0043,50.0,41.3,0.0
6573409188,DP0041,50.0,40.5,0.0
6573409189,DP0041,45.0,26.6,0.0
6573409190,DP0008,60.0,42.0,0.0
6573409191,DP0038,55.0,43.9,0.0
6573409192,DP0023,40.0,15.7,0.0
6573409193,DP0041,65.0,38.2,0.0
6573409194,DP0048,40.0,62.4,1.0
6573409195,DP0008,45.0,25.0,0.0
6573409196,DP0041,55.0,38.3,0.0
6573409197,DP0043,55.0,44.1,0.0
6573409198,DP0008,50.0,35.7,0.0
6573409199,DP0043,40.0,38.0,0.0
6573409200,DP0030,50.0,47.7,0.0
6573409201,DP0043,50.0,48.6,0.0
6573409202,DP0016,50.0,46.0,0.0
6573409203,DP0008,50.0,42.2,0.0
6573409204,DP0041,55.0,37.7,0.0
6573409205,DP0048,50.0,54.1,1.0
6573409206,DP0002,55.0,24.5,0.0
6573409207,DP0042,70.0,52.1,0.0
6573409208,DP0019,70.0,54.9,0.0
6573409209,DP0043,70.0,56.5,0.0
6573409210,DP0026,70.0,52.8,0.0
6573409211,DP0041,50.0,39.0,0.0
6573409212,DP0027,60.0,38.5,0.0
6573409213,DP0019,55.0,40.3,0.0
6573409214,DP0048,55.0,49.0,0.0
6573409215,DP0041,55.0,42.9,0.0
6573409216,DP0018,55.0,36.5,0.0
6573409217,DP0040,40.0,28.8,0.0
6573409218,DP0017,40.0,31.8,0.0
6573409219,DP0002,40.0,28.7,0.0
6573409220,DP0041,40.0,27.6,0.0
6573409221,DP0046,55.0,47.6,0.0
6573409222,DP0019,55.0,52.9,0.0
6573409223,DP0041,40.0,35.9,0.0
6573409224,DP0041,45.0,32.9,0.0
6573409225,DP0041,45.0,30.7,0.0
6573409226,DP0043,55.0,61.2,1.0
6573409227,DP0021,50.0,25.6,0.0
6573409228,DP0041,40.0,25.5,0.0
6573409229,DP0029,55.0,34.8,0.0
6573409230,DP0021,45.0,22.7,0.0
6573409231,DP0041,55.0,31.8,0.0
6573409232,DP0005,50.0,23.6,0.0
6573409233,DP0005,50.0,24.0,0.0
6573409234,DP0043,50.0,24.7,0.0
6573409235,DP0043,50.0,24.6,0.0
6573409236,DP0028,65.0,47.8,0.0
6573409237,DP0038,40.0,36.2,0.0
6573409238,DP0041,40.0,33.0,0.0
6573409239,DP0005,40.0,33.6,0.0
6573409240,DP0043,40.0,34.2,0.0
6573409241,DP0044,40.0,18.5,0.0
6573409242,DP0023,50.0,23.9,0.0
6573409243,DP0041,40.0,28.2,0.0
6573409244,DP0043,40.0,30.3,0.0
6573409245,DP0019,40.0,31.7,0.0
6573409246,DP0041,40.0,29.4,0.0
6573409247,DP0019,40.0,25.1,0.0
6573409248,DP0028,40.0,30.8,0.0
6573409249,DP0041,55.0,23.3,0.0
6573409250,DP0038,70.0,44.2,0.0
6573409251,DP0041,65.0,46.3,0.0
6573409252,DP0033,55.0,35.9,0.0
6573409253,DP0034,65.0,34.3,0.0
6573409254,DP0038,50.0,28.2,0.0
6573409255,DP0011,50.0,32.2,0.0
6573409256,DP0041,75.0,61.8,0.0
6573409257,DP0006,75.0,57.7,0.0
6573409258,DP0041,75.0,57.8,0.0
6573409259,DP0041,75.0,60.3,0.0
6573409260,DP0015,40.0,19.7,0.0
6573409261,DP0004,50.0,47.1,0.0
6573409262,DP0005,50.0,32.1,0.0
6573409263,DP0002,40.0,37.6,0.0
6573409264,DP0041,40.0,29.3,0.0
6573409265,DP0005,40.0,23.2,0.0
6573409266,DP0011,40.0,27.7,0.0
6573409267,DP0002,40.0,22.2,0.0
6573409268,DP0015,60.0,41.4,0.0
6573409269,DP0041,50.0,36.0,0.0
6573409270,DP0041,55.0,33.9,0.0
6573409271,DP0043,65.0,35.5,0.0
6573409272,DP0028,55.0,28.3,0.0
6573409273,DP0005,45.0,40.1,0.0
6573409274,DP0043,60.0,64.4,1.0
6573409275,DP0041,40.0,30.0,0.0
6573409276,DP0041,40.0,31.9,0.0
6573409277,DP0041,40.0,32.3,0.0
6573409278,DP0048,45.0,52.2,1.0
6573409279,DP0005,40.0,27.0,0.0
6573409280,DP0026,40.0,23.7,0.0
6573409281,DP0041,40.0,22.3,0.0
6573409282,DP0043,40.0,26.9,0.0
6573409283,DP0041,40.0,26.7,0.0
6573409284,DP0043,40.0,29.1,0.0
6573409285,DP0043,40.0,48.6,1.0
6573409286,DP0041,45.0,25.2,0.0
6573409287,DP0043,40.0,29.9,0.0
6573409288,DP0005,40.0,24.6,0.0
6573409289,DP0005,55.0,37.7,0.0
6573409290,DP0008,55.0,35.5,0.0
6573409291,DP0014,55.0,40.1,0.0
6573409292,DP0041,40.0,29.1,0.0
6573409293,DP0043,40.0,30.0,0.0
6573409294,DP0043,40.0,29.5,0.0
6573409295,DP0048,40.0,42.5,1.0
6573409296,DP0046,60.0,63.1,1.0
6573409297,DP0005,60.0,47.7,0.0
6573409298,DP0015,45.0,43.1,0.0
6573409299,DP0043,50.0,27.3,0.0
6573409300,DP0041,55.0,42.8,0.0
6573409301,DP0041,45.0,22.6,0.0
6573409302,DP0041,65.0,38.3,0.0
6573409303,DP0028,45.0,44.5,0.0
6573409304,DP0005,55.0,30.7,0.0
6573409305,DP0028,45.0,58.9,1.0
6573409306,DP0017,45.0,33.4,0.0
6573409307,DP0041,55.0,39.1,0.0
6573409308,DP0041,50.0,31.1,0.0
6573409309,DP0007,50.0,35.5,0.0
6573409310,DP0045,65.0,52.8,0.0
6573409311,DP0041,50.0,30.5,0.0
6573409312,DP0029,60.0,46.7,0.0
6573409313,DP0009,40.0,29.7,0.0
6573409314,DP0043,40.0,23.1,0.0
6573409315,DP0019,45.0,34.2,0.0
6573409316,DP0043,45.0,33.3,0.0
6573409317,DP0008,45.0,35.1,0.0
6573409318,DP0041,45.0,33.3,0.0
6573409319,DP0041,40.0,43.1,1.0
6573409320,DP0041,40.0,21.3,0.0
6573409321,DP0023,40.0,40.7,1.0
6573409322,DP0014,40.0,24.5,0.0
6573409323,DP0041,55.0,42.7,0.0
6573409324,DP0041,50.0,37.2,0.0
6573409325,DP0015,45.0,23.2,0.0
6573409326,DP0005,50.0,25.0,0.0
6573409327,DP0041,50.0,25.7,0.0
6573409328,DP0041,45.0,39.0,0.0
6573409329,DP0021,60.0,40.7,0.0
6573409330,DP0041,50.0,65.5,1.0
6573409331,DP0029,50.0,29.1,0.0
6573409332,DP0043,50.0,29.8,0.0
6573409333,DP0041,40.0,26.1,0.0
6573409334,DP0043,50.0,62.9,1.0
6573409335,DP0048,50.0,55.6,1.0
6573409336,DP0008,60.0,40.4,0.0
6573409337,DP0041,55.0,51.5,0.0
6573409338,DP0041,45.0,28.7,0.0
6573409339,DP0021,50.0,35.9,0.0
6573409340,DP0041,50.0,36.8,0.0
6573409341,DP0041,50.0,29.6,0.0
6573409342,DP0043,50.0,29.0,0.0
6573409343,DP0021,50.0,31.7,0.0
6573409344,DP0041,50.0,29.6,0.0
6573409345,DP0041,55.0,39.0,0.0
6573409346,DP0041,50.0,26.6,0.0
6573409347,DP0041,55.0,56.7,1.0
6573409348,DP0041,50.0,50.5,1.0
6573409349,DP0041,50.0,43.7,0.0
6573409350,DP0027,45.0,26.1,0.0
6573409351,DP0008,40.0,14.2,0.0
6573409352,DP0041,45.0,30.6,0.0
6573409353,DP0041,50.0,31.1,0.0
6573409354,DP0008,85.0,48.4,0.0
6573409355,DP0019,85.0,45.7,0.0
6573409356,DP0041,85.0,52.5,0.0
6573409357,DP0033,85.0,53.6,0.0
6573409358,DP0041,40.0,24.5,0.0
6573409359,DP0041,55.0,33.8,0.0
6573409360,DP0041,45.0,25.7,0.0
6573409361,DP0021,45.0,31.0,0.0
6573409362,DP0043,60.0,47.2,0.0
6573409363,DP0004,65.0,73.5,1.0
6573409364,DP0015,65.0,50.5,0.0
6573409365,DP0041,40.0,23.9,0.0
6573409366,DP0049,55.0,42.1,0.0
6573409367,DP0015,55.0,44.3,0.0
6573409368,DP0041,55.0,44.5,0.0
6573409369,DP0034,55.0,40.4,0.0
6573409370,DP0008,50.0,23.4,0.0
6573409371,DP0041,55.0,33.7,0.0
6573409372,DP0047,55.0,55.0,0.0
6573409373,DP0047,60.0,43.9,0.0
6573409374,DP0020,50.0,54.1,1.0
6573409375,DP0041,55.0,32.1,0.0
6573409376,DP0007,45.0,28.4,0.0
6573409377,DP0046,75.0,84.6,1.0
6573409378,DP0043,50.0,31.7,0.0
6573409379,DP0041,50.0,41.3,0.0
6573409380,DP0043,50.0,33.2,0.0
6573409381,DP0041,50.0,30.7,0.0
6573409382,DP0041,50.0,33.3,0.0
6573409383,DP0043,50.0,28.1,0.0
6573409384,DP0041,50.0,25.2,0.0
6573409385,DP0041,50.0,35.8,0.0
6573409386,DP0019,65.0,59.3,0.0
6573409387,DP0005,45.0,27.1,0.0
6573409388,DP0008,45.0,23.9,0.0
6573409389,DP0043,45.0,25.7,0.0
6573409390,DP0041,45.0,23.5,0.0
6573409391,DP0048,55.0,56.8,1.0
6573409392,DP0026,55.0,38.5,0.0
6573409393,DP0005,40.0,18.6,0.0
6573409394,DP0041,45.0,29.1,0.0
6573409395,DP0041,65.0,48.2,0.0
6573409396,DP0041,75.0,47.8,0.0
6573409397,DP0004,40.0,39.8,0.0
6573409398,DP0010,45.0,29.4,0.0
6573409399,DP0033,50.0,23.3,0.0
6573409400,DP0026,45.0,24.7,0.0
6573409401,DP0041,40.0,23.3,0.0
6573409402,DP0008,50.0,32.3,0.0
6573409403,DP0006,50.0,45.2,0.0
6573409404,DP0014,40.0,22.0,0.0
6573409405,DP0041,50.0,45.1,0.0
6573409406,DP0041,55.0,28.8,0.0
6573409407,DP0041,70.0,44.4,0.0
6573409408,DP0033,50.0,29.5,0.0
6573409409,DP0007,55.0,48.4,0.0
6573409410,DP0041,70.0,51.7,0.0
6573409411,DP0041,50.0,25.8,0.0
6573409412,DP0041,60.0,50.7,0.0
6573409413,DP0045,60.0,48.3,0.0
6573409414,DP0041,45.0,28.8,0.0
6573409415,DP0007,45.0,25.5,0.0
6573409416,DP0041,45.0,69.7,1.0
6573409417,DP0005,45.0,73.1,1.0
6573409418,DP0013,45.0,70.1,1.0
6573409419,DP0019,45.0,72.9,1.0
6573409420,DP0043,55.0,29.9,0.0
6573409421,DP0015,50.0,25.1,0.0
6573409422,DP0041,40.0,43.5,1.0
6573409423,DP0008,50.0,44.5,0.0
6573409424,DP0047,40.0,42.8,1.0
6573409425,DP0041,50.0,52.0,1.0
6573409426,DP0005,50.0,34.6,0.0
6573409427,DP0041,55.0,57.4,1.0
6573409428,DP0050,45.0,46.8,1.0
6573409429,DP0041,45.0,33.2,0.0
6573409430,DP0041,40.0,37.7,0.0
6573409431,DP0041,60.0,50.6,0.0
6573409432,DP0041,60.0,49.4,0.0
6573409433,DP0015,60.0,50.7,0.0
6573409434,DP0008,60.0,42.7,0.0
6573409435,DP0041,50.0,35.2,0.0
6573409436,DP0043,55.0,46.5,0.0
6573409437,DP0041,60.0,48.2,0.0
6573409438,DP0041,55.0,31.8,0.0
6573409439,DP0041,65.0,42.4,0.0
6573409440,DP0028,70.0,49.8,0.0
6573409441,DP0019,60.0,46.1,0.0
6573409442,DP0039,60.0,48.3,0.0
6573409443,DP0043,60.0,46.9,0.0
6573409444,DP0041,60.0,41.5,0.0
6573409445,DP0037,90.0,65.3,0.0
6573409446,DP0005,65.0,45.3,0.0
6573409447,DP0041,50.0,35.3,0.0
6573409448,DP0028,60.0,58.0,0.0
6573409449,DP0041,40.0,47.6,1.0
6573409450,DP0019,50.0,23.9,0.0
6573409451,DP0023,50.0,24.3,0.0
6573409452,DP0041,50.0,27.7,0.0
6573409453,DP0041,50.0,20.2,0.0
6573409454,DP0002,50.0,21.9,0.0
6573409455,DP0041,50.0,12.0,0.0
6573409456,DP0041,55.0,54.1,0.0
6573409457,DP0041,40.0,29.8,0.0
6573409458,DP0041,40.0,32.5,0.0
6573409459,DP0049,40.0,30.8,0.0
6573409460,DP0008,40.0,33.0,0.0
6573409461,DP0019,90.0,56.9,0.0
6573409462,DP0041,45.0,28.5,0.0
6573409463,DP0039,40.0,30.0,0.0
6573409464,DP0043,40.0,34.8,0.0
6573409465,DP0026,40.0,33.0,0.0
6573409466,DP0041,45.0,47.7,1.0
6573409467,DP0019,45.0,46.1,1.0
6573409468,DP0007,45.0,49.1,1.0
6573409469,DP0034,45.0,45.9,1.0
6573409470,DP0043,50.0,35.4,0.0
6573409471,DP0041,40.0,31.4,0.0
6573409472,DP0015,45.0,28.0,0.0
6573409473,DP0041,50.0,24.5,0.0
6573409474,DP0041,50.0,30.2,0.0
6573409475,DP0041,50.0,30.0,0.0
6573409476,DP0006,50.0,23.9,0.0
6573409477,DP0019,40.0,21.5,0.0
6573409478,DP0009,65.0,63.4,0.0
6573409479,DP0009,65.0,67.4,1.0
6573409480,DP0050,65.0,80.5,1.0
6573409481,DP0028,65.0,60.6,0.0
6573409482,DP0041,55.0,50.0,0.0
6573409483,DP0048,65.0,70.0,1.0
6573409484,DP0005,50.0,43.2,0.0
6573409485,DP0019,50.0,41.4,0.0
6573409486,DP0019,50.0,43.8,0.0
6573409487,DP0041,50.0,39.7,0.0
6573409488,DP0041,50.0,33.7,0.0
6573409489,DP0015,50.0,58.6,1.0
6573409490,DP0015,50.0,24.6,0.0
6573409491,DP0019,50.0,24.0,0.0
6573409492,DP0007,50.0,23.0,0.0
6573409493,DP0008,50.0,26.6,0.0
6573409494,DP0020,50.0,36.2,0.0
6573409495,DP0015,50.0,37.4,0.0
6573409496,DP0041,50.0,36.7,0.0
6573409497,DP0041,50.0,36.5,0.0
6573409498,DP0041,50.0,21.2,0.0
6573409499,DP0041,50.0,21.2,0.0
6573409500,DP0043,50.0,22.9,0.0
6573409501,DP0043,50.0,24.9,0.0
6573409502,DP0043,55.0,32.9,0.0
6573409503,DP0028,65.0,56.0,0.0
6573409504,DP0041,50.0,35.6,0.0
6573409505,DP0041,50.0,33.0,0.0
6573409506,DP0009,50.0,31.1,0.0
6573409507,DP0002,50.0,37.2,0.0
6573409508,DP0041,50.0,34.4,0.0
6573409509,DP0041,60.0,64.4,1.0
6573409510,DP0043,55.0,29.7,0.0
6573409511,DP0005,55.0,39.1,0.0
6573409512,DP0012,50.0,38.5,0.0
6573409513,DP0044,50.0,27.7,0.0
6573409514,DP0043,40.0,41.8,1.0
6573409515,DP0026,55.0,48.7,0.0
6573409516,DP0043,55.0,53.6,0.0
6573409517,DP0005,55.0,51.9,0.0
6573409518,DP0041,55.0,46.5,0.0
6573409519,DP0019,40.0,32.5,0.0
6573409520,DP0048,55.0,53.1,0.0
6573409521,DP0027,55.0,37.2,0.0
6573409522,DP0005,55.0,31.4,0.0
6573409523,DP0041,55.0,31.0,0.0
6573409524,DP0028,55.0,44.3,0.0
6573409525,DP0041,55.0,43.1,0.0
6573409526,DP0039,55.0,48.6,0.0
6573409527,DP0041,55.0,44.4,0.0
6573409528,DP0043,50.0,30.1,0.0
6573409529,DP0047,60.0,43.0,0.0
6573409530,DP0041,50.0,46.8,0.0
6573409531,DP0012,50.0,47.3,0.0
6573409532,DP0041,65.0,48.3,0.0
6573409533,DP0041,65.0,48.2,0.0
6573409534,DP0030,65.0,43.6,0.0
6573409535,DP0002,65.0,47.6,0.0
6573409536,DP0044,40.0,29.0,0.0
6573409537,DP0041,70.0,45.2,0.0
6573409538,DP0008,45.0,67.3,1.0
6573409539,DP0012,50.0,29.0,0.0
6573409540,DP0043,45.0,40.3,0.0
6573409541,DP0041,55.0,33.7,0.0
6573409542,DP0023,50.0,38.5,0.0
6573409543,DP0019,55.0,37.7,0.0
6573409544,DP0009,50.0,31.6,0.0
6573409545,DP0039,50.0,34.5,0.0
6573409546,DP0019,40.0,37.0,0.0
6573409547,DP0006,40.0,29.5,0.0
6573409548,DP0008,85.0,57.6,0.0
6573409549,DP0008,45.0,20.1,0.0
6573409550,DP0043,55.0,40.0,0.0
6573409551,DP0041,65.0,66.5,1.0
6573409552,DP0041,50.0,30.2,0.0
6573409553,DP0028,40.0,26.0,0.0
6573409554,DP0043,55.0,33.9,0.0
6573409555,DP0039,50.0,33.1,0.0
6573409556,DP0041,65.0,40.4,0.0
6573409557,DP0023,40.0,19.1,0.0
6573409558,DP0043,50.0,26.6,0.0
6573409559,DP0015,50.0,27.7,0.0
6573409560,DP0005,50.0,25.8,0.0
6573409561,DP0039,50.0,30.1,0.0
6573409562,DP0039,50.0,31.5,0.0
6573409563,DP0005,55.0,43.1,0.0
6573409564,DP0041,40.0,50.6,1.0
6573409565,DP0006,40.0,49.2,1.0
6573409566,DP0010,50.0,23.4,0.0
6573409567,DP0043,50.0,25.4,0.0
6573409568,DP0041,50.0,25.5,0.0
6573409569,DP0043,40.0,33.2,0.0
6573409570,DP0043,45.0,40.9,0.0
6573409571,DP0041,75.0,48.3,0.0
6573409572,DP0041,50.0,31.3,0.0
6573409573,DP0039,50.0,31.8,0.0
6573409574,DP0015,50.0,46.1,0.0
6573409575,DP0041,40.0,24.3,0.0
6573409576,DP0005,60.0,46.5,0.0
6573409577,DP0015,40.0,24.9,0.0
6573409578,DP0003,40.0,30.3,0.0
6573409579,DP0020,40.0,29.5,0.0
6573409580,DP0041,40.0,27.2,0.0
6573409581,DP0018,45.0,31.9,0.0
6573409582,DP0041,45.0,35.3,0.0
6573409583,DP0008,80.0,48.0,0.0
6573409584,DP0014,50.0,32.1,0.0
6573409585,DP0041,55.0,50.1,0.0
6573409586,DP0027,45.0,35.3,0.0
6573409587,DP0041,45.0,24.3,0.0
6573409588,DP0041,40.0,31.1,0.0
6573409589,DP0019,60.0,40.8,0.0
6573409590,DP0001,50.0,30.8,0.0
6573409591,DP0041,50.0,37.4,0.0
6573409592,DP0019,45.0,28.5,0.0
6573409593,DP0041,50.0,31.2,0.0
6573409594,DP0041,50.0,28.0,0.0
6573409595,DP0041,45.0,25.6,0.0
6573409596,DP0040,45.0,39.6,0.0
6573409597,DP0013,45.0,28.5,0.0
6573409598,DP0006,55.0,29.5,0.0
6573409599,DP0012,40.0,29.4,0.0
6573409600,DP0019,65.0,44.9,0.0
6573409601,DP0041,55.0,45.9,0.0
6573409602,DP0001,55.0,40.8,0.0
6573409603,DP0041,55.0,40.2,0.0
6573409604,DP0041,55.0,33.7,0.0
6573409605,DP0028,60.0,33.1,0.0
6573409606,DP0048,50.0,55.2,1.0
6573409607,DP0041,45.0,29.7,0.0
6573409608,DP0011,75.0,39.5,0.0
6573409609,DP0043,75.0,38.4,0.0
6573409610,DP0043,75.0,40.6,0.0
6573409611,DP0041,75.0,47.1,0.0
6573409612,DP0009,75.0,65.6,0.0
6573409613,DP0041,50.0,26.3,0.0
6573409614,DP0019,65.0,44.6,0.0
6573409615,DP0041,65.0,46.6,0.0
6573409616,DP0041,65.0,44.5,0.0
6573409617,DP0002,55.0,37.9,0.0
6573409618,DP0015,50.0,43.5,0.0
6573409619,DP0041,50.0,25.5,0.0
6573409620,DP0028,40.0,20.9,0.0
6573409621,DP0041,65.0,48.4,0.0
6573409622,DP0041,55.0,31.9,0.0
6573409623,DP0043,55.0,29.6,0.0
6573409624,DP0043,50.0,28.6,0.0
6573409625,DP0002,55.0,39.7,0.0
6573409626,DP0041,55.0,36.6,0.0
6573409627,DP0041,55.0,38.3,0.0
6573409628,DP0041,55.0,39.7,0.0
6573409629,DP0048,50.0,48.7,0.0
6573409630,DP0041,50.0,35.7,0.0
6573409631,DP0021,55.0,42.9,0.0
6573409632,DP0041,55.0,38.0,0.0
6573409633,DP0005,55.0,40.8,0.0
6573409634,DP0015,60.0,63.4,1.0
6573409635,DP0041,40.0,22.1,0.0
6573409636,DP0043,40.0,23.0,0.0
6573409637,DP0041,70.0,39.6,0.0
6573409638,DP0046,75.0,63.0,0.0
6573409639,DP0018,45.0,26.1,0.0
6573409640,DP0034,45.0,30.2,0.0
6573409641,DP0041,45.0,31.5,0.0
6573409642,DP0019,45.0,27.8,0.0
6573409643,DP0041,55.0,41.2,0.0
6573409644,DP0041,40.0,23.5,0.0
6573409645,DP0041,50.0,36.6,0.0
6573409646,DP0006,75.0,45.9,0.0
6573409647,DP0040,65.0,37.8,0.0
6573409648,DP0041,45.0,30.4,0.0
6573409649,DP0019,40.0,37.3,0.0
6573409650,DP0043,60.0,47.1,0.0
6573409651,DP0043,50.0,25.1,0.0
6573409652,DP0002,45.0,19.0,0.0
6573409653,DP0033,45.0,29.0,0.0
6573409654,DP0008,45.0,26.4,0.0
6573409655,DP0005,45.0,25.1,0.0
6573409656,DP0019,45.0,21.4,0.0
6573409657,DP0041,45.0,22.9,0.0
6573409658,DP0019,45.0,25.2,0.0
6573409659,DP0041,45.0,23.7,0.0
6573409660,DP0041,45.0,28.8,0.0
6573409661,DP0015,45.0,27.5,0.0
6573409662,DP0013,45.0,29.4,0.0
6573409663,DP0019,45.0,26.9,0.0
6573409664,DP0005,40.0,28.8,0.0
6573409665,DP0037,55.0,40.3,0.0
6573409666,DP0007,50.0,25.5,0.0
6573409667,DP0008,55.0,32.1,0.0
6573409668,DP0041,55.0,35.7,0.0
6573409669,DP0015,55.0,35.5,0.0
6573409670,DP0003,55.0,33.3,0.0
6573409671,DP0050,55.0,69.1,1.0
6573409672,DP0008,40.0,27.0,0.0
6573409673,DP0048,75.0,62.9,0.0
6573409674,DP0036,45.0,31.4,0.0
6573409675,DP0005,55.0,57.6,1.0
6573409676,DP0041,60.0,51.6,0.0
6573409677,DP0043,60.0,40.9,0.0
6573409678,DP0005,60.0,52.5,0.0
6573409679,DP0047,60.0,47.1,0.0
6573409680,DP0034,50.0,32.4,0.0
6573409681,DP0041,50.0,23.8,0.0
6573409682,DP0041,55.0,41.1,0.0
6573409683,DP0041,45.0,29.1,0.0
6573409684,DP0015,55.0,28.2,0.0
6573409685,DP0041,65.0,39.4,0.0
6573409686,DP0015,40.0,26.5,0.0
6573409687,DP0021,55.0,54.2,0.0
6573409688,DP0028,50.0,23.8,0.0
6573409689,DP0043,50.0,26.1,0.0
6573409690,DP0041,40.0,27.5,0.0
6573409691,DP0012,40.0,28.7,0.0
6573409692,DP0028,40.0,28.1,0.0
6573409693,DP0041,40.0,31.8,0.0
6573409694,DP0047,50.0,32.3,0.0
6573409695,DP0015,55.0,30.6,0.0
6573409696,DP0049,55.0,36.4,0.0
6573409697,DP0041,55.0,35.9,0.0
6573409698,DP0041,55.0,30.5,0.0
6573409699,DP0043,50.0,24.4,0.0
6573409700,DP0041,55.0,31.0,0.0
6573409701,DP0017,40.0,33.8,0.0
6573409702,DP0043,75.0,49.9,0.0
6573409703,DP0008,40.0,16.1,0.0
6573409704,DP0041,55.0,34.5,0.0
6573409705,DP0008,55.0,49.0,0.0
6573409706,DP0009,45.0,47.6,1.0
6573409707,DP0048,50.0,52.4,1.0
6573409708,DP0043,40.0,43.4,1.0
6573409709,DP0040,60.0,47.9,0.0
6573409710,DP0005,55.0,34.7,0.0
6573409711,DP0025,55.0,38.9,0.0
6573409712,DP0028,55.0,34.2,0.0
6573409713,DP0041,65.0,39.9,0.0
6573409714,DP0041,70.0,62.7,0.0
6573409715,DP0041,40.0,24.6,0.0
6573409716,DP0041,45.0,30.1,0.0
6573409717,DP0041,45.0,28.3,0.0
6573409718,DP0043,45.0,29.4,0.0
6573409719,DP0041,45.0,28.7,0.0
6573409720,DP0047,55.0,42.1,0.0
6573409721,DP0015,45.0,17.1,0.0
6573409722,DP0041,45.0,15.3,0.0
6573409723,DP0048,45.0,34.6,0.0
6573409724,DP0043,45.0,18.8,0.0
6573409725,DP0041,55.0,38.4,0.0
6573409726,DP0047,50.0,33.9,0.0
6573409727,DP0041,50.0,56.2,1.0
6573409728,DP0041,50.0,25.8,0.0
6573409729,DP0041,50.0,24.5,0.0
6573409730,DP0019,45.0,23.0,0.0
6573409731,DP0019,50.0,38.9,0.0
6573409732,DP0041,45.0,34.5,0.0
6573409733,DP0021,50.0,40.6,0.0
6573409734,DP0041,50.0,40.3,0.0
6573409735,DP0039,50.0,36.8,0.0
6573409736,DP0041,50.0,37.5,0.0
6573409737,DP0041,50.0,39.7,0.0
6573409738,DP0041,60.0,44.6,0.0
6573409739,DP0043,60.0,45.1,0.0
6573409740,DP0041,60.0,42.3,0.0
6573409741,DP0043,50.0,42.8,0.0
6573409742,DP0005,50.0,38.3,0.0
6573409743,DP0041,50.0,34.9,0.0
6573409744,DP0015,50.0,34.9,0.0
6573409745,DP0043,45.0,18.1,0.0
6573409746,DP0041,50.0,29.3,0.0
6573409747,DP0041,45.0,33.6,0.0
6573409748,DP0019,45.0,32.6,0.0
6573409749,DP0009,45.0,30.6,0.0
6573409750,DP0041,45.0,32.4,0.0
6573409751,DP0041,50.0,26.7,0.0
6573409752,DP0041,45.0,31.3,0.0
6573409753,DP0041,40.0,48.2,1.0
6573409754,DP0043,50.0,45.7,0.0
6573409755,DP0043,65.0,45.6,0.0
6573409756,DP0036,65.0,47.1,0.0
6573409757,DP0049,65.0,43.1,0.0
6573409758,DP0008,65.0,44.9,0.0
6573409759,DP0041,45.0,35.2,0.0
6573409760,DP0039,45.0,25.3,0.0
6573409761,DP0009,50.0,37.6,0.0
6573409762,DP0041,45.0,44.2,0.0
6573409763,DP0044,45.0,40.6,0.0
6573409764,DP0021,45.0,36.1,0.0
6573409765,DP0043,45.0,40.8,0.0
6573409766,DP0007,45.0,38.2,0.0
6573409767,DP0041,50.0,33.8,0.0
6573409768,DP0041,50.0,30.4,0.0
6573409769,DP0043,50.0,29.6,0.0
6573409770,DP0041,40.0,26.2,0.0
6573409771,DP0015,40.0,18.2,0.0
6573409772,DP0005,40.0,24.7,0.0
6573409773,DP0019,45.0,24.4,0.0
6573409774,DP0041,50.0,37.4,0.0
6573409775,DP0008,45.0,25.5,0.0
6573409776,DP0008,55.0,36.3,0.0
6573409777,DP0005,55.0,38.9,0.0
6573409778,DP0043,55.0,38.7,0.0
6573409779,DP0041,55.0,39.7,0.0
6573409780,DP0041,65.0,48.3,0.0
6573409781,DP0005,50.0,29.5,0.0
6573409782,DP0009,50.0,29.7,0.0
6573409783,DP0041,50.0,31.4,0.0
6573409784,DP0047,50.0,30.6,0.0
6573409785,DP0038,55.0,37.0,0.0
6573409786,DP0041,55.0,50.9,0.0
6573409787,DP0041,55.0,54.0,0.0
6573409788,DP0019,50.0,38.8,0.0
6573409789,DP0050,50.0,48.0,0.0
6573409790,DP0031,50.0,30.3,0.0
6573409791,DP0043,50.0,32.1,0.0
6573409792,DP0002,50.0,38.0,0.0
6573409793,DP0044,45.0,33.7,0.0
6573409794,DP0015,50.0,32.8,0.0
6573409795,DP0041,60.0,39.1,0.0
6573409796,DP0041,40.0,19.9,0.0
6573409797,DP0009,40.0,21.0,0.0
6573409798,DP0005,50.0,30.3,0.0
6573409799,DP0009,40.0,55.7,1.0
6573409800,DP0041,40.0,53.6,1.0
6573409801,DP0005,40.0,52.4,1.0
6573409802,DP0015,40.0,51.5,1.0
6573409803,DP0026,65.0,48.4,0.0
6573409804,DP0008,65.0,50.5,0.0
6573409805,DP0003,65.0,49.9,0.0
6573409806,DP0048,65.0,69.9,1.0
6573409807,DP0041,55.0,41.5,0.0
6573409808,DP0041,65.0,41.3,0.0
6573409809,DP0043,55.0,48.3,0.0
6573409810,DP0041,40.0,21.5,0.0
6573409811,DP0041,40.0,24.0,0.0
6573409812,DP0041,40.0,23.5,0.0
6573409813,DP0041,40.0,23.0,0.0
6573409814,DP0013,50.0,64.7,1.0
6573409815,DP0028,40.0,55.4,1.0
6573409816,DP0043,85.0,79.3,0.0
6573409817,DP0039,55.0,33.6,0.0
6573409818,DP0007,55.0,35.0,0.0
6573409819,DP0041,55.0,34.6,0.0
6573409820,DP0041,55.0,32.2,0.0
6573409821,DP0041,50.0,32.7,0.0
6573409822,DP0048,55.0,55.3,1.0
6573409823,DP0043,50.0,30.2,0.0
6573409824,DP0041,50.0,30.1,0.0
6573409825,DP0047,50.0,30.4,0.0
6573409826,DP0041,50.0,29.9,0.0
6573409827,DP0043,40.0,28.0,0.0
6573409828,DP0041,75.0,41.3,0.0
6573409829,DP0047,55.0,39.4,0.0
6573409830,DP0014,40.0,30.5,0.0
6573409831,DP0028,45.0,33.8,0.0
6573409832,DP0005,65.0,51.5,0.0
6573409833,DP0041,55.0,36.7,0.0
6573409834,DP0041,50.0,37.0,0.0
6573409835,DP0043,45.0,27.0,0.0
6573409836,DP0005,70.0,44.1,0.0
6573409837,DP0041,50.0,34.5,0.0
6573409838,DP0041,50.0,42.3,0.0
6573409839,DP0041,50.0,40.9,0.0
6573409840,DP0007,50.0,46.5,0.0
6573409841,DP0043,50.0,40.7,0.0
6573409842,DP0019,95.0,81.6,0.0
6573409843,DP0019,45.0,26.3,0.0
6573409844,DP0018,55.0,35.1,0.0
6573409845,DP0019,55.0,39.9,0.0
6573409846,DP0050,55.0,57.4,1.0
6573409847,DP0041,45.0,26.9,0.0
6573409848,DP0041,40.0,21.8,0.0
6573409849,DP0041,70.0,42.3,0.0
6573409850,DP0041,45.0,26.4,0.0
6573409851,DP0041,40.0,28.3,0.0
6573409852,DP0041,55.0,51.6,0.0
6573409853,DP0041,60.0,80.8,1.0
6573409854,DP0041,55.0,31.8,0.0
6573409855,DP0036,45.0,26.0,0.0
6573409856,DP0041,40.0,33.0,0.0
6573409857,DP0050,55.0,54.0,0.0
6573409858,DP0019,95.0,72.2,0.0
6573409859,DP0041,50.0,49.1,0.0
6573409860,DP0046,50.0,33.5,0.0
6573409861,DP0026,40.0,19.1,0.0
6573409862,DP0019,50.0,45.8,0.0
6573409863,DP0008,50.0,49.9,0.0
6573409864,DP0041,40.0,28.2,0.0
6573409865,DP0005,40.0,20.6,0.0
6573409866,DP0041,40.0,24.8,0.0
6573409867,DP0043,40.0,21.1,0.0
6573409868,DP0043,40.0,30.1,0.0
6573409869,DP0010,55.0,38.3,0.0
6573409870,DP0032,55.0,33.6,0.0
6573409871,DP0041,55.0,41.1,0.0
6573409872,DP0008,55.0,41.3,0.0
6573409873,DP0041,55.0,34.4,0.0
6573409874,DP0039,45.0,28.9,0.0
6573409875,DP0002,50.0,29.3,0.0
6573409876,DP0043,40.0,42.2,1.0
6573409877,DP0008,55.0,34.8,0.0
6573409878,DP0016,90.0,69.9,0.0
6573409879,DP0041,40.0,21.6,0.0
6573409880,DP0041,55.0,48.4,0.0
6573409881,DP0033,55.0,49.5,0.0
6573409882,DP0001,40.0,35.0,0.0
6573409883,DP0041,40.0,15.6,0.0
6573409884,DP0041,55.0,38.7,0.0
6573409885,DP0041,55.0,38.2,0.0
6573409886,DP0005,55.0,32.4,0.0
6573409887,DP0041,55.0,32.7,0.0
6573409888,DP0019,40.0,23.2,0.0
6573409889,DP0021,60.0,67.9,1.0
6573409890,DP0041,40.0,33.5,0.0
6573409891,DP0002,40.0,37.4,0.0
6573409892,DP0041,40.0,37.7,0.0
6573409893,DP0043,40.0,33.2,0.0
6573409894,DP0041,55.0,44.6,0.0
6573409895,DP0043,50.0,50.5,1.0
6573409896,DP0002,55.0,46.4,0.0
6573409897,DP0041,70.0,93.1,1.0
6573409898,DP0041,55.0,49.3,0.0
6573409899,DP0041,55.0,47.3,0.0
6573409900,DP0041,55.0,48.3,0.0
6573409901,DP0005,55.0,56.8,1.0
6573409902,DP0008,65.0,38.5,0.0
6573409903,DP0041,55.0,35.8,0.0
6573409904,DP0041,55.0,31.4,0.0
6573409905,DP0007,55.0,38.6,0.0
6573409906,DP0041,55.0,37.3,0.0
6573409907,DP0010,40.0,33.8,0.0
6573409908,DP0041,55.0,55.0,0.0
6573409909,DP0043,55.0,59.1,1.0
6573409910,DP0041,55.0,56.9,1.0
6573409911,DP0019,55.0,61.9,1.0
6573409912,DP0041,50.0,29.1,0.0
6573409913,DP0015,50.0,37.4,0.0
6573409914,DP0041,50.0,33.1,0.0
6573409915,DP0043,50.0,31.8,0.0
6573409916,DP0005,55.0,36.2,0.0
6573409917,DP0028,50.0,52.5,1.0
6573409918,DP0005,55.0,48.9,0.0
6573409919,DP0034,55.0,40.4,0.0
6573409920,DP0021,65.0,50.2,0.0
6573409921,DP0041,65.0,51.0,0.0
6573409922,DP0015,75.0,47.1,0.0
6573409923,DP0043,75.0,46.1,0.0
6573409924,DP0039,75.0,45.4,0.0
6573409925,DP0041,75.0,53.6,0.0
6573409926,DP0037,65.0,36.9,0.0
6573409927,DP0025,65.0,68.2,1.0
6573409928,DP0043,65.0,67.9,1.0
6573409929,DP0005,65.0,69.7,1.0
6573409930,DP0041,65.0,66.1,1.0
6573409931,DP0008,55.0,36.3,0.0
6573409932,DP0031,40.0,25.2,0.0
6573409933,DP0041,55.0,49.1,0.0
6573409934,DP0041,45.0,31.2,0.0
6573409935,DP0041,40.0,34.8,0.0
6573409936,DP0038,45.0,52.4,1.0
6573409937,DP0041,55.0,41.2,0.0
6573409938,DP0043,55.0,42.8,0.0
6573409939,DP0041,55.0,40.3,0.0
6573409940,DP0024,50.0,33.9,0.0
6573409941,DP0041,40.0,34.8,0.0
6573409942,DP0008,50.0,23.4,0.0
6573409943,DP0015,50.0,27.1,0.0
6573409944,DP0041,65.0,45.3,0.0
6573409945,DP0019,40.0,43.7,1.0
6573409946,DP0028,55.0,42.1,0.0
6573409947,DP0005,55.0,40.5,0.0
6573409948,DP0015,55.0,44.8,0.0
6573409949,DP0007,55.0,39.4,0.0
6573409950,,,,
6573409951,DP0008,40.0,31.8,0.0
6573409952,DP0041,40.0,35.6,0.0
6573409953,DP0031,40.0,35.4,0.0
6573409954,DP0043,40.0,37.5,0.0
6573409955,DP0005,45.0,27.3,0.0
6573409956,DP0018,55.0,41.1,0.0
6573409957,DP0041,65.0,46.8,0.0
6573409958,DP0041,45.0,46.0,1.0
6573409959,DP0037,50.0,25.2,0.0
6573409960,DP0041,50.0,33.5,0.0
6573409961,DP0041,65.0,37.4,0.0
6573409962,DP0018,75.0,41.3,0.0
6573409963,DP0025,75.0,38.6,0.0
6573409964,DP0008,65.0,83.2,1.0
6573409965,DP0041,50.0,43.3,0.0
6573409966,DP0026,50.0,27.5,0.0
6573409967,DP0041,50.0,28.4,0.0
6573409968,DP0005,50.0,24.2,0.0
6573409969,DP0047,50.0,26.6,0.0
6573409970,DP0019,55.0,41.4,0.0
6573409971,DP0048,50.0,43.0,0.0
6573409972,DP0043,55.0,41.1,0.0
6573409973,DP0041,65.0,56.6,0.0
6573409974,DP0009,55.0,46.1,0.0
6573409975,DP0041,40.0,37.6,0.0
6573409976,DP0041,45.0,30.7,0.0
6573409977,DP0041,45.0,29.0,0.0
6573409978,DP0001,45.0,28.8,0.0
6573409979,DP0015,45.0,45.8,1.0
6573409980,DP0002,55.0,50.7,0.0
6573409981,DP0041,75.0,60.1,0.0
6573409982,DP0028,50.0,31.5,0.0
6573409983,DP0038,55.0,33.3,0.0
6573409984,DP0041,60.0,38.7,0.0
6573409985,DP0032,60.0,36.8,0.0
6573409986,DP0005,60.0,35.0,0.0
6573409987,DP0041,60.0,36.1,0.0
6573409988,DP0041,50.0,33.0,0.0
6573409989,DP0043,100.0,88.2,0.0
6573409990,DP0009,50.0,42.7,0.0
6573409991,DP0041,55.0,38.5,0.0
6573409992,DP0050,40.0,43.3,1.0
6573409993,DP0043,60.0,46.0,0.0
6573409994,DP0010,50.0,28.4,0.0
6573409995,DP0043,65.0,53.2,0.0
6573409996,DP0008,65.0,50.7,0.0
6573409997,DP0019,65.0,50.1,0.0
6573409998,DP0043,65.0,58.8,0.0
6573409999,DP0041,65.0,44.6,0.0
6573410000,DP0008,65.0,43.0,0.0
6573410001,DP0041,40.0,34.0,0.0
6573410002,DP0048,40.0,41.0,1.0
6573410003,DP0001,40.0,33.0,0.0
6573410004,DP0015,40.0,27.6,0.0
6573410005,DP0006,50.0,58.6,1.0
6573410006,DP0041,50.0,56.3,1.0
6573410007,DP0019,50.0,52.1,1.0
6573410008,DP0041,50.0,56.2,1.0
6573410009,DP0041,40.0,23.7,0.0
6573410010,DP0049,45.0,28.0,0.0
6573410011,DP0015,45.0,33.6,0.0
6573410012,DP0041,50.0,30.3,0.0
6573410013,DP0041,55.0,36.0,0.0
6573410014,DP0043,40.0,26.8,0.0
6573410015,DP0026,40.0,26.2,0.0
6573410016,DP0048,40.0,42.6,1.0
6573410017,DP0028,40.0,27.3,0.0
6573410018,DP0029,40.0,30.6,0.0
6573410019,DP0043,50.0,42.6,0.0
6573410020,DP0015,55.0,42.0,0.0
6573410021,DP0008,40.0,26.5,0.0
6573410022,DP0015,55.0,56.1,1.0
6573410023,DP0008,40.0,28.4,0.0
6573410024,DP0041,55.0,29.0,0.0
6573410025,DP0041,55.0,31.2,0.0
6573410026,DP0041,40.0,22.8,0.0
6573410027,DP0039,40.0,31.0,0.0
6573410028,DP0005,60.0,38.4,0.0
6573410029,DP0043,60.0,40.4,0.0
6573410030,DP0005,65.0,46.4,0.0
6573410031,DP0041,55.0,33.3,0.0
6573410032,DP0041,50.0,23.4,0.0
6573410033,DP0003,55.0,41.2,0.0
6573410034,DP0003,40.0,30.1,0.0
6573410035,DP0008,50.0,43.9,0.0
6573410036,DP0033,55.0,36.6,0.0
6573410037,DP0041,45.0,24.7,0.0
6573410038,DP0043,50.0,32.8,0.0
6573410039,DP0029,45.0,28.1,0.0
6573410040,DP0015,45.0,23.6,0.0
6573410041,DP0041,45.0,28.5,0.0
6573410042,DP0043,45.0,25.5,0.0
6573410043,DP0005,40.0,27.5,0.0
6573410044,DP0001,60.0,46.3,0.0
6573410045,DP0041,50.0,38.9,0.0
6573410046,DP0019,65.0,40.2,0.0
6573410047,DP0040,65.0,40.4,0.0
6573410048,DP0041,65.0,46.6,0.0
6573410049,DP0027,55.0,33.6,0.0
6573410050,DP0043,40.0,20.8,0.0
6573410051,DP0039,45.0,34.4,0.0
6573410052,DP0035,90.0,95.9,1.0
6573410053,DP0041,40.0,21.5,0.0
6573410054,DP0043,60.0,58.9,0.0
6573410055,DP0041,60.0,58.0,0.0
6573410056,DP0048,55.0,69.1,1.0
6573410057,DP0021,70.0,48.5,0.0
6573410058,DP0005,70.0,46.8,0.0
6573410059,DP0041,70.0,46.7,0.0
6573410060,DP0041,70.0,47.4,0.0
6573410061,DP0041,40.0,16.9,0.0
6573410062,DP0043,55.0,37.5,0.0
6573410063,DP0003,50.0,30.7,0.0
6573410064,DP0043,55.0,40.1,0.0
6573410065,DP0046,55.0,52.6,0.0
6573410066,DP0043,55.0,43.2,0.0
6573410067,DP0041,55.0,37.8,0.0
6573410068,DP0041,55.0,29.3,0.0
6573410069,DP0041,45.0,41.7,0.0
6573410070,DP0010,50.0,44.5,0.0
6573410071,DP0024,50.0,27.5,0.0
6573410072,DP0033,60.0,55.5,0.0
6573410073,DP0033,55.0,29.6,0.0
6573410074,DP0041,40.0,26.6,0.0
6573410075,DP0036,40.0,24.9,0.0
6573410076,DP0008,40.0,25.3,0.0
6573410077,DP0009,40.0,22.5,0.0
6573410078,DP0041,50.0,37.1,0.0
6573410079,DP0015,40.0,35.4,0.0
6573410080,DP0041,50.0,31.3,0.0
6573410081,DP0019,65.0,52.8,0.0
6573410082,DP0041,60.0,40.0,0.0
6573410083,DP0041,45.0,28.3,0.0
6573410084,DP0041,50.0,29.6,0.0
6573410085,DP0023,45.0,22.8,0.0
6573410086,DP0041,45.0,30.3,0.0
6573410087,DP0006,45.0,39.7,0.0
6573410088,DP0043,45.0,46.0,1.0
6573410089,DP0041,45.0,50.5,1.0
6573410090,DP0025,45.0,50.6,1.0
6573410091,DP0019,45.0,47.2,1.0
6573410092,DP0041,55.0,48.8,0.0
6573410093,DP0007,45.0,28.9,0.0
6573410094,DP0008,55.0,44.5,0.0
6573410095,DP0041,55.0,48.3,0.0
6573410096,DP0041,55.0,49.3,0.0
6573410097,DP0041,55.0,47.1,0.0
6573410098,DP0043,65.0,42.9,0.0
6573410099,DP0047,40.0,31.2,0.0
6573410100,DP0041,40.0,30.8,0.0
6573410101,DP0015,40.0,32.0,0.0
6573410102,DP0003,40.0,32.0,0.0
6573410103,DP0043,40.0,22.0,0.0
6573410104,DP0041,40.0,24.4,0.0
6573410105,DP0043,50.0,32.5,0.0
6573410106,DP0038,40.0,25.2,0.0
6573410107,DP0003,40.0,30.0,0.0
6573410108,DP0041,40.0,29.1,0.0
6573410109,DP0043,50.0,31.3,0.0
6573410110,DP0033,50.0,28.9,0.0
6573410111,DP0043,50.0,34.8,0.0
6573410112,DP0041,50.0,35.6,0.0
6573410113,DP0008,50.0,33.9,0.0
6573410114,DP0050,55.0,58.8,1.0
6573410115,DP0010,55.0,33.7,0.0
6573410116,DP0005,55.0,31.7,0.0
6573410117,DP0041,55.0,35.3,0.0
6573410118,DP0005,75.0,55.4,0.0
6573410119,DP0047,65.0,48.8,0.0
6573410120,DP0041,50.0,41.5,0.0
6573410121,DP0041,55.0,35.3,0.0
6573410122,DP0006,55.0,39.3,0.0
6573410123,DP0008,55.0,41.5,0.0
6573410124,DP0005,65.0,60.4,0.0
6573410125,DP0041,65.0,61.2,0.0
6573410126,DP0032,65.0,55.7,0.0
6573410127,DP0032,65.0,60.7,0.0
6573410128,DP0039,55.0,37.4,0.0
6573410129,DP0037,65.0,56.1,0.0
6573410130,DP0005,50.0,26.5,0.0
6573410131,DP0008,50.0,44.4,0.0
6573410132,DP0043,50.0,26.4,0.0
6573410133,DP0012,50.0,39.3,0.0
6573410134,DP0043,45.0,15.8,0.0
6573410135,DP0043,70.0,42.7,0.0
6573410136,DP0005,50.0,26.5,0.0
6573410137,DP0015,50.0,27.8,0.0
6573410138,DP0041,50.0,27.6,0.0
6573410139,DP0005,50.0,27.8,0.0
6573410140,DP0008,40.0,24.6,0.0
6573410141,DP0031,55.0,38.6,0.0
6573410142,DP0041,65.0,41.2,0.0
6573410143,DP0041,65.0,47.7,0.0
6573410144,DP0015,65.0,44.7,0.0
6573410145,DP0019,65.0,45.6,0.0
6573410146,DP0030,50.0,34.2,0.0
6573410147,DP0008,50.0,29.6,0.0
6573410148,DP0041,65.0,53.5,0.0
6573410149,DP0039,50.0,25.1,0.0
6573410150,DP0008,55.0,29.8,0.0
6573410151,DP0041,60.0,43.2,0.0
6573410152,DP0019,45.0,26.9,0.0
6573410153,DP0041,40.0,39.2,0.0
6573410154,DP0021,40.0,36.8,0.0
6573410155,DP0015,55.0,29.6,0.0
6573410156,DP0048,45.0,64.5,1.0
6573410157,DP0046,65.0,57.5,0.0
6573410158,DP0049,65.0,44.5,0.0
6573410159,DP0032,65.0,44.0,0.0
6573410160,DP0041,65.0,47.8,0.0
6573410161,DP0043,55.0,30.2,0.0
6573410162,DP0041,40.0,25.2,0.0
6573410163,DP0048,50.0,54.5,1.0
6573410164,DP0041,55.0,29.6,0.0
6573410165,DP0002,45.0,37.0,0.0
6573410166,DP0027,55.0,46.7,0.0
6573410167,DP0002,65.0,50.5,0.0
6573410168,DP0027,50.0,33.7,0.0
6573410169,DP0043,50.0,52.7,1.0
6573410170,DP0041,45.0,16.4,0.0
6573410171,DP0003,55.0,36.7,0.0
6573410172,DP0043,50.0,30.0,0.0
6573410173,DP0041,45.0,27.3,0.0
6573410174,DP0026,55.0,28.2,0.0
6573410175,DP0005,40.0,23.4,0.0
6573410176,DP0049,50.0,33.2,0.0
6573410177,DP0005,55.0,44.7,0.0
6573410178,DP0015,55.0,40.5,0.0
6573410179,DP0050,50.0,52.8,1.0
6573410180,DP0012,55.0,41.8,0.0
6573410181,DP0041,65.0,36.0,0.0
6573410182,DP0019,65.0,41.3,0.0
6573410183,DP0043,65.0,42.6,0.0
6573410184,DP0033,50.0,31.0,0.0
6573410185,DP0043,65.0,37.3,0.0
6573410186,DP0008,55.0,39.5,0.0
6573410187,DP0047,50.0,42.1,0.0
6573410188,DP0005,45.0,30.1,0.0
6573410189,DP0041,50.0,28.3,0.0
6573410190,DP0005,50.0,26.2,0.0
6573410191,DP0005,45.0,24.0,0.0
6573410192,DP0005,45.0,45.9,1.0
6573410193,DP0006,45.0,50.3,1.0
6573410194,DP0033,50.0,33.4,0.0
6573410195,DP0008,45.0,22.8,0.0
6573410196,DP0041,65.0,39.0,0.0
6573410197,DP0041,40.0,33.1,0.0
6573410198,DP0015,45.0,52.0,1.0
6573410199,DP0027,45.0,31.1,0.0
6573410200,DP0043,45.0,35.2,0.0
6573410201,DP0005,45.0,33.8,0.0
6573410202,DP0015,45.0,31.9,0.0
6573410203,DP0005,55.0,31.6,0.0
6573410204,DP0024,55.0,32.1,0.0
6573410205,DP0041,55.0,33.8,0.0
6573410206,DP0005,55.0,32.3,0.0
6573410207,DP0041,50.0,45.9,0.0
6573410208,DP0039,55.0,38.2,0.0
6573410209,DP0041,65.0,62.1,0.0
6573410210,DP0043,50.0,45.7,0.0
6573410211,DP0047,60.0,37.5,0.0
6573410212,DP0041,40.0,36.2,0.0
6573410213,DP0034,40.0,35.9,0.0
6573410214,DP0041,40.0,36.7,0.0
6573410215,DP0041,40.0,40.0,1.0
6573410216,DP0025,85.0,58.0,0.0
6573410217,DP0041,60.0,36.9,0.0
6573410218,DP0043,55.0,35.4,0.0
6573410219,DP0006,55.0,41.2,0.0
6573410220,DP0027,55.0,38.9,0.0
6573410221,DP0041,55.0,38.4,0.0
6573410222,DP0024,40.0,28.7,0.0
6573410223,DP0005,55.0,47.6,0.0
6573410224,DP0023,55.0,52.7,0.0
6573410225,DP0043,55.0,48.6,0.0
6573410226,DP0015,50.0,38.2,0.0
6573410227,DP0043,50.0,35.5,0.0
6573410228,DP0041,50.0,34.2,0.0
6573410229,DP0032,40.0,56.0,1.0
6573410230,DP0041,50.0,26.8,0.0
6573410231,DP0009,55.0,72.4,1.0
6573410232,DP0041,50.0,47.4,0.0
6573410233,DP0041,55.0,40.6,0.0
6573410234,DP0026,45.0,44.3,0.0
6573410235,DP0041,45.0,25.8,0.0
6573410236,DP0019,45.0,24.3,0.0
6573410237,DP0002,45.0,26.4,0.0
6573410238,DP0043,45.0,25.0,0.0
6573410239,DP0041,55.0,37.3,0.0
6573410240,DP0019,55.0,45.7,0.0
6573410241,DP0040,50.0,35.9,0.0
6573410242,DP0041,55.0,43.8,0.0
6573410243,DP0048,40.0,51.8,1.0
6573410244,DP0015,45.0,30.0,0.0
6573410245,DP0041,55.0,50.3,0.0
6573410246,DP0043,55.0,46.8,0.0
6573410247,DP0028,55.0,50.0,0.0
6573410248,DP0008,55.0,49.4,0.0
6573410249,DP0005,40.0,17.3,0.0
6573410250,DP0034,40.0,16.1,0.0
6573410251,DP0003,40.0,20.8,0.0
6573410252,DP0041,45.0,21.8,0.0
6573410253,DP0041,45.0,23.1,0.0
6573410254,DP0041,50.0,40.5,0.0
6573410255,DP0021,75.0,46.5,0.0
6573410256,DP0019,75.0,46.9,0.0
6573410257,DP0043,75.0,48.1,0.0
6573410258,DP0048,55.0,57.8,1.0
6573410259,DP0002,45.0,26.8,0.0
6573410260,DP0033,55.0,52.8,0.0
6573410261,DP0041,55.0,32.1,0.0
6573410262,DP0041,55.0,27.6,0.0
6573410263,DP0031,55.0,34.6,0.0
6573410264,DP0041,45.0,30.4,0.0
6573410265,DP0041,40.0,35.4,0.0
6573410266,DP0048,50.0,44.5,0.0
6573410267,DP0041,50.0,39.3,0.0
6573410268,DP0041,50.0,44.5,0.0
6573410269,DP0041,40.0,19.6,0.0
6573410270,DP0043,50.0,33.4,0.0
6573410271,DP0041,55.0,31.2,0.0
6573410272,DP0041,45.0,31.9,0.0
6573410273,DP0041,45.0,29.4,0.0
6573410274,DP0041,55.0,77.4,1.0
6573410275,DP0006,50.0,33.2,0.0
6573410276,DP0012,40.0,28.9,0.0
6573410277,DP0025,50.0,37.2,0.0
6573410278,DP0009,40.0,25.7,0.0
6573410279,DP0041,45.0,28.8,0.0
6573410280,DP0043,65.0,54.0,0.0
6573410281,DP0013,50.0,48.3,0.0
6573410282,DP0041,50.0,47.1,0.0
6573410283,DP0009,60.0,49.6,0.0
6573410284,DP0028,50.0,28.4,0.0
6573410285,DP0009,50.0,31.4,0.0
6573410286,DP0008,50.0,24.8,0.0
6573410287,DP0043,50.0,21.9,0.0
6573410288,DP0041,40.0,46.6,1.0
6573410289,DP0041,50.0,28.3,0.0
6573410290,DP0041,85.0,55.1,0.0
6573410291,DP0008,45.0,28.1,0.0
6573410292,DP0016,55.0,28.6,0.0
6573410293,DP0041,40.0,40.4,1.0
6573410294,,,,
6573410295,DP0041,50.0,34.6,0.0
6573410296,DP0005,40.0,25.6,0.0
6573410297,DP0043,40.0,24.2,0.0
6573410298,DP0041,40.0,22.9,0.0
6573410299,DP0043,40.0,24.4,0.0
6573410300,DP0041,40.0,20.4,0.0
6573410301,DP0046,45.0,55.4,1.0
6573410302,DP0039,55.0,33.2,0.0
6573410303,DP0041,50.0,45.0,0.0
6573410304,DP0033,60.0,33.9,0.0
6573410305,DP0005,60.0,37.0,0.0
6573410306,DP0041,60.0,35.0,0.0
6573410307,DP0041,60.0,38.6,0.0
6573410308,DP0041,55.0,35.2,0.0
6573410309,DP0041,50.0,29.6,0.0
6573410310,DP0028,55.0,44.1,0.0
6573410311,DP0008,40.0,30.7,0.0
6573410312,DP0008,50.0,40.2,0.0
6573410313,DP0038,50.0,73.4,1.0
6573410314,DP0023,40.0,35.8,0.0
6573410315,DP0041,40.0,26.4,0.0
6573410316,DP0005,50.0,29.4,0.0
6573410317,DP0041,55.0,32.4,0.0
6573410318,DP0049,40.0,26.7,0.0
6573410319,DP0009,40.0,21.1,0.0
6573410320,DP0019,55.0,34.2,0.0
6573410321,DP0005,75.0,50.7,0.0
6573410322,DP0041,45.0,31.2,0.0
6573410323,DP0041,65.0,48.8,0.0
6573410324,DP0041,65.0,48.8,0.0
6573410325,DP0041,45.0,38.4,0.0
6573410326,DP0046,40.0,49.5,1.0
6573410327,DP0005,50.0,25.1,0.0
6573410328,DP0050,45.0,43.0,0.0
6573410329,DP0041,45.0,26.2,0.0
6573410330,DP0005,60.0,35.9,0.0
6573410331,DP0030,55.0,44.3,0.0
6573410332,DP0031,45.0,30.2,0.0
6573410333,DP0041,55.0,27.8,0.0
6573410334,DP0017,40.0,16.5,0.0
6573410335,DP0005,45.0,19.5,0.0
6573410336,DP0041,40.0,32.4,0.0
6573410337,DP0041,40.0,27.5,0.0
6573410338,DP0003,40.0,21.9,0.0
6573410339,DP0043,40.0,31.3,0.0
6573410340,DP0008,60.0,48.7,0.0
6573410341,DP0041,60.0,34.8,0.0
6573410342,DP0041,45.0,41.2,0.0
6573410343,DP0032,45.0,51.7,1.0
6573410344,DP0037,50.0,25.9,0.0
6573410345,DP0043,50.0,36.8,0.0
6573410346,DP0045,50.0,30.1,0.0
6573410347,DP0019,55.0,46.1,0.0
6573410348,DP0041,50.0,32.1,0.0
6573410349,DP0024,65.0,58.6,0.0
6573410350,DP0006,50.0,27.9,0.0
6573410351,DP0043,55.0,36.3,0.0
6573410352,DP0041,55.0,55.1,1.0
6573410353,DP0041,45.0,21.1,0.0
6573410354,DP0005,45.0,29.6,0.0
6573410355,DP0041,55.0,36.4,0.0
6573410356,DP0019,55.0,42.3,0.0
6573410357,DP0036,55.0,32.4,0.0
6573410358,DP0027,55.0,46.7,0.0
6573410359,DP0028,45.0,41.1,0.0
6573410360,DP0041,50.0,49.8,0.0
6573410361,DP0041,60.0,34.2,0.0
6573410362,DP0007,55.0,79.9,1.0
6573410363,DP0041,55.0,39.8,0.0
6573410364,DP0041,40.0,24.6,0.0
6573410365,DP0041,50.0,35.6,0.0
6573410366,DP0028,55.0,43.5,0.0
6573410367,DP0005,55.0,47.1,0.0
6573410368,DP0041,50.0,30.8,0.0
6573410369,DP0041,60.0,54.6,0.0
6573410370,DP0021,50.0,45.1,0.0
6573410371,DP0041,50.0,40.6,0.0
6573410372,DP0004,45.0,44.2,0.0
6573410373,DP0041,55.0,45.7,0.0
6573410374,DP0043,55.0,44.0,0.0
6573410375,DP0041,55.0,41.7,0.0
6573410376,DP0043,55.0,43.4,0.0
6573410377,DP0039,45.0,30.5,0.0
6573410378,DP0041,50.0,37.0,0.0
6573410379,DP0019,50.0,43.0,0.0
6573410380,DP0019,50.0,43.1,0.0
6573410381,DP0041,50.0,44.6,0.0
6573410382,DP0041,40.0,41.1,1.0
6573410383,DP0015,50.0,40.5,0.0
6573410384,DP0041,40.0,23.5,0.0
6573410385,DP0041,65.0,44.4,0.0
6573410386,DP0015,55.0,38.3,0.0
6573410387,DP0024,45.0,36.4,0.0
6573410388,DP0039,45.0,34.2,0.0
6573410389,DP0033,45.0,39.3,0.0
6573410390,DP0038,60.0,46.8,0.0
6573410391,DP0029,75.0,52.2,0.0
6573410392,DP0018,45.0,25.7,0.0
6573410393,DP0008,45.0,28.8,0.0
6573410394,DP0019,40.0,24.6,0.0
6573410395,DP0044,40.0,20.7,0.0
6573410396,DP0041,40.0,31.9,0.0
6573410397,DP0043,40.0,21.8,0.0
6573410398,DP0043,50.0,45.7,0.0
6573410399,DP0045,50.0,43.0,0.0
6573410400,DP0043,85.0,48.3,0.0
6573410401,DP0041,50.0,33.4,0.0
6573410402,DP0044,50.0,24.7,0.0
6573410403,DP0015,50.0,34.1,0.0
6573410404,DP0043,50.0,28.5,0.0
6573410405,DP0041,50.0,29.2,0.0
6573410406,DP0043,65.0,55.6,0.0
6573410407,DP0008,75.0,54.9,0.0
6573410408,DP0043,40.0,36.3,0.0
6573410409,DP0041,55.0,30.9,0.0
6573410410,DP0041,50.0,58.7,1.0
6573410411,DP0041,50.0,43.3,0.0
6573410412,DP0042,65.0,36.8,0.0
6573410413,DP0043,45.0,22.6,0.0
6573410414,DP0033,45.0,18.3,0.0
6573410415,DP0003,45.0,23.0,0.0
6573410416,DP0048,45.0,33.7,0.0
6573410417,DP0041,50.0,56.5,1.0
6573410418,DP0018,50.0,56.7,1.0
6573410419,DP0002,50.0,51.5,1.0
6573410420,DP0041,50.0,54.5,1.0
6573410421,DP0034,65.0,45.1,0.0
6573410422,DP0043,45.0,57.5,1.0
6573410423,DP0048,50.0,44.0,0.0
6573410424,DP0039,50.0,30.4,0.0
6573410425,DP0016,50.0,32.2,0.0
6573410426,DP0021,50.0,25.8,0.0
6573410427,DP0043,55.0,40.6,0.0
6573410428,DP0008,60.0,44.8,0.0
6573410429,DP0010,70.0,51.7,0.0
6573410430,DP0043,45.0,24.7,0.0
6573410431,DP0041,55.0,33.1,0.0
6573410432,DP0037,50.0,31.7,0.0
6573410433,DP0049,55.0,39.3,0.0
6573410434,DP0041,50.0,30.8,0.0
6573410435,DP0041,40.0,31.8,0.0
6573410436,DP0018,65.0,44.1,0.0
6573410437,DP0019,50.0,37.4,0.0
6573410438,DP0021,65.0,51.4,0.0
6573410439,DP0041,40.0,22.7,0.0
6573410440,DP0043,40.0,23.0,0.0
6573410441,DP0043,40.0,26.4,0.0
6573410442,DP0043,40.0,26.7,0.0
6573410443,DP0043,45.0,26.9,0.0
6573410444,DP0042,45.0,20.9,0.0
6573410445,DP0041,45.0,24.6,0.0
6573410446,DP0041,45.0,25.2,0.0
6573410447,DP0019,50.0,32.1,0.0
6573410448,DP0041,60.0,46.5,0.0
6573410449,DP0043,45.0,22.9,0.0
6573410450,DP0041,45.0,49.9,1.0
6573410451,DP0041,40.0,42.0,1.0
6573410452,DP0041,40.0,40.7,1.0
6573410453,DP0015,40.0,37.9,0.0
6573410454,DP0041,40.0,37.1,0.0
6573410455,DP0043,55.0,50.7,0.0
6573410456,DP0048,50.0,40.1,0.0
6573410457,DP0005,50.0,42.1,0.0
6573410458,DP0021,40.0,21.7,0.0
6573410459,DP0008,40.0,19.8,0.0
6573410460,DP0041,60.0,51.4,0.0
6573410461,DP0041,50.0,35.6,0.0
6573410462,DP0043,40.0,20.1,0.0
6573410463,DP0041,55.0,39.9,0.0
6573410464,DP0041,40.0,29.5,0.0
6573410465,DP0041,40.0,28.8,0.0
6573410466,DP0044,40.0,26.5,0.0
6573410467,DP0041,40.0,27.9,0.0
6573410468,DP0008,40.0,23.9,0.0
6573410469,DP0041,40.0,38.1,0.0
6573410470,DP0041,40.0,30.9,0.0
6573410471,DP0021,50.0,24.4,0.0
6573410472,DP0023,50.0,25.6,0.0
6573410473,DP0043,50.0,30.2,0.0
6573410474,DP0005,50.0,28.9,0.0
6573410475,DP0041,50.0,57.4,1.0
6573410476,DP0041,40.0,38.4,0.0
6573410477,DP0041,50.0,27.1,0.0
6573410478,DP0032,50.0,26.5,0.0
6573410479,DP0041,45.0,34.4,0.0
6573410480,DP0029,65.0,57.0,0.0
6573410481,DP0021,55.0,32.8,0.0
6573410482,DP0041,45.0,32.6,0.0
6573410483,DP0019,45.0,29.0,0.0
6573410484,DP0015,45.0,32.7,0.0
6573410485,DP0026,45.0,46.7,1.0
6573410486,DP0001,40.0,34.1,0.0
6573410487,DP0048,40.0,45.9,1.0
6573410488,DP0041,40.0,27.8,0.0
6573410489,DP0043,40.0,29.6,0.0
6573410490,DP0041,45.0,20.4,0.0
6573410491,DP0031,50.0,27.8,0.0
6573410492,DP0041,50.0,28.1,0.0
6573410493,DP0039,50.0,25.1,0.0
6573410494,DP0041,45.0,28.9,0.0
6573410495,DP0041,45.0,24.3,0.0
6573410496,DP0041,45.0,49.5,1.0
6573410497,DP0041,55.0,46.7,0.0
6573410498,DP0043,45.0,29.8,0.0
6573410499,DP0016,50.0,47.0,0.0
6573410500,DP0043,50.0,51.0,1.0
6573410501,DP0015,50.0,51.0,1.0
6573410502,DP0015,50.0,57.5,1.0
6573410503,DP0034,45.0,24.8,0.0
6573410504,DP0041,40.0,35.3,0.0
6573410505,DP0050,55.0,66.3,1.0
6573410506,DP0043,50.0,30.9,0.0
6573410507,DP0046,40.0,31.9,0.0
6573410508,DP0005,50.0,50.1,1.0
6573410509,DP0041,45.0,31.3,0.0
6573410510,DP0043,55.0,38.8,0.0
6573410511,DP0041,95.0,65.7,0.0
6573410512,DP0002,95.0,60.7,0.0
6573410513,DP0041,95.0,60.0,0.0
6573410514,DP0028,95.0,61.4,0.0
6573410515,DP0039,50.0,69.2,1.0
6573410516,DP0046,50.0,83.6,1.0
6573410517,DP0043,50.0,71.5,1.0
6573410518,DP0011,50.0,75.7,1.0
6573410519,DP0043,50.0,28.9,0.0
6573410520,DP0041,55.0,44.8,0.0
6573410521,DP0041,40.0,20.0,0.0
6573410522,DP0043,60.0,63.3,1.0
6573410523,DP0007,60.0,63.9,1.0
6573410524,DP0041,60.0,63.4,1.0
6573410525,DP0041,60.0,59.4,0.0
6573410526,DP0041,50.0,37.2,0.0
6573410527,DP0041,40.0,22.0,0.0
6573410528,DP0041,55.0,32.5,0.0
6573410529,DP0008,40.0,46.7,1.0
6573410530,DP0043,40.0,50.2,1.0
6573410531,DP0028,40.0,43.0,1.0
6573410532,DP0041,60.0,39.6,0.0
6573410533,DP0009,60.0,48.3,0.0
6573410534,DP0032,60.0,40.7,0.0
6573410535,DP0005,50.0,37.8,0.0
6573410536,DP0028,50.0,34.0,0.0
6573410537,DP0041,50.0,30.7,0.0
6573410538,DP0014,50.0,30.6,0.0
6573410539,DP0041,50.0,29.9,0.0
6573410540,DP0039,50.0,30.6,0.0
6573410541,DP0019,50.0,31.3,0.0
6573410542,DP0041,55.0,46.6,0.0
6573410543,DP0041,55.0,38.6,0.0
6573410544,DP0041,55.0,44.1,0.0
6573410545,DP0041,55.0,44.2,0.0
6573410546,DP0041,40.0,16.3,0.0
6573410547,DP0022,40.0,13.2,0.0
6573410548,DP0041,60.0,43.1,0.0
6573410549,DP0028,60.0,45.7,0.0
6573410550,DP0042,60.0,44.9,0.0
6573410551,DP0019,60.0,45.0,0.0
6573410552,DP0041,60.0,38.0,0.0
6573410553,DP0041,50.0,27.1,0.0
6573410554,DP0003,45.0,28.7,0.0
6573410555,DP0005,60.0,37.5,0.0
6573410556,DP0043,50.0,38.3,0.0
6573410557,DP0048,50.0,55.5,1.0
6573410558,DP0004,50.0,48.7,0.0
6573410559,DP0008,50.0,33.5,0.0
6573410560,DP0043,55.0,29.2,0.0
6573410561,DP0041,40.0,25.8,0.0
6573410562,DP0019,70.0,95.4,1.0
6573410563,DP0041,45.0,32.6,0.0
6573410564,DP0019,45.0,36.5,0.0
6573410565,DP0020,45.0,38.4,0.0
6573410566,DP0005,45.0,36.4,0.0
6573410567,DP0041,55.0,44.1,0.0
6573410568,DP0041,40.0,24.4,0.0
6573410569,DP0034,55.0,37.6,0.0
6573410570,DP0034,55.0,34.6,0.0
6573410571,DP0041,50.0,45.4,0.0
6573410572,DP0015,55.0,25.5,0.0
6573410573,DP0041,45.0,38.2,0.0
6573410574,DP0041,40.0,29.1,0.0
6573410575,DP0040,40.0,27.3,0.0
6573410576,DP0019,60.0,35.8,0.0
6573410577,DP0041,55.0,36.2,0.0
6573410578,DP0041,50.0,43.4,0.0
6573410579,DP0005,40.0,28.9,0.0
6573410580,DP0041,40.0,28.3,0.0
6573410581,DP0038,40.0,27.3,0.0
6573410582,DP0041,40.0,29.4,0.0
6573410583,DP0018,40.0,28.4,0.0
6573410584,DP0041,50.0,31.4,0.0
6573410585,DP0043,40.0,27.3,0.0
6573410586,DP0041,40.0,23.8,0.0
6573410587,DP0041,40.0,23.4,0.0
6573410588,DP0026,40.0,29.4,0.0
6573410589,DP0005,65.0,48.5,0.0
6573410590,DP0046,40.0,35.9,0.0
6573410591,DP0043,40.0,24.1,0.0
6573410592,DP0041,40.0,22.3,0.0
6573410593,DP0015,40.0,27.7,0.0
6573410594,DP0041,50.0,44.7,0.0
6573410595,DP0019,50.0,27.2,0.0
6573410596,DP0020,45.0,31.6,0.0
6573410597,DP0043,45.0,20.7,0.0
6573410598,DP0019,65.0,39.0,0.0
6573410599,DP0043,65.0,45.8,0.0
6573410600,DP0041,65.0,45.4,0.0
6573410601,DP0041,65.0,43.9,0.0
6573410602,DP0003,65.0,46.5,0.0
6573410603,DP0008,55.0,43.7,0.0
6573410604,DP0002,50.0,26.9,0.0
6573410605,DP0002,45.0,25.7,0.0
6573410606,DP0026,40.0,28.3,0.0
6573410607,DP0043,55.0,36.3,0.0
6573410608,DP0041,55.0,40.1,0.0
6573410609,DP0049,55.0,41.8,0.0
6573410610,DP0020,55.0,36.1,0.0
6573410611,DP0008,55.0,41.1,0.0
6573410612,DP0041,55.0,40.6,0.0
6573410613,DP0021,55.0,41.8,0.0
6573410614,DP0009,55.0,41.2,0.0
6573410615,DP0041,55.0,45.2,0.0
6573410616,DP0020,40.0,13.9,0.0
6573410617,DP0041,65.0,61.9,0.0
6573410618,DP0009,40.0,25.2,0.0
6573410619,DP0028,55.0,60.5,1.0
6573410620,DP0043,50.0,25.8,0.0
6573410621,DP0005,55.0,40.7,0.0
6573410622,DP0041,55.0,41.5,0.0
6573410623,DP0041,55.0,41.1,0.0
6573410624,DP0004,55.0,55.6,1.0
6573410625,DP0041,50.0,33.9,0.0
6573410626,DP0041,50.0,31.7,0.0
6573410627,DP0008,60.0,54.1,0.0
6573410628,DP0041,55.0,45.7,0.0
6573410629,DP0015,45.0,31.7,0.0
6573410630,DP0041,50.0,31.9,0.0
6573410631,DP0049,40.0,43.2,1.0
6573410632,DP0041,40.0,38.3,0.0
6573410633,DP0019,40.0,42.6,1.0
6573410634,DP0041,40.0,40.7,1.0
6573410635,DP0041,45.0,41.8,0.0
6573410636,DP0002,45.0,41.0,0.0
6573410637,DP0041,45.0,47.3,1.0
6573410638,DP0007,45.0,42.5,0.0
6573410639,DP0039,55.0,44.0,0.0
6573410640,DP0015,50.0,31.6,0.0
6573410641,DP0041,45.0,27.1,0.0
6573410642,DP0043,85.0,55.1,0.0
6573410643,DP0041,50.0,33.6,0.0
6573410644,DP0048,75.0,64.9,0.0
6573410645,DP0047,40.0,36.8,0.0
6573410646,,,,
6573410647,,,,
6573410648,,,,
6573410649,,,,
6573410650,DP0041,45.0,37.5,0.0
6573410651,DP0043,60.0,47.2,0.0
6573410652,DP0009,55.0,37.6,0.0
6573410653,DP0041,50.0,38.7,0.0
6573410654,DP0041,50.0,37.7,0.0
6573410655,DP0050,50.0,60.7,1.0
6573410656,DP0015,45.0,27.8,0.0
6573410657,DP0012,55.0,40.8,0.0
6573410658,DP0010,65.0,41.1,0.0
6573410659,DP0012,65.0,40.4,0.0
6573410660,DP0002,65.0,35.1,0.0
6573410661,DP0041,65.0,31.6,0.0
6573410662,DP0005,45.0,24.7,0.0
6573410663,DP0019,50.0,56.2,1.0
6573410664,DP0041,50.0,59.6,1.0
6573410665,DP0041,50.0,55.6,1.0
6573410666,DP0029,50.0,53.0,1.0
6573410667,DP0008,55.0,44.0,0.0
6573410668,DP0026,45.0,25.2,0.0
6573410669,DP0043,50.0,37.3,0.0
6573410670,DP0041,45.0,19.4,0.0
6573410671,DP0047,50.0,40.0,0.0
6573410672,DP0041,50.0,38.5,0.0
6573410673,DP0041,50.0,47.2,0.0
6573410674,DP0019,50.0,46.6,0.0
6573410675,DP0041,50.0,45.9,0.0
6573410676,DP0019,50.0,43.6,0.0
6573410677,DP0001,50.0,40.3,0.0
6573410678,DP0041,50.0,35.9,0.0
6573410679,DP0041,60.0,49.2,0.0
6573410680,DP0030,40.0,29.7,0.0
6573410681,DP0043,55.0,34.2,0.0
6573410682,DP0041,50.0,30.3,0.0
6573410683,DP0043,45.0,37.5,0.0
6573410684,DP0041,50.0,28.2,0.0
6573410685,DP0041,50.0,27.5,0.0
6573410686,DP0034,50.0,27.0,0.0
6573410687,DP0019,50.0,43.5,0.0
6573410688,DP0043,55.0,39.8,0.0
6573410689,DP0008,40.0,31.0,0.0
6573410690,DP0043,45.0,27.0,0.0
6573410691,DP0039,40.0,18.6,0.0
6573410692,DP0036,40.0,22.4,0.0
6573410693,DP0033,55.0,37.3,0.0
6573410694,DP0005,55.0,78.2,1.0
6573410695,DP0002,55.0,37.8,0.0
6573410696,DP0039,45.0,30.5,0.0
6573410697,DP0043,45.0,33.9,0.0
6573410698,DP0002,45.0,35.5,0.0
6573410699,DP0019,45.0,37.0,0.0
6573410700,DP0041,60.0,58.5,0.0
6573410701,DP0005,50.0,28.6,0.0
6573410702,DP0005,45.0,25.4,0.0
6573410703,DP0015,45.0,26.8,0.0
6573410704,DP0008,45.0,29.2,0.0
6573410705,DP0041,45.0,27.5,0.0
6573410706,DP0019,55.0,48.1,0.0
6573410707,DP0041,55.0,51.1,0.0
6573410708,DP0041,55.0,49.2,0.0
6573410709,DP0015,55.0,46.7,0.0
6573410710,DP0041,40.0,33.9,0.0
6573410711,DP0041,60.0,35.7,0.0
6573410712,DP0048,55.0,63.2,1.0
6573410713,DP0019,55.0,43.5,0.0
6573410714,DP0041,40.0,23.8,0.0
6573410715,DP0012,55.0,29.1,0.0
6573410716,DP0018,50.0,45.2,0.0
6573410717,DP0041,40.0,23.8,0.0
6573410718,DP0029,55.0,36.3,0.0
6573410719,DP0026,50.0,38.9,0.0
6573410720,DP0034,50.0,43.9,0.0
6573410721,DP0019,50.0,40.1,0.0
6573410722,DP0002,50.0,43.5,0.0
6573410723,DP0008,40.0,32.4,0.0
6573410724,DP0009,65.0,49.0,0.0
6573410725,DP0005,50.0,38.8,0.0
6573410726,DP0008,40.0,42.6,1.0
6573410727,DP0023,50.0,40.0,0.0
6573410728,DP0005,55.0,33.0,0.0
6573410729,DP0041,50.0,29.5,0.0
6573410730,DP0005,60.0,48.8,0.0
6573410731,DP0013,50.0,48.7,0.0
6573410732,DP0007,45.0,34.9,0.0
6573410733,DP0041,65.0,55.9,0.0
6573410734,DP0048,55.0,62.0,1.0
6573410735,DP0012,55.0,35.6,0.0
6573410736,DP0039,50.0,39.1,0.0
6573410737,DP0027,50.0,32.8,0.0
6573410738,DP0023,65.0,44.3,0.0
6573410739,DP0041,65.0,43.0,0.0
6573410740,DP0043,65.0,45.3,0.0
6573410741,DP0041,65.0,41.2,0.0
6573410742,DP0026,45.0,20.9,0.0
6573410743,DP0021,45.0,23.5,0.0
6573410744,DP0049,45.0,19.9,0.0
6573410745,DP0041,45.0,19.5,0.0
6573410746,DP0050,40.0,69.2,1.0
6573410747,DP0018,40.0,32.0,0.0
6573410748,DP0026,70.0,41.5,0.0
6573410749,DP0043,50.0,40.6,0.0
6573410750,DP0049,45.0,96.0,1.0
6573410751,DP0015,55.0,38.8,0.0
6573410752,DP0041,55.0,55.2,1.0
6573410753,DP0041,55.0,27.1,0.0
6573410754,DP0019,60.0,42.2,0.0
6573410755,DP0041,60.0,39.1,0.0
6573410756,DP0041,60.0,40.7,0.0
6573410757,DP0031,60.0,42.2,0.0
6573410758,DP0041,45.0,39.1,0.0
6573410759,DP0049,45.0,42.5,0.0
6573410760,DP0041,45.0,40.4,0.0
6573410761,DP0041,45.0,39.1,0.0
6573410762,DP0041,55.0,39.8,0.0
6573410763,DP0019,50.0,32.6,0.0
6573410764,DP0034,50.0,60.2,1.0
6573410765,DP0048,55.0,53.4,0.0
6573410766,DP0013,85.0,55.6,0.0
6573410767,DP0041,50.0,29.9,0.0
6573410768,DP0036,55.0,37.3,0.0
6573410769,DP0041,55.0,34.3,0.0
6573410770,DP0008,55.0,32.8,0.0
6573410771,DP0028,55.0,35.7,0.0
6573410772,DP0041,55.0,36.2,0.0
6573410773,DP0004,50.0,58.7,1.0
6573410774,DP0041,65.0,46.1,0.0
6573410775,DP0049,65.0,47.4,0.0
6573410776,DP0005,50.0,29.6,0.0
6573410777,DP0041,50.0,40.7,0.0
6573410778,DP0015,50.0,42.6,0.0
6573410779,DP0008,50.0,39.0,0.0
6573410780,DP0005,45.0,35.0,0.0
6573410781,DP0041,50.0,34.5,0.0
6573410782,DP0019,55.0,35.8,0.0
6573410783,DP0027,60.0,61.0,1.0
6573410784,DP0043,65.0,55.6,0.0
6573410785,DP0024,50.0,43.8,0.0
6573410786,DP0046,50.0,47.5,0.0
6573410787,DP0008,40.0,18.0,0.0
6573410788,DP0041,55.0,39.1,0.0
6573410789,DP0034,55.0,35.2,0.0
6573410790,DP0006,60.0,40.2,0.0
6573410791,DP0043,45.0,28.0,0.0
6573410792,DP0048,50.0,45.8,0.0
6573410793,DP0041,55.0,58.3,1.0
6573410794,DP0040,50.0,33.1,0.0
6573410795,DP0003,40.0,24.2,0.0
6573410796,DP0021,40.0,21.3,0.0
6573410797,DP0041,85.0,63.9,0.0
6573410798,DP0041,65.0,43.8,0.0
6573410799,DP0041,65.0,41.2,0.0
6573410800,DP0019,65.0,40.5,0.0
6573410801,DP0041,65.0,39.6,0.0
6573410802,DP0005,45.0,27.4,0.0
6573410803,DP0004,45.0,39.7,0.0
6573410804,DP0005,45.0,28.8,0.0
6573410805,DP0033,45.0,30.1,0.0
6573410806,DP0003,55.0,24.2,0.0
6573410807,DP0038,50.0,28.0,0.0
6573410808,DP0028,50.0,28.4,0.0
6573410809,DP0005,50.0,27.4,0.0
6573410810,DP0039,50.0,28.8,0.0
6573410811,DP0034,40.0,19.1,0.0
6573410812,DP0008,50.0,20.3,0.0
6573410813,DP0041,45.0,40.7,0.0
6573410814,DP0043,45.0,37.9,0.0
6573410815,DP0041,45.0,46.4,1.0
6573410816,DP0021,45.0,45.4,1.0
6573410817,DP0041,45.0,45.2,1.0
6573410818,DP0050,50.0,69.1,1.0
6573410819,DP0005,45.0,29.5,0.0
6573410820,DP0045,45.0,28.0,0.0
6573410821,DP0043,45.0,27.2,0.0
6573410822,DP0015,50.0,32.2,0.0
6573410823,DP0041,75.0,54.4,0.0
6573410824,DP0007,45.0,27.5,0.0
6573410825,DP0026,40.0,21.1,0.0
6573410826,DP0024,40.0,16.6,0.0
6573410827,DP0041,55.0,39.0,0.0
6573410828,DP0041,45.0,24.4,0.0
6573410829,DP0041,45.0,24.1,0.0
6573410830,DP0041,45.0,23.4,0.0
6573410831,DP0015,45.0,27.5,0.0
6573410832,DP0015,55.0,38.7,0.0
6573410833,DP0047,55.0,36.1,0.0
6573410834,DP0015,55.0,38.3,0.0
6573410835,DP0041,55.0,35.0,0.0
6573410836,DP0041,45.0,35.0,0.0
6573410837,DP0038,45.0,28.7,0.0
6573410838,DP0041,45.0,30.9,0.0
6573410839,DP0041,45.0,30.7,0.0
6573410840,DP0012,45.0,29.4,0.0
6573410841,DP0003,50.0,27.9,0.0
6573410842,DP0041,50.0,30.3,0.0
6573410843,DP0008,50.0,29.7,0.0
6573410844,DP0041,45.0,22.5,0.0
6573410845,DP0041,65.0,46.1,0.0
6573410846,DP0041,45.0,34.4,0.0
6573410847,DP0043,45.0,42.1,0.0
6573410848,DP0041,45.0,36.3,0.0
6573410849,DP0016,85.0,60.0,0.0
6573410850,DP0041,45.0,23.8,0.0
6573410851,DP0028,65.0,40.5,0.0
6573410852,DP0048,65.0,54.0,0.0
6573410853,DP0039,65.0,42.5,0.0
6573410854,DP0043,65.0,36.7,0.0
6573410855,DP0038,55.0,27.6,0.0
6573410856,DP0016,45.0,24.2,0.0
6573410857,DP0005,55.0,52.5,0.0
6573410858,DP0043,45.0,54.1,1.0
6573410859,DP0041,50.0,53.5,1.0
6573410860,DP0041,50.0,50.9,1.0
6573410861,DP0041,50.0,56.9,1.0
6573410862,DP0005,50.0,57.0,1.0
6573410863,DP0044,40.0,43.4,1.0
6573410864,DP0015,75.0,48.4,0.0
6573410865,DP0028,40.0,28.5,0.0
6573410866,DP0041,50.0,53.1,1.0
6573410867,DP0041,55.0,25.7,0.0
6573410868,DP0041,40.0,26.0,0.0
6573410869,DP0020,40.0,26.0,0.0
6573410870,DP0038,40.0,26.7,0.0
6573410871,DP0027,40.0,26.6,0.0
6573410872,DP0041,40.0,29.7,0.0
6573410873,DP0002,45.0,30.1,0.0
6573410874,DP0026,45.0,34.7,0.0
6573410875,DP0043,45.0,39.2,0.0
6573410876,DP0017,45.0,34.6,0.0
6573410877,DP0010,45.0,33.8,0.0
6573410878,DP0041,40.0,23.5,0.0
6573410879,DP0039,50.0,44.3,0.0
6573410880,DP0005,40.0,22.0,0.0
6573410881,DP0041,50.0,33.8,0.0
6573410882,DP0046,65.0,59.5,0.0
6573410883,DP0041,45.0,18.8,0.0
6573410884,DP0041,50.0,28.8,0.0
6573410885,DP0043,40.0,24.1,0.0
6573410886,DP0006,60.0,47.4,0.0
6573410887,DP0006,60.0,49.7,0.0
6573410888,DP0019,60.0,48.5,0.0
6573410889,DP0041,60.0,50.7,0.0
6573410890,DP0041,40.0,36.2,0.0
6573410891,DP0032,55.0,38.7,0.0
6573410892,DP0041,55.0,54.8,0.0
6573410893,DP0041,45.0,23.4,0.0
6573410894,DP0033,50.0,40.5,0.0
6573410895,DP0008,45.0,30.5,0.0
6573410896,DP0041,40.0,23.5,0.0
6573410897,DP0005,45.0,42.7,0.0
6573410898,DP0041,45.0,33.5,0.0
6573410899,DP0015,45.0,24.2,0.0
6573410900,DP0038,50.0,29.3,0.0
6573410901,DP0041,50.0,28.1,0.0
6573410902,DP0047,40.0,33.3,0.0
6573410903,DP0041,45.0,32.3,0.0
6573410904,DP0041,45.0,26.1,0.0
6573410905,DP0043,40.0,23.0,0.0
6573410906,DP0044,40.0,25.4,0.0
6573410907,DP0041,40.0,22.3,0.0
6573410908,DP0041,40.0,25.2,0.0
6573410909,DP0001,45.0,32.7,0.0
6573410910,DP0041,55.0,32.7,0.0
6573410911,DP0028,50.0,32.0,0.0
6573410912,DP0019,60.0,47.9,0.0
6573410913,DP0041,40.0,39.0,0.0
6573410914,DP0041,55.0,42.8,0.0
6573410915,DP0041,45.0,31.8,0.0
6573410916,DP0043,80.0,63.2,0.0
6573410917,DP0041,80.0,66.1,0.0
6573410918,DP0034,55.0,41.1,0.0
6573410919,DP0041,55.0,43.5,0.0
6573410920,DP0008,55.0,38.0,0.0
6573410921,DP0050,55.0,45.9,0.0
6573410922,DP0041,40.0,28.9,0.0
6573410923,DP0038,40.0,37.5,0.0
6573410924,DP0005,50.0,35.5,0.0
6573410925,DP0043,50.0,34.3,0.0
6573410926,DP0015,50.0,31.6,0.0
6573410927,DP0041,60.0,32.3,0.0
6573410928,DP0041,55.0,46.0,0.0
6573410929,DP0028,45.0,31.0,0.0
6573410930,DP0014,60.0,38.5,0.0
6573410931,DP0043,55.0,35.9,0.0
6573410932,DP0037,50.0,40.3,0.0
6573410933,DP0041,55.0,32.9,0.0
6573410934,DP0046,55.0,57.9,1.0
6573410935,DP0036,55.0,37.3,0.0
6573410936,DP0046,55.0,56.7,1.0
6573410937,DP0041,45.0,31.3,0.0
6573410938,DP0033,45.0,30.8,0.0
6573410939,DP0006,40.0,17.6,0.0
6573410940,DP0015,40.0,20.3,0.0
6573410941,DP0041,40.0,24.0,0.0
6573410942,DP0041,40.0,22.5,0.0
6573410943,DP0033,65.0,51.2,0.0
6573410944,DP0043,45.0,26.3,0.0
6573410945,DP0043,45.0,28.1,0.0
6573410946,DP0026,45.0,30.2,0.0
6573410947,DP0039,50.0,42.4,0.0
6573410948,DP0043,50.0,39.8,0.0
6573410949,DP0023,50.0,35.3,0.0
6573410950,DP0019,50.0,36.3,0.0
6573410951,DP0041,40.0,30.4,0.0
6573410952,DP0008,40.0,29.1,0.0
6573410953,DP0005,40.0,26.1,0.0
6573410954,DP0039,40.0,31.5,0.0
6573410955,DP0019,55.0,50.4,0.0
6573410956,DP0041,40.0,39.0,0.0
6573410957,DP0043,40.0,40.5,1.0
6573410958,DP0004,40.0,51.1,1.0
6573410959,DP0043,40.0,38.3,0.0
6573410960,DP0021,70.0,37.7,0.0
6573410961,DP0030,70.0,41.2,0.0
6573410962,DP0041,50.0,44.6,0.0
6573410963,DP0008,45.0,57.5,1.0
6573410964,DP0008,40.0,26.8,0.0
6573410965,DP0041,50.0,45.6,0.0
6573410966,DP0027,50.0,39.0,0.0
6573410967,DP0019,50.0,43.4,0.0
6573410968,DP0043,55.0,26.3,0.0
6573410969,DP0008,55.0,27.4,0.0
6573410970,DP0041,55.0,25.6,0.0
6573410971,DP0043,55.0,28.1,0.0
6573410972,DP0043,65.0,42.2,0.0
6573410973,DP0005,50.0,36.1,0.0
6573410974,DP0041,45.0,30.8,0.0
6573410975,,,,
6573410976,DP0034,50.0,24.8,0.0
6573410977,DP0041,40.0,25.8,0.0
6573410978,DP0006,50.0,25.1,0.0
6573410979,DP0043,50.0,28.4,0.0
6573410980,DP0041,50.0,26.8,0.0
6573410981,DP0027,40.0,18.8,0.0
6573410982,DP0041,50.0,32.9,0.0
6573410983,DP0050,50.0,51.3,1.0
6573410984,,,,
6573410985,DP0034,40.0,40.0,0.0
6573410986,DP0041,40.0,37.9,0.0
6573410987,DP0002,45.0,39.1,0.0
6573410988,DP0019,55.0,44.8,0.0
6573410989,DP0025,50.0,31.8,0.0
6573410990,DP0008,65.0,42.8,0.0
6573410991,DP0003,55.0,33.7,0.0
6573410992,DP0017,40.0,22.0,0.0
6573410993,DP0008,45.0,17.3,0.0
6573410994,DP0043,75.0,69.0,0.0
6573410995,DP0041,45.0,31.5,0.0
6573410996,DP0041,65.0,49.9,0.0
6573410997,DP0049,65.0,50.7,0.0
6573410998,DP0003,75.0,46.9,0.0
6573410999,DP0041,60.0,60.5,1.0
6573411000,DP0021,55.0,39.1,0.0
6573411001,DP0028,50.0,54.3,1.0
6573411002,DP0039,40.0,23.1,0.0
6573411003,DP0015,105.0,63.6,0.0
6573411004,DP0041,45.0,22.9,0.0
6573411005,DP0038,45.0,19.8,0.0
6573411006,DP0041,45.0,26.7,0.0
6573411007,DP0009,45.0,18.8,0.0
6573411008,DP0038,45.0,16.9,0.0
6573411009,DP0008,50.0,32.7,0.0
6573411010,DP0038,50.0,26.7,0.0
6573411011,DP0041,50.0,41.0,0.0
6573411012,DP0041,55.0,38.8,0.0
6573411013,DP0046,50.0,57.4,1.0
6573411014,DP0041,50.0,43.6,0.0
6573411015,DP0005,50.0,41.0,0.0
6573411016,DP0041,50.0,39.5,0.0
6573411017,DP0049,50.0,41.4,0.0
6573411018,DP0028,55.0,33.3,0.0
6573411019,DP0041,55.0,54.4,0.0
6573411020,DP0041,55.0,42.1,0.0
6573411021,DP0008,55.0,43.9,0.0
6573411022,DP0044,55.0,43.2,0.0
6573411023,DP0021,50.0,30.5,0.0
6573411024,DP0050,50.0,52.1,1.0
6573411025,DP0041,50.0,37.0,0.0
6573411026,DP0039,40.0,24.3,0.0
6573411027,DP0041,60.0,36.8,0.0
6573411028,DP0044,50.0,31.8,0.0
6573411029,DP0041,60.0,35.1,0.0
6573411030,DP0043,40.0,17.9,0.0
6573411031,DP0041,40.0,23.8,0.0
6573411032,DP0005,40.0,22.7,0.0
6573411033,DP0024,40.0,24.4,0.0
6573411034,DP0009,65.0,41.3,0.0
6573411035,DP0041,45.0,56.6,1.0
6573411036,DP0041,70.0,42.1,0.0
6573411037,DP0048,55.0,47.0,0.0
6573411038,DP0041,65.0,44.0,0.0
6573411039,,,,
6573411040,,,,
6573411041,,,,
6573411042,DP0043,50.0,22.8,0.0
6573411043,DP0005,45.0,38.9,0.0
6573411044,DP0041,40.0,24.1,0.0
6573411045,DP0041,40.0,19.9,0.0
6573411046,DP0041,40.0,21.6,0.0
6573411047,DP0026,40.0,20.8,0.0
6573411048,DP0005,55.0,41.7,0.0
6573411049,DP0041,45.0,28.4,0.0
6573411050,DP0041,45.0,30.6,0.0
6573411051,DP0043,45.0,29.5,0.0
6573411052,DP0036,45.0,28.8,0.0
6573411053,DP0041,40.0,23.4,0.0
6573411054,DP0041,45.0,28.8,0.0
6573411055,DP0015,65.0,40.8,0.0
6573411056,DP0041,45.0,59.3,1.0
6573411057,DP0029,40.0,34.6,0.0
6573411058,DP0041,40.0,22.3,0.0
6573411059,DP0005,55.0,26.8,0.0
6573411060,DP0003,50.0,50.1,1.0
6573411061,DP0043,45.0,24.5,0.0
6573411062,DP0043,60.0,35.4,0.0
6573411063,DP0044,60.0,35.0,0.0
6573411064,DP0041,60.0,38.8,0.0
6573411065,DP0039,60.0,36.7,0.0
6573411066,DP0041,45.0,35.1,0.0
6573411067,DP0043,50.0,51.4,1.0
6573411068,DP0041,55.0,62.8,1.0
6573411069,DP0015,55.0,57.5,1.0
6573411070,DP0006,55.0,58.5,1.0
6573411071,DP0043,55.0,58.1,1.0
6573411072,DP0041,45.0,27.8,0.0
6573411073,DP0041,55.0,39.1,0.0
6573411074,DP0039,50.0,41.5,0.0
6573411075,DP0041,50.0,28.1,0.0
6573411076,DP0041,55.0,34.6,0.0
6573411077,DP0041,50.0,33.7,0.0
6573411078,DP0043,55.0,44.2,0.0
6573411079,DP0043,50.0,42.7,0.0
6573411080,DP0026,50.0,44.8,0.0
6573411081,DP0015,60.0,37.6,0.0
6573411082,DP0038,55.0,36.7,0.0
6573411083,DP0033,55.0,43.9,0.0
6573411084,DP0015,55.0,36.9,0.0
6573411085,DP0041,55.0,36.1,0.0
6573411086,DP0008,45.0,53.9,1.0
6573411087,DP0015,45.0,52.8,1.0
6573411088,DP0019,45.0,35.6,0.0
6573411089,DP0008,45.0,28.5,0.0
6573411090,DP0041,45.0,22.5,0.0
6573411091,DP0043,45.0,24.0,0.0
6573411092,DP0011,45.0,17.2,0.0
6573411093,DP0043,45.0,19.7,0.0
6573411094,DP0041,40.0,55.0,1.0
6573411095,DP0038,40.0,34.5,0.0
6573411096,DP0028,45.0,18.7,0.0
6573411097,DP0041,75.0,62.6,0.0
6573411098,DP0024,50.0,32.8,0.0
6573411099,DP0041,60.0,34.6,0.0
6573411100,DP0041,55.0,45.1,0.0
6573411101,DP0041,45.0,19.4,0.0
6573411102,DP0041,40.0,18.5,0.0
6573411103,DP0015,55.0,49.3,0.0
6573411104,DP0015,50.0,36.2,0.0
6573411105,DP0041,45.0,43.3,0.0
6573411106,DP0008,45.0,26.2,0.0
6573411107,DP0016,45.0,33.0,0.0
6573411108,DP0032,45.0,27.4,0.0
6573411109,DP0043,45.0,30.6,0.0
6573411110,DP0041,45.0,33.6,0.0
6573411111,DP0041,45.0,27.5,0.0
6573411112,DP0034,85.0,73.4,0.0
6573411113,DP0041,55.0,27.9,0.0
6573411114,DP0033,45.0,54.1,1.0
6573411115,DP0049,45.0,49.3,1.0
6573411116,DP0009,45.0,56.0,1.0
6573411117,DP0021,50.0,39.7,0.0
6573411118,DP0012,60.0,33.9,0.0
6573411119,DP0043,50.0,29.3,0.0
6573411120,DP0041,50.0,29.6,0.0
6573411121,DP0006,50.0,24.4,0.0
6573411122,DP0041,85.0,57.7,0.0
6573411123,DP0019,50.0,45.8,0.0
6573411124,DP0028,40.0,18.3,0.0
6573411125,DP0049,70.0,33.2,0.0
6573411126,DP0041,70.0,40.3,0.0
6573411127,DP0043,70.0,34.9,0.0
6573411128,DP0041,70.0,34.0,0.0
6573411129,DP0046,65.0,73.3,1.0
6573411130,DP0018,65.0,49.8,0.0
6573411131,DP0041,55.0,35.9,0.0
6573411132,DP0013,55.0,57.1,1.0
6573411133,DP0014,40.0,36.2,0.0
6573411134,DP0041,45.0,35.8,0.0
6573411135,DP0041,50.0,32.7,0.0
6573411136,DP0033,40.0,21.3,0.0
6573411137,DP0014,40.0,21.5,0.0
6573411138,DP0039,50.0,30.3,0.0
6573411139,DP0021,45.0,41.2,0.0
6573411140,DP0005,55.0,40.7,0.0
6573411141,DP0041,55.0,44.4,0.0
6573411142,DP0043,40.0,15.6,0.0
6573411143,DP0006,45.0,40.6,0.0
6573411144,DP0043,55.0,32.9,0.0
6573411145,DP0005,50.0,36.4,0.0
6573411146,DP0005,50.0,37.9,0.0
6573411147,DP0019,50.0,37.1,0.0
6573411148,DP0048,50.0,53.5,1.0
6573411149,DP0041,55.0,44.9,0.0
6573411150,DP0019,50.0,35.5,0.0
6573411151,DP0005,40.0,27.7,0.0
6573411152,DP0028,40.0,29.0,0.0
6573411153,DP0008,40.0,31.0,0.0
6573411154,DP0047,40.0,30.6,0.0
6573411155,DP0041,55.0,41.2,0.0
6573411156,DP0019,50.0,32.8,0.0
6573411157,DP0005,40.0,35.2,0.0
6573411158,DP0028,40.0,36.2,0.0
6573411159,DP0043,55.0,39.0,0.0
6573411160,DP0033,55.0,62.0,1.0
6573411161,DP0041,50.0,25.8,0.0
6573411162,DP0024,55.0,35.7,0.0
6573411163,DP0040,60.0,55.3,0.0
6573411164,DP0008,55.0,34.6,0.0
6573411165,DP0041,40.0,28.0,0.0
6573411166,DP0047,50.0,30.3,0.0
6573411167,DP0038,50.0,46.7,0.0
6573411168,DP0041,50.0,42.1,0.0
6573411169,DP0041,50.0,44.0,0.0
6573411170,DP0041,50.0,43.8,0.0
6573411171,DP0005,65.0,59.4,0.0
6573411172,DP0015,50.0,46.6,0.0
6573411173,DP0002,50.0,42.9,0.0
6573411174,DP0049,50.0,47.3,0.0
6573411175,DP0041,50.0,45.5,0.0
6573411176,DP0005,55.0,40.8,0.0
6573411177,DP0041,55.0,40.1,0.0
6573411178,DP0041,65.0,45.8,0.0
6573411179,DP0007,55.0,44.9,0.0
6573411180,DP0043,50.0,30.3,0.0
6573411181,DP0041,50.0,40.8,0.0
6573411182,DP0041,40.0,26.9,0.0
6573411183,DP0050,55.0,75.1,1.0
6573411184,DP0019,50.0,33.5,0.0
6573411185,DP0019,65.0,37.9,0.0
6573411186,DP0016,65.0,45.1,0.0
6573411187,DP0043,65.0,49.9,0.0
6573411188,DP0041,65.0,45.7,0.0
6573411189,DP0034,65.0,44.0,0.0
6573411190,DP0041,75.0,48.7,0.0
6573411191,DP0041,60.0,42.1,0.0
6573411192,DP0041,50.0,57.7,1.0
6573411193,DP0041,55.0,40.9,0.0
6573411194,DP0028,45.0,19.8,0.0
6573411195,DP0005,45.0,27.6,0.0
6573411196,DP0005,45.0,25.0,0.0
6573411197,DP0007,40.0,27.5,0.0
6573411198,DP0015,55.0,44.0,0.0
6573411199,DP0019,90.0,55.0,0.0
6573411200,DP0041,55.0,87.7,1.0
6573411201,DP0015,55.0,84.1,1.0
6573411202,DP0005,55.0,85.8,1.0
6573411203,DP0041,55.0,86.2,1.0
6573411204,DP0041,45.0,23.0,0.0
6573411205,DP0041,55.0,41.7,0.0
6573411206,DP0043,55.0,54.2,0.0
6573411207,DP0008,40.0,28.1,0.0
6573411208,DP0008,45.0,30.1,0.0
6573411209,DP0036,50.0,42.3,0.0
6573411210,DP0005,50.0,27.5,0.0
6573411211,DP0012,45.0,38.8,0.0
6573411212,DP0043,55.0,41.8,0.0
6573411213,DP0041,55.0,55.1,1.0
6573411214,DP0034,60.0,33.0,0.0
6573411215,DP0048,45.0,47.0,1.0
6573411216,DP0043,45.0,38.6,0.0
6573411217,DP0041,45.0,30.4,0.0
6573411218,DP0007,45.0,29.1,0.0
6573411219,DP0041,80.0,70.6,0.0
6573411220,DP0005,80.0,68.2,0.0
6573411221,DP0041,40.0,31.6,0.0
6573411222,DP0041,40.0,30.9,0.0
6573411223,DP0019,40.0,29.5,0.0
6573411224,DP0022,40.0,33.6,0.0
6573411225,DP0043,45.0,26.9,0.0
6573411226,DP0041,45.0,28.0,0.0
6573411227,DP0039,45.0,28.4,0.0
6573411228,DP0041,45.0,31.6,0.0
6573411229,DP0043,45.0,28.9,0.0
6573411230,DP0041,45.0,24.5,0.0
6573411231,DP0015,55.0,57.9,1.0
6573411232,DP0029,50.0,23.7,0.0
6573411233,DP0041,50.0,29.4,0.0
6573411234,DP0005,55.0,38.2,0.0
6573411235,DP0002,50.0,48.2,0.0
6573411236,DP0043,50.0,29.9,0.0
6573411237,DP0043,50.0,30.1,0.0
6573411238,DP0038,60.0,39.2,0.0
6573411239,DP0043,60.0,42.0,0.0
6573411240,DP0047,60.0,41.8,0.0
6573411241,DP0005,55.0,48.0,0.0
6573411242,DP0044,55.0,54.1,0.0
6573411243,DP0043,55.0,50.8,0.0
6573411244,DP0041,55.0,51.0,0.0
6573411245,DP0041,65.0,49.3,0.0
6573411246,DP0019,50.0,51.3,1.0
6573411247,DP0008,50.0,35.9,0.0
6573411248,DP0033,45.0,32.5,0.0
6573411249,DP0043,50.0,39.2,0.0
6573411250,DP0006,50.0,32.5,0.0
6573411251,DP0005,50.0,36.9,0.0
6573411252,DP0041,50.0,35.9,0.0
6573411253,DP0041,65.0,51.9,0.0
6573411254,DP0019,65.0,56.1,0.0
6573411255,DP0019,65.0,54.4,0.0
6573411256,DP0048,65.0,67.2,1.0
6573411257,DP0008,65.0,48.0,0.0
6573411258,DP0019,50.0,35.7,0.0
6573411259,DP0009,40.0,32.0,0.0
6573411260,DP0015,55.0,32.1,0.0
6573411261,DP0041,40.0,35.3,0.0
6573411262,DP0019,45.0,31.2,0.0
6573411263,DP0034,55.0,50.9,0.0
6573411264,DP0043,50.0,22.1,0.0
6573411265,DP0041,45.0,34.2,0.0
6573411266,DP0015,50.0,33.0,0.0
6573411267,DP0019,50.0,28.9,0.0
6573411268,DP0039,50.0,27.3,0.0
6573411269,DP0041,50.0,30.3,0.0
6573411270,DP0041,65.0,52.2,0.0
6573411271,DP0049,65.0,56.2,0.0
6573411272,DP0048,60.0,55.1,0.0
6573411273,DP0041,40.0,46.7,1.0
6573411274,DP0033,50.0,34.8,0.0
6573411275,DP0008,50.0,28.6,0.0
6573411276,DP0041,40.0,59.0,1.0
6573411277,DP0005,55.0,46.4,0.0
6573411278,DP0003,45.0,38.1,0.0
6573411279,DP0043,45.0,38.8,0.0
6573411280,DP0041,45.0,34.1,0.0
6573411281,DP0041,45.0,32.1,0.0
6573411282,DP0041,40.0,35.5,0.0
6573411283,DP0034,40.0,24.2,0.0
6573411284,DP0008,45.0,34.7,0.0
6573411285,DP0026,60.0,41.2,0.0
6573411286,DP0005,40.0,27.6,0.0
6573411287,DP0034,40.0,21.9,0.0
6573411288,DP0041,60.0,42.8,0.0
6573411289,DP0002,40.0,18.2,0.0
6573411290,DP0041,55.0,26.8,0.0
6573411291,DP0003,55.0,32.9,0.0
6573411292,DP0041,55.0,30.4,0.0
6573411293,DP0005,55.0,32.2,0.0
6573411294,DP0038,50.0,24.4,0.0
6573411295,DP0040,55.0,49.7,0.0
6573411296,DP0005,50.0,58.0,1.0
6573411297,DP0041,55.0,28.4,0.0
6573411298,DP0041,45.0,29.0,0.0
6573411299,DP0008,40.0,33.9,0.0
6573411300,DP0041,45.0,20.1,0.0
6573411301,DP0041,45.0,21.9,0.0
6573411302,DP0028,40.0,23.5,0.0
6573411303,DP0041,45.0,32.5,0.0
6573411304,DP0049,55.0,54.0,0.0
6573411305,DP0034,55.0,56.0,1.0
6573411306,DP0039,50.0,35.8,0.0
6573411307,DP0041,50.0,39.6,0.0
6573411308,DP0041,45.0,72.0,1.0
6573411309,DP0015,45.0,71.3,1.0
6573411310,DP0041,45.0,75.4,1.0
6573411311,DP0041,45.0,75.4,1.0
6573411312,DP0043,40.0,24.6,0.0
6573411313,DP0015,50.0,35.4,0.0
6573411314,DP0001,55.0,27.0,0.0
6573411315,DP0041,50.0,44.0,0.0
6573411316,DP0043,45.0,122.8,1.0
6573411317,DP0014,55.0,38.0,0.0
6573411318,DP0009,50.0,57.5,1.0
6573411319,DP0041,60.0,38.0,0.0
6573411320,DP0039,50.0,38.1,0.0
6573411321,DP0041,70.0,59.2,0.0
6573411322,DP0002,40.0,20.6,0.0
6573411323,DP0041,40.0,19.1,0.0
6573411324,DP0012,55.0,64.7,1.0
6573411325,DP0008,50.0,41.4,0.0
6573411326,DP0015,55.0,42.2,0.0
6573411327,DP0043,50.0,38.5,0.0
6573411328,DP0041,60.0,63.4,1.0
6573411329,DP0043,40.0,43.2,1.0
6573411330,DP0043,55.0,51.3,0.0
6573411331,DP0048,45.0,44.9,0.0
6573411332,DP0041,40.0,36.2,0.0
6573411333,DP0021,40.0,37.3,0.0
6573411334,DP0041,55.0,38.1,0.0
6573411335,DP0006,55.0,36.9,0.0
6573411336,DP0041,55.0,40.0,0.0
6573411337,DP0030,55.0,47.9,0.0
6573411338,DP0041,50.0,43.7,0.0
6573411339,DP0023,50.0,54.5,1.0
6573411340,DP0041,40.0,24.7,0.0
6573411341,DP0043,50.0,27.9,0.0
6573411342,DP0041,60.0,61.3,1.0
6573411343,DP0041,45.0,34.3,0.0
6573411344,DP0039,45.0,36.7,0.0
6573411345,DP0041,45.0,36.5,0.0
6573411346,DP0041,45.0,36.2,0.0
6573411347,DP0014,65.0,45.2,0.0
6573411348,DP0041,55.0,39.8,0.0
6573411349,DP0041,50.0,30.6,0.0
6573411350,DP0013,45.0,38.5,0.0
6573411351,DP0038,45.0,40.1,0.0
6573411352,DP0041,45.0,37.0,0.0
6573411353,DP0041,45.0,39.1,0.0
6573411354,,,,
6573411355,DP0050,60.0,67.1,1.0
6573411356,DP0041,65.0,65.3,1.0
6573411357,DP0041,55.0,49.4,0.0
6573411358,DP0034,55.0,53.0,0.0
6573411359,DP0041,55.0,42.9,0.0
6573411360,DP0041,55.0,45.2,0.0
6573411361,DP0041,40.0,30.5,0.0
6573411362,DP0003,40.0,22.0,0.0
6573411363,DP0040,55.0,46.3,0.0
6573411364,DP0037,55.0,37.1,0.0
6573411365,DP0043,55.0,34.5,0.0
6573411366,DP0043,55.0,36.8,0.0
6573411367,DP0041,55.0,34.9,0.0
6573411368,DP0048,50.0,40.7,0.0
6573411369,DP0015,40.0,16.0,0.0
6573411370,DP0021,40.0,27.0,0.0
6573411371,DP0007,40.0,41.3,1.0
6573411372,DP0041,40.0,30.8,0.0
6573411373,DP0050,85.0,118.8,1.0
6573411374,DP0041,50.0,35.9,0.0
6573411375,DP0043,50.0,32.8,0.0
6573411376,DP0017,70.0,52.0,0.0
6573411377,DP0041,55.0,48.6,0.0
6573411378,DP0024,55.0,33.7,0.0
6573411379,DP0043,50.0,29.3,0.0
6573411380,DP0010,50.0,38.7,0.0
6573411381,DP0039,40.0,30.5,0.0
6573411382,DP0002,40.0,31.3,0.0
6573411383,DP0028,60.0,45.0,0.0
6573411384,DP0041,50.0,37.0,0.0
6573411385,DP0041,60.0,58.3,0.0
6573411386,DP0047,45.0,33.6,0.0
6573411387,DP0019,60.0,54.1,0.0
6573411388,DP0041,55.0,33.9,0.0
6573411389,DP0012,40.0,20.0,0.0
6573411390,DP0006,40.0,30.4,0.0
6573411391,DP0005,40.0,26.4,0.0
6573411392,DP0039,50.0,28.6,0.0
6573411393,DP0041,55.0,42.9,0.0
6573411394,DP0015,50.0,52.6,1.0
6573411395,DP0041,50.0,40.1,0.0
6573411396,DP0041,55.0,45.7,0.0
6573411397,DP0041,45.0,39.1,0.0
6573411398,DP0041,45.0,41.7,0.0
6573411399,DP0008,45.0,34.2,0.0
6573411400,DP0031,45.0,40.2,0.0
6573411401,DP0015,45.0,34.1,0.0
6573411402,DP0043,55.0,27.4,0.0
6573411403,DP0015,45.0,36.2,0.0
6573411404,DP0041,45.0,35.7,0.0
6573411405,DP0008,50.0,42.4,0.0
6573411406,DP0041,50.0,43.4,0.0
6573411407,DP0043,50.0,40.4,0.0
6573411408,DP0012,50.0,38.6,0.0
6573411409,DP0043,60.0,58.8,0.0
6573411410,DP0034,45.0,25.0,0.0
6573411411,DP0041,40.0,24.7,0.0
6573411412,DP0041,45.0,34.6,0.0
6573411413,DP0005,45.0,35.0,0.0
6573411414,DP0015,65.0,43.4,0.0
6573411415,DP0001,65.0,45.0,0.0
6573411416,DP0050,55.0,63.5,1.0
6573411417,DP0005,55.0,37.9,0.0
6573411418,DP0041,55.0,32.6,0.0
6573411419,DP0009,50.0,33.2,0.0
6573411420,DP0041,50.0,21.3,0.0
6573411421,DP0022,55.0,40.2,0.0
6573411422,DP0043,65.0,57.5,0.0
6573411423,DP0041,65.0,50.0,0.0
6573411424,DP0041,65.0,50.0,0.0
6573411425,DP0015,90.0,66.8,0.0
6573411426,DP0043,55.0,31.8,0.0
6573411427,DP0041,40.0,32.7,0.0
6573411428,DP0009,40.0,49.2,1.0
6573411429,DP0008,50.0,25.6,0.0
6573411430,DP0041,50.0,36.9,0.0
6573411431,DP0012,50.0,39.8,0.0
6573411432,DP0020,50.0,39.3,0.0
6573411433,DP0041,50.0,36.8,0.0
6573411434,DP0043,50.0,38.7,0.0
6573411435,DP0034,40.0,34.0,0.0
6573411436,DP0041,40.0,25.7,0.0
6573411437,DP0026,40.0,17.9,0.0
6573411438,DP0041,40.0,14.8,0.0
6573411439,DP0041,40.0,20.8,0.0
6573411440,DP0019,45.0,33.2,0.0
6573411441,DP0041,45.0,31.5,0.0
6573411442,DP0041,45.0,28.8,0.0
6573411443,DP0041,45.0,32.6,0.0
6573411444,DP0041,55.0,53.3,0.0
6573411445,DP0041,50.0,27.7,0.0
6573411446,DP0043,50.0,34.4,0.0
6573411447,DP0041,45.0,30.4,0.0
6573411448,DP0041,45.0,26.9,0.0
6573411449,DP0043,45.0,28.7,0.0
6573411450,DP0009,45.0,26.0,0.0
6573411451,DP0041,50.0,30.9,0.0
6573411452,DP0005,55.0,48.4,0.0
6573411453,DP0015,45.0,30.6,0.0
6573411454,DP0047,45.0,29.7,0.0
6573411455,DP0008,50.0,42.9,0.0
6573411456,DP0034,50.0,39.9,0.0
6573411457,DP0034,45.0,36.7,0.0
6573411458,DP0041,45.0,32.2,0.0
6573411459,DP0002,45.0,29.2,0.0
6573411460,DP0019,45.0,34.6,0.0
6573411461,DP0041,40.0,15.4,0.0
6573411462,DP0041,40.0,27.1,0.0
6573411463,DP0043,40.0,27.0,0.0
6573411464,DP0041,60.0,70.3,1.0
6573411465,DP0035,75.0,50.8,0.0
6573411466,DP0009,55.0,58.1,1.0
6573411467,DP0041,55.0,33.9,0.0
6573411468,DP0019,60.0,48.5,0.0
6573411469,DP0046,50.0,52.5,1.0
6573411470,DP0041,45.0,41.4,0.0
6573411471,DP0041,55.0,40.9,0.0
6573411472,DP0041,45.0,44.8,0.0
6573411473,DP0041,55.0,41.4,0.0
6573411474,DP0041,45.0,30.0,0.0
6573411475,DP0005,45.0,30.5,0.0
6573411476,DP0041,50.0,56.3,1.0
6573411477,DP0003,55.0,42.6,0.0
6573411478,DP0047,45.0,29.6,0.0
6573411479,DP0005,65.0,62.5,0.0
6573411480,DP0019,65.0,62.8,0.0
6573411481,DP0041,50.0,30.9,0.0
6573411482,DP0005,45.0,27.8,0.0
6573411483,DP0043,50.0,27.0,0.0
6573411484,DP0041,50.0,36.1,0.0
6573411485,DP0041,50.0,37.5,0.0
6573411486,DP0041,65.0,62.6,0.0
6573411487,DP0024,65.0,62.4,0.0
6573411488,DP0041,65.0,58.7,0.0
6573411489,DP0028,65.0,61.9,0.0
6573411490,DP0041,40.0,12.3,0.0
6573411491,DP0010,50.0,39.5,0.0
6573411492,DP0049,55.0,41.7,0.0
6573411493,DP0008,55.0,42.8,0.0
6573411494,DP0041,55.0,41.7,0.0
6573411495,DP0019,55.0,43.2,0.0
6573411496,DP0022,40.0,22.3,0.0
6573411497,DP0041,40.0,24.6,0.0
6573411498,DP0048,40.0,38.4,0.0
6573411499,DP0041,40.0,27.6,0.0
6573411500,DP0021,40.0,29.9,0.0
6573411501,DP0007,65.0,55.1,0.0
6573411502,DP0028,40.0,57.8,1.0
6573411503,DP0041,50.0,32.0,0.0
6573411504,DP0043,60.0,44.0,0.0
6573411505,DP0041,45.0,30.9,0.0
6573411506,DP0026,55.0,40.3,0.0
6573411507,DP0041,55.0,34.5,0.0
6573411508,DP0041,55.0,44.9,0.0
6573411509,DP0038,55.0,42.8,0.0
6573411510,DP0003,45.0,30.0,0.0
6573411511,DP0043,50.0,48.0,0.0
6573411512,DP0041,50.0,29.4,0.0
6573411513,DP0041,55.0,52.9,0.0
6573411514,DP0041,55.0,45.1,0.0
6573411515,DP0008,55.0,46.6,0.0
6573411516,DP0041,80.0,62.1,0.0
6573411517,DP0041,55.0,32.9,0.0
6573411518,DP0008,40.0,22.7,0.0
6573411519,DP0041,85.0,77.5,0.0
6573411520,DP0005,85.0,71.2,0.0
6573411521,DP0041,85.0,74.9,0.0
6573411522,DP0049,85.0,71.3,0.0
6573411523,DP0041,50.0,30.0,0.0
6573411524,DP0011,50.0,30.0,0.0
6573411525,DP0041,50.0,28.9,0.0
6573411526,DP0041,50.0,28.4,0.0
6573411527,DP0043,75.0,55.3,0.0
6573411528,DP0048,50.0,52.9,1.0
6573411529,DP0007,50.0,43.0,0.0
6573411530,DP0021,50.0,46.5,0.0
6573411531,DP0018,50.0,43.0,0.0
6573411532,DP0008,50.0,43.6,0.0
6573411533,DP0015,55.0,43.0,0.0
6573411534,DP0041,55.0,27.7,0.0
6573411535,DP0032,50.0,42.3,0.0
6573411536,DP0041,50.0,31.5,0.0
6573411537,DP0041,50.0,37.1,0.0
6573411538,DP0008,50.0,33.0,0.0
6573411539,DP0041,50.0,33.6,0.0
6573411540,DP0020,45.0,31.9,0.0
6573411541,DP0041,60.0,34.4,0.0
6573411542,DP0041,65.0,42.4,0.0
6573411543,DP0041,50.0,27.9,0.0
6573411544,DP0041,50.0,30.7,0.0
6573411545,DP0048,40.0,26.5,0.0
6573411546,DP0005,40.0,21.1,0.0
6573411547,DP0041,40.0,23.9,0.0
6573411548,DP0041,40.0,20.8,0.0
6573411549,DP0041,50.0,31.8,0.0
6573411550,DP0023,60.0,63.5,1.0
6573411551,DP0041,45.0,31.9,0.0
6573411552,DP0041,55.0,43.4,0.0
6573411553,DP0039,40.0,16.3,0.0
6573411554,DP0028,40.0,19.2,0.0
6573411555,DP0041,40.0,19.6,0.0
6573411556,DP0008,45.0,66.6,1.0
6573411557,DP0005,50.0,31.9,0.0
6573411558,DP0029,40.0,29.3,0.0
6573411559,DP0043,40.0,32.1,0.0
6573411560,DP0041,40.0,24.7,0.0
6573411561,DP0041,40.0,27.1,0.0
6573411562,DP0041,60.0,31.3,0.0
6573411563,DP0022,60.0,49.6,0.0
6573411564,DP0041,50.0,38.3,0.0
6573411565,DP0041,50.0,31.3,0.0
6573411566,DP0041,75.0,48.4,0.0
6573411567,DP0041,65.0,52.7,0.0
6573411568,DP0041,50.0,51.7,1.0
6573411569,DP0041,50.0,48.4,0.0
6573411570,DP0031,50.0,46.2,0.0
6573411571,DP0008,50.0,47.6,0.0
6573411572,DP0038,50.0,29.3,0.0
6573411573,DP0043,50.0,30.9,0.0
6573411574,DP0046,40.0,54.1,1.0
6573411575,DP0029,55.0,30.7,0.0
6573411576,DP0025,50.0,25.3,0.0
6573411577,DP0043,55.0,47.5,0.0
6573411578,DP0041,45.0,29.7,0.0
6573411579,DP0041,65.0,58.5,0.0
6573411580,DP0043,55.0,31.0,0.0
6573411581,DP0041,65.0,74.2,1.0
6573411582,DP0026,45.0,23.5,0.0
6573411583,DP0039,55.0,32.8,0.0
6573411584,DP0041,55.0,45.5,0.0
6573411585,DP0002,55.0,56.0,1.0
6573411586,DP0041,40.0,25.1,0.0
6573411587,DP0041,40.0,27.4,0.0
6573411588,DP0039,40.0,27.0,0.0
6573411589,DP0015,40.0,19.1,0.0
6573411590,DP0050,65.0,49.1,0.0
6573411591,DP0041,60.0,53.8,0.0
6573411592,DP0026,50.0,23.6,0.0
6573411593,DP0041,50.0,24.3,0.0
6573411594,DP0007,50.0,26.1,0.0
6573411595,DP0041,50.0,24.5,0.0
6573411596,DP0009,40.0,19.6,0.0
6573411597,DP0041,45.0,32.2,0.0
6573411598,DP0044,65.0,42.2,0.0
6573411599,DP0041,65.0,42.7,0.0
6573411600,DP0005,60.0,39.9,0.0
6573411601,DP0041,55.0,32.3,0.0
6573411602,DP0041,55.0,60.6,1.0
6573411603,DP0041,45.0,25.0,0.0
6573411604,DP0008,55.0,32.3,0.0
6573411605,DP0043,65.0,45.6,0.0
6573411606,DP0041,40.0,31.7,0.0
6573411607,DP0007,40.0,30.3,0.0
6573411608,DP0019,40.0,34.1,0.0
6573411609,DP0035,40.0,35.7,0.0
6573411610,DP0031,40.0,35.4,0.0
6573411611,DP0041,45.0,37.6,0.0
6573411612,DP0041,40.0,18.9,0.0
6573411613,DP0043,55.0,34.7,0.0
6573411614,DP0024,50.0,38.5,0.0
6573411615,DP0041,40.0,34.6,0.0
6573411616,DP0047,55.0,44.8,0.0
6573411617,DP0041,55.0,46.8,0.0
6573411618,DP0002,55.0,44.7,0.0
6573411619,DP0005,55.0,44.9,0.0
6573411620,DP0041,50.0,31.2,0.0
6573411621,DP0041,55.0,48.8,0.0
6573411622,DP0019,40.0,18.0,0.0
6573411623,DP0039,50.0,32.6,0.0
6573411624,DP0038,65.0,50.9,0.0
6573411625,DP0041,45.0,27.5,0.0
6573411626,DP0027,45.0,27.0,0.0
6573411627,DP0014,45.0,29.0,0.0
6573411628,DP0041,45.0,26.9,0.0
6573411629,DP0019,50.0,27.5,0.0
6573411630,DP0041,60.0,41.0,0.0
6573411631,DP0037,45.0,32.8,0.0
6573411632,DP0043,50.0,18.2,0.0
6573411633,DP0017,50.0,34.7,0.0
6573411634,DP0041,50.0,38.4,0.0
6573411635,DP0048,50.0,52.2,1.0
6573411636,DP0028,45.0,27.7,0.0
6573411637,DP0021,55.0,40.3,0.0
6573411638,DP0041,55.0,40.4,0.0
6573411639,DP0014,65.0,53.1,0.0
6573411640,DP0041,45.0,35.0,0.0
6573411641,DP0050,75.0,74.5,0.0
6573411642,DP0005,80.0,74.6,0.0
6573411643,DP0016,55.0,37.4,0.0
6573411644,DP0041,65.0,42.0,0.0
6573411645,DP0041,40.0,26.6,0.0
6573411646,DP0006,45.0,40.7,0.0
6573411647,DP0041,45.0,20.4,0.0
6573411648,DP0041,55.0,40.5,0.0
6573411649,DP0015,40.0,29.3,0.0
6573411650,DP0024,40.0,28.7,0.0
6573411651,DP0016,45.0,29.3,0.0
6573411652,DP0041,50.0,19.1,0.0
6573411653,DP0048,55.0,37.0,0.0
6573411654,DP0043,45.0,55.2,1.0
6573411655,DP0041,40.0,22.4,0.0
6573411656,DP0043,45.0,31.3,0.0
6573411657,DP0004,55.0,51.5,0.0
6573411658,DP0041,55.0,81.6,1.0
6573411659,DP0009,45.0,23.2,0.0
6573411660,DP0007,70.0,47.9,0.0
6573411661,DP0023,50.0,35.7,0.0
6573411662,,,,
6573411663,DP0041,50.0,42.9,0.0
6573411664,DP0050,50.0,45.6,0.0
6573411665,DP0041,55.0,42.8,0.0
6573411666,DP0005,55.0,52.3,0.0
6573411667,DP0007,45.0,36.3,0.0
6573411668,DP0005,50.0,34.1,0.0
6573411669,DP0043,50.0,24.4,0.0
6573411670,DP0043,40.0,20.0,0.0
6573411671,DP0041,40.0,22.6,0.0
6573411672,DP0041,40.0,18.7,0.0
6573411673,DP0021,40.0,22.8,0.0
6573411674,DP0050,55.0,45.8,0.0
6573411675,DP0015,55.0,35.0,0.0
6573411676,DP0041,55.0,36.5,0.0
6573411677,DP0043,55.0,33.8,0.0
6573411678,DP0050,65.0,56.6,0.0
6573411679,DP0041,45.0,29.4,0.0
6573411680,DP0041,90.0,59.9,0.0
6573411681,DP0019,40.0,31.3,0.0
6573411682,DP0041,40.0,27.5,0.0
6573411683,DP0041,40.0,33.2,0.0
6573411684,DP0043,40.0,31.4,0.0
6573411685,DP0041,50.0,37.5,0.0
6573411686,DP0041,40.0,33.9,0.0
6573411687,DP0043,45.0,45.6,1.0
6573411688,DP0043,40.0,27.2,0.0
6573411689,DP0041,40.0,27.3,0.0
6573411690,DP0041,60.0,31.6,0.0
6573411691,DP0041,55.0,39.3,0.0
6573411692,DP0009,55.0,38.7,0.0
6573411693,DP0041,40.0,32.7,0.0
6573411694,DP0008,40.0,33.2,0.0
6573411695,DP0012,40.0,35.4,0.0
6573411696,DP0043,40.0,35.3,0.0
6573411697,DP0043,65.0,43.6,0.0
6573411698,DP0041,40.0,28.3,0.0
6573411699,DP0041,50.0,33.9,0.0
6573411700,DP0043,55.0,42.0,0.0
6573411701,DP0009,75.0,53.7,0.0
6573411702,DP0041,40.0,27.9,0.0
6573411703,DP0006,45.0,35.8,0.0
6573411704,DP0044,55.0,39.5,0.0
6573411705,DP0008,65.0,41.4,0.0
6573411706,DP0041,50.0,53.5,1.0
6573411707,DP0013,40.0,31.0,0.0
6573411708,DP0018,40.0,30.7,0.0
6573411709,DP0041,60.0,62.8,1.0
6573411710,DP0041,55.0,44.5,0.0
6573411711,DP0026,55.0,32.5,0.0
6573411712,DP0038,50.0,25.8,0.0
6573411713,DP0041,40.0,18.5,0.0
6573411714,DP0043,40.0,21.3,0.0
6573411715,DP0008,40.0,26.1,0.0
6573411716,DP0006,40.0,18.5,0.0
6573411717,DP0034,50.0,35.5,0.0
6573411718,DP0041,50.0,71.0,1.0
6573411719,DP0041,50.0,65.6,1.0
6573411720,DP0005,50.0,72.9,1.0
6573411721,DP0005,50.0,35.7,0.0
6573411722,DP0008,50.0,39.0,0.0
6573411723,DP0028,50.0,35.3,0.0
6573411724,DP0015,50.0,35.5,0.0
6573411725,DP0007,55.0,31.4,0.0
6573411726,DP0039,45.0,28.2,0.0
6573411727,DP0032,40.0,25.5,0.0
6573411728,DP0020,40.0,30.4,0.0
6573411729,DP0041,55.0,34.4,0.0
6573411730,DP0041,50.0,35.7,0.0
6573411731,DP0041,100.0,66.1,0.0
6573411732,DP0041,55.0,33.1,0.0
6573411733,DP0015,50.0,25.9,0.0
6573411734,DP0041,50.0,26.8,0.0
6573411735,DP0041,50.0,27.1,0.0
6573411736,DP0020,50.0,29.7,0.0
6573411737,DP0043,50.0,28.5,0.0
6573411738,DP0019,45.0,27.5,0.0
6573411739,DP0008,45.0,28.7,0.0
6573411740,DP0008,45.0,24.2,0.0
6573411741,DP0012,45.0,27.5,0.0
6573411742,DP0041,55.0,23.6,0.0
6573411743,DP0041,50.0,39.5,0.0
6573411744,DP0023,50.0,28.8,0.0
6573411745,DP0043,45.0,35.1,0.0
6573411746,DP0015,45.0,31.6,0.0
6573411747,,,,
6573411748,DP0043,50.0,40.8,0.0
6573411749,DP0041,50.0,44.0,0.0
6573411750,DP0041,45.0,25.9,0.0
6573411751,DP0012,50.0,34.9,0.0
6573411752,DP0008,50.0,34.9,0.0
6573411753,DP0030,50.0,32.5,0.0
6573411754,DP0008,50.0,34.0,0.0
6573411755,DP0019,50.0,43.6,0.0
6573411756,DP0041,50.0,39.8,0.0
6573411757,DP0002,50.0,46.2,0.0
6573411758,DP0043,50.0,41.7,0.0
6573411759,DP0043,55.0,31.8,0.0
6573411760,DP0041,50.0,36.7,0.0
6573411761,DP0013,40.0,31.1,0.0
6573411762,DP0042,50.0,39.3,0.0
6573411763,DP0026,40.0,26.2,0.0
6573411764,DP0021,50.0,59.6,1.0
6573411765,DP0041,75.0,47.0,0.0
6573411766,DP0034,55.0,32.6,0.0
6573411767,DP0043,40.0,31.5,0.0
6573411768,DP0006,40.0,37.9,0.0
6573411769,DP0016,55.0,47.7,0.0
6573411770,DP0041,40.0,24.4,0.0
6573411771,DP0015,65.0,41.1,0.0
6573411772,DP0043,65.0,44.1,0.0
6573411773,DP0023,65.0,44.1,0.0
6573411774,DP0005,40.0,42.4,1.0
6573411775,DP0005,65.0,38.3,0.0
6573411776,DP0005,55.0,37.3,0.0
6573411777,DP0019,40.0,15.7,0.0
6573411778,DP0041,40.0,22.5,0.0
6573411779,DP0043,50.0,27.3,0.0
6573411780,DP0041,50.0,38.6,0.0
6573411781,DP0010,45.0,30.9,0.0
6573411782,DP0015,45.0,34.8,0.0
6573411783,DP0041,45.0,29.3,0.0
6573411784,DP0034,45.0,31.3,0.0
6573411785,DP0043,40.0,25.7,0.0
6573411786,DP0041,50.0,31.4,0.0
6573411787,DP0041,45.0,35.8,0.0
6573411788,DP0005,45.0,26.0,0.0
6573411789,DP0041,50.0,29.5,0.0
6573411790,DP0041,50.0,42.2,0.0
6573411791,,,,
6573411792,,,,
6573411793,,,,
6573411794,,,,
6573411795,DP0012,55.0,32.6,0.0
6573411796,DP0019,50.0,31.1,0.0
6573411797,DP0041,70.0,46.8,0.0
6573411798,DP0041,50.0,39.2,0.0
6573411799,DP0019,45.0,29.1,0.0
6573411800,DP0041,50.0,34.8,0.0
6573411801,DP0015,50.0,37.4,0.0
6573411802,DP0042,50.0,32.4,0.0
6573411803,DP0041,50.0,35.7,0.0
6573411804,DP0015,50.0,43.1,0.0
6573411805,DP0048,50.0,45.8,0.0
6573411806,DP0041,50.0,25.9,0.0
6573411807,DP0002,50.0,32.4,0.0
6573411808,DP0048,50.0,45.4,0.0
6573411809,DP0050,50.0,51.6,1.0
6573411810,DP0047,50.0,38.5,0.0
6573411811,DP0002,50.0,36.0,0.0
6573411812,DP0043,50.0,34.3,0.0
6573411813,DP0047,40.0,41.1,1.0
6573411814,DP0041,40.0,24.4,0.0
6573411815,DP0026,50.0,32.5,0.0
6573411816,DP0043,50.0,31.5,0.0
6573411817,DP0038,50.0,25.6,0.0
6573411818,DP0033,50.0,28.0,0.0
6573411819,DP0043,50.0,26.3,0.0
6573411820,DP0038,65.0,58.2,0.0
6573411821,DP0038,50.0,40.8,0.0
6573411822,DP0016,50.0,33.0,0.0
6573411823,DP0044,50.0,35.8,0.0
6573411824,DP0041,55.0,35.8,0.0
6573411825,DP0003,65.0,42.2,0.0
6573411826,DP0041,50.0,25.0,0.0
6573411827,DP0027,50.0,29.4,0.0
6573411828,DP0015,45.0,26.3,0.0
6573411829,DP0041,55.0,38.5,0.0
6573411830,DP0041,50.0,40.8,0.0
6573411831,DP0039,40.0,28.7,0.0
6573411832,DP0003,50.0,40.7,0.0
6573411833,DP0015,50.0,26.9,0.0
6573411834,DP0005,55.0,35.6,0.0
6573411835,DP0041,50.0,46.0,0.0
6573411836,DP0019,45.0,28.4,0.0
6573411837,DP0020,45.0,46.9,1.0
6573411838,DP0027,55.0,48.7,0.0
6573411839,DP0043,65.0,55.1,0.0
6573411840,DP0021,50.0,28.4,0.0
6573411841,DP0041,50.0,23.2,0.0
6573411842,DP0041,55.0,35.9,0.0
6573411843,DP0041,40.0,25.7,0.0
6573411844,DP0015,45.0,43.7,0.0
6573411845,DP0041,40.0,22.3,0.0
6573411846,DP0041,45.0,44.5,0.0
6573411847,DP0019,55.0,41.1,0.0
6573411848,DP0033,50.0,55.9,1.0
6573411849,DP0015,50.0,29.5,0.0
6573411850,DP0041,55.0,39.8,0.0
6573411851,DP0041,45.0,25.2,0.0
6573411852,DP0041,55.0,38.2,0.0
6573411853,DP0043,75.0,51.5,0.0
6573411854,DP0019,75.0,54.5,0.0
6573411855,DP0015,75.0,54.4,0.0
6573411856,DP0023,75.0,52.2,0.0
6573411857,DP0047,45.0,29.1,0.0
6573411858,DP0041,40.0,26.4,0.0
6573411859,DP0019,40.0,25.5,0.0
6573411860,DP0015,40.0,28.1,0.0
6573411861,DP0015,40.0,28.2,0.0
6573411862,DP0021,50.0,26.2,0.0
6573411863,DP0041,60.0,38.8,0.0
6573411864,DP0043,50.0,38.1,0.0
6573411865,DP0041,65.0,57.1,0.0
6573411866,DP0041,55.0,39.7,0.0
6573411867,DP0021,50.0,30.8,0.0
6573411868,DP0041,50.0,33.9,0.0
6573411869,DP0038,50.0,33.5,0.0
6573411870,DP0041,50.0,33.7,0.0
6573411871,DP0012,50.0,43.6,0.0
6573411872,DP0015,60.0,45.4,0.0
6573411873,DP0033,55.0,35.3,0.0
6573411874,DP0041,55.0,34.5,0.0
6573411875,DP0041,55.0,35.4,0.0
6573411876,DP0015,55.0,34.7,0.0
6573411877,DP0050,50.0,55.0,1.0
6573411878,DP0041,50.0,30.4,0.0
6573411879,DP0008,65.0,46.4,0.0
6573411880,DP0015,50.0,29.5,0.0
6573411881,DP0041,50.0,34.7,0.0
6573411882,DP0041,50.0,34.9,0.0
6573411883,DP0008,50.0,28.2,0.0
6573411884,DP0041,55.0,34.3,0.0
6573411885,DP0043,55.0,33.9,0.0
6573411886,DP0043,55.0,41.2,0.0
6573411887,DP0049,55.0,38.0,0.0
6573411888,DP0020,45.0,24.2,0.0
6573411889,DP0005,40.0,47.2,1.0
6573411890,DP0041,55.0,64.5,1.0
6573411891,DP0041,45.0,26.9,0.0
6573411892,DP0041,45.0,29.2,0.0
6573411893,DP0020,40.0,21.3,0.0
6573411894,DP0041,60.0,47.8,0.0
6573411895,DP0041,60.0,49.9,0.0
6573411896,DP0009,60.0,52.1,0.0
6573411897,DP0041,55.0,39.3,0.0
6573411898,DP0043,85.0,61.5,0.0
6573411899,DP0039,55.0,75.0,1.0
6573411900,DP0041,50.0,33.4,0.0
6573411901,DP0008,50.0,36.7,0.0
6573411902,DP0019,40.0,34.0,0.0
6573411903,DP0005,45.0,19.3,0.0
6573411904,DP0043,50.0,39.0,0.0
6573411905,DP0008,55.0,33.9,0.0
6573411906,DP0041,60.0,43.8,0.0
6573411907,DP0028,60.0,43.8,0.0
6573411908,DP0041,55.0,32.9,0.0
6573411909,DP0016,55.0,52.6,0.0
6573411910,DP0015,55.0,55.0,0.0
6573411911,DP0043,55.0,33.4,0.0
6573411912,DP0023,55.0,41.3,0.0
6573411913,DP0041,60.0,46.2,0.0
6573411914,DP0022,40.0,19.5,0.0
6573411915,DP0006,40.0,20.8,0.0
6573411916,DP0032,40.0,16.5,0.0
6573411917,DP0041,40.0,19.9,0.0
6573411918,DP0044,45.0,28.9,0.0
6573411919,DP0005,50.0,30.4,0.0
6573411920,DP0028,40.0,28.7,0.0
6573411921,DP0043,45.0,42.0,0.0
6573411922,DP0039,45.0,42.5,0.0
6573411923,DP0019,50.0,28.8,0.0
6573411924,DP0041,50.0,49.1,0.0
6573411925,DP0019,55.0,40.5,0.0
6573411926,DP0006,45.0,32.0,0.0
6573411927,DP0041,50.0,23.2,0.0
6573411928,DP0019,50.0,32.9,0.0
6573411929,DP0041,55.0,63.4,1.0
6573411930,DP0041,50.0,31.4,0.0
6573411931,DP0002,55.0,41.2,0.0
6573411932,DP0041,55.0,38.6,0.0
6573411933,DP0041,55.0,39.6,0.0
6573411934,DP0005,55.0,42.5,0.0
6573411935,DP0015,55.0,36.5,0.0
6573411936,DP0002,50.0,32.2,0.0
6573411937,DP0005,45.0,25.1,0.0
6573411938,DP0043,40.0,23.0,0.0
6573411939,DP0008,40.0,14.7,0.0
6573411940,DP0041,40.0,23.6,0.0
6573411941,DP0041,55.0,61.8,1.0
6573411942,DP0041,40.0,25.9,0.0
6573411943,DP0008,55.0,34.0,0.0
6573411944,DP0010,55.0,34.1,0.0
6573411945,DP0041,45.0,89.4,1.0
6573411946,DP0007,55.0,50.4,0.0
6573411947,DP0041,50.0,38.5,0.0
6573411948,DP0049,50.0,39.2,0.0
6573411949,DP0041,50.0,37.6,0.0
6573411950,DP0041,50.0,45.6,0.0
6573411951,DP0009,55.0,55.6,1.0
6573411952,DP0019,60.0,72.4,1.0
6573411953,DP0041,45.0,45.8,1.0
6573411954,DP0041,40.0,29.9,0.0
6573411955,DP0003,40.0,29.6,0.0
6573411956,DP0043,50.0,41.2,0.0
6573411957,DP0041,50.0,42.0,0.0
6573411958,DP0027,50.0,46.9,0.0
6573411959,DP0041,50.0,39.9,0.0
6573411960,DP0041,40.0,30.3,0.0
6573411961,DP0041,40.0,41.6,1.0
6573411962,DP0043,40.0,41.0,1.0
6573411963,DP0041,40.0,44.6,1.0
6573411964,DP0005,40.0,48.7,1.0
6573411965,DP0007,50.0,24.7,0.0
6573411966,DP0003,45.0,10.6,0.0
6573411967,DP0005,45.0,13.5,0.0
6573411968,DP0015,45.0,15.3,0.0
6573411969,DP0041,40.0,53.6,1.0
6573411970,DP0008,70.0,45.6,0.0
6573411971,DP0041,70.0,48.9,0.0
6573411972,DP0043,50.0,26.7,0.0
6573411973,DP0006,55.0,48.4,0.0
6573411974,DP0043,55.0,29.8,0.0
6573411975,DP0038,55.0,44.3,0.0
6573411976,DP0041,50.0,42.2,0.0
6573411977,DP0048,45.0,39.0,0.0
6573411978,DP0043,85.0,73.5,0.0
6573411979,DP0047,85.0,69.4,0.0
6573411980,DP0041,85.0,74.0,0.0
6573411981,DP0019,85.0,75.5,0.0
6573411982,DP0041,40.0,35.6,0.0
6573411983,DP0043,40.0,20.2,0.0
6573411984,DP0034,40.0,23.6,0.0
6573411985,DP0041,40.0,24.6,0.0
6573411986,DP0005,40.0,25.5,0.0
6573411987,DP0032,40.0,27.5,0.0
6573411988,DP0005,55.0,44.1,0.0
6573411989,DP0041,45.0,25.9,0.0
6573411990,DP0016,45.0,30.3,0.0
6573411991,DP0005,40.0,18.4,0.0
6573411992,DP0006,55.0,45.8,0.0
6573411993,DP0041,65.0,46.6,0.0
6573411994,DP0043,50.0,38.2,0.0
6573411995,DP0028,40.0,42.7,1.0
6573411996,DP0028,85.0,68.0,0.0
6573411997,DP0041,85.0,66.2,0.0
6573411998,DP0015,85.0,66.2,0.0
6573411999,DP0005,85.0,62.8,0.0
6573412000,DP0019,45.0,38.6,0.0
6573412001,DP0021,45.0,33.9,0.0
6573412002,DP0039,45.0,38.8,0.0
6573412003,DP0048,45.0,45.3,1.0
6573412004,DP0041,40.0,24.6,0.0
6573412005,DP0015,50.0,30.2,0.0
6573412006,DP0019,45.0,86.2,1.0
6573412007,DP0005,45.0,14.7,0.0
6573412008,DP0038,45.0,19.1,0.0
6573412009,DP0043,40.0,22.3,0.0
6573412010,DP0041,40.0,36.0,0.0
6573412011,DP0041,50.0,61.1,1.0
6573412012,DP0041,40.0,17.2,0.0
6573412013,DP0043,80.0,55.4,0.0
6573412014,DP0041,45.0,35.2,0.0
6573412015,DP0049,45.0,34.8,0.0
6573412016,DP0020,45.0,41.3,0.0
6573412017,DP0012,45.0,41.6,0.0
6573412018,DP0043,50.0,31.6,0.0
6573412019,DP0038,55.0,36.4,0.0
6573412020,DP0002,50.0,29.8,0.0
6573412021,DP0047,40.0,30.3,0.0
6573412022,DP0006,40.0,28.6,0.0
6573412023,DP0041,55.0,40.6,0.0
6573412024,DP0019,55.0,54.0,0.0
6573412025,DP0041,75.0,42.7,0.0
6573412026,DP0006,75.0,40.5,0.0
6573412027,DP0043,75.0,44.0,0.0
6573412028,DP0007,55.0,44.5,0.0
6573412029,DP0041,60.0,45.5,0.0
6573412030,DP0041,65.0,47.9,0.0
6573412031,DP0005,55.0,37.2,0.0
6573412032,DP0041,40.0,14.1,0.0
6573412033,DP0041,65.0,50.1,0.0
6573412034,DP0008,70.0,37.2,0.0
6573412035,DP0005,70.0,45.3,0.0
6573412036,DP0018,70.0,44.0,0.0
6573412037,DP0009,50.0,31.2,0.0
6573412038,DP0041,65.0,53.2,0.0
6573412039,DP0041,50.0,29.8,0.0
6573412040,DP0041,40.0,29.5,0.0
6573412041,DP0041,65.0,50.3,0.0
6573412042,DP0016,65.0,52.8,0.0
6573412043,DP0043,65.0,52.0,0.0
6573412044,DP0041,65.0,54.9,0.0
6573412045,DP0041,50.0,30.1,0.0
6573412046,DP0039,60.0,56.5,0.0
6573412047,DP0041,55.0,44.5,0.0
6573412048,DP0003,50.0,29.3,0.0
6573412049,DP0041,50.0,26.2,0.0
6573412050,DP0049,50.0,29.8,0.0
6573412051,DP0019,50.0,30.6,0.0
6573412052,DP0041,70.0,56.8,0.0
6573412053,DP0041,50.0,38.9,0.0
6573412054,DP0041,50.0,32.7,0.0
6573412055,DP0041,50.0,38.6,0.0
6573412056,DP0018,50.0,42.3,0.0
6573412057,DP0039,50.0,36.3,0.0
6573412058,DP0005,85.0,55.5,0.0
6573412059,DP0041,40.0,39.6,0.0
6573412060,DP0041,40.0,25.8,0.0
6573412061,DP0019,40.0,25.0,0.0
6573412062,DP0047,40.0,24.4,0.0
6573412063,DP0041,40.0,25.3,0.0
6573412064,DP0041,65.0,49.7,0.0
6573412065,DP0019,50.0,37.0,0.0
6573412066,DP0040,45.0,24.2,0.0
6573412067,DP0041,45.0,24.7,0.0
6573412068,DP0003,45.0,29.9,0.0
6573412069,DP0007,45.0,26.6,0.0
6573412070,DP0047,50.0,48.0,0.0
6573412071,DP0041,40.0,20.8,0.0
6573412072,DP0015,55.0,27.8,0.0
6573412073,DP0043,40.0,16.6,0.0
6573412074,DP0008,40.0,24.4,0.0
6573412075,DP0019,50.0,39.1,0.0
6573412076,DP0041,65.0,37.5,0.0
6573412077,DP0008,55.0,34.7,0.0
6573412078,DP0005,55.0,30.3,0.0
6573412079,DP0043,55.0,34.1,0.0
6573412080,DP0041,55.0,37.3,0.0
6573412081,DP0041,50.0,29.0,0.0
6573412082,DP0014,55.0,44.3,0.0
6573412083,DP0047,55.0,41.5,0.0
6573412084,DP0024,40.0,20.1,0.0
6573412085,DP0019,60.0,51.0,0.0
6573412086,DP0007,65.0,38.2,0.0
6573412087,DP0039,50.0,40.6,0.0
6573412088,DP0041,65.0,45.3,0.0
6573412089,DP0019,40.0,27.4,0.0
6573412090,DP0041,40.0,30.8,0.0
6573412091,DP0019,45.0,67.2,1.0
6573412092,DP0005,40.0,19.4,0.0
6573412093,DP0025,40.0,23.0,0.0
6573412094,DP0041,40.0,20.9,0.0
6573412095,DP0041,40.0,59.2,1.0
6573412096,DP0041,40.0,60.7,1.0
6573412097,DP0041,40.0,57.8,1.0
6573412098,DP0005,40.0,63.4,1.0
6573412099,DP0041,60.0,60.1,1.0
6573412100,DP0019,50.0,44.8,0.0
6573412101,DP0041,50.0,35.9,0.0
6573412102,DP0041,50.0,26.4,0.0
6573412103,DP0038,50.0,20.4,0.0
6573412104,DP0041,50.0,25.2,0.0
6573412105,DP0041,50.0,26.2,0.0
6573412106,DP0029,60.0,35.6,0.0
6573412107,DP0019,45.0,40.8,0.0
6573412108,DP0008,40.0,42.2,1.0
6573412109,DP0041,55.0,35.9,0.0
6573412110,DP0038,45.0,30.6,0.0
6573412111,DP0034,70.0,53.1,0.0
6573412112,DP0021,55.0,35.0,0.0
6573412113,DP0041,40.0,34.5,0.0
6573412114,DP0039,40.0,28.1,0.0
6573412115,DP0005,40.0,31.2,0.0
6573412116,DP0039,40.0,35.7,0.0
6573412117,DP0041,40.0,24.0,0.0
6573412118,DP0041,40.0,26.8,0.0
6573412119,DP0047,40.0,27.4,0.0
6573412120,DP0041,40.0,22.9,0.0
6573412121,DP0009,40.0,25.0,0.0
6573412122,DP0041,40.0,21.8,0.0
6573412123,DP0014,40.0,27.9,0.0
6573412124,DP0005,40.0,22.6,0.0
6573412125,DP0019,55.0,32.2,0.0
6573412126,DP0041,50.0,31.6,0.0
6573412127,DP0041,55.0,38.3,0.0
6573412128,DP0041,75.0,54.2,0.0
6573412129,DP0043,55.0,40.2,0.0
6573412130,DP0005,50.0,26.5,0.0
6573412131,DP0046,45.0,50.5,1.0
6573412132,DP0007,50.0,21.6,0.0
6573412133,DP0015,50.0,26.1,0.0
6573412134,DP0043,50.0,27.1,0.0
6573412135,DP0044,50.0,57.4,1.0
6573412136,DP0041,40.0,18.5,0.0
6573412137,DP0041,40.0,22.3,0.0
6573412138,DP0041,40.0,21.1,0.0
6573412139,DP0020,40.0,25.1,0.0
6573412140,DP0041,50.0,46.8,0.0
6573412141,DP0043,55.0,44.5,0.0
6573412142,DP0043,55.0,45.3,0.0
6573412143,DP0008,50.0,38.4,0.0
6573412144,DP0043,60.0,38.9,0.0
6573412145,DP0048,50.0,55.9,1.0
6573412146,DP0040,65.0,66.9,1.0
6573412147,DP0041,40.0,35.3,0.0
6573412148,DP0041,70.0,59.3,0.0
6573412149,DP0041,60.0,46.6,0.0
6573412150,DP0041,60.0,50.6,0.0
6573412151,DP0041,60.0,46.2,0.0
6573412152,DP0041,60.0,44.8,0.0
6573412153,DP0005,55.0,48.0,0.0
6573412154,DP0041,75.0,45.1,0.0
6573412155,DP0041,45.0,34.8,0.0
6573412156,DP0043,45.0,29.2,0.0
6573412157,DP0041,40.0,21.3,0.0
6573412158,DP0041,90.0,58.7,0.0
6573412159,DP0015,55.0,28.0,0.0
6573412160,DP0043,50.0,49.7,0.0
6573412161,DP0041,55.0,39.8,0.0
6573412162,DP0041,65.0,32.8,0.0
6573412163,DP0041,45.0,29.6,0.0
6573412164,DP0019,45.0,26.4,0.0
6573412165,DP0041,45.0,27.6,0.0
6573412166,DP0005,45.0,30.9,0.0
6573412167,DP0041,55.0,31.3,0.0
6573412168,DP0030,45.0,26.9,0.0
6573412169,DP0041,45.0,27.1,0.0
6573412170,DP0005,45.0,29.4,0.0
6573412171,DP0041,45.0,26.5,0.0
6573412172,,,,
6573412173,,,,
6573412174,,,,
6573412175,,,,
6573412176,DP0043,50.0,29.9,0.0
6573412177,DP0041,45.0,33.3,0.0
6573412178,DP0005,45.0,21.5,0.0
6573412179,DP0029,65.0,48.2,0.0
6573412180,DP0041,65.0,47.0,0.0
6573412181,DP0041,65.0,48.5,0.0
6573412182,DP0041,65.0,45.3,0.0
6573412183,DP0047,45.0,32.1,0.0
6573412184,DP0043,45.0,33.5,0.0
6573412185,DP0012,45.0,36.5,0.0
6573412186,DP0001,45.0,32.7,0.0
6573412187,DP0041,65.0,60.5,0.0
6573412188,DP0048,65.0,68.5,1.0
6573412189,DP0043,65.0,55.1,0.0
6573412190,DP0011,40.0,22.8,0.0
6573412191,DP0031,40.0,29.9,0.0
6573412192,DP0020,55.0,42.4,0.0
6573412193,DP0010,80.0,44.7,0.0
6573412194,DP0041,50.0,31.9,0.0
6573412195,DP0007,50.0,53.1,1.0
6573412196,DP0008,40.0,39.7,0.0
6573412197,DP0008,55.0,32.2,0.0
6573412198,DP0043,55.0,35.5,0.0
6573412199,DP0039,55.0,35.0,0.0
6573412200,DP0043,55.0,38.1,0.0
6573412201,DP0041,40.0,42.6,1.0
6573412202,DP0041,40.0,40.9,1.0
6573412203,DP0044,45.0,20.7,0.0
6573412204,DP0041,40.0,18.8,0.0
6573412205,DP0041,40.0,15.0,0.0
6573412206,DP0043,40.0,8.4,0.0
6573412207,DP0048,40.0,57.1,1.0
6573412208,DP0012,45.0,33.4,0.0
6573412209,DP0015,45.0,41.9,0.0
6573412210,DP0041,50.0,29.9,0.0
6573412211,DP0041,55.0,36.7,0.0
6573412212,DP0039,60.0,47.4,0.0
6573412213,DP0049,55.0,34.3,0.0
6573412214,DP0041,55.0,37.6,0.0
6573412215,DP0041,55.0,35.5,0.0
6573412216,DP0041,40.0,16.1,0.0
6573412217,DP0041,40.0,16.5,0.0
6573412218,DP0032,40.0,20.3,0.0
6573412219,DP0028,40.0,22.6,0.0
6573412220,DP0041,65.0,49.2,0.0
6573412221,DP0007,65.0,49.8,0.0
6573412222,DP0043,65.0,53.5,0.0
6573412223,DP0019,65.0,52.1,0.0
6573412224,DP0043,60.0,59.8,0.0
6573412225,DP0038,55.0,44.3,0.0
6573412226,DP0041,45.0,17.2,0.0
6573412227,DP0041,55.0,34.0,0.0
6573412228,DP0027,55.0,35.4,0.0
6573412229,DP0049,50.0,34.1,0.0
6573412230,DP0041,65.0,56.7,0.0
6573412231,DP0027,50.0,40.8,0.0
6573412232,DP0041,45.0,35.4,0.0
6573412233,DP0041,50.0,27.0,0.0
6573412234,DP0048,55.0,57.2,1.0
6573412235,DP0005,45.0,33.6,0.0
6573412236,DP0041,55.0,32.1,0.0
6573412237,DP0008,50.0,33.8,0.0
6573412238,DP0041,40.0,32.7,0.0
6573412239,DP0044,45.0,49.9,1.0
6573412240,DP0041,45.0,27.2,0.0
6573412241,DP0008,50.0,33.9,0.0
6573412242,DP0003,55.0,37.9,0.0
6573412243,DP0003,70.0,49.6,0.0
6573412244,DP0002,70.0,50.1,0.0
6573412245,DP0041,60.0,57.7,0.0
6573412246,DP0043,65.0,52.8,0.0
6573412247,DP0043,65.0,55.5,0.0
6573412248,DP0041,50.0,22.1,0.0
6573412249,DP0041,45.0,24.7,0.0
6573412250,DP0005,40.0,26.9,0.0
6573412251,DP0041,45.0,24.6,0.0
6573412252,DP0005,40.0,15.7,0.0
6573412253,DP0009,85.0,65.0,0.0
6573412254,DP0010,85.0,65.9,0.0
6573412255,DP0047,85.0,57.3,0.0
6573412256,DP0047,85.0,71.9,0.0
6573412257,DP0031,50.0,30.1,0.0
6573412258,DP0041,100.0,70.9,0.0
6573412259,DP0033,100.0,68.4,0.0
6573412260,DP0041,100.0,71.8,0.0
6573412261,DP0041,100.0,68.6,0.0
6573412262,DP0005,50.0,32.1,0.0
6573412263,DP0041,40.0,38.7,0.0
6573412264,DP0041,45.0,28.6,0.0
6573412265,DP0041,60.0,47.6,0.0
6573412266,DP0005,60.0,49.0,0.0
6573412267,DP0019,40.0,26.8,0.0
6573412268,DP0041,55.0,33.8,0.0
6573412269,DP0041,50.0,28.0,0.0
6573412270,DP0005,50.0,22.8,0.0
6573412271,DP0012,40.0,35.2,0.0
6573412272,DP0041,45.0,35.8,0.0
6573412273,DP0043,45.0,40.8,0.0
6573412274,DP0041,75.0,68.3,0.0
6573412275,DP0020,55.0,43.0,0.0
6573412276,DP0015,45.0,28.3,0.0
6573412277,DP0044,50.0,35.3,0.0
6573412278,DP0041,70.0,43.6,0.0
6573412279,DP0041,70.0,45.4,0.0
6573412280,DP0041,70.0,42.5,0.0
6573412281,DP0021,70.0,42.4,0.0
6573412282,DP0043,45.0,33.8,0.0
6573412283,DP0020,40.0,24.9,0.0
6573412284,DP0005,40.0,25.5,0.0
6573412285,DP0005,50.0,30.5,0.0
6573412286,DP0015,90.0,72.1,0.0
6573412287,DP0041,90.0,70.9,0.0
6573412288,DP0003,90.0,71.2,0.0
6573412289,DP0043,90.0,70.1,0.0
6573412290,DP0041,55.0,67.6,1.0
6573412291,DP0008,55.0,71.1,1.0
6573412292,DP0038,55.0,68.1,1.0
6573412293,DP0041,55.0,35.2,0.0
6573412294,DP0041,55.0,36.3,0.0
6573412295,DP0041,55.0,33.9,0.0
6573412296,DP0016,55.0,34.9,0.0
6573412297,DP0015,55.0,34.8,0.0
6573412298,DP0041,55.0,30.7,0.0
6573412299,DP0021,55.0,36.8,0.0
6573412300,DP0041,40.0,27.3,0.0
6573412301,DP0008,65.0,61.4,0.0
6573412302,DP0041,40.0,22.4,0.0
6573412303,DP0041,40.0,34.9,0.0
6573412304,DP0001,55.0,27.4,0.0
6573412305,DP0005,45.0,49.3,1.0
6573412306,DP0034,45.0,31.9,0.0
6573412307,DP0043,45.0,34.6,0.0
6573412308,DP0015,45.0,29.5,0.0
6573412309,DP0041,45.0,30.1,0.0
6573412310,DP0003,65.0,48.2,0.0
6573412311,DP0006,40.0,32.1,0.0
6573412312,DP0022,40.0,26.3,0.0
6573412313,DP0048,45.0,48.1,1.0
6573412314,DP0019,45.0,27.1,0.0
6573412315,DP0043,45.0,24.0,0.0
6573412316,DP0041,45.0,26.6,0.0
6573412317,DP0041,45.0,37.9,0.0
6573412318,DP0043,45.0,39.6,0.0
6573412319,DP0047,45.0,35.9,0.0
6573412320,DP0043,45.0,40.9,0.0
6573412321,DP0041,65.0,43.8,0.0
6573412322,DP0041,45.0,53.2,1.0
6573412323,DP0028,50.0,23.6,0.0
6573412324,DP0041,45.0,24.0,0.0
6573412325,DP0041,45.0,19.7,0.0
6573412326,DP0025,45.0,21.7,0.0
6573412327,DP0033,45.0,22.1,0.0
6573412328,DP0041,50.0,28.7,0.0
6573412329,DP0019,50.0,27.9,0.0
6573412330,DP0041,55.0,43.3,0.0
6573412331,DP0019,50.0,37.7,0.0
6573412332,DP0021,50.0,32.9,0.0
6573412333,DP0041,40.0,14.6,0.0
6573412334,DP0032,60.0,34.1,0.0
6573412335,DP0039,60.0,34.4,0.0
6573412336,DP0041,60.0,37.6,0.0
6573412337,DP0041,60.0,31.3,0.0
6573412338,DP0012,40.0,28.0,0.0
6573412339,DP0041,45.0,20.7,0.0
6573412340,DP0040,55.0,40.5,0.0
6573412341,DP0018,50.0,51.6,1.0
6573412342,DP0008,45.0,48.4,1.0
6573412343,DP0041,45.0,33.0,0.0
6573412344,DP0049,60.0,51.2,0.0
6573412345,DP0015,50.0,36.6,0.0
6573412346,DP0043,50.0,32.3,0.0
6573412347,DP0041,50.0,34.7,0.0
6573412348,DP0039,50.0,31.1,0.0
6573412349,DP0041,40.0,23.4,0.0
6573412350,DP0041,50.0,46.0,0.0
6573412351,DP0006,50.0,44.7,0.0
6573412352,DP0041,60.0,45.0,0.0
6573412353,DP0014,60.0,43.6,0.0
6573412354,DP0013,65.0,42.3,0.0
6573412355,DP0036,65.0,37.5,0.0
6573412356,DP0042,65.0,42.8,0.0
6573412357,DP0027,50.0,39.1,0.0
6573412358,DP0011,40.0,22.6,0.0
6573412359,DP0043,45.0,46.0,1.0
6573412360,DP0013,45.0,19.7,0.0
6573412361,DP0033,50.0,28.3,0.0
6573412362,DP0041,50.0,26.2,0.0
6573412363,DP0041,50.0,23.8,0.0
6573412364,DP0005,55.0,33.0,0.0
6573412365,DP0041,55.0,61.6,1.0
6573412366,DP0003,45.0,49.6,1.0
6573412367,DP0005,55.0,33.6,0.0
6573412368,DP0013,45.0,23.4,0.0
6573412369,DP0005,45.0,22.9,0.0
6573412370,DP0041,40.0,45.5,1.0
6573412371,DP0021,55.0,34.3,0.0
6573412372,DP0046,50.0,43.7,0.0
6573412373,DP0005,50.0,34.6,0.0
6573412374,DP0041,45.0,22.5,0.0
6573412375,DP0041,50.0,44.5,0.0
6573412376,DP0041,55.0,49.5,0.0
6573412377,DP0041,55.0,48.9,0.0
6573412378,DP0043,55.0,46.3,0.0
6573412379,DP0041,55.0,30.5,0.0
6573412380,DP0041,50.0,33.6,0.0
6573412381,DP0050,55.0,57.0,1.0
6573412382,DP0044,50.0,33.3,0.0
6573412383,DP0041,40.0,17.7,0.0
6573412384,DP0007,45.0,34.3,0.0
6573412385,DP0007,40.0,19.8,0.0
6573412386,DP0015,45.0,42.2,0.0
6573412387,DP0001,55.0,33.0,0.0
6573412388,DP0043,50.0,30.9,0.0
6573412389,DP0023,55.0,61.6,1.0
6573412390,DP0030,50.0,29.5,0.0
6573412391,DP0041,50.0,75.6,1.0
6573412392,DP0027,65.0,55.3,0.0
6573412393,DP0015,50.0,23.5,0.0
6573412394,DP0041,50.0,28.1,0.0
6573412395,DP0041,50.0,34.6,0.0
6573412396,DP0041,50.0,34.9,0.0
6573412397,DP0041,50.0,31.6,0.0
6573412398,DP0028,50.0,36.2,0.0
6573412399,DP0041,50.0,36.5,0.0
6573412400,DP0041,50.0,24.9,0.0
6573412401,DP0041,50.0,28.3,0.0
6573412402,DP0049,50.0,38.4,0.0
6573412403,DP0019,50.0,42.6,0.0
6573412404,DP0020,50.0,42.3,0.0
6573412405,DP0041,45.0,30.7,0.0
6573412406,DP0028,40.0,26.8,0.0
6573412407,DP0019,55.0,41.0,0.0
6573412408,DP0033,55.0,37.8,0.0
6573412409,DP0005,55.0,36.1,0.0
6573412410,DP0005,65.0,42.0,0.0
6573412411,DP0003,50.0,30.6,0.0
6573412412,DP0015,60.0,52.8,0.0
6573412413,DP0041,55.0,32.8,0.0
6573412414,DP0041,50.0,32.4,0.0
6573412415,DP0043,90.0,64.8,0.0
6573412416,DP0020,90.0,61.2,0.0
6573412417,DP0015,90.0,64.7,0.0
6573412418,DP0026,55.0,36.2,0.0
6573412419,DP0043,65.0,51.0,0.0
6573412420,DP0005,40.0,28.3,0.0
6573412421,DP0028,40.0,31.6,0.0
6573412422,DP0028,40.0,26.0,0.0
6573412423,DP0041,40.0,50.1,1.0
6573412424,DP0037,50.0,36.3,0.0
6573412425,DP0041,40.0,22.1,0.0
6573412426,DP0041,55.0,28.6,0.0
6573412427,DP0009,45.0,28.8,0.0
6573412428,DP0043,45.0,29.7,0.0
6573412429,DP0041,45.0,26.2,0.0
6573412430,DP0041,40.0,41.2,1.0
6573412431,DP0041,55.0,36.3,0.0
6573412432,DP0005,45.0,44.7,0.0
6573412433,DP0033,65.0,50.3,0.0
6573412434,DP0041,55.0,36.0,0.0
6573412435,DP0036,60.0,37.6,0.0
6573412436,DP0028,55.0,30.3,0.0
6573412437,DP0031,55.0,28.6,0.0
6573412438,DP0041,40.0,46.3,1.0
6573412439,DP0005,55.0,43.3,0.0
6573412440,DP0039,45.0,34.9,0.0
6573412441,DP0041,50.0,34.7,0.0
6573412442,DP0008,40.0,22.0,0.0
6573412443,DP0041,40.0,23.7,0.0
6573412444,DP0007,60.0,50.8,0.0
6573412445,DP0041,50.0,26.0,0.0
6573412446,DP0041,55.0,41.5,0.0
6573412447,DP0043,70.0,49.6,0.0
6573412448,DP0041,50.0,37.8,0.0
6573412449,DP0041,40.0,25.5,0.0
6573412450,DP0041,50.0,22.5,0.0
6573412451,DP0019,50.0,52.6,1.0
6573412452,DP0049,50.0,56.5,1.0
6573412453,DP0002,65.0,58.9,0.0
6573412454,DP0009,65.0,52.6,0.0
6573412455,DP0041,65.0,54.8,0.0
6573412456,DP0041,55.0,47.7,0.0
6573412457,DP0008,65.0,51.5,0.0
6573412458,DP0039,40.0,20.6,0.0
6573412459,DP0037,40.0,41.7,1.0
6573412460,DP0041,40.0,40.2,1.0
6573412461,DP0041,40.0,42.1,1.0
6573412462,DP0039,55.0,36.0,0.0
6573412463,DP0021,55.0,35.3,0.0
6573412464,DP0041,45.0,36.2,0.0
6573412465,DP0050,40.0,51.8,1.0
6573412466,DP0028,40.0,33.4,0.0
6573412467,DP0038,40.0,32.5,0.0
6573412468,DP0015,45.0,35.3,0.0
6573412469,DP0003,45.0,30.7,0.0
6573412470,DP0041,45.0,34.9,0.0
6573412471,DP0041,55.0,51.5,0.0
6573412472,DP0043,55.0,34.6,0.0
6573412473,DP0015,50.0,32.3,0.0
6573412474,DP0043,40.0,32.7,0.0
6573412475,DP0041,40.0,28.9,0.0
6573412476,DP0015,65.0,51.3,0.0
6573412477,DP0007,55.0,36.2,0.0
6573412478,DP0002,40.0,35.8,0.0
6573412479,DP0015,55.0,37.2,0.0
6573412480,DP0043,55.0,41.8,0.0
6573412481,DP0041,55.0,36.2,0.0
6573412482,DP0041,40.0,53.4,1.0
6573412483,DP0041,60.0,34.3,0.0
6573412484,DP0015,50.0,31.0,0.0
6573412485,DP0009,70.0,47.4,0.0
6573412486,DP0015,40.0,27.0,0.0
6573412487,DP0028,40.0,25.2,0.0
6573412488,DP0008,40.0,23.5,0.0
6573412489,DP0033,40.0,29.8,0.0
6573412490,DP0015,50.0,48.2,0.0
6573412491,DP0012,55.0,54.3,0.0
6573412492,DP0041,55.0,81.3,1.0
6573412493,DP0049,55.0,84.2,1.0
6573412494,DP0041,55.0,84.0,1.0
6573412495,DP0005,50.0,39.5,0.0
6573412496,DP0043,70.0,62.6,0.0
6573412497,DP0041,40.0,26.5,0.0
6573412498,DP0028,40.0,20.2,0.0
6573412499,DP0031,65.0,57.9,0.0
6573412500,DP0037,40.0,50.8,1.0
6573412501,DP0041,40.0,45.9,1.0
6573412502,DP0009,40.0,51.9,1.0
6573412503,DP0041,50.0,53.3,1.0
6573412504,DP0005,45.0,32.6,0.0
6573412505,DP0041,45.0,46.0,1.0
6573412506,DP0041,55.0,21.2,0.0
6573412507,DP0041,55.0,33.2,0.0
6573412508,DP0041,45.0,33.6,0.0
6573412509,DP0019,45.0,33.1,0.0
6573412510,DP0028,45.0,36.4,0.0
6573412511,DP0041,50.0,21.5,0.0
6573412512,DP0041,50.0,21.8,0.0
6573412513,DP0041,50.0,17.4,0.0
6573412514,DP0041,55.0,39.7,0.0
6573412515,DP0041,60.0,36.5,0.0
6573412516,DP0010,50.0,42.5,0.0
6573412517,DP0034,50.0,42.9,0.0
6573412518,DP0005,50.0,43.5,0.0
6573412519,DP0043,55.0,43.4,0.0
6573412520,DP0041,65.0,43.8,0.0
6573412521,DP0009,65.0,43.2,0.0
6573412522,DP0041,65.0,44.1,0.0
6573412523,DP0041,50.0,46.0,0.0
6573412524,DP0041,50.0,43.5,0.0
6573412525,DP0041,65.0,34.2,0.0
6573412526,DP0041,55.0,25.7,0.0
6573412527,DP0043,45.0,37.4,0.0
6573412528,DP0026,50.0,35.1,0.0
6573412529,DP0041,50.0,53.1,1.0
6573412530,DP0041,65.0,46.1,0.0
6573412531,DP0005,55.0,50.7,0.0
6573412532,DP0011,50.0,21.6,0.0
6573412533,DP0041,50.0,40.2,0.0
6573412534,DP0015,45.0,24.5,0.0
6573412535,DP0038,55.0,37.4,0.0
6573412536,DP0041,55.0,36.4,0.0
6573412537,DP0041,50.0,46.2,0.0
6573412538,DP0043,40.0,32.5,0.0
6573412539,DP0041,40.0,23.5,0.0
6573412540,DP0043,40.0,33.2,0.0
6573412541,DP0048,45.0,42.1,0.0
6573412542,DP0041,45.0,30.1,0.0
6573412543,DP0019,45.0,31.1,0.0
6573412544,DP0029,50.0,46.4,0.0
6573412545,DP0043,40.0,30.3,0.0
6573412546,DP0041,40.0,25.2,0.0
6573412547,DP0041,40.0,24.0,0.0
6573412548,DP0014,55.0,34.8,0.0
6573412549,DP0041,50.0,28.4,0.0
6573412550,DP0008,40.0,20.7,0.0
6573412551,DP0041,40.0,22.2,0.0
6573412552,DP0043,40.0,21.7,0.0
6573412553,DP0041,45.0,28.6,0.0
6573412554,DP0041,40.0,27.3,0.0
6573412555,DP0015,60.0,47.7,0.0
6573412556,DP0019,60.0,45.5,0.0
6573412557,DP0001,50.0,22.9,0.0
6573412558,DP0043,50.0,33.5,0.0
6573412559,DP0048,40.0,42.3,1.0
6573412560,DP0038,50.0,32.1,0.0
6573412561,DP0041,50.0,26.8,0.0
6573412562,DP0041,50.0,28.5,0.0
6573412563,DP0041,55.0,35.3,0.0
6573412564,DP0048,50.0,54.6,1.0
6573412565,DP0041,45.0,25.8,0.0
6573412566,DP0043,60.0,58.6,0.0
6573412567,DP0043,65.0,49.0,0.0
6573412568,DP0031,40.0,26.6,0.0
6573412569,DP0005,60.0,41.5,0.0
6573412570,DP0041,40.0,23.2,0.0
6573412571,DP0041,45.0,33.1,0.0
6573412572,DP0041,45.0,31.3,0.0
6573412573,DP0005,45.0,35.3,0.0
6573412574,DP0041,50.0,52.3,1.0
6573412575,DP0038,60.0,45.9,0.0
6573412576,,,,
6573412577,,,,
6573412578,DP0041,45.0,23.9,0.0
6573412579,DP0006,45.0,28.1,0.0
6573412580,DP0009,45.0,20.0,0.0
6573412581,DP0043,50.0,37.8,0.0
6573412582,DP0039,50.0,40.3,0.0
6573412583,DP0036,50.0,41.3,0.0
6573412584,,,,
6573412585,,,,
6573412586,DP0041,40.0,25.7,0.0
6573412587,DP0043,45.0,41.2,0.0
6573412588,DP0033,40.0,32.8,0.0
6573412589,DP0041,40.0,20.3,0.0
6573412590,DP0048,90.0,64.7,0.0
6573412591,DP0028,55.0,26.8,0.0
6573412592,DP0039,75.0,54.5,0.0
6573412593,DP0041,60.0,56.3,0.0
6573412594,DP0041,60.0,59.5,0.0
6573412595,DP0041,65.0,43.4,0.0
6573412596,DP0004,45.0,45.3,1.0
6573412597,DP0041,40.0,26.8,0.0
6573412598,DP0043,55.0,31.8,0.0
6573412599,DP0009,60.0,38.7,0.0
6573412600,DP0041,55.0,40.2,0.0
6573412601,DP0041,65.0,46.8,0.0
6573412602,DP0041,45.0,46.3,1.0
6573412603,DP0041,50.0,35.5,0.0
6573412604,DP0019,65.0,41.6,0.0
6573412605,DP0041,65.0,50.4,0.0
6573412606,DP0036,60.0,76.5,1.0
6573412607,DP0022,40.0,33.3,0.0
6573412608,DP0041,40.0,32.1,0.0
6573412609,DP0041,40.0,27.8,0.0
6573412610,DP0043,40.0,33.6,0.0
6573412611,DP0041,55.0,35.5,0.0
6573412612,DP0033,40.0,31.3,0.0
6573412613,DP0015,45.0,25.5,0.0
6573412614,DP0034,45.0,24.0,0.0
6573412615,DP0026,45.0,25.4,0.0
6573412616,DP0002,50.0,38.3,0.0
6573412617,DP0015,65.0,64.8,0.0
6573412618,DP0012,45.0,26.5,0.0
6573412619,DP0008,40.0,37.6,0.0
6573412620,DP0007,45.0,65.9,1.0
6573412621,DP0019,45.0,67.8,1.0
6573412622,DP0041,45.0,68.7,1.0
6573412623,DP0046,50.0,38.0,0.0
6573412624,DP0041,45.0,35.9,0.0
6573412625,DP0041,50.0,40.0,0.0
6573412626,DP0041,50.0,34.1,0.0
6573412627,DP0005,50.0,36.8,0.0
6573412628,DP0043,50.0,44.7,0.0
6573412629,DP0043,50.0,43.2,0.0
6573412630,DP0008,40.0,66.3,1.0
6573412631,DP0030,50.0,25.7,0.0
6573412632,DP0045,50.0,35.0,0.0
6573412633,DP0048,60.0,52.4,0.0
6573412634,DP0028,60.0,38.4,0.0
6573412635,DP0021,60.0,34.9,0.0
6573412636,DP0041,45.0,27.7,0.0
6573412637,DP0043,40.0,34.8,0.0
6573412638,DP0024,55.0,50.1,0.0
6573412639,DP0041,55.0,51.0,0.0
6573412640,DP0026,55.0,43.6,0.0
6573412641,DP0043,40.0,23.3,0.0
6573412642,DP0047,50.0,37.8,0.0
6573412643,DP0019,50.0,35.2,0.0
6573412644,DP0021,50.0,44.5,0.0
6573412645,DP0028,55.0,58.4,1.0
6573412646,DP0041,50.0,39.6,0.0
6573412647,DP0041,50.0,32.2,0.0
6573412648,DP0021,50.0,35.0,0.0
6573412649,DP0026,50.0,37.0,0.0
6573412650,DP0041,40.0,33.0,0.0
6573412651,DP0041,40.0,33.2,0.0
6573412652,DP0041,55.0,58.8,1.0
6573412653,DP0024,50.0,30.5,0.0
6573412654,DP0041,50.0,36.0,0.0
6573412655,DP0006,50.0,36.8,0.0
6573412656,DP0005,50.0,44.7,0.0
6573412657,DP0002,40.0,23.7,0.0
6573412658,DP0041,40.0,25.3,0.0
6573412659,DP0049,40.0,23.9,0.0
6573412660,DP0041,65.0,71.2,1.0
6573412661,DP0043,45.0,59.9,1.0
6573412662,DP0015,50.0,30.3,0.0
6573412663,DP0041,45.0,43.9,0.0
6573412664,DP0021,45.0,40.8,0.0
6573412665,DP0041,45.0,38.4,0.0
6573412666,DP0041,50.0,66.5,1.0
6573412667,DP0041,50.0,45.1,0.0
6573412668,DP0032,45.0,32.8,0.0
6573412669,DP0041,65.0,64.2,0.0
6573412670,DP0005,50.0,28.4,0.0
6573412671,DP0008,50.0,27.4,0.0
6573412672,DP0041,50.0,27.8,0.0
6573412673,DP0005,50.0,31.8,0.0
6573412674,DP0010,50.0,47.7,0.0
6573412675,DP0037,55.0,40.6,0.0
6573412676,DP0041,45.0,24.5,0.0
6573412677,DP0041,45.0,25.6,0.0
6573412678,DP0021,45.0,22.8,0.0
6573412679,DP0019,50.0,29.4,0.0
6573412680,DP0003,55.0,35.1,0.0
6573412681,DP0041,65.0,44.5,0.0
6573412682,DP0041,55.0,31.3,0.0
6573412683,DP0041,65.0,47.6,0.0
6573412684,DP0043,55.0,44.3,0.0
6573412685,DP0048,55.0,53.3,0.0
6573412686,DP0043,55.0,42.4,0.0
6573412687,DP0008,40.0,19.8,0.0
6573412688,DP0005,60.0,44.5,0.0
6573412689,DP0041,55.0,35.7,0.0
6573412690,DP0006,40.0,30.8,0.0
6573412691,DP0041,50.0,24.7,0.0
6573412692,DP0007,50.0,28.9,0.0
6573412693,DP0009,50.0,47.5,0.0
6573412694,DP0031,60.0,55.5,0.0
6573412695,DP0041,75.0,115.5,1.0
6573412696,DP0041,50.0,35.6,0.0
6573412697,DP0041,60.0,38.7,0.0
6573412698,DP0041,70.0,42.2,0.0
6573412699,DP0041,60.0,51.9,0.0
6573412700,DP0041,60.0,52.2,0.0
6573412701,DP0005,60.0,48.1,0.0
6573412702,DP0047,40.0,51.5,1.0
6573412703,DP0041,50.0,39.2,0.0
6573412704,DP0043,45.0,25.9,0.0
6573412705,DP0041,55.0,26.5,0.0
6573412706,DP0041,50.0,45.3,0.0
6573412707,DP0008,55.0,46.8,0.0
6573412708,DP0041,55.0,36.6,0.0
6573412709,DP0006,55.0,40.0,0.0
6573412710,DP0043,55.0,34.1,0.0
6573412711,DP0041,50.0,49.5,0.0
6573412712,DP0001,50.0,29.9,0.0
6573412713,DP0006,55.0,27.6,0.0
6573412714,DP0041,55.0,33.4,0.0
6573412715,DP0043,55.0,32.9,0.0
6573412716,DP0041,55.0,31.5,0.0
6573412717,DP0019,55.0,44.1,0.0
6573412718,DP0023,45.0,31.9,0.0
6573412719,DP0002,45.0,27.5,0.0
6573412720,DP0041,45.0,30.3,0.0
6573412721,DP0043,50.0,26.5,0.0
6573412722,DP0041,50.0,53.7,1.0
6573412723,DP0041,45.0,41.1,0.0
6573412724,DP0006,55.0,33.6,0.0
6573412725,DP0047,50.0,42.3,0.0
6573412726,DP0041,55.0,43.7,0.0
6573412727,DP0039,40.0,32.1,0.0
6573412728,DP0019,40.0,13.9,0.0
6573412729,DP0041,55.0,29.8,0.0
6573412730,DP0005,50.0,32.9,0.0
6573412731,DP0041,40.0,19.8,0.0
6573412732,DP0041,55.0,43.0,0.0
6573412733,DP0049,55.0,37.1,0.0
6573412734,DP0041,55.0,38.4,0.0
6573412735,DP0041,45.0,71.3,1.0
6573412736,DP0009,40.0,23.5,0.0
6573412737,DP0040,50.0,27.9,0.0
6573412738,DP0041,40.0,29.3,0.0
6573412739,DP0026,45.0,42.1,0.0
6573412740,DP0041,50.0,48.4,0.0
6573412741,DP0041,50.0,36.4,0.0
6573412742,DP0041,55.0,35.4,0.0
6573412743,DP0041,55.0,40.8,0.0
6573412744,DP0038,55.0,43.6,0.0
6573412745,DP0041,55.0,45.6,0.0
6573412746,DP0004,55.0,48.2,0.0
6573412747,DP0049,70.0,40.0,0.0
6573412748,DP0006,45.0,58.8,1.0
6573412749,DP0043,45.0,56.2,1.0
6573412750,DP0015,45.0,58.7,1.0
6573412751,DP0045,55.0,43.0,0.0
6573412752,DP0041,55.0,40.6,0.0
6573412753,DP0041,70.0,79.9,1.0
6573412754,DP0009,45.0,31.2,0.0
6573412755,DP0041,55.0,27.9,0.0
6573412756,DP0007,40.0,26.5,0.0
6573412757,DP0043,40.0,24.5,0.0
6573412758,DP0041,55.0,49.0,0.0
6573412759,DP0043,55.0,45.2,0.0
6573412760,DP0023,55.0,44.2,0.0
6573412761,DP0008,40.0,47.5,1.0
6573412762,DP0041,65.0,48.0,0.0
6573412763,DP0009,45.0,21.6,0.0
6573412764,DP0041,50.0,42.0,0.0
6573412765,DP0041,50.0,40.5,0.0
6573412766,DP0041,50.0,41.3,0.0
6573412767,DP0041,40.0,23.8,0.0
6573412768,DP0049,50.0,40.1,0.0
6573412769,DP0008,45.0,52.7,1.0
6573412770,DP0005,60.0,47.7,0.0
6573412771,DP0041,55.0,52.1,0.0
6573412772,DP0043,55.0,53.3,0.0
6573412773,DP0019,55.0,53.7,0.0
6573412774,DP0027,50.0,28.3,0.0
6573412775,DP0017,55.0,62.4,1.0
6573412776,DP0005,55.0,60.4,1.0
6573412777,DP0041,55.0,59.0,1.0
6573412778,DP0018,45.0,29.2,0.0
6573412779,DP0043,45.0,22.0,0.0
6573412780,DP0003,45.0,25.9,0.0
6573412781,DP0028,55.0,38.6,0.0
6573412782,DP0015,50.0,31.5,0.0
6573412783,DP0041,50.0,40.4,0.0
6573412784,DP0041,55.0,55.9,1.0
6573412785,DP0005,55.0,52.4,0.0
6573412786,DP0006,55.0,55.0,0.0
6573412787,DP0039,45.0,23.7,0.0
6573412788,DP0041,55.0,35.9,0.0
6573412789,DP0010,55.0,27.8,0.0
6573412790,DP0014,50.0,30.1,0.0
6573412791,DP0022,50.0,34.6,0.0
6573412792,DP0015,50.0,37.4,0.0
6573412793,DP0041,40.0,39.7,0.0
6573412794,DP0041,40.0,35.8,0.0
6573412795,DP0043,55.0,40.6,0.0
6573412796,DP0018,55.0,42.5,0.0
6573412797,DP0043,55.0,37.2,0.0
6573412798,DP0043,45.0,31.7,0.0
6573412799,DP0043,45.0,27.9,0.0
6573412800,DP0041,45.0,34.8,0.0
6573412801,DP0043,55.0,33.0,0.0
6573412802,DP0047,45.0,22.6,0.0
6573412803,DP0016,40.0,29.8,0.0
6573412804,DP0041,40.0,35.5,0.0
6573412805,DP0019,40.0,30.7,0.0
6573412806,DP0041,65.0,44.2,0.0
6573412807,DP0041,40.0,21.5,0.0
6573412808,DP0041,50.0,32.1,0.0
6573412809,DP0041,55.0,32.3,0.0
6573412810,DP0047,55.0,37.4,0.0
6573412811,DP0047,55.0,34.6,0.0
6573412812,DP0041,55.0,32.1,0.0
6573412813,DP0043,45.0,30.3,0.0
6573412814,DP0043,60.0,32.8,0.0
6573412815,DP0005,50.0,38.0,0.0
6573412816,DP0041,60.0,40.2,0.0
6573412817,DP0041,40.0,22.7,0.0
6573412818,DP0043,40.0,46.1,1.0
6573412819,DP0041,55.0,37.1,0.0
6573412820,DP0041,45.0,28.2,0.0
6573412821,DP0019,55.0,53.5,0.0
6573412822,DP0039,40.0,39.1,0.0
6573412823,DP0041,55.0,36.2,0.0
6573412824,DP0041,55.0,31.2,0.0
6573412825,DP0005,55.0,47.1,0.0
6573412826,DP0041,45.0,29.2,0.0
6573412827,DP0014,50.0,41.9,0.0
6573412828,DP0041,40.0,13.4,0.0
6573412829,DP0026,45.0,40.2,0.0
6573412830,DP0039,45.0,38.9,0.0
6573412831,DP0043,45.0,39.5,0.0
6573412832,DP0041,50.0,31.2,0.0
6573412833,DP0041,55.0,51.1,0.0
6573412834,DP0043,65.0,75.7,1.0
6573412835,DP0048,40.0,40.3,1.0
6573412836,DP0041,40.0,24.2,0.0
6573412837,DP0036,40.0,28.5,0.0
6573412838,DP0041,45.0,26.2,0.0
6573412839,DP0015,50.0,31.2,0.0
6573412840,,,,
6573412841,,,,
6573412842,,,,
6573412843,DP0041,50.0,28.2,0.0
6573412844,DP0011,50.0,32.4,0.0
6573412845,DP0041,50.0,46.4,0.0
6573412846,DP0008,55.0,30.9,0.0
6573412847,DP0041,55.0,39.4,0.0
6573412848,DP0005,65.0,45.1,0.0
6573412849,DP0047,65.0,46.3,0.0
6573412850,DP0028,65.0,48.0,0.0
6573412851,DP0041,55.0,35.9,0.0
6573412852,DP0041,60.0,49.6,0.0
6573412853,DP0028,50.0,36.7,0.0
6573412854,DP0041,50.0,40.2,0.0
6573412855,DP0011,45.0,21.9,0.0
6573412856,DP0041,55.0,33.8,0.0
6573412857,DP0041,55.0,39.0,0.0
6573412858,DP0038,55.0,31.9,0.0
6573412859,DP0016,55.0,39.2,0.0
6573412860,DP0012,55.0,34.3,0.0
6573412861,DP0041,65.0,52.1,0.0
6573412862,DP0041,45.0,23.9,0.0
6573412863,DP0041,45.0,50.0,1.0
6573412864,DP0019,60.0,29.5,0.0
6573412865,DP0039,40.0,27.2,0.0
6573412866,DP0041,70.0,43.5,0.0
6573412867,DP0014,60.0,45.8,0.0
6573412868,DP0041,40.0,53.3,1.0
6573412869,DP0015,40.0,34.1,0.0
6573412870,DP0031,40.0,18.1,0.0
6573412871,DP0043,50.0,29.9,0.0
6573412872,DP0015,60.0,42.6,0.0
6573412873,DP0043,60.0,44.8,0.0
6573412874,DP0015,60.0,43.2,0.0
6573412875,DP0024,55.0,32.1,0.0
6573412876,DP0050,55.0,57.4,1.0
6573412877,DP0041,55.0,29.9,0.0
6573412878,DP0028,55.0,31.6,0.0
6573412879,DP0027,55.0,35.3,0.0
6573412880,DP0006,50.0,51.4,1.0
6573412881,DP0041,50.0,51.3,1.0
6573412882,DP0043,50.0,54.3,1.0
6573412883,DP0049,50.0,23.4,0.0
6573412884,DP0041,50.0,36.8,0.0
6573412885,DP0021,50.0,34.6,0.0
6573412886,DP0015,50.0,36.6,0.0
6573412887,DP0019,40.0,27.6,0.0
6573412888,DP0015,45.0,34.3,0.0
6573412889,DP0041,45.0,33.9,0.0
6573412890,DP0027,45.0,25.9,0.0
6573412891,DP0041,40.0,35.5,0.0
6573412892,DP0041,40.0,21.9,0.0
6573412893,DP0041,45.0,28.3,0.0
6573412894,DP0041,75.0,42.0,0.0
6573412895,DP0019,40.0,31.8,0.0
6573412896,DP0041,55.0,41.4,0.0
6573412897,DP0008,75.0,44.3,0.0
6573412898,DP0019,75.0,41.0,0.0
6573412899,DP0043,75.0,46.1,0.0
6573412900,DP0041,40.0,38.0,0.0
6573412901,DP0026,55.0,55.4,1.0
6573412902,DP0041,55.0,47.1,0.0
6573412903,DP0041,55.0,39.9,0.0
6573412904,DP0041,40.0,31.8,0.0
6573412905,DP0041,55.0,32.9,0.0
6573412906,DP0043,50.0,47.1,0.0
6573412907,DP0041,50.0,46.9,0.0
6573412908,DP0041,45.0,31.3,0.0
6573412909,DP0043,45.0,30.2,0.0
6573412910,DP0041,45.0,34.9,0.0
6573412911,DP0041,40.0,22.1,0.0
6573412912,DP0005,50.0,43.9,0.0
6573412913,DP0041,50.0,46.0,0.0
6573412914,DP0037,50.0,38.1,0.0
6573412915,DP0041,55.0,38.6,0.0
6573412916,DP0008,50.0,32.1,0.0
6573412917,DP0041,70.0,60.1,0.0
6573412918,DP0008,45.0,27.7,0.0
6573412919,DP0041,55.0,31.2,0.0
6573412920,DP0015,70.0,184.0,1.0
6573412921,DP0041,40.0,36.0,0.0
6573412922,DP0007,40.0,33.1,0.0
6573412923,DP0046,40.0,60.9,1.0
6573412924,DP0045,45.0,23.9,0.0
6573412925,DP0041,45.0,26.9,0.0
6573412926,DP0040,45.0,31.1,0.0
6573412927,DP0041,65.0,52.1,0.0
6573412928,DP0041,50.0,66.6,1.0
6573412929,DP0041,65.0,52.2,0.0
6573412930,DP0033,40.0,30.3,0.0
6573412931,DP0019,55.0,34.8,0.0
6573412932,DP0043,55.0,28.9,0.0
6573412933,DP0010,50.0,24.3,0.0
6573412934,DP0005,40.0,28.5,0.0
6573412935,DP0041,45.0,21.0,0.0
6573412936,DP0023,40.0,23.0,0.0
6573412937,DP0013,40.0,57.9,1.0
6573412938,DP0016,40.0,51.7,1.0
6573412939,DP0022,40.0,52.6,1.0
6573412940,DP0033,55.0,36.6,0.0
6573412941,DP0023,50.0,38.8,0.0
6573412942,DP0043,65.0,65.8,1.0
6573412943,DP0047,60.0,50.4,0.0
6573412944,DP0041,55.0,41.0,0.0
6573412945,DP0014,55.0,31.0,0.0
6573412946,DP0044,65.0,48.7,0.0
6573412947,DP0013,55.0,40.2,0.0
6573412948,DP0008,40.0,27.3,0.0
6573412949,DP0049,40.0,27.6,0.0
6573412950,DP0041,40.0,34.6,0.0
6573412951,DP0025,40.0,30.2,0.0
6573412952,DP0005,55.0,35.3,0.0
6573412953,DP0035,65.0,41.5,0.0
6573412954,DP0038,65.0,45.2,0.0
6573412955,DP0043,65.0,51.1,0.0
6573412956,DP0041,50.0,41.5,0.0
6573412957,DP0041,45.0,48.7,1.0
6573412958,DP0041,50.0,36.0,0.0
6573412959,DP0041,40.0,38.8,0.0
6573412960,DP0043,45.0,50.5,1.0
6573412961,DP0005,65.0,55.4,0.0
6573412962,DP0008,55.0,33.6,0.0
6573412963,DP0018,40.0,18.7,0.0
6573412964,DP0005,40.0,24.1,0.0
6573412965,DP0043,40.0,25.5,0.0
6573412966,DP0036,45.0,24.7,0.0
6573412967,DP0006,55.0,53.2,0.0
6573412968,DP0043,50.0,51.2,1.0
6573412969,DP0041,50.0,29.0,0.0
6573412970,DP0015,40.0,29.5,0.0
6573412971,DP0041,40.0,21.3,0.0
6573412972,DP0041,65.0,41.9,0.0
6573412973,DP0007,60.0,44.6,0.0
6573412974,DP0043,50.0,28.0,0.0
6573412975,DP0041,50.0,28.0,0.0
6573412976,DP0043,50.0,26.7,0.0
6573412977,DP0007,40.0,28.6,0.0
6573412978,DP0026,50.0,39.0,0.0
6573412979,DP0025,40.0,27.1,0.0
6573412980,DP0041,45.0,38.6,0.0
6573412981,DP0028,45.0,36.8,0.0
6573412982,DP0041,45.0,33.8,0.0
6573412983,DP0005,45.0,25.2,0.0
6573412984,DP0038,40.0,36.5,0.0
6573412985,DP0008,50.0,45.9,0.0
6573412986,DP0027,40.0,26.4,0.0
6573412987,DP0050,50.0,43.0,0.0
6573412988,DP0041,50.0,25.5,0.0
6573412989,DP0019,50.0,25.3,0.0
6573412990,DP0006,40.0,38.9,0.0
6573412991,DP0019,45.0,50.3,1.0
6573412992,DP0028,40.0,25.8,0.0
6573412993,DP0041,40.0,24.5,0.0
6573412994,DP0009,40.0,28.6,0.0
6573412995,DP0041,65.0,38.5,0.0
6573412996,DP0041,45.0,23.9,0.0
6573412997,DP0041,55.0,56.8,1.0
6573412998,DP0020,55.0,50.3,0.0
6573412999,DP0005,55.0,51.5,0.0
6573413000,DP0005,55.0,36.6,0.0
6573413001,DP0019,55.0,41.6,0.0
6573413002,DP0039,50.0,48.2,0.0
6573413003,DP0009,40.0,31.9,0.0
6573413004,DP0041,45.0,35.5,0.0
6573413005,DP0030,55.0,47.7,0.0
6573413006,DP0043,55.0,40.1,0.0
6573413007,DP0041,60.0,42.9,0.0
6573413008,DP0041,55.0,34.4,0.0
6573413009,DP0019,55.0,41.2,0.0
6573413010,DP0043,55.0,41.2,0.0
6573413011,DP0009,55.0,35.8,0.0
6573413012,DP0041,45.0,35.3,0.0
6573413013,DP0021,55.0,54.7,0.0
6573413014,DP0046,65.0,83.7,1.0
6573413015,DP0039,45.0,23.4,0.0
6573413016,DP0041,45.0,25.4,0.0
6573413017,DP0027,45.0,21.1,0.0
6573413018,DP0041,50.0,55.7,1.0
6573413019,DP0008,50.0,30.4,0.0
6573413020,DP0043,70.0,50.1,0.0
6573413021,DP0019,55.0,34.7,0.0
6573413022,DP0039,55.0,35.9,0.0
6573413023,DP0043,55.0,34.6,0.0
6573413024,DP0026,40.0,38.0,0.0
6573413025,DP0019,40.0,39.4,0.0
6573413026,DP0041,40.0,19.0,0.0
6573413027,DP0041,55.0,49.1,0.0
6573413028,DP0041,65.0,53.1,0.0
6573413029,DP0028,50.0,48.4,0.0
6573413030,DP0043,40.0,42.3,1.0
6573413031,DP0041,45.0,34.1,0.0
6573413032,DP0019,55.0,53.0,0.0
6573413033,DP0041,55.0,28.2,0.0
6573413034,DP0005,40.0,25.0,0.0
6573413035,DP0033,45.0,36.3,0.0
6573413036,DP0008,45.0,41.7,0.0
6573413037,DP0041,65.0,49.5,0.0
6573413038,DP0005,65.0,53.3,0.0
6573413039,DP0042,65.0,50.3,0.0
6573413040,DP0033,50.0,38.2,0.0
6573413041,DP0043,75.0,56.9,0.0
6573413042,DP0043,75.0,59.9,0.0
6573413043,DP0043,75.0,59.2,0.0
6573413044,DP0043,50.0,35.0,0.0
6573413045,DP0041,60.0,41.1,0.0
6573413046,DP0041,40.0,32.8,0.0
6573413047,DP0009,50.0,30.3,0.0
6573413048,DP0038,50.0,38.1,0.0
6573413049,DP0043,55.0,40.5,0.0
6573413050,DP0041,55.0,41.8,0.0
6573413051,DP0050,45.0,50.9,1.0
6573413052,DP0015,60.0,35.3,0.0
6573413053,DP0041,55.0,41.7,0.0
6573413054,DP0043,55.0,32.4,0.0
6573413055,DP0041,40.0,19.1,0.0
6573413056,DP0036,50.0,38.3,0.0
6573413057,DP0026,55.0,50.1,0.0
6573413058,DP0017,55.0,51.2,0.0
6573413059,DP0041,40.0,27.1,0.0
6573413060,DP0013,40.0,24.4,0.0
6573413061,DP0005,55.0,39.9,0.0
6573413062,DP0011,40.0,37.5,0.0
6573413063,DP0041,55.0,67.2,1.0
6573413064,DP0043,45.0,29.0,0.0
6573413065,DP0041,65.0,45.2,0.0
6573413066,DP0043,55.0,67.9,1.0
6573413067,DP0032,55.0,66.0,1.0
6573413068,DP0018,55.0,67.1,1.0
6573413069,DP0041,55.0,38.7,0.0
6573413070,DP0041,45.0,34.8,0.0
6573413071,DP0017,40.0,24.7,0.0
6573413072,DP0043,70.0,54.8,0.0
6573413073,DP0041,55.0,55.8,1.0
6573413074,DP0041,50.0,42.9,0.0
6573413075,DP0008,60.0,37.0,0.0
6573413076,DP0041,45.0,20.8,0.0
6573413077,DP0041,55.0,31.7,0.0
6573413078,DP0041,65.0,48.1,0.0
6573413079,DP0005,45.0,27.0,0.0
6573413080,DP0041,65.0,62.8,0.0
6573413081,DP0005,45.0,44.3,0.0
6573413082,DP0041,50.0,38.2,0.0
6573413083,DP0041,65.0,43.4,0.0
6573413084,DP0005,65.0,43.7,0.0
6573413085,DP0041,65.0,45.0,0.0
6573413086,DP0015,40.0,36.3,0.0
6573413087,DP0027,40.0,42.1,1.0
6573413088,DP0019,40.0,40.2,1.0
6573413089,DP0041,40.0,40.4,1.0
6573413090,DP0034,45.0,29.8,0.0
6573413091,DP0005,45.0,48.0,1.0
6573413092,DP0033,55.0,45.9,0.0
6573413093,DP0041,50.0,37.9,0.0
6573413094,DP0028,50.0,34.0,0.0
6573413095,DP0041,50.0,33.1,0.0
6573413096,DP0041,45.0,29.6,0.0
6573413097,DP0043,40.0,23.5,0.0
6573413098,DP0041,80.0,56.5,0.0
6573413099,DP0028,45.0,33.8,0.0
6573413100,DP0041,45.0,31.2,0.0
6573413101,DP0007,45.0,30.5,0.0
6573413102,DP0043,60.0,52.3,0.0
6573413103,DP0043,60.0,54.0,0.0
6573413104,DP0041,60.0,49.7,0.0
6573413105,DP0008,85.0,57.6,0.0
6573413106,DP0041,85.0,56.7,0.0
6573413107,DP0006,85.0,60.5,0.0
6573413108,DP0048,50.0,42.3,0.0
6573413109,DP0041,50.0,23.2,0.0
6573413110,DP0043,50.0,25.8,0.0
6573413111,DP0019,55.0,57.4,1.0
6573413112,DP0041,60.0,34.5,0.0
6573413113,DP0014,65.0,43.5,0.0
6573413114,DP0041,40.0,27.3,0.0
6573413115,DP0041,70.0,59.3,0.0
6573413116,DP0005,70.0,58.7,0.0
6573413117,DP0019,75.0,46.8,0.0
6573413118,DP0041,40.0,27.0,0.0
6573413119,DP0041,40.0,27.9,0.0
6573413120,DP0023,65.0,39.6,0.0
6573413121,DP0041,55.0,37.9,0.0
6573413122,DP0041,40.0,36.4,0.0
6573413123,DP0008,40.0,27.6,0.0
6573413124,DP0005,40.0,31.7,0.0
6573413125,DP0041,55.0,35.7,0.0
6573413126,DP0019,55.0,36.5,0.0
6573413127,DP0041,55.0,32.6,0.0
6573413128,DP0041,60.0,42.0,0.0
6573413129,DP0019,65.0,52.2,0.0
6573413130,DP0015,60.0,40.4,0.0
6573413131,DP0041,60.0,44.0,0.0
6573413132,DP0008,60.0,43.7,0.0
6573413133,DP0019,45.0,22.5,0.0
6573413134,DP0041,50.0,40.1,0.0
6573413135,DP0025,50.0,26.0,0.0
6573413136,DP0041,50.0,24.9,0.0
6573413137,DP0041,50.0,28.2,0.0
6573413138,DP0007,50.0,25.2,0.0
6573413139,DP0031,55.0,64.5,1.0
6573413140,DP0012,55.0,67.1,1.0
6573413141,DP0041,55.0,61.5,1.0
6573413142,DP0043,50.0,26.6,0.0
6573413143,DP0019,40.0,28.3,0.0
6573413144,DP0043,75.0,47.3,0.0
6573413145,DP0041,40.0,22.7,0.0
6573413146,DP0041,40.0,26.2,0.0
6573413147,DP0041,40.0,26.8,0.0
6573413148,DP0041,65.0,50.0,0.0
6573413149,DP0043,40.0,46.3,1.0
6573413150,DP0041,40.0,24.8,0.0
6573413151,DP0043,40.0,26.0,0.0
6573413152,DP0041,40.0,22.2,0.0
6573413153,DP0041,40.0,36.3,0.0
6573413154,DP0041,40.0,31.6,0.0
6573413155,DP0041,55.0,30.8,0.0
6573413156,DP0041,55.0,32.2,0.0
6573413157,DP0049,55.0,35.5,0.0
6573413158,DP0041,50.0,36.0,0.0
6573413159,DP0041,40.0,36.6,0.0
6573413160,DP0020,40.0,34.5,0.0
6573413161,DP0031,40.0,34.1,0.0
6573413162,DP0021,50.0,42.7,0.0
6573413163,DP0041,65.0,56.9,0.0
6573413164,DP0043,55.0,50.5,0.0
6573413165,DP0041,40.0,37.8,0.0
6573413166,DP0043,40.0,35.5,0.0
6573413167,DP0041,55.0,25.7,0.0
6573413168,DP0005,45.0,31.4,0.0
6573413169,DP0041,45.0,30.9,0.0
6573413170,DP0008,45.0,32.6,0.0
6573413171,DP0049,40.0,26.4,0.0
6573413172,DP0005,40.0,31.5,0.0
6573413173,DP0002,40.0,27.6,0.0
6573413174,DP0041,75.0,58.2,0.0
6573413175,DP0019,90.0,68.6,0.0
6573413176,DP0007,60.0,37.2,0.0
6573413177,DP0041,60.0,36.1,0.0
6573413178,DP0041,60.0,34.2,0.0
6573413179,DP0038,60.0,56.1,0.0
6573413180,DP0041,60.0,55.1,0.0
6573413181,DP0005,60.0,61.1,1.0
6573413182,DP0004,55.0,56.8,1.0
6573413183,DP0024,55.0,37.3,0.0
6573413184,DP0047,55.0,39.8,0.0
6573413185,DP0015,45.0,38.3,0.0
6573413186,DP0041,65.0,35.8,0.0
6573413187,DP0041,45.0,30.1,0.0
6573413188,DP0007,50.0,36.7,0.0
6573413189,DP0027,65.0,40.5,0.0
6573413190,DP0005,40.0,24.9,0.0
6573413191,DP0041,50.0,45.2,0.0
6573413192,DP0041,45.0,23.4,0.0
6573413193,DP0041,50.0,32.5,0.0
6573413194,DP0005,40.0,24.7,0.0
6573413195,DP0041,50.0,51.1,1.0
6573413196,DP0041,50.0,51.5,1.0
6573413197,DP0025,50.0,37.7,0.0
6573413198,DP0041,50.0,32.7,0.0
6573413199,DP0027,55.0,48.4,0.0
6573413200,DP0026,60.0,42.7,0.0
6573413201,DP0041,45.0,32.8,0.0
6573413202,DP0009,60.0,35.8,0.0
6573413203,DP0023,60.0,38.2,0.0
6573413204,DP0041,60.0,32.6,0.0
6573413205,DP0020,50.0,44.1,0.0
6573413206,DP0043,55.0,36.2,0.0
6573413207,DP0041,60.0,43.2,0.0
6573413208,DP0041,60.0,36.7,0.0
6573413209,DP0041,55.0,56.2,1.0
6573413210,DP0047,50.0,12.6,0.0
6573413211,DP0041,50.0,35.7,0.0
6573413212,DP0027,55.0,33.1,0.0
6573413213,DP0041,60.0,44.9,0.0
6573413214,DP0041,40.0,39.2,0.0
6573413215,DP0019,45.0,35.9,0.0
6573413216,DP0041,45.0,39.1,0.0
6573413217,DP0041,55.0,80.2,1.0
6573413218,DP0005,50.0,48.3,0.0
6573413219,DP0005,40.0,36.6,0.0
6573413220,DP0050,40.0,46.6,1.0
6573413221,DP0034,45.0,23.8,0.0
6573413222,DP0047,45.0,25.0,0.0
6573413223,DP0007,45.0,40.4,0.0
6573413224,DP0041,60.0,40.0,0.0
6573413225,DP0043,45.0,20.5,0.0
6573413226,DP0041,50.0,35.0,0.0
6573413227,DP0010,50.0,30.4,0.0
6573413228,DP0028,50.0,38.2,0.0
6573413229,DP0043,50.0,30.3,0.0
6573413230,DP0019,40.0,39.6,0.0
6573413231,DP0041,65.0,41.1,0.0
6573413232,DP0005,40.0,23.9,0.0
6573413233,DP0041,45.0,35.5,0.0
6573413234,DP0003,45.0,37.9,0.0
6573413235,DP0027,45.0,29.1,0.0
6573413236,DP0009,45.0,31.4,0.0
6573413237,DP0041,50.0,25.9,0.0
6573413238,DP0036,50.0,29.5,0.0
6573413239,DP0043,70.0,58.7,0.0
6573413240,DP0005,45.0,28.8,0.0
6573413241,DP0041,60.0,42.0,0.0
6573413242,DP0033,50.0,31.7,0.0
6573413243,DP0021,45.0,36.3,0.0
6573413244,DP0041,45.0,21.6,0.0
6573413245,DP0008,45.0,32.9,0.0
6573413246,DP0008,45.0,25.3,0.0
6573413247,DP0043,45.0,54.8,1.0
6573413248,DP0036,55.0,60.5,1.0
6573413249,DP0043,50.0,61.0,1.0
6573413250,DP0043,65.0,36.1,0.0
6573413251,DP0043,55.0,30.3,0.0
6573413252,DP0033,65.0,59.5,0.0
6573413253,DP0041,65.0,58.3,0.0
6573413254,DP0007,65.0,60.2,0.0
6573413255,DP0019,40.0,17.2,0.0
6573413256,DP0041,40.0,22.1,0.0
6573413257,DP0041,40.0,21.4,0.0
6573413258,DP0015,60.0,69.4,1.0
6573413259,DP0041,55.0,29.4,0.0
6573413260,DP0041,50.0,29.0,0.0
6573413261,DP0005,45.0,30.4,0.0
6573413262,DP0041,40.0,38.0,0.0
6573413263,DP0019,40.0,39.3,0.0
6573413264,DP0041,40.0,38.7,0.0
6573413265,DP0005,50.0,33.6,0.0
6573413266,DP0007,50.0,22.4,0.0
6573413267,DP0024,50.0,52.3,1.0
6573413268,DP0008,50.0,45.0,0.0
6573413269,DP0043,55.0,22.0,0.0
6573413270,DP0006,50.0,39.3,0.0
6573413271,DP0041,45.0,29.8,0.0
6573413272,DP0041,40.0,33.8,0.0
6573413273,DP0049,50.0,34.4,0.0
6573413274,DP0041,45.0,31.5,0.0
6573413275,DP0007,50.0,39.1,0.0
6573413276,DP0043,55.0,37.4,0.0
6573413277,DP0041,55.0,42.0,0.0
6573413278,DP0043,55.0,44.7,0.0
6573413279,DP0041,55.0,46.7,0.0
6573413280,DP0019,55.0,45.7,0.0
6573413281,DP0043,65.0,43.1,0.0
6573413282,DP0041,45.0,40.1,0.0
6573413283,DP0015,55.0,52.3,0.0
6573413284,DP0043,50.0,44.0,0.0
6573413285,DP0019,40.0,35.9,0.0
6573413286,DP0024,50.0,42.1,0.0
6573413287,DP0041,55.0,38.1,0.0
6573413288,DP0041,40.0,22.6,0.0
6573413289,DP0041,65.0,32.2,0.0
6573413290,DP0015,60.0,50.5,0.0
6573413291,DP0013,55.0,46.6,0.0
6573413292,DP0007,40.0,32.1,0.0
6573413293,DP0019,40.0,40.7,1.0
6573413294,DP0041,55.0,44.2,0.0
6573413295,DP0005,55.0,45.4,0.0
6573413296,DP0021,55.0,45.3,0.0
6573413297,DP0041,75.0,76.7,1.0
6573413298,DP0043,40.0,45.3,1.0
6573413299,DP0049,50.0,29.2,0.0
6573413300,DP0005,50.0,47.7,0.0
6573413301,DP0043,55.0,36.1,0.0
6573413302,DP0002,55.0,39.0,0.0
6573413303,DP0041,45.0,39.1,0.0
6573413304,DP0008,50.0,24.5,0.0
6573413305,DP0028,45.0,29.9,0.0
6573413306,DP0041,40.0,23.6,0.0
6573413307,DP0005,40.0,32.1,0.0
6573413308,DP0048,50.0,43.6,0.0
6573413309,DP0041,50.0,79.2,1.0
6573413310,DP0043,40.0,17.3,0.0
6573413311,DP0041,40.0,18.3,0.0
6573413312,DP0027,50.0,52.3,1.0
6573413313,DP0041,50.0,50.1,1.0
6573413314,DP0041,50.0,49.2,0.0
6573413315,DP0030,40.0,24.2,0.0
6573413316,DP0002,50.0,57.3,1.0
6573413317,DP0007,70.0,51.8,0.0
6573413318,DP0043,40.0,34.1,0.0
6573413319,DP0041,50.0,35.7,0.0
6573413320,DP0019,40.0,18.2,0.0
6573413321,DP0012,65.0,42.7,0.0
6573413322,DP0048,65.0,59.3,0.0
6573413323,DP0015,65.0,42.0,0.0
6573413324,DP0043,40.0,14.0,0.0
6573413325,DP0026,60.0,50.8,0.0
6573413326,DP0041,45.0,35.3,0.0
6573413327,DP0016,50.0,28.3,0.0
6573413328,DP0028,55.0,41.0,0.0
6573413329,DP0043,40.0,14.2,0.0
6573413330,DP0006,45.0,19.2,0.0
6573413331,DP0019,50.0,31.8,0.0
6573413332,DP0015,55.0,29.5,0.0
6573413333,DP0043,40.0,26.5,0.0
6573413334,DP0015,55.0,45.5,0.0
6573413335,DP0006,50.0,36.6,0.0
6573413336,DP0033,45.0,33.0,0.0
6573413337,DP0041,40.0,43.8,1.0
6573413338,DP0041,50.0,16.8,0.0
6573413339,DP0043,40.0,31.2,0.0
6573413340,DP0026,40.0,25.5,0.0
6573413341,DP0041,50.0,51.7,1.0
6573413342,DP0018,50.0,38.0,0.0
6573413343,DP0015,50.0,31.2,0.0
6573413344,DP0003,60.0,34.5,0.0
6573413345,DP0028,45.0,48.5,1.0
6573413346,DP0025,45.0,48.7,1.0
6573413347,DP0041,45.0,50.6,1.0
6573413348,DP0041,45.0,40.6,0.0
6573413349,DP0041,55.0,27.2,0.0
6573413350,DP0015,45.0,19.7,0.0
6573413351,DP0043,65.0,27.5,0.0
6573413352,DP0041,40.0,23.7,0.0
6573413353,DP0019,55.0,35.4,0.0
6573413354,DP0015,55.0,36.2,0.0
6573413355,DP0041,55.0,32.6,0.0
6573413356,DP0048,50.0,57.4,1.0
6573413357,DP0041,45.0,44.4,0.0
6573413358,DP0039,55.0,47.6,0.0
6573413359,DP0005,50.0,33.0,0.0
6573413360,DP0030,40.0,26.1,0.0
6573413361,DP0043,50.0,28.9,0.0
6573413362,DP0022,55.0,52.9,0.0
6573413363,DP0042,45.0,31.6,0.0
6573413364,DP0041,50.0,50.0,0.0
6573413365,DP0043,60.0,53.4,0.0
6573413366,DP0049,50.0,38.3,0.0
6573413367,DP0043,50.0,18.1,0.0
6573413368,DP0006,50.0,32.4,0.0
6573413369,DP0019,55.0,39.7,0.0
6573413370,DP0043,50.0,30.6,0.0
6573413371,DP0043,55.0,46.0,0.0
6573413372,DP0043,55.0,60.7,1.0
6573413373,DP0012,45.0,29.8,0.0
6573413374,DP0039,40.0,25.6,0.0
6573413375,DP0029,50.0,38.1,0.0
6573413376,DP0019,45.0,32.4,0.0
6573413377,DP0019,40.0,32.6,0.0
6573413378,DP0041,50.0,40.9,0.0
6573413379,DP0019,50.0,39.7,0.0
6573413380,DP0047,50.0,43.9,0.0
6573413381,DP0041,50.0,42.8,0.0
6573413382,DP0022,50.0,32.6,0.0
6573413383,DP0008,50.0,27.4,0.0
6573413384,DP0047,45.0,33.9,0.0
6573413385,DP0041,55.0,34.6,0.0
6573413386,DP0007,55.0,30.9,0.0
6573413387,DP0050,55.0,45.7,0.0
6573413388,DP0043,40.0,26.1,0.0
6573413389,DP0041,40.0,24.1,0.0
6573413390,DP0028,65.0,49.9,0.0
6573413391,DP0031,45.0,67.7,1.0
6573413392,DP0041,65.0,44.4,0.0
6573413393,DP0041,60.0,32.0,0.0
6573413394,DP0041,45.0,32.8,0.0
6573413395,DP0028,55.0,35.7,0.0
6573413396,DP0043,45.0,23.0,0.0
6573413397,DP0015,40.0,24.1,0.0
6573413398,DP0041,55.0,61.7,1.0
6573413399,DP0028,60.0,37.1,0.0
6573413400,DP0003,40.0,24.5,0.0
6573413401,DP0041,40.0,26.6,0.0
6573413402,DP0041,40.0,22.6,0.0
6573413403,DP0043,55.0,37.4,0.0
6573413404,DP0039,50.0,41.7,0.0
6573413405,DP0041,50.0,45.0,0.0
6573413406,DP0041,55.0,54.9,0.0
6573413407,DP0005,60.0,46.9,0.0
6573413408,DP0041,40.0,27.6,0.0
6573413409,DP0038,60.0,42.1,0.0
6573413410,DP0041,45.0,32.7,0.0
6573413411,DP0019,40.0,25.5,0.0
6573413412,DP0008,45.0,38.6,0.0
6573413413,DP0009,45.0,39.2,0.0
6573413414,DP0049,55.0,41.6,0.0
6573413415,DP0041,55.0,48.8,0.0
6573413416,DP0048,55.0,61.8,1.0
6573413417,DP0041,55.0,52.9,0.0
6573413418,DP0015,55.0,50.4,0.0
6573413419,DP0005,55.0,48.1,0.0
6573413420,DP0041,50.0,23.1,0.0
6573413421,DP0005,55.0,44.6,0.0
6573413422,DP0041,50.0,29.3,0.0
6573413423,DP0019,55.0,36.2,0.0
6573413424,DP0043,50.0,133.3,1.0
6573413425,DP0043,55.0,27.0,0.0
6573413426,DP0025,55.0,32.9,0.0
6573413427,DP0025,45.0,31.8,0.0
6573413428,DP0041,45.0,33.0,0.0
6573413429,DP0028,45.0,34.2,0.0
6573413430,DP0037,50.0,40.0,0.0
6573413431,DP0041,65.0,38.5,0.0
6573413432,DP0048,55.0,56.7,1.0
6573413433,DP0041,85.0,62.6,0.0
6573413434,DP0043,45.0,13.8,0.0
6573413435,DP0041,55.0,46.9,0.0
6573413436,DP0043,65.0,45.8,0.0
6573413437,DP0041,50.0,34.2,0.0
6573413438,DP0035,40.0,34.3,0.0
6573413439,DP0015,45.0,19.8,0.0
6573413440,DP0019,50.0,33.7,0.0
6573413441,DP0047,40.0,23.6,0.0
6573413442,DP0020,40.0,22.3,0.0
6573413443,DP0041,40.0,23.8,0.0
6573413444,DP0041,40.0,24.9,0.0
6573413445,DP0041,40.0,29.1,0.0
6573413446,DP0041,50.0,52.0,1.0
6573413447,DP0047,50.0,39.3,0.0
6573413448,DP0005,40.0,21.5,0.0
6573413449,DP0006,40.0,19.6,0.0
6573413450,DP0041,40.0,26.1,0.0
6573413451,DP0041,55.0,30.7,0.0
6573413452,DP0041,50.0,48.5,0.0
6573413453,DP0041,90.0,63.1,0.0
6573413454,DP0039,65.0,35.9,0.0
6573413455,DP0041,50.0,35.5,0.0
6573413456,DP0028,40.0,28.3,0.0
6573413457,DP0015,40.0,25.0,0.0
6573413458,DP0019,50.0,31.2,0.0
6573413459,DP0033,55.0,35.6,0.0
6573413460,DP0043,50.0,34.8,0.0
6573413461,DP0016,40.0,53.9,1.0
6573413462,DP0041,40.0,27.8,0.0
6573413463,,,,
6573413464,,,,
6573413465,,,,
6573413466,DP0043,40.0,31.5,0.0
6573413467,DP0041,45.0,32.5,0.0
6573413468,DP0048,50.0,38.2,0.0
6573413469,DP0041,50.0,38.3,0.0
6573413470,DP0005,40.0,23.3,0.0
6573413471,DP0041,50.0,27.5,0.0
6573413472,DP0029,45.0,36.2,0.0
6573413473,DP0037,40.0,17.9,0.0
6573413474,DP0043,55.0,44.8,0.0
6573413475,DP0015,50.0,43.3,0.0
6573413476,DP0002,55.0,41.3,0.0
6573413477,DP0041,75.0,61.0,0.0
6573413478,DP0043,75.0,59.8,0.0
6573413479,DP0008,75.0,62.5,0.0
6573413480,DP0018,55.0,31.7,0.0
6573413481,DP0005,50.0,24.9,0.0
6573413482,DP0019,50.0,35.2,0.0
6573413483,DP0041,50.0,35.6,0.0
6573413484,DP0005,50.0,30.3,0.0
6573413485,DP0041,55.0,35.4,0.0
6573413486,DP0009,45.0,34.2,0.0
6573413487,DP0005,45.0,40.6,0.0
6573413488,DP0008,45.0,37.8,0.0
6573413489,DP0043,40.0,25.2,0.0
6573413490,DP0041,40.0,30.3,0.0
6573413491,DP0041,40.0,28.3,0.0
6573413492,DP0043,75.0,48.4,0.0
6573413493,DP0041,50.0,41.2,0.0
6573413494,DP0041,55.0,41.0,0.0
6573413495,DP0041,55.0,37.3,0.0
6573413496,DP0041,55.0,33.2,0.0
6573413497,DP0039,50.0,44.8,0.0
6573413498,DP0041,50.0,40.3,0.0
6573413499,DP0049,50.0,44.2,0.0
6573413500,DP0041,75.0,61.2,0.0
6573413501,DP0034,75.0,55.1,0.0
6573413502,DP0015,75.0,59.0,0.0
6573413503,DP0021,50.0,32.9,0.0
6573413504,DP0043,55.0,41.4,0.0
6573413505,DP0043,55.0,43.0,0.0
6573413506,DP0041,40.0,50.6,1.0
6573413507,DP0041,55.0,45.4,0.0
6573413508,DP0041,50.0,45.2,0.0
6573413509,DP0049,45.0,27.9,0.0
6573413510,DP0041,45.0,32.9,0.0
6573413511,DP0007,40.0,21.4,0.0
6573413512,DP0015,55.0,43.0,0.0
6573413513,DP0027,60.0,35.1,0.0
6573413514,DP0020,40.0,32.2,0.0
6573413515,DP0048,55.0,53.9,0.0
6573413516,DP0048,55.0,61.6,1.0
6573413517,DP0039,60.0,38.7,0.0
6573413518,DP0041,50.0,16.8,0.0
6573413519,DP0046,50.0,28.0,0.0
6573413520,DP0041,50.0,18.1,0.0
6573413521,DP0009,40.0,46.6,1.0
6573413522,DP0007,40.0,38.0,0.0
6573413523,DP0029,55.0,37.7,0.0
6573413524,DP0041,55.0,38.7,0.0
6573413525,DP0026,60.0,46.2,0.0
6573413526,DP0041,50.0,50.5,1.0
6573413527,DP0008,55.0,47.6,0.0
6573413528,DP0041,50.0,31.5,0.0
6573413529,DP0041,45.0,34.3,0.0
6573413530,DP0006,55.0,43.2,0.0
6573413531,DP0041,55.0,45.0,0.0
6573413532,DP0043,55.0,46.5,0.0
6573413533,DP0041,40.0,30.9,0.0
6573413534,DP0041,40.0,35.1,0.0
6573413535,DP0041,55.0,52.2,0.0
6573413536,DP0041,45.0,23.7,0.0
6573413537,DP0041,40.0,21.1,0.0
6573413538,DP0015,40.0,18.6,0.0
6573413539,DP0041,40.0,16.1,0.0
6573413540,DP0007,60.0,53.5,0.0
6573413541,DP0041,60.0,43.7,0.0
6573413542,DP0043,55.0,46.7,0.0
6573413543,DP0041,40.0,24.8,0.0
6573413544,DP0021,75.0,47.3,0.0
6573413545,DP0019,40.0,39.6,0.0
6573413546,DP0038,55.0,42.3,0.0
6573413547,DP0032,50.0,28.3,0.0
6573413548,DP0041,65.0,40.2,0.0
6573413549,DP0043,40.0,28.0,0.0
6573413550,DP0041,55.0,32.6,0.0
6573413551,DP0005,50.0,31.9,0.0
6573413552,DP0041,40.0,45.9,1.0
6573413553,DP0041,40.0,49.4,1.0
6573413554,DP0041,40.0,44.0,1.0
6573413555,DP0043,65.0,47.3,0.0
6573413556,DP0041,55.0,40.2,0.0
6573413557,DP0041,45.0,48.6,1.0
6573413558,DP0043,50.0,29.9,0.0
6573413559,DP0050,65.0,65.7,1.0
6573413560,DP0028,55.0,39.7,0.0
6573413561,DP0026,45.0,56.5,1.0
6573413562,DP0041,50.0,40.9,0.0
6573413563,DP0041,50.0,37.5,0.0
6573413564,DP0041,50.0,38.3,0.0
6573413565,DP0041,40.0,31.3,0.0
6573413566,DP0010,40.0,34.7,0.0
6573413567,DP0043,40.0,31.6,0.0
6573413568,DP0041,40.0,19.7,0.0
6573413569,DP0015,50.0,44.9,0.0
6573413570,DP0036,55.0,34.0,0.0
6573413571,DP0038,45.0,25.8,0.0
6573413572,DP0038,50.0,28.5,0.0
6573413573,DP0041,40.0,31.3,0.0
6573413574,DP0043,40.0,31.2,0.0
6573413575,DP0026,40.0,29.2,0.0
6573413576,DP0048,50.0,59.2,1.0
6573413577,DP0029,50.0,48.7,0.0
6573413578,DP0050,50.0,64.7,1.0
6573413579,DP0047,40.0,44.8,1.0
6573413580,DP0008,40.0,36.7,0.0
6573413581,DP0024,40.0,31.1,0.0
6573413582,DP0041,50.0,41.3,0.0
6573413583,DP0039,40.0,34.3,0.0
6573413584,DP0041,55.0,45.8,0.0
6573413585,DP0048,55.0,52.8,0.0
6573413586,DP0050,55.0,63.6,1.0
6573413587,DP0005,60.0,47.5,0.0
6573413588,DP0019,60.0,44.0,0.0
6573413589,DP0041,60.0,42.1,0.0
6573413590,DP0048,80.0,84.6,1.0
6573413591,DP0024,80.0,66.6,0.0
6573413592,DP0043,80.0,64.9,0.0
6573413593,DP0041,45.0,46.8,1.0
6573413594,DP0041,65.0,53.5,0.0
6573413595,DP0012,50.0,25.4,0.0
6573413596,DP0007,55.0,35.4,0.0
6573413597,DP0043,55.0,38.3,0.0
6573413598,DP0043,55.0,32.4,0.0
6573413599,DP0010,55.0,39.4,0.0
6573413600,DP0008,40.0,28.6,0.0
6573413601,DP0041,65.0,44.4,0.0
6573413602,DP0030,40.0,22.6,0.0
6573413603,DP0041,50.0,35.6,0.0
6573413604,DP0008,45.0,31.8,0.0
6573413605,DP0019,65.0,56.2,0.0
6573413606,DP0041,45.0,26.1,0.0
6573413607,DP0043,45.0,34.0,0.0
6573413608,DP0043,40.0,21.1,0.0
6573413609,DP0041,60.0,47.2,0.0
6573413610,DP0041,50.0,38.9,0.0
6573413611,DP0043,75.0,85.5,1.0
6573413612,DP0041,40.0,21.0,0.0
6573413613,DP0019,40.0,26.4,0.0
6573413614,DP0008,70.0,76.5,1.0
6573413615,DP0019,55.0,41.5,0.0
6573413616,DP0008,55.0,42.0,0.0
6573413617,DP0019,45.0,26.5,0.0
6573413618,DP0005,45.0,23.1,0.0
6573413619,DP0041,45.0,26.2,0.0
6573413620,DP0041,45.0,23.6,0.0
6573413621,DP0042,45.0,26.5,0.0
6573413622,DP0043,45.0,26.9,0.0
6573413623,DP0041,50.0,24.3,0.0
6573413624,DP0041,50.0,31.3,0.0
6573413625,DP0023,55.0,33.2,0.0
6573413626,DP0041,40.0,34.6,0.0
6573413627,DP0015,40.0,23.3,0.0
6573413628,DP0038,65.0,58.1,0.0
6573413629,DP0041,40.0,33.3,0.0
6573413630,DP0041,50.0,32.0,0.0
6573413631,DP0026,55.0,34.5,0.0
6573413632,DP0015,40.0,24.7,0.0
6573413633,DP0041,40.0,23.7,0.0
6573413634,DP0018,40.0,25.1,0.0
6573413635,DP0041,40.0,39.9,0.0
6573413636,DP0041,45.0,31.1,0.0
6573413637,DP0041,90.0,92.2,1.0
6573413638,DP0047,45.0,32.2,0.0
6573413639,DP0043,45.0,55.8,1.0
6573413640,DP0019,45.0,33.9,0.0
6573413641,DP0041,40.0,35.4,0.0
6573413642,DP0013,40.0,33.9,0.0
6573413643,DP0005,40.0,31.2,0.0
6573413644,DP0034,55.0,32.5,0.0
6573413645,DP0036,65.0,51.9,0.0
6573413646,DP0038,40.0,39.3,0.0
6573413647,DP0041,50.0,37.7,0.0
6573413648,DP0006,40.0,45.0,1.0
6573413649,DP0008,55.0,51.7,0.0
6573413650,DP0028,50.0,23.7,0.0
6573413651,DP0019,55.0,78.3,1.0
6573413652,DP0032,40.0,17.7,0.0
6573413653,DP0041,45.0,32.7,0.0
6573413654,DP0005,40.0,26.2,0.0
6573413655,DP0041,40.0,35.7,0.0
6573413656,DP0019,65.0,42.4,0.0
6573413657,DP0028,50.0,22.6,0.0
6573413658,DP0041,45.0,19.1,0.0
6573413659,DP0043,40.0,25.8,0.0
6573413660,DP0041,55.0,42.7,0.0
6573413661,DP0048,60.0,67.8,1.0
6573413662,DP0041,50.0,25.8,0.0
6573413663,DP0013,55.0,55.8,1.0
6573413664,DP0005,55.0,59.4,1.0
6573413665,DP0015,55.0,63.3,1.0
6573413666,DP0043,40.0,22.7,0.0
6573413667,DP0041,45.0,37.5,0.0
6573413668,DP0046,40.0,36.8,0.0
6573413669,DP0041,55.0,32.3,0.0
6573413670,DP0041,45.0,40.5,0.0
6573413671,DP0041,55.0,32.8,0.0
6573413672,DP0042,50.0,27.4,0.0
6573413673,DP0045,55.0,53.9,0.0
6573413674,DP0037,50.0,38.2,0.0
6573413675,DP0043,50.0,35.5,0.0
6573413676,DP0021,50.0,39.2,0.0
6573413677,DP0033,65.0,35.8,0.0
6573413678,DP0043,80.0,58.1,0.0
6573413679,DP0011,50.0,40.0,0.0
6573413680,DP0014,50.0,36.5,0.0
6573413681,DP0028,50.0,38.2,0.0
6573413682,DP0041,50.0,29.7,0.0
6573413683,DP0041,40.0,43.6,1.0
6573413684,DP0019,40.0,23.2,0.0
6573413685,DP0005,50.0,32.6,0.0
6573413686,DP0041,55.0,31.6,0.0
6573413687,DP0035,40.0,14.7,0.0
6573413688,DP0043,60.0,59.0,0.0
6573413689,DP0041,55.0,33.0,0.0
6573413690,DP0015,55.0,37.4,0.0
6573413691,DP0005,80.0,71.1,0.0
6573413692,DP0015,50.0,21.8,0.0
6573413693,DP0005,50.0,38.3,0.0
6573413694,DP0033,40.0,25.2,0.0
6573413695,DP0046,45.0,48.2,1.0
6573413696,DP0041,50.0,35.4,0.0
6573413697,DP0024,45.0,23.3,0.0
6573413698,DP0027,65.0,34.7,0.0
6573413699,DP0041,70.0,47.5,0.0
6573413700,DP0043,40.0,30.5,0.0
6573413701,DP0005,45.0,27.7,0.0
6573413702,DP0041,60.0,46.4,0.0
6573413703,DP0043,40.0,28.3,0.0
6573413704,DP0037,40.0,27.5,0.0
6573413705,DP0041,40.0,28.8,0.0
6573413706,DP0016,45.0,34.3,0.0
6573413707,DP0005,45.0,35.1,0.0
6573413708,DP0041,45.0,33.9,0.0
6573413709,DP0007,45.0,28.9,0.0
6573413710,DP0041,45.0,22.9,0.0
6573413711,DP0041,55.0,40.7,0.0
6573413712,DP0047,55.0,33.1,0.0
6573413713,DP0041,60.0,47.1,0.0
6573413714,DP0028,40.0,41.8,1.0
6573413715,DP0049,50.0,35.0,0.0
6573413716,DP0007,70.0,56.0,0.0
6573413717,DP0041,50.0,27.7,0.0
6573413718,DP0019,50.0,33.5,0.0
6573413719,DP0027,50.0,32.4,0.0
6573413720,DP0043,55.0,38.1,0.0
6573413721,DP0041,55.0,41.5,0.0
6573413722,DP0043,55.0,40.2,0.0
6573413723,DP0021,50.0,37.2,0.0
6573413724,DP0009,50.0,35.8,0.0
6573413725,DP0049,45.0,36.8,0.0
6573413726,DP0043,45.0,41.3,0.0
6573413727,DP0043,45.0,39.5,0.0
6573413728,DP0043,55.0,46.0,0.0
6573413729,DP0028,55.0,48.9,0.0
6573413730,DP0003,70.0,50.3,0.0
6573413731,DP0026,50.0,43.6,0.0
6573413732,DP0013,55.0,37.2,0.0
6573413733,DP0050,40.0,37.6,0.0
6573413734,DP0041,40.0,23.9,0.0
6573413735,DP0033,40.0,25.1,0.0
6573413736,DP0049,50.0,39.7,0.0
6573413737,DP0010,40.0,40.6,1.0
6573413738,DP0033,40.0,37.8,0.0
6573413739,DP0043,40.0,34.7,0.0
6573413740,DP0005,55.0,39.1,0.0
6573413741,DP0021,45.0,27.1,0.0
6573413742,DP0008,55.0,34.8,0.0
6573413743,DP0041,55.0,36.8,0.0
6573413744,DP0041,50.0,38.7,0.0
6573413745,DP0043,40.0,41.9,1.0
6573413746,DP0041,60.0,53.0,0.0
6573413747,,,,
6573413748,DP0020,40.0,16.6,0.0
6573413749,DP0041,45.0,33.6,0.0
6573413750,DP0041,85.0,66.4,0.0
6573413751,DP0043,85.0,69.4,0.0
6573413752,DP0032,85.0,64.5,0.0
6573413753,DP0041,50.0,73.8,1.0
6573413754,DP0006,55.0,53.9,0.0
6573413755,DP0004,45.0,62.1,1.0
6573413756,DP0005,50.0,31.2,0.0
6573413757,DP0015,50.0,23.1,0.0
6573413758,DP0041,65.0,52.7,0.0
6573413759,DP0043,100.0,65.3,0.0
6573413760,DP0041,55.0,47.8,0.0
6573413761,DP0023,55.0,52.1,0.0
6573413762,DP0019,55.0,49.1,0.0
6573413763,DP0041,50.0,35.4,0.0
6573413764,DP0005,50.0,31.8,0.0
6573413765,DP0009,40.0,35.3,0.0
6573413766,DP0019,55.0,34.6,0.0
6573413767,DP0050,50.0,42.5,0.0
6573413768,DP0041,60.0,52.5,0.0
6573413769,DP0041,75.0,49.7,0.0
6573413770,DP0034,75.0,50.7,0.0
6573413771,DP0044,75.0,45.9,0.0
6573413772,DP0007,70.0,98.1,1.0
6573413773,DP0018,70.0,94.5,1.0
6573413774,DP0041,70.0,95.4,1.0
6573413775,DP0039,40.0,26.8,0.0
6573413776,DP0041,40.0,26.5,0.0
6573413777,DP0003,40.0,29.3,0.0
6573413778,DP0025,45.0,32.0,0.0
6573413779,DP0012,45.0,29.3,0.0
6573413780,DP0041,45.0,27.8,0.0
6573413781,DP0019,60.0,55.0,0.0
6573413782,DP0041,50.0,38.8,0.0
6573413783,DP0019,40.0,23.5,0.0
6573413784,DP0041,40.0,23.4,0.0
6573413785,DP0041,40.0,23.3,0.0
6573413786,DP0015,55.0,36.1,0.0
6573413787,DP0028,50.0,22.4,0.0
6573413788,DP0015,60.0,40.9,0.0
6573413789,DP0049,65.0,56.9,0.0
6573413790,DP0009,55.0,31.2,0.0
6573413791,DP0041,55.0,41.7,0.0
6573413792,DP0041,55.0,44.8,0.0
6573413793,DP0026,55.0,37.6,0.0
6573413794,DP0019,55.0,42.5,0.0
6573413795,DP0004,50.0,56.5,1.0
6573413796,DP0027,55.0,33.9,0.0
6573413797,DP0002,55.0,36.0,0.0
6573413798,DP0037,40.0,28.9,0.0
6573413799,DP0014,40.0,26.7,0.0
6573413800,DP0043,40.0,26.9,0.0
6573413801,DP0008,50.0,29.7,0.0
6573413802,DP0002,40.0,58.4,1.0
6573413803,DP0002,40.0,38.8,0.0
6573413804,DP0015,65.0,45.7,0.0
6573413805,DP0029,55.0,42.3,0.0
6573413806,DP0024,65.0,105.4,1.0
6573413807,DP0041,60.0,43.5,0.0
6573413808,DP0041,70.0,47.5,0.0
6573413809,DP0041,55.0,25.0,0.0
6573413810,DP0008,50.0,47.9,0.0
6573413811,DP0014,50.0,42.7,0.0
6573413812,DP0007,45.0,21.7,0.0
6573413813,DP0043,75.0,47.1,0.0
6573413814,DP0008,75.0,48.0,0.0
6573413815,DP0039,55.0,35.3,0.0
6573413816,DP0041,45.0,25.8,0.0
6573413817,DP0041,45.0,53.8,1.0
6573413818,DP0041,40.0,35.7,0.0
6573413819,DP0005,40.0,30.0,0.0
6573413820,DP0006,55.0,39.7,0.0
6573413821,DP0041,60.0,41.9,0.0
6573413822,DP0043,60.0,40.5,0.0
6573413823,DP0005,60.0,42.6,0.0
6573413824,DP0026,40.0,24.4,0.0
6573413825,DP0041,40.0,25.4,0.0
6573413826,DP0044,40.0,45.4,1.0
6573413827,DP0028,40.0,45.2,1.0
6573413828,DP0048,40.0,67.8,1.0
6573413829,DP0026,40.0,25.5,0.0
6573413830,DP0041,50.0,32.1,0.0
6573413831,DP0046,55.0,40.9,0.0
6573413832,DP0029,50.0,36.1,0.0
6573413833,DP0047,65.0,38.5,0.0
6573413834,DP0041,45.0,54.8,1.0
6573413835,DP0041,45.0,35.2,0.0
6573413836,DP0043,40.0,17.1,0.0
6573413837,DP0005,50.0,53.8,1.0
6573413838,DP0041,90.0,61.1,0.0
6573413839,DP0001,50.0,59.0,1.0
6573413840,DP0018,45.0,45.4,1.0
6573413841,DP0041,50.0,22.6,0.0
6573413842,DP0026,45.0,29.0,0.0
6573413843,DP0041,60.0,41.3,0.0
6573413844,DP0041,55.0,43.2,0.0
6573413845,DP0041,40.0,31.3,0.0
6573413846,DP0041,40.0,15.8,0.0
6573413847,DP0005,65.0,38.3,0.0
6573413848,DP0015,40.0,24.2,0.0
6573413849,DP0019,50.0,32.6,0.0
6573413850,DP0041,50.0,36.2,0.0
6573413851,DP0041,55.0,32.9,0.0
6573413852,DP0043,45.0,34.3,0.0
6573413853,DP0041,55.0,63.9,1.0
6573413854,DP0041,75.0,55.6,0.0
6573413855,DP0041,55.0,42.1,0.0
6573413856,DP0039,50.0,42.5,0.0
6573413857,DP0041,50.0,41.9,0.0
6573413858,DP0037,50.0,35.9,0.0
6573413859,DP0041,45.0,24.9,0.0
6573413860,DP0041,50.0,23.4,0.0
6573413861,,,,
6573413862,,,,
6573413863,,,,
6573413864,DP0005,50.0,46.3,0.0
6573413865,DP0043,50.0,31.2,0.0
6573413866,DP0041,50.0,33.4,0.0
6573413867,DP0005,50.0,33.4,0.0
6573413868,DP0049,50.0,29.3,0.0
6573413869,DP0011,50.0,29.3,0.0
6573413870,DP0041,45.0,23.4,0.0
6573413871,DP0044,45.0,22.7,0.0
6573413872,DP0041,45.0,24.8,0.0
6573413873,DP0002,45.0,40.2,0.0
6573413874,DP0041,50.0,24.5,0.0
6573413875,DP0018,50.0,34.1,0.0
6573413876,DP0037,55.0,36.1,0.0
6573413877,DP0038,50.0,34.8,0.0
6573413878,DP0039,50.0,34.4,0.0
6573413879,DP0043,40.0,30.5,0.0
6573413880,DP0041,55.0,38.9,0.0
6573413881,DP0026,50.0,28.7,0.0
6573413882,DP0039,50.0,26.5,0.0
6573413883,DP0041,45.0,31.1,0.0
6573413884,DP0018,50.0,29.2,0.0
6573413885,DP0009,65.0,44.6,0.0
6573413886,DP0010,40.0,22.2,0.0
6573413887,DP0041,40.0,8.4,0.0
6573413888,DP0048,40.0,37.9,0.0
6573413889,DP0041,50.0,33.4,0.0
6573413890,DP0050,50.0,33.5,0.0
6573413891,DP0044,70.0,41.5,0.0
6573413892,DP0021,55.0,43.2,0.0
6573413893,DP0050,45.0,34.4,0.0
6573413894,DP0008,45.0,28.4,0.0
6573413895,DP0028,50.0,53.3,1.0
6573413896,DP0001,55.0,51.3,0.0
6573413897,DP0017,55.0,56.5,1.0
6573413898,DP0015,55.0,53.0,0.0
6573413899,DP0025,65.0,49.6,0.0
6573413900,DP0041,40.0,29.4,0.0
6573413901,DP0041,40.0,25.5,0.0
6573413902,DP0021,40.0,31.2,0.0
6573413903,DP0038,45.0,50.7,1.0
6573413904,DP0019,40.0,33.3,0.0
6573413905,DP0041,45.0,33.0,0.0
6573413906,DP0009,50.0,46.9,0.0
6573413907,DP0041,50.0,31.1,0.0
6573413908,DP0041,50.0,28.9,0.0
6573413909,DP0043,40.0,22.5,0.0
6573413910,DP0007,45.0,23.6,0.0
6573413911,DP0041,55.0,39.0,0.0
6573413912,,,,
6573413913,DP0041,55.0,44.3,0.0
6573413914,DP0047,55.0,42.1,0.0
6573413915,DP0031,45.0,46.0,1.0
6573413916,DP0041,40.0,24.3,0.0
6573413917,DP0043,65.0,55.2,0.0
6573413918,DP0005,55.0,64.6,1.0
6573413919,DP0041,50.0,31.5,0.0
6573413920,DP0015,65.0,64.8,0.0
6573413921,DP0019,40.0,34.9,0.0
6573413922,DP0041,65.0,64.8,0.0
6573413923,DP0041,55.0,72.5,1.0
6573413924,DP0004,55.0,85.2,1.0
6573413925,DP0041,55.0,75.7,1.0
6573413926,DP0041,50.0,34.4,0.0
6573413927,DP0006,40.0,23.7,0.0
6573413928,DP0041,50.0,41.7,0.0
6573413929,DP0041,45.0,17.6,0.0
6573413930,DP0026,45.0,29.2,0.0
6573413931,DP0041,55.0,40.2,0.0
6573413932,DP0041,55.0,46.9,0.0
6573413933,DP0043,40.0,24.0,0.0
6573413934,DP0026,70.0,45.0,0.0
6573413935,DP0019,55.0,48.1,0.0
6573413936,DP0021,45.0,22.3,0.0
6573413937,DP0041,55.0,33.6,0.0
6573413938,DP0041,45.0,24.5,0.0
6573413939,DP0041,45.0,28.9,0.0
6573413940,DP0021,45.0,23.3,0.0
6573413941,DP0006,80.0,71.5,0.0
6573413942,DP0041,40.0,31.1,0.0
6573413943,DP0043,55.0,34.8,0.0
6573413944,DP0034,40.0,32.8,0.0
6573413945,DP0041,40.0,21.0,0.0
6573413946,DP0006,55.0,38.3,0.0
6573413947,DP0027,55.0,33.7,0.0
6573413948,DP0041,55.0,39.4,0.0
6573413949,DP0041,60.0,44.9,0.0
6573413950,DP0046,45.0,37.9,0.0
6573413951,DP0046,45.0,37.8,0.0
6573413952,DP0041,55.0,35.8,0.0
6573413953,DP0043,50.0,37.1,0.0
6573413954,DP0034,55.0,47.3,0.0
6573413955,DP0043,55.0,46.8,0.0
6573413956,DP0041,55.0,47.1,0.0
6573413957,DP0026,40.0,25.5,0.0
6573413958,DP0041,50.0,51.2,1.0
6573413959,DP0043,45.0,35.5,0.0
6573413960,DP0041,40.0,46.6,1.0
6573413961,DP0043,60.0,53.8,0.0
6573413962,DP0031,90.0,72.5,0.0
6573413963,DP0046,50.0,49.1,0.0
6573413964,DP0005,50.0,35.6,0.0
6573413965,DP0041,40.0,21.8,0.0
6573413966,DP0005,40.0,19.2,0.0
6573413967,DP0043,40.0,15.4,0.0
6573413968,DP0041,50.0,30.2,0.0
6573413969,DP0009,40.0,33.7,0.0
6573413970,DP0007,40.0,34.4,0.0
6573413971,DP0017,40.0,33.7,0.0
6573413972,DP0005,50.0,41.2,0.0
6573413973,DP0039,50.0,35.2,0.0
6573413974,DP0028,50.0,45.6,0.0
6573413975,DP0041,65.0,46.0,0.0
6573413976,DP0041,65.0,48.1,0.0
6573413977,DP0041,40.0,25.6,0.0
6573413978,DP0008,40.0,26.6,0.0
6573413979,DP0041,40.0,22.4,0.0
6573413980,DP0032,40.0,43.6,1.0
6573413981,DP0043,40.0,29.6,0.0
6573413982,DP0046,50.0,40.1,0.0
6573413983,DP0008,45.0,35.5,0.0
6573413984,DP0025,85.0,56.0,0.0
6573413985,DP0043,60.0,40.4,0.0
6573413986,DP0014,65.0,53.4,0.0
6573413987,DP0041,65.0,51.3,0.0
6573413988,DP0009,65.0,55.3,0.0
6573413989,DP0041,45.0,55.0,1.0
6573413990,DP0043,55.0,39.4,0.0
6573413991,DP0041,55.0,36.1,0.0
6573413992,DP0015,55.0,41.1,0.0
6573413993,DP0041,55.0,39.7,0.0
6573413994,DP0043,45.0,31.1,0.0
6573413995,DP0015,50.0,34.1,0.0
6573413996,DP0002,45.0,27.4,0.0
6573413997,DP0043,55.0,43.2,0.0
6573413998,DP0003,40.0,25.3,0.0
6573413999,DP0007,55.0,38.8,0.0
6573414000,DP0011,50.0,39.9,0.0
6573414001,DP0041,50.0,24.7,0.0
6573414002,DP0008,50.0,38.4,0.0
6573414003,DP0047,55.0,40.0,0.0
6573414004,DP0041,50.0,35.2,0.0
6573414005,DP0041,45.0,41.0,0.0
6573414006,DP0021,45.0,43.6,0.0
6573414007,DP0043,45.0,42.8,0.0
6573414008,DP0016,70.0,54.9,0.0
6573414009,DP0043,70.0,58.6,0.0
6573414010,DP0047,70.0,53.5,0.0
6573414011,DP0041,55.0,32.8,0.0
6573414012,DP0005,50.0,28.6,0.0
6573414013,DP0019,50.0,30.9,0.0
6573414014,DP0037,50.0,43.3,0.0
6573414015,DP0016,40.0,27.3,0.0
6573414016,DP0041,70.0,44.6,0.0
6573414017,DP0019,50.0,45.4,0.0
6573414018,DP0044,50.0,39.2,0.0
6573414019,DP0041,50.0,43.0,0.0
6573414020,DP0041,65.0,42.2,0.0
6573414021,DP0008,65.0,39.6,0.0
6573414022,DP0041,65.0,38.4,0.0
6573414023,DP0041,50.0,34.5,0.0
6573414024,DP0041,50.0,26.6,0.0
6573414025,DP0002,50.0,29.0,0.0
6573414026,DP0043,50.0,27.1,0.0
6573414027,DP0041,50.0,33.7,0.0
6573414028,DP0041,55.0,26.3,0.0
6573414029,DP0041,65.0,49.1,0.0
6573414030,DP0007,65.0,49.8,0.0
6573414031,DP0041,65.0,50.5,0.0
6573414032,,,,
6573414033,DP0050,75.0,61.0,0.0
6573414034,DP0039,65.0,46.2,0.0
6573414035,DP0041,65.0,43.3,0.0
6573414036,DP0038,55.0,37.0,0.0
6573414037,DP0003,60.0,44.1,0.0
6573414038,DP0041,40.0,25.5,0.0
6573414039,DP0041,45.0,24.3,0.0
6573414040,DP0041,40.0,34.4,0.0
6573414041,DP0041,50.0,30.9,0.0
6573414042,DP0041,50.0,54.4,1.0
6573414043,DP0041,50.0,59.8,1.0
6573414044,DP0005,50.0,52.8,1.0
6573414045,DP0041,50.0,36.1,0.0
6573414046,DP0015,40.0,28.0,0.0
6573414047,DP0049,55.0,37.2,0.0
6573414048,DP0043,40.0,29.4,0.0
6573414049,DP0041,55.0,48.7,0.0
6573414050,DP0043,55.0,37.4,0.0
6573414051,DP0041,55.0,38.7,0.0
6573414052,DP0043,55.0,34.1,0.0
6573414053,DP0043,50.0,25.4,0.0
6573414054,DP0043,85.0,65.9,0.0
6573414055,DP0041,40.0,28.0,0.0
6573414056,DP0041,40.0,23.2,0.0
6573414057,DP0007,50.0,38.0,0.0
6573414058,DP0043,45.0,33.8,0.0
6573414059,DP0041,55.0,49.3,0.0
6573414060,DP0015,55.0,53.0,0.0
6573414061,DP0047,40.0,30.3,0.0
6573414062,DP0043,40.0,30.1,0.0
6573414063,DP0041,40.0,27.2,0.0
6573414064,DP0047,55.0,48.5,0.0
6573414065,DP0005,40.0,32.9,0.0
6573414066,DP0019,40.0,39.4,0.0
6573414067,DP0044,55.0,39.2,0.0
6573414068,DP0041,60.0,41.0,0.0
6573414069,DP0041,80.0,55.6,0.0
6573414070,DP0041,80.0,55.3,0.0
6573414071,DP0002,80.0,56.8,0.0
6573414072,DP0008,45.0,43.0,0.0
6573414073,DP0043,55.0,36.9,0.0
6573414074,DP0041,55.0,36.5,0.0
6573414075,DP0025,65.0,42.0,0.0
6573414076,DP0041,40.0,32.6,0.0
6573414077,DP0005,40.0,34.1,0.0
6573414078,DP0041,55.0,39.0,0.0
6573414079,DP0041,55.0,41.7,0.0
6573414080,DP0039,55.0,40.4,0.0
6573414081,DP0049,50.0,25.0,0.0
6573414082,DP0002,50.0,20.7,0.0
6573414083,DP0019,50.0,25.0,0.0
6573414084,DP0041,55.0,40.6,0.0
6573414085,DP0041,40.0,25.5,0.0
6573414086,DP0041,45.0,27.5,0.0
6573414087,DP0015,40.0,31.8,0.0
6573414088,DP0043,40.0,33.9,0.0
6573414089,DP0048,60.0,56.8,0.0
6573414090,DP0019,40.0,21.7,0.0
6573414091,DP0041,40.0,16.9,0.0
6573414092,DP0028,40.0,18.6,0.0
6573414093,DP0009,45.0,18.9,0.0
6573414094,DP0003,60.0,47.7,0.0
6573414095,DP0008,45.0,34.6,0.0
6573414096,DP0043,50.0,32.8,0.0
6573414097,DP0015,85.0,58.5,0.0
6573414098,DP0041,45.0,31.9,0.0
6573414099,DP0043,40.0,33.8,0.0
6573414100,DP0041,40.0,31.3,0.0
6573414101,DP0041,40.0,29.0,0.0
6573414102,DP0041,45.0,26.5,0.0
6573414103,DP0050,45.0,36.8,0.0
6573414104,DP0041,60.0,38.8,0.0
6573414105,DP0005,50.0,25.6,0.0
6573414106,,,,
6573414107,DP0007,50.0,61.2,1.0
6573414108,DP0043,50.0,57.7,1.0
6573414109,DP0014,50.0,58.9,1.0
6573414110,DP0041,50.0,26.8,0.0
6573414111,DP0041,40.0,35.2,0.0
6573414112,DP0041,55.0,42.3,0.0
6573414113,DP0043,55.0,33.7,0.0
6573414114,DP0021,75.0,57.1,0.0
6573414115,DP0041,55.0,28.0,0.0
6573414116,DP0048,55.0,59.5,1.0
6573414117,DP0043,55.0,37.3,0.0
6573414118,DP0037,55.0,40.6,0.0
6573414119,DP0041,50.0,39.9,0.0
6573414120,DP0041,50.0,30.9,0.0
6573414121,DP0005,65.0,36.6,0.0
6573414122,DP0014,55.0,39.8,0.0
6573414123,DP0007,50.0,27.4,0.0
6573414124,DP0043,55.0,34.4,0.0
6573414125,DP0003,40.0,36.8,0.0
6573414126,DP0041,40.0,32.6,0.0
6573414127,DP0041,40.0,33.4,0.0
6573414128,DP0023,55.0,94.9,1.0
6573414129,DP0008,50.0,35.1,0.0
6573414130,DP0041,50.0,30.5,0.0
6573414131,DP0041,55.0,38.8,0.0
6573414132,DP0041,45.0,32.6,0.0
6573414133,DP0002,45.0,31.9,0.0
6573414134,DP0005,45.0,30.8,0.0
6573414135,DP0049,50.0,34.7,0.0
6573414136,DP0005,50.0,30.9,0.0
6573414137,DP0041,50.0,33.3,0.0
6573414138,DP0043,50.0,36.9,0.0
6573414139,DP0024,55.0,48.5,0.0
6573414140,DP0043,45.0,25.8,0.0
6573414141,DP0043,45.0,35.6,0.0
6573414142,DP0019,55.0,38.6,0.0
6573414143,DP0043,55.0,39.1,0.0
6573414144,DP0026,55.0,35.9,0.0
6573414145,DP0041,40.0,19.0,0.0
6573414146,DP0028,50.0,34.4,0.0
6573414147,DP0006,50.0,34.8,0.0
6573414148,DP0015,90.0,63.0,0.0
6573414149,DP0041,45.0,28.8,0.0
6573414150,DP0041,55.0,20.2,0.0
6573414151,DP0003,65.0,49.6,0.0
6573414152,DP0002,55.0,40.6,0.0
6573414153,DP0041,55.0,34.8,0.0
6573414154,DP0041,40.0,28.3,0.0
6573414155,DP0026,50.0,50.0,0.0
6573414156,DP0027,50.0,32.8,0.0
6573414157,DP0002,85.0,57.6,0.0
6573414158,DP0015,50.0,36.4,0.0
6573414159,DP0041,55.0,40.9,0.0
6573414160,DP0041,50.0,53.6,1.0
6573414161,DP0041,55.0,44.5,0.0
6573414162,DP0043,75.0,61.3,0.0
6573414163,DP0041,50.0,34.6,0.0
6573414164,DP0041,50.0,38.3,0.0
6573414165,DP0041,40.0,22.8,0.0
6573414166,DP0041,45.0,25.9,0.0
6573414167,DP0043,40.0,21.9,0.0
6573414168,DP0043,45.0,32.5,0.0
6573414169,DP0005,50.0,70.0,1.0
6573414170,DP0041,50.0,25.8,0.0
6573414171,DP0041,55.0,47.5,0.0
6573414172,DP0041,55.0,39.5,0.0
6573414173,DP0022,45.0,21.2,0.0
6573414174,DP0043,45.0,19.4,0.0
6573414175,DP0041,50.0,42.3,0.0
6573414176,DP0042,50.0,37.3,0.0
6573414177,DP0008,55.0,36.0,0.0
6573414178,DP0043,65.0,42.0,0.0
6573414179,DP0050,40.0,50.0,1.0
6573414180,DP0005,40.0,37.0,0.0
6573414181,DP0028,55.0,31.7,0.0
6573414182,DP0005,50.0,50.6,1.0
6573414183,DP0012,40.0,36.2,0.0
6573414184,DP0041,40.0,24.9,0.0
6573414185,DP0041,40.0,30.1,0.0
6573414186,DP0041,50.0,24.7,0.0
6573414187,DP0041,90.0,75.2,0.0
6573414188,DP0050,90.0,69.5,0.0
6573414189,DP0019,55.0,36.8,0.0
6573414190,DP0009,50.0,31.3,0.0
6573414191,DP0014,55.0,42.8,0.0
6573414192,DP0041,40.0,26.2,0.0
6573414193,DP0041,95.0,71.8,0.0
6573414194,DP0044,40.0,23.8,0.0
6573414195,DP0005,45.0,28.7,0.0
6573414196,DP0043,45.0,51.3,1.0
6573414197,DP0041,40.0,40.3,1.0
6573414198,DP0008,55.0,27.0,0.0
6573414199,DP0013,55.0,37.3,0.0
6573414200,DP0040,45.0,50.7,1.0
6573414201,DP0041,45.0,37.9,0.0
6573414202,DP0019,40.0,34.8,0.0
6573414203,DP0041,45.0,27.3,0.0
6573414204,DP0041,50.0,32.4,0.0
6573414205,DP0019,40.0,39.2,0.0
6573414206,DP0050,45.0,37.3,0.0
6573414207,DP0043,45.0,18.4,0.0
6573414208,DP0041,40.0,28.0,0.0
6573414209,DP0015,55.0,46.3,0.0
6573414210,DP0048,55.0,50.0,0.0
6573414211,DP0032,55.0,40.6,0.0
6573414212,DP0015,50.0,38.7,0.0
6573414213,DP0041,75.0,66.3,0.0
6573414214,DP0041,55.0,62.0,1.0
6573414215,DP0041,50.0,36.5,0.0
6573414216,DP0043,50.0,32.6,0.0
6573414217,DP0041,50.0,26.3,0.0
6573414218,DP0041,50.0,29.6,0.0
6573414219,DP0043,50.0,28.5,0.0
6573414220,DP0043,45.0,25.9,0.0
6573414221,DP0015,55.0,35.5,0.0
6573414222,DP0043,85.0,52.4,0.0
6573414223,DP0041,45.0,19.7,0.0
6573414224,DP0008,50.0,25.1,0.0
6573414225,DP0041,45.0,23.7,0.0
6573414226,DP0041,45.0,27.3,0.0
6573414227,DP0041,45.0,25.5,0.0
6573414228,DP0005,50.0,36.5,0.0
6573414229,DP0015,75.0,60.5,0.0
6573414230,DP0003,75.0,61.1,0.0
6573414231,DP0048,75.0,70.7,0.0
6573414232,DP0050,85.0,82.1,0.0
6573414233,DP0048,85.0,84.7,0.0
6573414234,DP0041,85.0,69.5,0.0
6573414235,DP0041,60.0,33.1,0.0
6573414236,DP0015,60.0,37.9,0.0
6573414237,DP0009,60.0,33.6,0.0
6573414238,DP0012,75.0,50.3,0.0
6573414239,DP0043,50.0,28.5,0.0
6573414240,DP0041,50.0,36.9,0.0
6573414241,DP0016,50.0,31.5,0.0
6573414242,DP0024,50.0,39.7,0.0
6573414243,DP0028,50.0,44.8,0.0
6573414244,DP0005,50.0,40.8,0.0
6573414245,DP0041,70.0,50.6,0.0
6573414246,DP0041,55.0,31.8,0.0
6573414247,DP0014,45.0,25.8,0.0
6573414248,DP0041,45.0,17.7,0.0
6573414249,DP0035,45.0,20.0,0.0
6573414250,DP0019,55.0,38.8,0.0
6573414251,DP0041,55.0,44.7,0.0
6573414252,DP0041,75.0,62.0,0.0
6573414253,DP0049,55.0,37.8,0.0
6573414254,DP0048,50.0,32.3,0.0
6573414255,DP0041,55.0,32.4,0.0
6573414256,DP0041,40.0,37.9,0.0
6573414257,DP0019,40.0,28.8,0.0
6573414258,DP0007,40.0,31.2,0.0
6573414259,DP0002,60.0,61.1,1.0
6573414260,DP0026,60.0,58.6,0.0
6573414261,DP0043,60.0,61.4,1.0
6573414262,DP0041,45.0,30.8,0.0
6573414263,DP0039,50.0,30.5,0.0
6573414264,DP0041,40.0,62.9,1.0
6573414265,DP0015,45.0,29.2,0.0
6573414266,DP0041,40.0,23.0,0.0
6573414267,DP0021,50.0,30.4,0.0
6573414268,DP0041,60.0,47.8,0.0
6573414269,DP0019,50.0,23.5,0.0
6573414270,DP0015,65.0,61.7,0.0
6573414271,DP0039,50.0,44.6,0.0
6573414272,DP0005,45.0,30.1,0.0
6573414273,DP0043,40.0,17.8,0.0
6573414274,DP0005,55.0,30.8,0.0
6573414275,DP0019,55.0,29.8,0.0
6573414276,DP0019,55.0,31.1,0.0
6573414277,DP0026,50.0,26.5,0.0
6573414278,DP0008,60.0,29.8,0.0
6573414279,DP0017,50.0,43.6,0.0
6573414280,DP0050,75.0,72.3,0.0
6573414281,DP0043,45.0,63.4,1.0
6573414282,DP0041,65.0,44.5,0.0
6573414283,DP0007,50.0,34.8,0.0
6573414284,DP0015,40.0,29.3,0.0
6573414285,DP0043,40.0,31.2,0.0
6573414286,DP0001,40.0,29.0,0.0
6573414287,DP0043,45.0,35.0,0.0
6573414288,DP0048,55.0,51.8,0.0
6573414289,DP0026,50.0,32.6,0.0
6573414290,DP0041,60.0,37.5,0.0
6573414291,DP0044,60.0,37.2,0.0
6573414292,DP0041,60.0,39.2,0.0
6573414293,DP0010,40.0,22.3,0.0
6573414294,DP0024,40.0,23.2,0.0
6573414295,DP0032,40.0,25.5,0.0
6573414296,DP0003,40.0,22.0,0.0
6573414297,DP0015,55.0,50.1,0.0
6573414298,DP0019,85.0,60.9,0.0
6573414299,DP0041,50.0,38.2,0.0
6573414300,DP0041,80.0,53.7,0.0
6573414301,DP0005,55.0,58.4,1.0
6573414302,DP0043,55.0,66.8,1.0
6573414303,DP0041,50.0,62.3,1.0
6573414304,DP0041,50.0,64.0,1.0
6573414305,DP0028,50.0,64.3,1.0
6573414306,DP0005,45.0,18.1,0.0
6573414307,DP0041,50.0,43.4,0.0
6573414308,DP0005,50.0,42.9,0.0
6573414309,DP0019,45.0,30.9,0.0
6573414310,DP0041,50.0,36.6,0.0
6573414311,DP0043,45.0,36.8,0.0
6573414312,DP0050,45.0,44.7,0.0
6573414313,DP0024,50.0,34.5,0.0
6573414314,DP0041,45.0,33.2,0.0
6573414315,,,,
6573414316,DP0015,50.0,77.8,1.0
6573414317,DP0001,75.0,49.6,0.0
6573414318,DP0043,55.0,36.5,0.0
6573414319,DP0041,40.0,26.4,0.0
6573414320,DP0041,40.0,28.7,0.0
6573414321,DP0030,45.0,26.6,0.0
6573414322,DP0005,50.0,31.2,0.0
6573414323,DP0025,40.0,27.1,0.0
6573414324,DP0041,55.0,37.0,0.0
6573414325,DP0048,55.0,45.4,0.0
6573414326,DP0009,55.0,43.8,0.0
6573414327,DP0041,50.0,23.3,0.0
6573414328,DP0043,50.0,28.5,0.0
6573414329,DP0041,50.0,23.4,0.0
6573414330,DP0041,55.0,44.1,0.0
6573414331,DP0041,60.0,51.3,0.0
6573414332,,,,
6573414333,DP0001,50.0,47.8,0.0
6573414334,DP0043,50.0,34.5,0.0
6573414335,DP0005,50.0,35.5,0.0
6573414336,DP0006,50.0,19.2,0.0
6573414337,DP0027,45.0,31.0,0.0
6573414338,DP0008,45.0,30.8,0.0
6573414339,DP0006,45.0,31.0,0.0
6573414340,DP0005,65.0,79.1,1.0
6573414341,DP0041,60.0,44.0,0.0
6573414342,DP0016,60.0,50.3,0.0
6573414343,DP0004,60.0,64.3,1.0
6573414344,DP0041,40.0,28.1,0.0
6573414345,DP0041,55.0,86.0,1.0
6573414346,DP0030,55.0,87.7,1.0
6573414347,DP0041,55.0,89.6,1.0
6573414348,DP0041,75.0,44.0,0.0
6573414349,DP0015,55.0,36.7,0.0
6573414350,DP0037,55.0,52.1,0.0
6573414351,DP0043,55.0,35.3,0.0
6573414352,DP0045,55.0,35.5,0.0
6573414353,DP0041,55.0,36.0,0.0
6573414354,DP0016,50.0,30.8,0.0
6573414355,DP0043,45.0,37.1,0.0
6573414356,DP0041,40.0,19.9,0.0
6573414357,DP0040,45.0,28.5,0.0
6573414358,DP0041,40.0,25.6,0.0
6573414359,DP0041,75.0,50.9,0.0
6573414360,DP0006,45.0,32.9,0.0
6573414361,DP0005,50.0,24.9,0.0
6573414362,DP0015,45.0,26.6,0.0
6573414363,DP0020,55.0,42.9,0.0
6573414364,DP0034,60.0,44.2,0.0
6573414365,DP0029,50.0,28.0,0.0
6573414366,DP0041,55.0,29.1,0.0
6573414367,DP0041,45.0,42.5,0.0
6573414368,DP0041,40.0,26.7,0.0
6573414369,DP0003,45.0,30.9,0.0
6573414370,DP0039,45.0,29.4,0.0
6573414371,DP0041,65.0,43.1,0.0
6573414372,DP0043,50.0,31.0,0.0
6573414373,DP0043,50.0,28.8,0.0
6573414374,DP0043,50.0,24.8,0.0
6573414375,DP0015,40.0,32.2,0.0
6573414376,DP0041,40.0,31.7,0.0
6573414377,DP0005,75.0,45.4,0.0
6573414378,DP0048,40.0,36.6,0.0
6573414379,DP0041,55.0,35.5,0.0
6573414380,DP0043,55.0,42.0,0.0
6573414381,DP0003,55.0,45.0,0.0
6573414382,DP0010,55.0,38.1,0.0
6573414383,DP0041,55.0,48.2,0.0
6573414384,DP0041,50.0,37.4,0.0
6573414385,DP0006,55.0,33.9,0.0
6573414386,DP0041,50.0,43.9,0.0
6573414387,DP0043,40.0,20.2,0.0
6573414388,DP0041,40.0,30.9,0.0
6573414389,DP0048,50.0,51.8,1.0
6573414390,DP0005,50.0,31.3,0.0
6573414391,DP0032,55.0,51.6,0.0
6573414392,DP0041,55.0,48.2,0.0
6573414393,DP0008,45.0,24.6,0.0
6573414394,DP0043,45.0,26.3,0.0
6573414395,DP0041,45.0,20.2,0.0
6573414396,DP0019,55.0,40.4,0.0
6573414397,DP0015,55.0,41.1,0.0
6573414398,DP0043,55.0,35.8,0.0
6573414399,DP0013,50.0,35.7,0.0
6573414400,DP0019,40.0,21.9,0.0
6573414401,DP0041,55.0,37.4,0.0
6573414402,DP0041,55.0,42.8,0.0
6573414403,DP0043,55.0,36.9,0.0
6573414404,DP0041,50.0,29.1,0.0
6573414405,DP0039,50.0,28.8,0.0
6573414406,DP0014,50.0,26.5,0.0
6573414407,DP0043,50.0,29.5,0.0
6573414408,DP0041,55.0,63.9,1.0
6573414409,DP0041,65.0,64.1,0.0
6573414410,DP0007,65.0,60.5,0.0
6573414411,DP0043,65.0,67.1,1.0
6573414412,DP0050,60.0,43.5,0.0
6573414413,DP0041,45.0,26.1,0.0
6573414414,DP0041,45.0,24.2,0.0
6573414415,DP0033,45.0,28.2,0.0
6573414416,DP0043,45.0,32.5,0.0
6573414417,DP0041,45.0,29.0,0.0
6573414418,DP0027,65.0,46.1,0.0
6573414419,DP0041,45.0,29.6,0.0
6573414420,DP0041,50.0,35.6,0.0
6573414421,DP0005,45.0,48.3,1.0
6573414422,DP0020,55.0,38.8,0.0
6573414423,DP0041,40.0,17.9,0.0
6573414424,DP0041,55.0,42.2,0.0
6573414425,DP0005,85.0,58.5,0.0
6573414426,DP0041,50.0,31.3,0.0
6573414427,DP0003,50.0,31.1,0.0
6573414428,DP0014,50.0,34.1,0.0
6573414429,DP0021,45.0,23.3,0.0
6573414430,DP0041,50.0,33.4,0.0
6573414431,DP0009,55.0,35.6,0.0
6573414432,DP0041,60.0,61.8,1.0
6573414433,DP0041,50.0,30.8,0.0
6573414434,DP0005,40.0,34.3,0.0
6573414435,DP0024,60.0,38.9,0.0
6573414436,DP0046,60.0,81.7,1.0
6573414437,DP0008,45.0,34.0,0.0
6573414438,DP0041,45.0,30.8,0.0
6573414439,DP0041,55.0,34.7,0.0
6573414440,DP0048,55.0,44.8,0.0
6573414441,DP0006,55.0,30.7,0.0
6573414442,DP0043,50.0,38.6,0.0
6573414443,DP0043,50.0,28.3,0.0
6573414444,DP0041,40.0,23.0,0.0
6573414445,DP0043,55.0,42.1,0.0
6573414446,DP0041,55.0,41.0,0.0
6573414447,DP0043,55.0,38.8,0.0
6573414448,DP0043,65.0,51.8,0.0
6573414449,DP0041,55.0,36.7,0.0
6573414450,DP0043,50.0,22.2,0.0
6573414451,DP0041,50.0,19.6,0.0
6573414452,DP0041,50.0,24.6,0.0
6573414453,DP0015,40.0,24.0,0.0
6573414454,DP0041,45.0,29.4,0.0
6573414455,DP0005,55.0,49.4,0.0
6573414456,DP0041,40.0,38.2,0.0
6573414457,DP0041,40.0,48.7,1.0
6573414458,DP0009,40.0,16.5,0.0
6573414459,DP0021,65.0,72.9,1.0
6573414460,DP0048,55.0,47.6,0.0
6573414461,DP0021,55.0,30.2,0.0
6573414462,DP0008,55.0,31.3,0.0
6573414463,DP0041,45.0,32.6,0.0
6573414464,DP0016,55.0,46.4,0.0
6573414465,DP0010,55.0,42.5,0.0
6573414466,DP0026,55.0,34.5,0.0
6573414467,DP0005,50.0,46.0,0.0
6573414468,DP0008,45.0,28.8,0.0
6573414469,DP0034,45.0,34.0,0.0
6573414470,DP0041,45.0,26.1,0.0
6573414471,DP0005,40.0,18.4,0.0
6573414472,DP0041,50.0,55.9,1.0
6573414473,DP0038,50.0,45.1,0.0
6573414474,DP0041,55.0,27.9,0.0
6573414475,DP0003,55.0,28.6,0.0
6573414476,DP0008,50.0,34.5,0.0
6573414477,DP0028,50.0,35.2,0.0
6573414478,DP0002,50.0,38.1,0.0
6573414479,DP0041,60.0,45.3,0.0
6573414480,DP0012,45.0,43.2,0.0
6573414481,DP0019,50.0,33.9,0.0
6573414482,DP0005,45.0,30.3,0.0
6573414483,DP0037,80.0,51.0,0.0
6573414484,DP0050,40.0,45.6,1.0
6573414485,DP0041,40.0,26.8,0.0
6573414486,DP0041,40.0,30.0,0.0
6573414487,DP0041,55.0,28.2,0.0
6573414488,DP0028,55.0,32.9,0.0
6573414489,DP0043,55.0,34.1,0.0
6573414490,DP0023,55.0,36.6,0.0
6573414491,DP0013,55.0,39.2,0.0
6573414492,DP0041,55.0,34.2,0.0
6573414493,DP0048,60.0,62.0,1.0
6573414494,DP0048,40.0,48.3,1.0
6573414495,DP0041,50.0,39.9,0.0
6573414496,DP0041,55.0,26.1,0.0
6573414497,DP0043,45.0,31.8,0.0
6573414498,DP0044,45.0,32.4,0.0
6573414499,DP0041,45.0,34.6,0.0
6573414500,DP0041,55.0,42.5,0.0
6573414501,DP0041,50.0,33.7,0.0
6573414502,DP0043,55.0,53.7,0.0
6573414503,DP0041,55.0,53.1,0.0
6573414504,DP0041,75.0,51.6,0.0
6573414505,DP0026,75.0,51.9,0.0
6573414506,DP0043,75.0,47.6,0.0
6573414507,DP0041,65.0,58.7,0.0
6573414508,DP0007,55.0,36.6,0.0
6573414509,DP0041,55.0,29.5,0.0
6573414510,DP0005,55.0,36.0,0.0
6573414511,DP0041,50.0,40.2,0.0
6573414512,DP0041,40.0,27.7,0.0
6573414513,DP0041,60.0,42.4,0.0
6573414514,DP0041,40.0,32.4,0.0
6573414515,DP0004,40.0,46.8,1.0
6573414516,DP0041,40.0,33.7,0.0
6573414517,DP0019,50.0,38.8,0.0
6573414518,DP0041,50.0,37.3,0.0
6573414519,DP0043,85.0,70.0,0.0
6573414520,DP0041,45.0,47.5,1.0
6573414521,DP0041,40.0,25.4,0.0
6573414522,DP0043,40.0,23.7,0.0
6573414523,DP0034,40.0,22.9,0.0
6573414524,DP0041,50.0,43.8,0.0
6573414525,DP0006,50.0,41.5,0.0
6573414526,DP0041,50.0,44.2,0.0
6573414527,DP0017,40.0,21.9,0.0
6573414528,DP0015,40.0,20.1,0.0
6573414529,DP0041,55.0,41.0,0.0
6573414530,DP0002,45.0,44.8,0.0
6573414531,DP0016,50.0,31.6,0.0
6573414532,DP0043,40.0,31.9,0.0
6573414533,DP0043,40.0,34.2,0.0
6573414534,DP0012,40.0,34.9,0.0
6573414535,DP0041,50.0,39.6,0.0
6573414536,DP0001,50.0,35.3,0.0
6573414537,DP0019,50.0,37.3,0.0
6573414538,DP0015,50.0,30.8,0.0
6573414539,DP0034,50.0,27.4,0.0
6573414540,DP0041,50.0,28.8,0.0
6573414541,DP0005,65.0,40.6,0.0
6573414542,DP0041,65.0,39.2,0.0
6573414543,DP0005,65.0,42.2,0.0
6573414544,DP0043,40.0,49.9,1.0
6573414545,DP0016,40.0,62.4,1.0
6573414546,DP0041,40.0,47.5,1.0
6573414547,DP0041,40.0,31.2,0.0
6573414548,DP0043,55.0,37.6,0.0
6573414549,DP0034,45.0,25.6,0.0
6573414550,DP0010,55.0,42.9,0.0
6573414551,DP0002,50.0,42.7,0.0
6573414552,DP0041,45.0,28.5,0.0
6573414553,DP0019,55.0,32.0,0.0
6573414554,DP0019,55.0,31.5,0.0
6573414555,DP0041,55.0,28.7,0.0
6573414556,DP0041,40.0,29.9,0.0
6573414557,DP0038,60.0,38.8,0.0
6573414558,DP0041,40.0,10.6,0.0
6573414559,DP0041,40.0,12.9,0.0
6573414560,DP0047,40.0,10.5,0.0
6573414561,DP0009,50.0,34.4,0.0
6573414562,DP0003,50.0,37.8,0.0
6573414563,DP0015,40.0,18.6,0.0
6573414564,DP0043,40.0,14.7,0.0
6573414565,DP0043,40.0,20.1,0.0
6573414566,DP0048,55.0,44.0,0.0
6573414567,DP0043,55.0,30.9,0.0
6573414568,DP0041,55.0,28.9,0.0
6573414569,DP0015,70.0,55.1,0.0
6573414570,DP0009,70.0,60.0,0.0
6573414571,DP0041,70.0,59.2,0.0
6573414572,DP0025,50.0,32.7,0.0
6573414573,DP0048,45.0,53.6,1.0
6573414574,DP0036,45.0,37.4,0.0
6573414575,DP0006,45.0,34.5,0.0
6573414576,DP0041,45.0,28.3,0.0
6573414577,DP0033,45.0,27.8,0.0
6573414578,DP0010,45.0,28.8,0.0
6573414579,DP0041,40.0,31.9,0.0
6573414580,DP0005,50.0,29.2,0.0
6573414581,DP0041,50.0,26.4,0.0
6573414582,DP0041,50.0,31.9,0.0
6573414583,DP0006,50.0,29.6,0.0
6573414584,DP0041,45.0,44.1,0.0
6573414585,DP0005,45.0,26.8,0.0
6573414586,DP0005,80.0,56.7,0.0
6573414587,DP0041,60.0,38.3,0.0
6573414588,DP0041,45.0,25.0,0.0
6573414589,DP0008,40.0,30.0,0.0
6573414590,DP0021,75.0,46.9,0.0
6573414591,DP0025,60.0,37.5,0.0
6573414592,DP0031,45.0,36.5,0.0
6573414593,DP0041,45.0,44.2,0.0
6573414594,DP0005,50.0,43.5,0.0
6573414595,DP0041,45.0,30.3,0.0
6573414596,DP0041,40.0,30.9,0.0
6573414597,DP0043,50.0,55.4,1.0
6573414598,DP0039,50.0,49.9,0.0
6573414599,DP0048,50.0,61.9,1.0
6573414600,DP0041,50.0,48.4,0.0
6573414601,DP0003,45.0,24.5,0.0
6573414602,DP0019,45.0,23.7,0.0
6573414603,DP0041,45.0,20.1,0.0
6573414604,DP0043,85.0,65.6,0.0
6573414605,DP0050,65.0,73.8,1.0
6573414606,DP0013,65.0,53.5,0.0
6573414607,DP0038,65.0,60.0,0.0
6573414608,DP0037,50.0,39.8,0.0
6573414609,DP0041,50.0,34.4,0.0
6573414610,DP0008,50.0,37.1,0.0
6573414611,DP0047,50.0,27.1,0.0
6573414612,DP0041,55.0,41.3,0.0
6573414613,DP0043,45.0,25.9,0.0
6573414614,DP0008,60.0,62.2,1.0
6573414615,DP0006,55.0,35.8,0.0
6573414616,DP0015,75.0,63.1,0.0
6573414617,DP0043,40.0,36.9,0.0
6573414618,DP0041,60.0,42.2,0.0
6573414619,DP0041,50.0,23.5,0.0
6573414620,,,,
6573414621,DP0043,60.0,50.4,0.0
6573414622,DP0019,50.0,26.3,0.0
6573414623,DP0041,40.0,32.3,0.0
6573414624,DP0038,40.0,21.6,0.0
6573414625,DP0041,60.0,32.8,0.0
6573414626,DP0041,50.0,32.9,0.0
6573414627,DP0041,50.0,31.0,0.0
6573414628,DP0008,50.0,36.4,0.0
6573414629,DP0041,40.0,27.8,0.0
6573414630,DP0041,50.0,31.7,0.0
6573414631,DP0041,50.0,38.4,0.0
6573414632,DP0011,50.0,34.1,0.0
6573414633,DP0041,45.0,40.7,0.0
6573414634,DP0002,50.0,31.4,0.0
6573414635,DP0043,45.0,41.0,0.0
6573414636,DP0003,40.0,35.8,0.0
6573414637,DP0002,40.0,31.5,0.0
6573414638,DP0043,40.0,32.4,0.0
6573414639,DP0050,55.0,60.2,1.0
6573414640,DP0006,60.0,37.0,0.0
6573414641,DP0002,55.0,46.5,0.0
6573414642,DP0043,55.0,37.5,0.0
6573414643,DP0041,50.0,33.7,0.0
6573414644,DP0028,50.0,38.7,0.0
6573414645,DP0043,55.0,27.6,0.0
6573414646,DP0043,50.0,30.8,0.0
6573414647,DP0005,40.0,35.4,0.0
6573414648,DP0043,50.0,28.0,0.0
6573414649,DP0039,55.0,48.0,0.0
6573414650,DP0041,55.0,43.8,0.0
6573414651,DP0041,55.0,48.3,0.0
6573414652,DP0015,55.0,41.5,0.0
6573414653,DP0034,55.0,30.8,0.0
6573414654,DP0007,50.0,43.9,0.0
6573414655,DP0012,40.0,28.0,0.0
6573414656,DP0025,40.0,25.9,0.0
6573414657,DP0002,40.0,25.9,0.0
6573414658,DP0041,40.0,25.0,0.0
6573414659,DP0041,50.0,33.7,0.0
6573414660,DP0041,50.0,40.8,0.0
6573414661,DP0019,40.0,30.8,0.0
6573414662,DP0042,40.0,31.5,0.0
6573414663,DP0050,40.0,43.5,1.0
6573414664,DP0005,45.0,50.8,1.0
6573414665,DP0043,45.0,47.0,1.0
6573414666,DP0019,45.0,44.7,0.0
6573414667,DP0021,65.0,50.0,0.0
6573414668,DP0012,65.0,55.6,0.0
6573414669,DP0015,65.0,54.0,0.0
6573414670,DP0041,45.0,19.3,0.0
6573414671,DP0041,45.0,18.2,0.0
6573414672,DP0008,50.0,38.7,0.0
6573414673,DP0028,50.0,38.1,0.0
6573414674,DP0041,50.0,41.1,0.0
6573414675,DP0041,45.0,40.1,0.0
6573414676,DP0041,45.0,27.9,0.0
6573414677,DP0041,55.0,35.8,0.0
6573414678,DP0019,40.0,17.9,0.0
6573414679,DP0021,40.0,26.3,0.0
6573414680,DP0041,65.0,62.7,0.0
6573414681,DP0041,45.0,18.2,0.0
6573414682,DP0041,40.0,23.3,0.0
6573414683,DP0050,40.0,32.3,0.0
6573414684,DP0043,40.0,22.2,0.0
6573414685,DP0046,60.0,70.8,1.0
6573414686,DP0041,45.0,35.8,0.0
6573414687,DP0043,55.0,49.8,0.0
6573414688,DP0009,60.0,79.6,1.0
6573414689,DP0041,65.0,85.4,1.0
6573414690,DP0005,40.0,27.9,0.0
6573414691,DP0008,55.0,54.6,0.0
6573414692,DP0041,55.0,44.8,0.0
6573414693,DP0019,45.0,21.3,0.0
6573414694,DP0041,55.0,38.0,0.0
6573414695,DP0038,65.0,54.1,0.0
6573414696,DP0028,50.0,55.8,1.0
6573414697,DP0024,40.0,21.9,0.0
6573414698,DP0046,40.0,40.7,1.0
6573414699,DP0041,40.0,30.1,0.0
6573414700,DP0049,40.0,30.8,0.0
6573414701,DP0012,45.0,32.5,0.0
6573414702,DP0043,45.0,20.1,0.0
6573414703,DP0041,50.0,27.3,0.0
6573414704,DP0036,50.0,29.0,0.0
6573414705,DP0043,50.0,28.5,0.0
6573414706,DP0041,40.0,42.4,1.0
6573414707,DP0048,65.0,62.1,0.0
6573414708,DP0041,55.0,48.1,0.0
6573414709,DP0041,55.0,32.1,0.0
6573414710,DP0008,55.0,29.5,0.0
6573414711,DP0002,55.0,38.5,0.0
6573414712,DP0019,75.0,51.2,0.0
6573414713,DP0041,40.0,30.8,0.0
6573414714,DP0041,65.0,48.9,0.0
6573414715,DP0043,65.0,49.4,0.0
6573414716,DP0002,65.0,49.0,0.0
6573414717,DP0041,40.0,20.1,0.0
6573414718,DP0041,40.0,16.1,0.0
6573414719,DP0026,40.0,16.6,0.0
6573414720,DP0041,50.0,63.1,1.0
6573414721,DP0043,50.0,64.2,1.0
6573414722,DP0041,50.0,65.0,1.0
6573414723,DP0041,50.0,22.9,0.0
6573414724,DP0041,55.0,42.0,0.0
6573414725,DP0041,55.0,43.5,0.0
6573414726,DP0041,55.0,36.7,0.0
6573414727,DP0041,60.0,47.7,0.0
6573414728,DP0022,45.0,30.3,0.0
6573414729,DP0043,55.0,38.4,0.0
6573414730,DP0034,55.0,41.8,0.0
6573414731,DP0041,55.0,37.9,0.0
6573414732,DP0005,55.0,43.2,0.0
6573414733,DP0041,55.0,39.5,0.0
6573414734,DP0041,70.0,41.9,0.0
6573414735,DP0043,40.0,31.8,0.0
6573414736,DP0015,65.0,39.7,0.0
6573414737,DP0005,65.0,44.9,0.0
6573414738,DP0043,40.0,26.3,0.0
6573414739,DP0041,40.0,45.6,1.0
6573414740,DP0041,50.0,35.3,0.0
6573414741,DP0015,45.0,47.4,1.0
6573414742,DP0043,50.0,50.1,1.0
6573414743,DP0041,60.0,42.5,0.0
6573414744,DP0008,60.0,43.8,0.0
6573414745,DP0023,60.0,41.7,0.0
6573414746,DP0041,45.0,43.9,0.0
6573414747,DP0041,50.0,35.1,0.0
6573414748,DP0015,50.0,28.4,0.0
6573414749,DP0009,50.0,29.8,0.0
6573414750,DP0043,50.0,25.5,0.0
6573414751,DP0041,55.0,36.5,0.0
6573414752,DP0034,55.0,42.7,0.0
6573414753,DP0041,45.0,30.4,0.0
6573414754,DP0043,65.0,48.6,0.0
6573414755,DP0028,55.0,43.1,0.0
6573414756,DP0021,55.0,45.2,0.0
6573414757,DP0006,55.0,41.3,0.0
6573414758,DP0024,45.0,35.4,0.0
6573414759,DP0041,45.0,33.7,0.0
6573414760,DP0008,45.0,32.8,0.0
6573414761,DP0049,55.0,47.1,0.0
6573414762,DP0041,50.0,21.9,0.0
6573414763,DP0010,50.0,28.2,0.0
6573414764,DP0025,75.0,57.5,0.0
6573414765,DP0041,60.0,35.6,0.0
6573414766,DP0041,60.0,29.3,0.0
6573414767,DP0041,40.0,23.7,0.0
6573414768,DP0043,50.0,38.9,0.0
6573414769,DP0017,50.0,35.8,0.0
6573414770,DP0019,60.0,40.4,0.0
6573414771,DP0041,40.0,35.0,0.0
6573414772,DP0018,40.0,33.2,0.0
6573414773,DP0021,40.0,32.7,0.0
6573414774,DP0015,40.0,33.4,0.0
6573414775,DP0041,55.0,54.8,0.0
6573414776,DP0015,65.0,46.0,0.0
6573414777,DP0041,55.0,35.3,0.0
6573414778,DP0026,65.0,56.2,0.0
6573414779,DP0008,55.0,36.0,0.0
6573414780,DP0008,50.0,34.2,0.0
6573414781,DP0041,50.0,39.0,0.0
6573414782,DP0041,50.0,35.1,0.0
6573414783,DP0038,50.0,38.8,0.0
6573414784,DP0041,50.0,36.0,0.0
6573414785,DP0041,45.0,46.1,1.0
6573414786,DP0015,60.0,43.7,0.0
6573414787,DP0029,55.0,51.5,0.0
6573414788,DP0041,40.0,13.8,0.0
6573414789,DP0047,55.0,39.2,0.0
6573414790,DP0041,55.0,36.3,0.0
6573414791,DP0002,55.0,43.8,0.0
6573414792,DP0031,50.0,49.8,0.0
6573414793,DP0044,50.0,24.6,0.0
6573414794,DP0041,50.0,30.4,0.0
6573414795,DP0023,55.0,34.3,0.0
6573414796,DP0043,40.0,33.5,0.0
6573414797,DP0037,65.0,54.4,0.0
6573414798,DP0030,50.0,28.3,0.0
6573414799,DP0041,55.0,30.7,0.0
6573414800,DP0043,55.0,28.2,0.0
6573414801,DP0050,55.0,48.1,0.0
6573414802,DP0041,45.0,22.2,0.0
6573414803,DP0028,45.0,41.4,0.0
6573414804,DP0046,55.0,58.7,1.0
6573414805,DP0041,55.0,39.9,0.0
6573414806,DP0004,55.0,52.8,0.0
6573414807,DP0028,45.0,43.5,0.0
6573414808,DP0043,55.0,44.1,0.0
6573414809,DP0015,60.0,38.1,0.0
6573414810,DP0043,40.0,38.8,0.0
6573414811,DP0041,75.0,47.6,0.0
6573414812,DP0041,75.0,49.5,0.0
6573414813,DP0047,50.0,35.2,0.0
6573414814,DP0005,55.0,30.4,0.0
6573414815,DP0039,40.0,62.0,1.0
6573414816,DP0037,50.0,37.2,0.0
6573414817,DP0034,60.0,58.1,0.0
6573414818,DP0035,45.0,23.6,0.0
6573414819,DP0005,50.0,29.2,0.0
6573414820,DP0049,45.0,30.6,0.0
6573414821,DP0030,40.0,46.3,1.0
6573414822,DP0005,45.0,29.6,0.0
6573414823,DP0020,50.0,28.1,0.0
6573414824,DP0041,45.0,26.3,0.0
6573414825,DP0005,45.0,31.7,0.0
6573414826,DP0043,45.0,25.8,0.0
6573414827,DP0041,40.0,26.6,0.0
6573414828,DP0041,45.0,22.9,0.0
6573414829,DP0041,40.0,21.6,0.0
6573414830,DP0023,55.0,31.1,0.0
6573414831,DP0047,60.0,51.8,0.0
6573414832,DP0043,55.0,49.2,0.0
6573414833,DP0041,55.0,43.7,0.0
6573414834,DP0041,55.0,41.9,0.0
6573414835,DP0041,40.0,26.0,0.0
6573414836,DP0005,50.0,42.8,0.0
6573414837,DP0041,40.0,26.1,0.0
6573414838,DP0041,40.0,24.6,0.0
6573414839,DP0043,40.0,23.5,0.0
6573414840,DP0041,40.0,18.7,0.0
6573414841,DP0015,50.0,40.2,0.0
6573414842,DP0033,40.0,29.7,0.0
6573414843,DP0041,50.0,25.3,0.0
6573414844,DP0028,45.0,41.8,0.0
6573414845,DP0005,40.0,22.7,0.0
6573414846,DP0041,40.0,23.0,0.0
6573414847,DP0039,40.0,25.1,0.0
6573414848,DP0039,40.0,24.6,0.0
6573414849,DP0041,40.0,26.8,0.0
6573414850,DP0046,40.0,40.1,1.0
6573414851,DP0041,40.0,17.1,0.0
6573414852,DP0041,45.0,29.5,0.0
6573414853,DP0043,50.0,37.0,0.0
6573414854,DP0015,40.0,24.4,0.0
6573414855,DP0019,40.0,28.2,0.0
6573414856,DP0019,40.0,24.9,0.0
6573414857,DP0021,50.0,45.9,0.0
6573414858,DP0041,40.0,56.2,1.0
6573414859,DP0015,40.0,28.2,0.0
6573414860,DP0041,40.0,29.8,0.0
6573414861,DP0041,40.0,26.8,0.0
6573414862,DP0041,60.0,42.9,0.0
6573414863,DP0025,60.0,42.0,0.0
6573414864,DP0041,45.0,32.8,0.0
6573414865,DP0041,40.0,35.1,0.0
6573414866,DP0039,40.0,21.1,0.0
6573414867,DP0033,40.0,16.5,0.0
6573414868,DP0031,55.0,30.3,0.0
6573414869,DP0041,55.0,35.6,0.0
6573414870,DP0041,55.0,37.1,0.0
6573414871,DP0041,40.0,22.2,0.0
6573414872,DP0041,50.0,34.8,0.0
6573414873,DP0033,55.0,37.5,0.0
6573414874,DP0041,65.0,41.5,0.0
6573414875,DP0041,65.0,43.5,0.0
6573414876,DP0041,45.0,16.3,0.0
6573414877,DP0007,50.0,30.6,0.0
6573414878,DP0041,50.0,29.2,0.0
6573414879,DP0012,50.0,27.3,0.0
6573414880,DP0043,45.0,22.2,0.0
6573414881,DP0030,45.0,18.3,0.0
6573414882,DP0041,45.0,23.3,0.0
6573414883,DP0043,40.0,23.0,0.0
6573414884,DP0039,50.0,35.2,0.0
6573414885,DP0030,55.0,37.0,0.0
6573414886,DP0041,45.0,29.0,0.0
6573414887,DP0043,50.0,36.6,0.0
6573414888,DP0019,50.0,32.1,0.0
6573414889,DP0040,40.0,51.0,1.0
6573414890,DP0041,40.0,50.6,1.0
6573414891,DP0021,40.0,54.0,1.0
6573414892,DP0009,55.0,38.9,0.0
6573414893,DP0041,50.0,25.3,0.0
6573414894,DP0033,40.0,18.9,0.0
6573414895,DP0043,65.0,55.8,0.0
6573414896,DP0039,50.0,40.1,0.0
6573414897,DP0041,50.0,22.8,0.0
6573414898,DP0039,50.0,23.9,0.0
6573414899,DP0048,60.0,54.2,0.0
6573414900,DP0041,60.0,43.1,0.0
6573414901,DP0029,60.0,46.5,0.0
6573414902,DP0041,45.0,49.2,1.0
6573414903,DP0005,45.0,50.6,1.0
6573414904,DP0041,45.0,48.0,1.0
6573414905,DP0007,45.0,40.6,0.0
6573414906,DP0002,65.0,52.3,0.0
6573414907,DP0041,45.0,24.5,0.0
6573414908,DP0041,50.0,22.0,0.0
6573414909,DP0041,50.0,35.6,0.0
6573414910,DP0041,50.0,35.2,0.0
6573414911,DP0036,50.0,37.4,0.0
6573414912,DP0043,55.0,50.6,0.0
6573414913,DP0008,70.0,46.2,0.0
6573414914,DP0021,70.0,47.2,0.0
6573414915,DP0005,70.0,51.4,0.0
6573414916,DP0041,55.0,39.7,0.0
6573414917,DP0041,55.0,40.5,0.0
6573414918,DP0041,55.0,33.3,0.0
6573414919,DP0041,40.0,61.2,1.0
6573414920,DP0015,40.0,63.3,1.0
6573414921,DP0036,40.0,60.0,1.0
6573414922,DP0043,50.0,23.1,0.0
6573414923,DP0033,50.0,32.4,0.0
6573414924,DP0041,45.0,30.6,0.0
6573414925,DP0005,45.0,43.8,0.0
6573414926,DP0041,45.0,18.1,0.0
6573414927,DP0012,40.0,31.3,0.0
6573414928,DP0041,40.0,25.1,0.0
6573414929,DP0009,40.0,25.9,0.0
6573414930,,,,
6573414931,DP0030,85.0,57.6,0.0
6573414932,DP0044,40.0,30.9,0.0
6573414933,DP0034,40.0,33.2,0.0
6573414934,DP0030,55.0,28.1,0.0
6573414935,DP0007,45.0,36.2,0.0
6573414936,DP0041,45.0,36.2,0.0
6573414937,DP0041,45.0,40.1,0.0
6573414938,DP0038,50.0,37.1,0.0
6573414939,DP0029,40.0,22.8,0.0
6573414940,DP0048,50.0,53.4,1.0
6573414941,DP0041,50.0,39.9,0.0
6573414942,DP0019,55.0,33.7,0.0
6573414943,DP0047,50.0,26.4,0.0
6573414944,DP0041,40.0,18.9,0.0
6573414945,DP0009,55.0,55.2,1.0
6573414946,DP0005,50.0,26.6,0.0
6573414947,DP0041,55.0,49.4,0.0
6573414948,DP0047,55.0,46.8,0.0
6573414949,DP0028,55.0,41.2,0.0
6573414950,DP0041,55.0,41.8,0.0
6573414951,DP0041,55.0,38.3,0.0
6573414952,DP0041,60.0,47.4,0.0
6573414953,DP0027,45.0,25.6,0.0
6573414954,DP0007,50.0,51.1,1.0
6573414955,DP0019,50.0,45.5,0.0
6573414956,DP0041,50.0,44.9,0.0
6573414957,DP0041,50.0,36.5,0.0
6573414958,DP0047,60.0,37.8,0.0
6573414959,DP0009,90.0,71.2,0.0
6573414960,DP0041,90.0,73.3,0.0
6573414961,DP0005,90.0,70.9,0.0
6573414962,DP0041,45.0,27.3,0.0
6573414963,DP0041,45.0,28.7,0.0
6573414964,DP0041,45.0,24.6,0.0
6573414965,DP0041,40.0,32.0,0.0
6573414966,DP0031,40.0,27.7,0.0
6573414967,DP0009,50.0,39.7,0.0
6573414968,DP0041,50.0,48.6,0.0
6573414969,DP0041,40.0,59.1,1.0
6573414970,DP0041,40.0,55.4,1.0
6573414971,DP0041,40.0,54.0,1.0
6573414972,DP0041,50.0,54.8,1.0
6573414973,DP0043,55.0,44.0,0.0
6573414974,DP0011,50.0,23.2,0.0
6573414975,DP0042,50.0,22.7,0.0
6573414976,DP0020,50.0,26.7,0.0
6573414977,DP0043,55.0,56.7,1.0
6573414978,DP0020,45.0,18.9,0.0
6573414979,DP0016,45.0,19.0,0.0
6573414980,DP0015,65.0,40.8,0.0
6573414981,DP0041,50.0,35.3,0.0
6573414982,DP0041,40.0,22.4,0.0
6573414983,DP0009,85.0,59.9,0.0
6573414984,DP0005,50.0,29.6,0.0
6573414985,DP0037,50.0,27.9,0.0
6573414986,DP0041,50.0,23.5,0.0
6573414987,DP0041,50.0,35.5,0.0
6573414988,DP0043,50.0,36.5,0.0
6573414989,DP0041,65.0,52.0,0.0
6573414990,DP0019,55.0,55.0,0.0
6573414991,DP0043,55.0,65.5,1.0
6573414992,DP0041,55.0,71.0,1.0
6573414993,DP0041,55.0,46.4,0.0
6573414994,DP0043,55.0,47.5,0.0
6573414995,DP0048,55.0,62.4,1.0
6573414996,DP0006,45.0,26.8,0.0
6573414997,DP0041,40.0,31.6,0.0
6573414998,DP0019,40.0,37.1,0.0
6573414999,DP0041,40.0,25.8,0.0
6573415000,DP0041,50.0,44.0,0.0
6573415001,DP0041,45.0,66.8,1.0
6573415002,DP0050,45.0,81.4,1.0
6573415003,DP0005,45.0,69.3,1.0
6573415004,DP0041,65.0,68.1,1.0
6573415005,DP0041,45.0,24.0,0.0
6573415006,DP0043,40.0,38.9,0.0
6573415007,DP0034,75.0,49.9,0.0
6573415008,DP0005,55.0,33.2,0.0
6573415009,DP0044,50.0,35.1,0.0
6573415010,DP0041,50.0,34.0,0.0
6573415011,DP0041,50.0,35.6,0.0
6573415012,DP0036,50.0,34.0,0.0
6573415013,DP0043,50.0,48.0,0.0
6573415014,DP0024,55.0,46.6,0.0
6573415015,DP0041,50.0,31.4,0.0
6573415016,DP0041,50.0,32.1,0.0
6573415017,DP0043,85.0,75.7,0.0
6573415018,DP0041,85.0,72.4,0.0
6573415019,DP0043,85.0,70.2,0.0
6573415020,DP0008,50.0,35.5,0.0
6573415021,DP0024,45.0,54.3,1.0
6573415022,DP0047,45.0,54.8,1.0
6573415023,DP0041,50.0,31.6,0.0
6573415024,DP0017,50.0,31.8,0.0
6573415025,DP0032,50.0,32.9,0.0
6573415026,DP0041,55.0,48.8,0.0
6573415027,DP0007,45.0,30.8,0.0
6573415028,DP0041,55.0,26.4,0.0
6573415029,DP0041,50.0,46.8,0.0
6573415030,DP0007,45.0,30.0,0.0
6573415031,DP0043,55.0,37.7,0.0
6573415032,DP0015,45.0,42.2,0.0
6573415033,DP0033,55.0,37.2,0.0
6573415034,DP0024,55.0,37.7,0.0
6573415035,DP0008,60.0,45.8,0.0
6573415036,DP0041,50.0,37.0,0.0
6573415037,DP0041,55.0,39.3,0.0
6573415038,DP0041,50.0,29.6,0.0
6573415039,DP0041,50.0,28.7,0.0
6573415040,DP0033,45.0,17.0,0.0
6573415041,DP0015,50.0,64.2,1.0
6573415042,DP0041,45.0,26.1,0.0
6573415043,DP0041,45.0,25.0,0.0
6573415044,DP0041,60.0,49.7,0.0
6573415045,DP0041,45.0,36.5,0.0
6573415046,DP0041,55.0,52.5,0.0
6573415047,,,,
6573415048,DP0041,50.0,12.0,0.0
6573415049,DP0026,40.0,31.8,0.0
6573415050,DP0021,55.0,36.5,0.0
6573415051,DP0007,50.0,45.4,0.0
6573415052,DP0034,50.0,39.1,0.0
6573415053,DP0046,50.0,48.4,0.0
6573415054,,,,
6573415055,,,,
6573415056,,,,
6573415057,DP0002,70.0,46.0,0.0
6573415058,DP0038,40.0,23.8,0.0
6573415059,DP0049,40.0,44.6,1.0
6573415060,DP0012,50.0,37.6,0.0
6573415061,DP0041,50.0,31.0,0.0
6573415062,DP0041,50.0,36.2,0.0
6573415063,DP0041,55.0,40.6,0.0
6573415064,DP0041,55.0,32.0,0.0
6573415065,DP0043,40.0,48.1,1.0
6573415066,DP0041,40.0,18.7,0.0
6573415067,DP0041,85.0,80.0,0.0
6573415068,DP0019,45.0,34.9,0.0
6573415069,DP0041,55.0,37.4,0.0
6573415070,DP0041,75.0,47.2,0.0
6573415071,DP0041,45.0,20.1,0.0
6573415072,DP0005,40.0,20.9,0.0
6573415073,DP0008,50.0,26.1,0.0
6573415074,DP0049,50.0,34.3,0.0
6573415075,DP0007,40.0,33.4,0.0
6573415076,DP0019,65.0,54.5,0.0
6573415077,DP0043,40.0,18.9,0.0
6573415078,DP0039,55.0,31.4,0.0
6573415079,DP0015,50.0,40.8,0.0
6573415080,DP0041,55.0,41.3,0.0
6573415081,DP0028,60.0,51.4,0.0
6573415082,DP0007,55.0,36.3,0.0
6573415083,DP0044,45.0,33.4,0.0
6573415084,DP0041,55.0,57.1,1.0
6573415085,DP0041,55.0,50.6,0.0
6573415086,DP0043,55.0,30.9,0.0
6573415087,DP0043,50.0,28.7,0.0
6573415088,DP0026,70.0,70.1,1.0
6573415089,DP0005,45.0,27.8,0.0
6573415090,DP0005,40.0,20.0,0.0
6573415091,DP0015,55.0,37.5,0.0
6573415092,DP0041,55.0,39.0,0.0
6573415093,DP0046,45.0,37.1,0.0
6573415094,DP0005,45.0,29.0,0.0
6573415095,DP0015,45.0,30.1,0.0
6573415096,DP0019,45.0,35.7,0.0
6573415097,DP0041,40.0,26.6,0.0
6573415098,DP0042,55.0,33.0,0.0
6573415099,DP0033,45.0,25.0,0.0
6573415100,DP0038,45.0,22.4,0.0
6573415101,DP0043,55.0,44.6,0.0
6573415102,DP0041,40.0,38.3,0.0
6573415103,DP0048,50.0,49.8,0.0
6573415104,DP0041,40.0,25.5,0.0
6573415105,DP0041,40.0,22.4,0.0
6573415106,DP0037,45.0,28.8,0.0
6573415107,DP0041,55.0,44.8,0.0
6573415108,DP0028,55.0,42.5,0.0
6573415109,DP0019,55.0,44.2,0.0
6573415110,DP0005,55.0,24.7,0.0
6573415111,DP0041,50.0,26.8,0.0
6573415112,DP0041,45.0,22.5,0.0
6573415113,DP0030,50.0,34.4,0.0
6573415114,DP0041,65.0,47.3,0.0
6573415115,DP0033,65.0,50.0,0.0
6573415116,DP0041,45.0,27.7,0.0
6573415117,DP0043,60.0,32.3,0.0
6573415118,DP0008,55.0,40.0,0.0
6573415119,DP0009,50.0,26.2,0.0
6573415120,DP0050,55.0,45.0,0.0
6573415121,DP0041,55.0,35.7,0.0
6573415122,DP0039,40.0,33.6,0.0
6573415123,DP0049,55.0,35.8,0.0
6573415124,DP0041,45.0,53.8,1.0
6573415125,DP0019,60.0,29.5,0.0
6573415126,DP0041,60.0,30.6,0.0
6573415127,DP0015,50.0,41.8,0.0
6573415128,DP0027,50.0,39.6,0.0
6573415129,DP0049,60.0,53.4,0.0
6573415130,DP0041,50.0,30.1,0.0
6573415131,DP0041,50.0,31.6,0.0
6573415132,DP0029,50.0,24.1,0.0
6573415133,DP0024,60.0,39.4,0.0
6573415134,DP0019,75.0,57.8,0.0
6573415135,DP0047,85.0,57.0,0.0
6573415136,DP0041,55.0,52.4,0.0
6573415137,DP0041,50.0,30.8,0.0
6573415138,DP0015,55.0,32.6,0.0
6573415139,DP0015,55.0,35.2,0.0
6573415140,DP0041,60.0,30.6,0.0
6573415141,DP0015,70.0,48.4,0.0
6573415142,DP0041,60.0,52.6,0.0
6573415143,DP0041,50.0,29.4,0.0
6573415144,DP0041,50.0,25.7,0.0
6573415145,DP0019,85.0,58.0,0.0
6573415146,DP0041,50.0,25.7,0.0
6573415147,DP0015,50.0,36.4,0.0
6573415148,DP0007,50.0,46.1,0.0
6573415149,DP0041,50.0,45.4,0.0
6573415150,DP0041,45.0,51.1,1.0
6573415151,DP0038,45.0,51.0,1.0
6573415152,DP0025,50.0,37.0,0.0
6573415153,DP0043,40.0,21.8,0.0
6573415154,DP0005,40.0,16.2,0.0
6573415155,DP0008,50.0,30.6,0.0
6573415156,DP0005,50.0,41.0,0.0
6573415157,DP0041,50.0,42.0,0.0
6573415158,DP0033,75.0,61.0,0.0
6573415159,DP0041,45.0,28.9,0.0
6573415160,DP0005,45.0,26.6,0.0
6573415161,DP0043,60.0,45.4,0.0
6573415162,DP0050,50.0,46.7,0.0
6573415163,DP0043,45.0,41.4,0.0
6573415164,DP0043,45.0,41.9,0.0
6573415165,DP0038,50.0,35.7,0.0
6573415166,DP0019,55.0,50.4,0.0
6573415167,DP0041,70.0,53.0,0.0
6573415168,DP0041,65.0,40.3,0.0
6573415169,DP0043,55.0,35.9,0.0
6573415170,DP0041,45.0,30.1,0.0
6573415171,DP0005,50.0,25.8,0.0
6573415172,DP0041,50.0,21.7,0.0
6573415173,DP0041,45.0,37.8,0.0
6573415174,DP0041,55.0,39.7,0.0
6573415175,DP0041,45.0,36.8,0.0
6573415176,DP0043,45.0,38.4,0.0
6573415177,DP0015,50.0,45.9,0.0
6573415178,DP0005,50.0,30.6,0.0
6573415179,DP0005,55.0,53.4,0.0
6573415180,DP0015,40.0,37.6,0.0
6573415181,DP0013,55.0,38.3,0.0
6573415182,DP0028,55.0,36.0,0.0
6573415183,DP0041,50.0,37.6,0.0
6573415184,DP0041,45.0,50.9,1.0
6573415185,DP0046,50.0,50.2,1.0
6573415186,DP0021,40.0,40.5,1.0
6573415187,DP0041,40.0,42.9,1.0
6573415188,DP0026,50.0,47.8,0.0
6573415189,DP0035,55.0,50.9,0.0
6573415190,DP0041,40.0,26.6,0.0
6573415191,DP0037,50.0,29.8,0.0
6573415192,DP0005,45.0,37.8,0.0
6573415193,DP0047,45.0,54.8,1.0
6573415194,DP0041,45.0,51.9,1.0
6573415195,DP0041,40.0,25.6,0.0
6573415196,DP0041,40.0,22.5,0.0
6573415197,DP0015,50.0,28.4,0.0
6573415198,DP0041,50.0,28.6,0.0
6573415199,DP0038,50.0,32.5,0.0
6573415200,DP0033,50.0,25.3,0.0
6573415201,DP0041,55.0,39.5,0.0
6573415202,DP0041,50.0,24.3,0.0
6573415203,DP0008,60.0,54.2,0.0
6573415204,DP0041,60.0,32.2,0.0
6573415205,DP0041,50.0,26.6,0.0
6573415206,DP0006,70.0,45.3,0.0
6573415207,DP0041,65.0,45.1,0.0
6573415208,DP0009,50.0,40.6,0.0
6573415209,DP0043,50.0,35.0,0.0
6573415210,DP0041,50.0,33.4,0.0
6573415211,DP0047,50.0,29.1,0.0
6573415212,DP0002,45.0,32.4,0.0
6573415213,DP0041,60.0,35.8,0.0
6573415214,DP0033,50.0,37.9,0.0
6573415215,DP0043,55.0,32.3,0.0
6573415216,DP0047,45.0,19.1,0.0
6573415217,DP0050,45.0,36.7,0.0
6573415218,DP0009,50.0,35.5,0.0
6573415219,DP0043,55.0,39.2,0.0
6573415220,DP0041,40.0,23.9,0.0
6573415221,DP0041,55.0,33.8,0.0
6573415222,DP0019,40.0,32.9,0.0
6573415223,DP0016,40.0,37.4,0.0
6573415224,DP0028,50.0,36.1,0.0
6573415225,DP0010,55.0,36.6,0.0
6573415226,DP0021,55.0,30.1,0.0
6573415227,DP0048,60.0,58.8,0.0
6573415228,DP0007,45.0,36.8,0.0
6573415229,DP0041,55.0,57.1,1.0
6573415230,DP0046,60.0,55.2,0.0
6573415231,DP0041,60.0,58.8,0.0
6573415232,DP0028,45.0,30.5,0.0
6573415233,DP0041,60.0,33.1,0.0
6573415234,DP0026,60.0,33.1,0.0
6573415235,DP0041,40.0,38.6,0.0
6573415236,DP0015,45.0,22.1,0.0
6573415237,DP0041,45.0,25.1,0.0
6573415238,DP0041,55.0,48.9,0.0
6573415239,DP0012,55.0,50.5,0.0
6573415240,DP0048,50.0,59.8,1.0
6573415241,DP0005,40.0,23.4,0.0
6573415242,DP0041,65.0,55.5,0.0
6573415243,DP0031,45.0,24.9,0.0
6573415244,DP0041,55.0,61.2,1.0
6573415245,DP0037,55.0,55.5,1.0
6573415246,DP0043,45.0,46.3,1.0
6573415247,DP0038,55.0,55.9,1.0
6573415248,DP0042,55.0,44.9,0.0
6573415249,DP0043,60.0,36.0,0.0
6573415250,DP0044,50.0,44.4,0.0
6573415251,DP0041,45.0,40.7,0.0
6573415252,DP0041,50.0,22.7,0.0
6573415253,DP0019,45.0,38.8,0.0
6573415254,DP0041,45.0,31.4,0.0
6573415255,DP0021,50.0,36.1,0.0
6573415256,DP0041,50.0,33.6,0.0
6573415257,DP0013,40.0,40.0,0.0
6573415258,DP0048,45.0,36.2,0.0
6573415259,DP0008,55.0,37.9,0.0
6573415260,DP0043,50.0,31.1,0.0
6573415261,DP0019,50.0,35.3,0.0
6573415262,DP0041,65.0,48.2,0.0
6573415263,DP0028,55.0,33.0,0.0
6573415264,DP0036,55.0,36.4,0.0
6573415265,DP0041,50.0,30.9,0.0
6573415266,DP0041,45.0,38.2,0.0
6573415267,DP0041,45.0,45.6,1.0
6573415268,DP0041,50.0,29.7,0.0
6573415269,DP0049,60.0,39.6,0.0
6573415270,DP0043,45.0,31.4,0.0
6573415271,DP0019,55.0,43.4,0.0
6573415272,DP0041,55.0,45.4,0.0
6573415273,DP0043,50.0,40.6,0.0
6573415274,DP0036,50.0,38.0,0.0
6573415275,DP0041,60.0,36.3,0.0
6573415276,DP0029,40.0,30.3,0.0
6573415277,DP0033,65.0,49.1,0.0
6573415278,DP0043,65.0,57.1,0.0
6573415279,DP0041,85.0,64.9,0.0
6573415280,DP0041,50.0,28.5,0.0
6573415281,DP0041,40.0,21.8,0.0
6573415282,DP0005,45.0,41.5,0.0
6573415283,DP0028,65.0,41.4,0.0
6573415284,DP0028,60.0,31.1,0.0
6573415285,DP0015,50.0,44.8,0.0
6573415286,DP0041,50.0,41.7,0.0
6573415287,DP0043,50.0,44.1,0.0
6573415288,DP0041,45.0,21.7,0.0
6573415289,DP0007,65.0,54.3,0.0
6573415290,DP0038,65.0,57.7,0.0
6573415291,DP0016,55.0,43.5,0.0
6573415292,DP0041,45.0,19.5,0.0
6573415293,DP0041,45.0,28.6,0.0
6573415294,DP0028,50.0,51.0,1.0
6573415295,DP0041,50.0,50.2,1.0
6573415296,DP0049,75.0,43.2,0.0
6573415297,DP0038,40.0,18.7,0.0
6573415298,DP0041,55.0,32.1,0.0
6573415299,DP0006,55.0,33.8,0.0
6573415300,DP0043,50.0,33.8,0.0
6573415301,DP0041,55.0,34.3,0.0
6573415302,DP0019,40.0,21.8,0.0
6573415303,DP0043,45.0,28.1,0.0
6573415304,DP0041,40.0,32.9,0.0
6573415305,DP0038,45.0,39.1,0.0
6573415306,DP0037,45.0,40.1,0.0
6573415307,DP0041,55.0,52.9,0.0
6573415308,DP0043,40.0,42.1,1.0
6573415309,DP0047,50.0,38.3,0.0
6573415310,DP0015,45.0,44.4,0.0
6573415311,DP0041,55.0,31.9,0.0
6573415312,DP0041,55.0,52.9,0.0
6573415313,DP0047,50.0,30.7,0.0
6573415314,DP0041,45.0,24.4,0.0
6573415315,DP0041,55.0,31.6,0.0
6573415316,DP0041,55.0,39.4,0.0
6573415317,DP0041,40.0,30.7,0.0
6573415318,DP0015,55.0,49.1,0.0
6573415319,DP0041,65.0,43.0,0.0
6573415320,DP0041,40.0,20.6,0.0
6573415321,DP0042,40.0,22.6,0.0
6573415322,DP0038,40.0,29.3,0.0
6573415323,DP0019,55.0,41.1,0.0
6573415324,DP0019,50.0,24.7,0.0
6573415325,DP0043,50.0,26.3,0.0
6573415326,DP0008,55.0,23.2,0.0
6573415327,DP0019,45.0,36.4,0.0
6573415328,DP0047,40.0,40.9,1.0
6573415329,DP0019,45.0,25.8,0.0
6573415330,DP0041,40.0,28.2,0.0
6573415331,DP0005,40.0,45.7,1.0
6573415332,DP0008,40.0,21.2,0.0
6573415333,DP0043,45.0,23.0,0.0
6573415334,DP0005,40.0,25.2,0.0
6573415335,DP0005,40.0,26.9,0.0
6573415336,DP0019,45.0,65.6,1.0
6573415337,DP0024,40.0,23.6,0.0
6573415338,DP0041,50.0,32.0,0.0
6573415339,DP0041,45.0,25.8,0.0
6573415340,DP0005,45.0,28.2,0.0
6573415341,DP0041,65.0,48.7,0.0
6573415342,DP0043,55.0,43.1,0.0
6573415343,DP0041,40.0,34.7,0.0
6573415344,DP0041,40.0,41.6,1.0
6573415345,DP0009,40.0,22.9,0.0
6573415346,DP0027,85.0,59.2,0.0
6573415347,DP0009,50.0,26.1,0.0
6573415348,DP0039,65.0,41.4,0.0
6573415349,DP0039,45.0,20.7,0.0
6573415350,DP0019,40.0,43.3,1.0
6573415351,DP0008,60.0,42.1,0.0
6573415352,DP0041,65.0,48.8,0.0
6573415353,DP0039,60.0,34.5,0.0
6573415354,DP0014,65.0,43.3,0.0
6573415355,DP0027,40.0,39.3,0.0
6573415356,DP0041,40.0,27.8,0.0
6573415357,DP0019,50.0,47.7,0.0
6573415358,DP0043,50.0,43.8,0.0
6573415359,DP0033,55.0,33.1,0.0
6573415360,DP0041,45.0,32.8,0.0
6573415361,DP0041,50.0,50.9,1.0
6573415362,DP0038,50.0,46.0,0.0
6573415363,DP0038,40.0,24.5,0.0
6573415364,DP0007,40.0,21.2,0.0
6573415365,DP0049,65.0,41.3,0.0
6573415366,DP0043,65.0,53.8,0.0
6573415367,DP0041,55.0,44.6,0.0
6573415368,DP0020,60.0,58.0,0.0
6573415369,DP0038,75.0,53.1,0.0
6573415370,DP0041,75.0,60.0,0.0
6573415371,DP0041,50.0,44.9,0.0
6573415372,DP0041,50.0,45.3,0.0
6573415373,DP0041,55.0,34.8,0.0
6573415374,DP0041,50.0,42.9,0.0
6573415375,DP0041,50.0,36.6,0.0
6573415376,DP0007,50.0,30.8,0.0
6573415377,DP0041,40.0,27.9,0.0
6573415378,DP0047,65.0,38.0,0.0
6573415379,DP0008,70.0,48.5,0.0
6573415380,DP0048,50.0,54.1,1.0
6573415381,DP0019,50.0,40.5,0.0
6573415382,DP0006,50.0,40.8,0.0
6573415383,DP0021,40.0,35.6,0.0
6573415384,DP0041,45.0,33.5,0.0
6573415385,DP0019,55.0,38.4,0.0
6573415386,DP0041,55.0,49.2,0.0
6573415387,DP0041,55.0,50.8,0.0
6573415388,DP0008,45.0,26.2,0.0
6573415389,DP0023,40.0,31.0,0.0
6573415390,DP0043,45.0,37.6,0.0
6573415391,DP0014,50.0,46.9,0.0
6573415392,DP0019,45.0,14.0,0.0
6573415393,DP0041,55.0,35.2,0.0
6573415394,DP0005,50.0,42.6,0.0
6573415395,DP0041,55.0,40.9,0.0
6573415396,DP0041,50.0,29.0,0.0
6573415397,DP0041,60.0,40.2,0.0
6573415398,DP0041,60.0,44.3,0.0
6573415399,DP0041,45.0,55.8,1.0
6573415400,DP0041,45.0,53.4,1.0
6573415401,DP0002,50.0,25.4,0.0
6573415402,DP0024,50.0,27.9,0.0
6573415403,DP0041,40.0,48.7,1.0
6573415404,DP0041,45.0,25.2,0.0
6573415405,DP0041,45.0,21.3,0.0
6573415406,DP0033,85.0,67.1,0.0
6573415407,DP0018,45.0,33.4,0.0
6573415408,DP0041,50.0,30.5,0.0
6573415409,DP0041,65.0,37.2,0.0
6573415410,DP0041,45.0,33.5,0.0
6573415411,DP0005,45.0,27.5,0.0
6573415412,DP0049,45.0,28.4,0.0
6573415413,,,,
6573415414,,,,
6573415415,DP0041,50.0,30.9,0.0
6573415416,DP0041,40.0,24.9,0.0
6573415417,DP0015,50.0,29.1,0.0
6573415418,DP0015,50.0,27.6,0.0
6573415419,DP0041,45.0,38.1,0.0
6573415420,DP0041,40.0,27.8,0.0
6573415421,DP0006,40.0,25.6,0.0
6573415422,DP0021,50.0,25.2,0.0
6573415423,DP0039,50.0,43.3,0.0
6573415424,DP0007,55.0,38.2,0.0
6573415425,DP0003,50.0,38.3,0.0
6573415426,DP0005,65.0,42.2,0.0
6573415427,DP0028,65.0,48.0,0.0
6573415428,DP0007,40.0,33.4,0.0
6573415429,DP0043,50.0,29.9,0.0
6573415430,DP0016,50.0,35.2,0.0
6573415431,DP0003,55.0,28.5,0.0
6573415432,DP0041,50.0,42.6,0.0
6573415433,DP0015,65.0,42.4,0.0
6573415434,DP0012,65.0,43.0,0.0
6573415435,DP0033,65.0,48.8,0.0
6573415436,DP0049,40.0,25.6,0.0
6573415437,DP0021,50.0,30.3,0.0
6573415438,DP0041,50.0,37.7,0.0
6573415439,DP0005,50.0,35.1,0.0
6573415440,DP0041,90.0,89.2,0.0
6573415441,DP0043,55.0,43.6,0.0
6573415442,DP0049,55.0,40.6,0.0
6573415443,DP0007,40.0,39.1,0.0
6573415444,DP0043,55.0,48.5,0.0
6573415445,DP0041,50.0,31.6,0.0
6573415446,DP0041,50.0,30.3,0.0
6573415447,DP0043,40.0,20.3,0.0
6573415448,DP0015,55.0,33.4,0.0
6573415449,DP0041,55.0,30.6,0.0
6573415450,DP0005,50.0,28.0,0.0
6573415451,DP0041,40.0,37.5,0.0
6573415452,DP0041,40.0,37.8,0.0
6573415453,DP0041,40.0,38.5,0.0
6573415454,DP0008,40.0,27.3,0.0
6573415455,DP0014,65.0,50.9,0.0
6573415456,DP0041,65.0,48.1,0.0
6573415457,DP0022,55.0,49.7,0.0
6573415458,DP0041,50.0,25.5,0.0
6573415459,DP0019,45.0,39.0,0.0
6573415460,DP0043,50.0,10.3,0.0
6573415461,DP0041,55.0,37.3,0.0
6573415462,DP0036,45.0,23.1,0.0
6573415463,DP0041,50.0,26.8,0.0
6573415464,DP0043,40.0,30.8,0.0
6573415465,DP0041,40.0,32.7,0.0
6573415466,DP0048,55.0,41.5,0.0
6573415467,DP0005,50.0,27.6,0.0
6573415468,DP0019,55.0,56.3,1.0
6573415469,DP0009,55.0,54.4,0.0
6573415470,DP0043,45.0,24.5,0.0
6573415471,DP0050,65.0,58.7,0.0
6573415472,DP0041,65.0,59.7,0.0
6573415473,DP0041,50.0,25.7,0.0
6573415474,DP0043,50.0,25.4,0.0
6573415475,DP0019,45.0,49.2,1.0
6573415476,DP0043,45.0,50.6,1.0
6573415477,DP0041,40.0,19.8,0.0
6573415478,DP0041,40.0,25.8,0.0
6573415479,DP0041,55.0,32.6,0.0
6573415480,,,,
6573415481,DP0041,55.0,37.3,0.0
6573415482,DP0041,55.0,40.6,0.0
6573415483,DP0039,80.0,62.5,0.0
6573415484,DP0041,65.0,45.0,0.0
6573415485,DP0041,45.0,47.0,1.0
6573415486,DP0043,55.0,45.5,0.0
6573415487,DP0041,45.0,37.0,0.0
6573415488,DP0028,60.0,49.7,0.0
6573415489,DP0036,50.0,29.9,0.0
6573415490,DP0010,55.0,44.3,0.0
6573415491,DP0023,65.0,59.1,0.0
6573415492,DP0019,55.0,34.0,0.0
6573415493,DP0041,45.0,28.4,0.0
6573415494,DP0041,45.0,30.2,0.0
6573415495,DP0002,40.0,20.1,0.0
6573415496,DP0041,70.0,66.4,0.0
6573415497,DP0041,50.0,40.1,0.0
6573415498,DP0007,65.0,52.1,0.0
6573415499,DP0041,50.0,31.7,0.0
6573415500,DP0041,50.0,30.5,0.0
6573415501,DP0047,55.0,38.8,0.0
6573415502,DP0041,50.0,31.7,0.0
6573415503,DP0006,40.0,29.0,0.0
6573415504,DP0041,55.0,35.5,0.0
6573415505,DP0008,55.0,36.1,0.0
6573415506,DP0007,50.0,28.2,0.0
6573415507,DP0038,45.0,26.3,0.0
6573415508,DP0043,45.0,26.9,0.0
6573415509,DP0046,40.0,49.4,1.0
6573415510,DP0046,50.0,34.0,0.0
6573415511,DP0041,50.0,35.4,0.0
6573415512,DP0038,45.0,34.5,0.0
6573415513,DP0041,55.0,34.5,0.0
6573415514,DP0043,55.0,33.7,0.0
6573415515,DP0048,55.0,37.3,0.0
6573415516,DP0047,50.0,34.3,0.0
6573415517,DP0041,50.0,32.0,0.0
6573415518,DP0041,60.0,58.2,0.0
6573415519,DP0041,55.0,34.5,0.0
6573415520,DP0008,55.0,33.8,0.0
6573415521,DP0021,45.0,29.9,0.0
6573415522,DP0043,45.0,28.3,0.0
6573415523,DP0029,50.0,36.2,0.0
6573415524,DP0005,50.0,30.4,0.0
6573415525,DP0037,50.0,26.0,0.0
6573415526,DP0025,50.0,30.9,0.0
6573415527,DP0050,45.0,40.1,0.0
6573415528,DP0009,55.0,39.0,0.0
6573415529,DP0041,40.0,39.4,0.0
6573415530,DP0043,45.0,33.4,0.0
6573415531,DP0043,40.0,31.7,0.0
6573415532,DP0043,40.0,31.6,0.0
6573415533,DP0029,50.0,26.4,0.0
6573415534,DP0005,65.0,51.4,0.0
6573415535,DP0041,50.0,30.8,0.0
6573415536,DP0008,45.0,33.3,0.0
6573415537,DP0008,55.0,40.1,0.0
6573415538,DP0041,45.0,22.5,0.0
6573415539,DP0041,50.0,36.4,0.0
6573415540,DP0048,55.0,49.9,0.0
6573415541,DP0043,60.0,39.2,0.0
6573415542,DP0019,45.0,31.6,0.0
6573415543,DP0008,45.0,33.0,0.0
6573415544,DP0041,40.0,25.0,0.0
6573415545,DP0041,50.0,49.9,0.0
6573415546,DP0041,65.0,41.5,0.0
6573415547,DP0043,65.0,32.9,0.0
6573415548,DP0043,40.0,28.2,0.0
6573415549,DP0015,45.0,33.4,0.0
6573415550,DP0041,45.0,30.6,0.0
6573415551,DP0015,55.0,37.3,0.0
6573415552,DP0041,50.0,24.8,0.0
6573415553,DP0031,55.0,32.1,0.0
6573415554,DP0005,50.0,29.4,0.0
6573415555,DP0041,60.0,41.3,0.0
6573415556,DP0033,60.0,41.9,0.0
6573415557,DP0041,55.0,27.4,0.0
6573415558,DP0037,70.0,47.4,0.0
6573415559,DP0015,40.0,32.0,0.0
6573415560,DP0023,65.0,39.2,0.0
6573415561,DP0049,65.0,45.3,0.0
6573415562,DP0041,50.0,32.0,0.0
6573415563,DP0007,65.0,40.6,0.0
6573415564,DP0016,40.0,27.8,0.0
6573415565,DP0041,50.0,33.6,0.0
6573415566,DP0041,40.0,34.1,0.0
6573415567,DP0050,40.0,29.6,0.0
6573415568,DP0028,40.0,21.9,0.0
6573415569,DP0041,40.0,22.0,0.0
6573415570,DP0034,50.0,25.4,0.0
6573415571,DP0041,55.0,37.9,0.0
6573415572,DP0047,50.0,24.2,0.0
6573415573,DP0023,45.0,52.4,1.0
6573415574,DP0044,45.0,54.9,1.0
6573415575,DP0021,65.0,45.9,0.0
6573415576,DP0015,50.0,30.4,0.0
6573415577,DP0032,80.0,63.1,0.0
6573415578,DP0013,80.0,54.7,0.0
6573415579,DP0038,65.0,38.8,0.0
6573415580,DP0009,40.0,34.0,0.0
6573415581,DP0005,50.0,39.2,0.0
6573415582,DP0027,50.0,38.0,0.0
6573415583,DP0043,50.0,31.6,0.0
6573415584,DP0014,75.0,50.5,0.0
6573415585,DP0005,75.0,53.7,0.0
6573415586,DP0041,50.0,49.5,0.0
6573415587,DP0019,55.0,51.0,0.0
6573415588,DP0024,55.0,44.1,0.0
6573415589,DP0043,55.0,27.2,0.0
6573415590,DP0041,45.0,32.7,0.0
6573415591,DP0019,45.0,33.4,0.0
6573415592,DP0012,55.0,43.2,0.0
6573415593,DP0041,55.0,40.0,0.0
6573415594,DP0045,50.0,44.7,0.0
6573415595,DP0041,65.0,41.1,0.0
6573415596,DP0021,55.0,36.4,0.0
6573415597,DP0047,50.0,31.6,0.0
6573415598,DP0043,40.0,22.4,0.0
6573415599,DP0043,40.0,23.0,0.0
6573415600,DP0005,75.0,50.5,0.0
6573415601,DP0050,75.0,63.3,0.0
6573415602,DP0002,50.0,30.8,0.0
6573415603,DP0036,75.0,52.3,0.0
6573415604,DP0005,40.0,27.3,0.0
6573415605,DP0003,40.0,28.7,0.0
6573415606,DP0041,40.0,28.9,0.0
6573415607,DP0041,85.0,53.1,0.0
6573415608,DP0041,60.0,49.8,0.0
6573415609,DP0042,60.0,44.6,0.0
6573415610,DP0041,55.0,49.0,0.0
6573415611,DP0034,55.0,45.7,0.0
6573415612,DP0043,50.0,28.0,0.0
6573415613,DP0043,45.0,29.0,0.0
6573415614,DP0041,50.0,34.9,0.0
6573415615,DP0041,45.0,20.6,0.0
6573415616,DP0041,45.0,29.3,0.0
6573415617,DP0041,55.0,31.3,0.0
6573415618,DP0019,40.0,26.5,0.0
6573415619,DP0019,70.0,58.4,0.0
6573415620,DP0047,60.0,63.4,1.0
6573415621,DP0018,55.0,38.6,0.0
6573415622,DP0015,50.0,33.4,0.0
6573415623,DP0041,50.0,37.7,0.0
6573415624,DP0015,45.0,36.4,0.0
6573415625,DP0041,55.0,31.9,0.0
6573415626,DP0005,50.0,32.4,0.0
6573415627,DP0011,40.0,59.3,1.0
6573415628,DP0049,40.0,29.4,0.0
6573415629,DP0043,45.0,21.1,0.0
6573415630,DP0005,50.0,39.6,0.0
6573415631,DP0003,55.0,43.2,0.0
6573415632,DP0041,55.0,43.0,0.0
6573415633,DP0041,60.0,55.0,0.0
6573415634,DP0030,60.0,52.4,0.0
6573415635,DP0041,50.0,70.3,1.0
6573415636,DP0006,40.0,30.9,0.0
6573415637,DP0041,70.0,63.1,0.0
6573415638,DP0041,40.0,27.0,0.0
6573415639,DP0047,50.0,26.6,0.0
6573415640,DP0037,55.0,32.7,0.0
6573415641,DP0005,55.0,31.3,0.0
6573415642,DP0038,75.0,42.7,0.0
6573415643,DP0037,45.0,26.2,0.0
6573415644,DP0018,40.0,27.3,0.0
6573415645,DP0041,45.0,45.3,1.0
6573415646,DP0041,65.0,50.1,0.0
6573415647,DP0041,45.0,32.3,0.0
6573415648,DP0041,50.0,34.4,0.0
6573415649,DP0041,45.0,43.2,0.0
6573415650,DP0041,55.0,40.8,0.0
6573415651,DP0005,55.0,44.1,0.0
6573415652,DP0021,75.0,46.8,0.0
6573415653,DP0041,50.0,41.6,0.0
6573415654,DP0041,50.0,46.3,0.0
6573415655,DP0041,40.0,26.0,0.0
6573415656,DP0006,40.0,25.0,0.0
6573415657,DP0043,50.0,34.5,0.0
6573415658,DP0032,55.0,33.7,0.0
6573415659,DP0038,50.0,45.0,0.0
6573415660,DP0041,40.0,27.8,0.0
6573415661,DP0003,75.0,55.4,0.0
6573415662,DP0028,45.0,23.7,0.0
6573415663,DP0041,55.0,40.5,0.0
6573415664,DP0038,50.0,27.8,0.0
6573415665,DP0043,50.0,36.9,0.0
6573415666,DP0016,50.0,31.6,0.0
6573415667,,,,
6573415668,DP0008,55.0,30.9,0.0
6573415669,DP0041,55.0,33.0,0.0
6573415670,DP0041,50.0,32.0,0.0
6573415671,DP0001,50.0,37.9,0.0
6573415672,DP0044,55.0,34.9,0.0
6573415673,DP0041,55.0,35.7,0.0
6573415674,DP0041,55.0,33.4,0.0
6573415675,DP0041,45.0,27.9,0.0
6573415676,DP0014,40.0,17.9,0.0
6573415677,DP0015,45.0,35.7,0.0
6573415678,DP0041,55.0,42.1,0.0
6573415679,DP0041,55.0,37.7,0.0
6573415680,DP0043,50.0,39.5,0.0
6573415681,DP0038,55.0,38.4,0.0
6573415682,DP0027,55.0,41.5,0.0
6573415683,DP0002,50.0,30.0,0.0
6573415684,DP0041,40.0,43.1,1.0
6573415685,DP0041,50.0,27.9,0.0
6573415686,DP0041,55.0,52.4,0.0
6573415687,DP0047,55.0,53.3,0.0
6573415688,DP0048,40.0,44.7,1.0
6573415689,DP0041,40.0,31.7,0.0
6573415690,DP0031,45.0,24.0,0.0
6573415691,DP0041,40.0,17.4,0.0
6573415692,DP0041,60.0,41.5,0.0
6573415693,DP0043,60.0,38.7,0.0
6573415694,DP0028,55.0,39.2,0.0
6573415695,DP0041,45.0,34.2,0.0
6573415696,DP0041,45.0,30.2,0.0
6573415697,DP0041,55.0,35.7,0.0
6573415698,DP0041,50.0,40.9,0.0
6573415699,DP0027,50.0,40.0,0.0
6573415700,DP0019,45.0,34.0,0.0
6573415701,DP0041,45.0,34.1,0.0
6573415702,DP0043,50.0,24.2,0.0
6573415703,DP0019,50.0,35.7,0.0
6573415704,DP0015,55.0,42.6,0.0
6573415705,DP0014,55.0,42.9,0.0
6573415706,DP0041,90.0,63.9,0.0
6573415707,DP0015,45.0,27.3,0.0
6573415708,DP0041,65.0,43.2,0.0
6573415709,DP0019,50.0,31.8,0.0
6573415710,DP0041,55.0,34.8,0.0
6573415711,DP0041,90.0,62.5,0.0
6573415712,DP0019,50.0,43.3,0.0
6573415713,DP0041,50.0,37.1,0.0
6573415714,DP0041,75.0,49.1,0.0
6573415715,DP0041,45.0,34.5,0.0
6573415716,DP0041,40.0,32.1,0.0
6573415717,DP0043,40.0,35.1,0.0
6573415718,DP0011,45.0,37.4,0.0
6573415719,DP0041,45.0,45.4,1.0
6573415720,DP0043,75.0,46.0,0.0
6573415721,DP0005,60.0,40.6,0.0
6573415722,DP0005,65.0,36.5,0.0
6573415723,DP0033,65.0,39.3,0.0
6573415724,DP0041,50.0,32.8,0.0
6573415725,DP0041,50.0,26.6,0.0
6573415726,DP0043,65.0,54.2,0.0
6573415727,DP0048,55.0,54.0,0.0
6573415728,DP0041,55.0,37.9,0.0
6573415729,DP0043,40.0,28.0,0.0
6573415730,DP0036,55.0,42.4,0.0
6573415731,DP0041,40.0,33.2,0.0
6573415732,DP0028,40.0,39.3,0.0
6573415733,DP0041,55.0,56.2,1.0
6573415734,DP0050,40.0,55.4,1.0
6573415735,DP0033,40.0,31.5,0.0
6573415736,DP0039,40.0,38.7,0.0
6573415737,DP0042,40.0,35.9,0.0
6573415738,DP0041,60.0,75.4,1.0
6573415739,DP0034,50.0,38.0,0.0
6573415740,DP0041,50.0,36.0,0.0
6573415741,DP0038,40.0,20.6,0.0
6573415742,DP0047,40.0,20.2,0.0
6573415743,DP0024,55.0,34.0,0.0
6573415744,DP0008,50.0,32.5,0.0
6573415745,DP0041,50.0,37.3,0.0
6573415746,DP0041,50.0,47.8,0.0
6573415747,DP0041,45.0,28.5,0.0
6573415748,DP0035,45.0,70.0,1.0
6573415749,DP0015,55.0,58.9,1.0
6573415750,DP0007,85.0,62.4,0.0
6573415751,DP0019,65.0,36.7,0.0
6573415752,DP0041,45.0,32.2,0.0
6573415753,DP0041,50.0,32.7,0.0
6573415754,DP0048,40.0,55.5,1.0
6573415755,DP0041,45.0,21.0,0.0
6573415756,DP0043,40.0,26.7,0.0
6573415757,DP0041,70.0,42.8,0.0
6573415758,DP0048,40.0,47.8,1.0
6573415759,DP0012,45.0,49.3,1.0
6573415760,DP0050,55.0,54.3,0.0
6573415761,DP0041,45.0,31.0,0.0
6573415762,DP0041,55.0,41.8,0.0
6573415763,DP0008,55.0,31.4,0.0
6573415764,DP0041,50.0,29.1,0.0
6573415765,DP0028,45.0,32.7,0.0
6573415766,DP0041,50.0,28.8,0.0
6573415767,DP0043,50.0,28.6,0.0
6573415768,DP0041,50.0,33.2,0.0
6573415769,DP0013,45.0,39.8,0.0
6573415770,DP0048,55.0,55.2,1.0
6573415771,DP0008,45.0,46.9,1.0
6573415772,DP0005,40.0,24.0,0.0
6573415773,DP0006,40.0,20.4,0.0
6573415774,DP0043,40.0,21.9,0.0
6573415775,DP0041,50.0,36.6,0.0
6573415776,DP0041,50.0,32.4,0.0
6573415777,DP0041,55.0,40.8,0.0
6573415778,DP0041,50.0,20.7,0.0
6573415779,DP0041,55.0,38.8,0.0
6573415780,DP0041,40.0,33.9,0.0
6573415781,DP0041,40.0,21.6,0.0
6573415782,DP0019,50.0,41.9,0.0
6573415783,DP0015,40.0,22.6,0.0
6573415784,DP0019,45.0,19.3,0.0
6573415785,DP0041,55.0,30.9,0.0
6573415786,DP0041,55.0,41.6,0.0
6573415787,DP0041,40.0,55.2,1.0
6573415788,DP0043,50.0,39.6,0.0
6573415789,DP0041,45.0,45.1,1.0
6573415790,DP0041,60.0,36.4,0.0
6573415791,DP0014,45.0,32.8,0.0
6573415792,DP0019,60.0,39.4,0.0
6573415793,DP0041,60.0,42.1,0.0
6573415794,DP0026,45.0,32.1,0.0
6573415795,DP0019,45.0,35.8,0.0
6573415796,DP0034,50.0,28.7,0.0
6573415797,DP0047,60.0,40.5,0.0
6573415798,DP0037,45.0,27.8,0.0
6573415799,DP0020,45.0,28.1,0.0
6573415800,DP0019,50.0,33.5,0.0
6573415801,DP0043,40.0,25.6,0.0
6573415802,DP0019,45.0,30.1,0.0
6573415803,DP0041,70.0,47.8,0.0
6573415804,DP0019,65.0,46.4,0.0
6573415805,DP0038,50.0,41.4,0.0
6573415806,DP0017,40.0,22.8,0.0
6573415807,DP0043,55.0,29.1,0.0
6573415808,DP0037,65.0,40.4,0.0
6573415809,DP0041,65.0,54.9,0.0
6573415810,DP0014,70.0,59.5,0.0
6573415811,DP0041,50.0,31.0,0.0
6573415812,DP0041,55.0,30.8,0.0
6573415813,DP0033,65.0,67.1,1.0
6573415814,DP0033,65.0,70.3,1.0
6573415815,DP0027,90.0,77.5,0.0
6573415816,DP0041,50.0,41.7,0.0
6573415817,DP0012,65.0,44.2,0.0
6573415818,DP0041,50.0,34.8,0.0
6573415819,DP0043,50.0,40.4,0.0
6573415820,DP0021,50.0,38.1,0.0
6573415821,DP0041,55.0,41.9,0.0
6573415822,DP0039,40.0,28.9,0.0
6573415823,DP0050,60.0,48.1,0.0
6573415824,DP0019,45.0,18.8,0.0
6573415825,DP0005,85.0,60.1,0.0
6573415826,DP0041,40.0,26.2,0.0
6573415827,DP0048,50.0,38.3,0.0
6573415828,DP0009,50.0,40.6,0.0
6573415829,DP0047,65.0,54.8,0.0
6573415830,DP0044,65.0,50.5,0.0
6573415831,DP0041,50.0,42.5,0.0
6573415832,DP0043,50.0,45.0,0.0
6573415833,DP0047,70.0,47.1,0.0
6573415834,DP0030,50.0,27.7,0.0
6573415835,DP0041,45.0,22.9,0.0
6573415836,DP0028,45.0,34.5,0.0
6573415837,DP0015,45.0,34.9,0.0
6573415838,DP0009,45.0,47.0,1.0
6573415839,DP0041,40.0,34.0,0.0
6573415840,DP0003,40.0,27.3,0.0
6573415841,DP0007,40.0,25.5,0.0
6573415842,DP0005,40.0,26.0,0.0
6573415843,DP0005,55.0,53.6,0.0
6573415844,DP0041,55.0,36.2,0.0
6573415845,DP0041,40.0,29.0,0.0
6573415846,DP0049,80.0,79.5,0.0
6573415847,DP0030,40.0,51.5,1.0
6573415848,DP0019,50.0,28.3,0.0
6573415849,DP0039,65.0,74.2,1.0
6573415850,DP0041,40.0,22.1,0.0
6573415851,DP0043,50.0,33.4,0.0
6573415852,DP0023,50.0,29.5,0.0
6573415853,DP0041,55.0,26.4,0.0
6573415854,DP0003,50.0,35.8,0.0
6573415855,DP0041,45.0,37.7,0.0
6573415856,DP0041,50.0,37.2,0.0
6573415857,DP0041,55.0,27.1,0.0
6573415858,DP0005,50.0,30.3,0.0
6573415859,DP0041,45.0,37.3,0.0
6573415860,DP0041,65.0,46.9,0.0
6573415861,DP0026,50.0,30.5,0.0
6573415862,DP0041,45.0,26.9,0.0
6573415863,DP0019,55.0,81.9,1.0
6573415864,DP0043,55.0,49.4,0.0
6573415865,DP0048,40.0,35.2,0.0
6573415866,DP0028,40.0,20.8,0.0
6573415867,DP0041,55.0,32.4,0.0
6573415868,DP0041,65.0,39.0,0.0
6573415869,DP0026,45.0,49.5,1.0
6573415870,DP0019,45.0,43.2,0.0
6573415871,DP0041,40.0,40.4,1.0
6573415872,DP0043,55.0,37.8,0.0
6573415873,DP0019,50.0,31.3,0.0
6573415874,DP0041,50.0,33.5,0.0
6573415875,DP0003,50.0,55.0,1.0
6573415876,DP0041,60.0,34.4,0.0
6573415877,DP0015,60.0,41.4,0.0
6573415878,DP0041,40.0,36.5,0.0
6573415879,DP0043,40.0,37.9,0.0
6573415880,DP0010,45.0,29.5,0.0
6573415881,DP0012,45.0,31.0,0.0
6573415882,DP0012,45.0,61.7,1.0
6573415883,DP0041,65.0,57.4,0.0
6573415884,DP0041,50.0,36.6,0.0
6573415885,DP0034,45.0,37.6,0.0
6573415886,DP0041,50.0,46.2,0.0
6573415887,DP0005,45.0,34.6,0.0
6573415888,DP0017,45.0,30.3,0.0
6573415889,DP0041,45.0,32.1,0.0
6573415890,DP0003,40.0,25.5,0.0
6573415891,DP0047,40.0,24.8,0.0
6573415892,DP0041,55.0,40.2,0.0
6573415893,DP0041,50.0,41.4,0.0
6573415894,DP0041,50.0,39.6,0.0
6573415895,DP0023,45.0,34.9,0.0
6573415896,DP0041,50.0,38.4,0.0
6573415897,DP0041,40.0,22.5,0.0
6573415898,DP0030,40.0,40.8,1.0
6573415899,DP0014,65.0,51.7,0.0
6573415900,DP0008,55.0,39.7,0.0
6573415901,DP0002,55.0,53.0,0.0
6573415902,DP0049,40.0,18.6,0.0
6573415903,DP0007,40.0,25.8,0.0
6573415904,DP0041,55.0,50.6,0.0
6573415905,DP0034,45.0,47.8,1.0
6573415906,DP0005,50.0,42.9,0.0
6573415907,DP0023,50.0,43.3,0.0
6573415908,DP0037,50.0,39.9,0.0
6573415909,DP0041,55.0,44.6,0.0
6573415910,DP0025,55.0,42.7,0.0
6573415911,DP0041,55.0,43.7,0.0
6573415912,DP0041,40.0,25.3,0.0
6573415913,DP0005,40.0,31.5,0.0
6573415914,DP0005,60.0,87.8,1.0
6573415915,DP0023,50.0,34.4,0.0
6573415916,DP0026,50.0,40.4,0.0
6573415917,DP0043,45.0,24.2,0.0
6573415918,DP0008,50.0,28.1,0.0
6573415919,DP0041,50.0,30.1,0.0
6573415920,DP0015,55.0,38.0,0.0
6573415921,DP0041,55.0,42.7,0.0
6573415922,DP0041,40.0,15.6,0.0
6573415923,DP0035,40.0,30.7,0.0
6573415924,DP0041,55.0,31.6,0.0
6573415925,DP0022,55.0,61.0,1.0
6573415926,DP0002,65.0,39.5,0.0
6573415927,DP0041,50.0,28.9,0.0
6573415928,DP0041,55.0,44.8,0.0
6573415929,DP0019,50.0,56.4,1.0
6573415930,DP0012,40.0,31.9,0.0
6573415931,DP0041,50.0,42.9,0.0
6573415932,DP0041,50.0,39.9,0.0
6573415933,DP0041,55.0,38.5,0.0
6573415934,DP0041,55.0,38.3,0.0
6573415935,DP0039,60.0,43.2,0.0
6573415936,DP0012,50.0,37.5,0.0
6573415937,DP0041,40.0,25.0,0.0
6573415938,DP0041,40.0,26.7,0.0
6573415939,DP0008,45.0,34.6,0.0
6573415940,DP0043,45.0,37.6,0.0
6573415941,DP0041,55.0,38.9,0.0
6573415942,DP0041,45.0,45.2,1.0
6573415943,DP0039,50.0,28.5,0.0
6573415944,DP0007,45.0,20.0,0.0
6573415945,DP0015,55.0,26.9,0.0
6573415946,DP0041,50.0,27.6,0.0
6573415947,DP0009,40.0,34.9,0.0
6573415948,DP0041,50.0,31.0,0.0
6573415949,DP0041,65.0,38.0,0.0
6573415950,DP0019,40.0,34.6,0.0
6573415951,DP0041,40.0,36.5,0.0
6573415952,DP0009,45.0,38.8,0.0
6573415953,DP0041,45.0,107.8,1.0
6573415954,DP0005,50.0,25.3,0.0
6573415955,DP0041,50.0,28.0,0.0
6573415956,DP0005,55.0,31.7,0.0
6573415957,DP0041,50.0,30.0,0.0
6573415958,DP0041,85.0,60.2,0.0
6573415959,DP0041,55.0,62.8,1.0
6573415960,DP0041,55.0,63.2,1.0
6573415961,DP0036,55.0,52.7,0.0
6573415962,DP0007,55.0,48.7,0.0
6573415963,DP0012,65.0,45.4,0.0
6573415964,DP0005,45.0,30.7,0.0
6573415965,DP0010,50.0,31.6,0.0
6573415966,DP0041,50.0,34.7,0.0
6573415967,DP0041,60.0,45.9,0.0
6573415968,DP0043,60.0,40.4,0.0
6573415969,DP0038,90.0,61.4,0.0
6573415970,DP0021,45.0,31.0,0.0
6573415971,DP0041,50.0,62.4,1.0
6573415972,DP0020,45.0,34.1,0.0
6573415973,DP0033,55.0,40.8,0.0
6573415974,DP0041,50.0,36.2,0.0
6573415975,DP0014,50.0,34.2,0.0
6573415976,DP0037,50.0,23.5,0.0
6573415977,DP0041,40.0,26.6,0.0
6573415978,DP0008,65.0,39.7,0.0
6573415979,DP0027,50.0,36.9,0.0
6573415980,DP0043,50.0,45.7,0.0
6573415981,DP0047,55.0,47.2,0.0
6573415982,DP0043,60.0,83.1,1.0
6573415983,DP0041,40.0,22.9,0.0
6573415984,DP0041,65.0,71.7,1.0
6573415985,DP0041,40.0,28.4,0.0
6573415986,DP0043,40.0,29.2,0.0
6573415987,DP0027,40.0,35.0,0.0
6573415988,DP0041,40.0,31.5,0.0
6573415989,DP0046,40.0,70.0,1.0
6573415990,DP0043,50.0,31.9,0.0
6573415991,DP0041,50.0,33.5,0.0
6573415992,DP0048,40.0,40.5,1.0
6573415993,DP0048,50.0,47.2,0.0
6573415994,DP0016,40.0,28.0,0.0
6573415995,DP0041,90.0,49.1,0.0
6573415996,DP0041,45.0,20.9,0.0
6573415997,DP0002,45.0,20.4,0.0
6573415998,DP0041,45.0,27.7,0.0
6573415999,DP0041,40.0,29.8,0.0
6573416000,DP0015,40.0,27.9,0.0
6573416001,DP0041,40.0,25.6,0.0
6573416002,DP0041,40.0,33.4,0.0
6573416003,DP0027,45.0,29.4,0.0
6573416004,DP0041,50.0,28.8,0.0
6573416005,DP0041,60.0,43.3,0.0
6573416006,DP0041,60.0,42.2,0.0
6573416007,DP0041,55.0,40.5,0.0
6573416008,DP0041,40.0,28.9,0.0
6573416009,DP0041,40.0,17.1,0.0
6573416010,DP0041,40.0,20.8,0.0
6573416011,DP0041,70.0,53.7,0.0
6573416012,DP0047,65.0,77.4,1.0
6573416013,DP0024,50.0,32.2,0.0
6573416014,DP0043,50.0,27.5,0.0
6573416015,DP0047,60.0,42.6,0.0
6573416016,DP0041,70.0,52.6,0.0
6573416017,DP0039,55.0,50.8,0.0
6573416018,DP0041,45.0,30.4,0.0
6573416019,DP0008,45.0,36.6,0.0
6573416020,DP0043,45.0,19.8,0.0
6573416021,DP0038,75.0,55.6,0.0
6573416022,DP0023,90.0,93.3,1.0
6573416023,DP0043,55.0,36.1,0.0
6573416024,DP0032,85.0,65.0,0.0
6573416025,DP0041,50.0,35.3,0.0
6573416026,DP0043,50.0,34.3,0.0
6573416027,DP0036,40.0,30.1,0.0
6573416028,DP0041,50.0,40.7,0.0
6573416029,DP0010,55.0,68.1,1.0
6573416030,DP0043,55.0,74.4,1.0
6573416031,DP0041,40.0,24.2,0.0
6573416032,DP0043,55.0,51.2,0.0
6573416033,DP0041,45.0,105.8,1.0
6573416034,DP0019,45.0,109.2,1.0
6573416035,DP0015,40.0,30.6,0.0
6573416036,DP0044,50.0,36.1,0.0
6573416037,DP0024,50.0,36.9,0.0
6573416038,DP0015,45.0,38.1,0.0
6573416039,DP0041,50.0,40.9,0.0
6573416040,DP0041,50.0,38.4,0.0
6573416041,DP0028,50.0,23.2,0.0
6573416042,DP0010,45.0,43.6,0.0
6573416043,DP0039,45.0,38.0,0.0
6573416044,DP0017,45.0,33.7,0.0
6573416045,DP0041,55.0,30.6,0.0
6573416046,DP0041,50.0,26.3,0.0
6573416047,DP0027,50.0,25.9,0.0
6573416048,DP0041,50.0,38.3,0.0
6573416049,DP0041,60.0,42.0,0.0
6573416050,DP0041,40.0,43.6,1.0
6573416051,DP0041,40.0,18.9,0.0
6573416052,DP0019,40.0,25.6,0.0
6573416053,DP0041,50.0,26.6,0.0
6573416054,DP0041,50.0,35.8,0.0
6573416055,DP0019,55.0,32.5,0.0
6573416056,DP0005,65.0,36.0,0.0
6573416057,DP0041,50.0,31.6,0.0
6573416058,DP0003,50.0,33.3,0.0
6573416059,DP0015,50.0,51.0,1.0
6573416060,DP0047,50.0,54.4,1.0
6573416061,DP0041,40.0,25.8,0.0
6573416062,DP0043,40.0,23.4,0.0
6573416063,DP0026,55.0,30.4,0.0
6573416064,DP0014,50.0,26.7,0.0
6573416065,DP0043,50.0,26.4,0.0
6573416066,DP0041,50.0,35.6,0.0
6573416067,DP0008,50.0,37.4,0.0
6573416068,DP0014,40.0,37.9,0.0
6573416069,DP0041,45.0,49.2,1.0
6573416070,DP0019,45.0,43.2,0.0
6573416071,DP0041,40.0,26.5,0.0
6573416072,DP0041,50.0,27.6,0.0
6573416073,DP0048,40.0,47.1,1.0
6573416074,DP0005,40.0,25.2,0.0
6573416075,DP0041,50.0,29.9,0.0
6573416076,DP0028,50.0,34.3,0.0
6573416077,DP0005,40.0,39.4,0.0
6573416078,DP0005,40.0,44.6,1.0
6573416079,DP0007,40.0,28.4,0.0
6573416080,DP0047,50.0,35.4,0.0
6573416081,DP0041,50.0,37.6,0.0
6573416082,DP0041,50.0,37.4,0.0
6573416083,DP0041,40.0,47.3,1.0
6573416084,DP0021,45.0,22.7,0.0
6573416085,DP0041,45.0,24.4,0.0
6573416086,DP0041,65.0,41.3,0.0
6573416087,DP0048,65.0,54.3,0.0
6573416088,DP0008,40.0,23.2,0.0
6573416089,DP0041,55.0,40.9,0.0
6573416090,DP0006,45.0,24.5,0.0
6573416091,DP0012,50.0,30.9,0.0
6573416092,DP0043,60.0,38.6,0.0
6573416093,DP0008,60.0,33.4,0.0
6573416094,DP0041,55.0,42.5,0.0
6573416095,DP0033,40.0,22.8,0.0
6573416096,DP0041,55.0,35.0,0.0
6573416097,DP0025,45.0,22.5,0.0
6573416098,DP0041,50.0,22.2,0.0
6573416099,DP0041,50.0,49.7,0.0
6573416100,DP0041,85.0,68.0,0.0
6573416101,DP0021,60.0,37.0,0.0
6573416102,DP0050,50.0,51.4,1.0
6573416103,DP0019,50.0,33.8,0.0
6573416104,DP0041,50.0,30.6,0.0
6573416105,DP0005,45.0,34.4,0.0
6573416106,DP0008,50.0,37.6,0.0
6573416107,DP0005,55.0,35.4,0.0
6573416108,DP0019,40.0,22.9,0.0
6573416109,DP0041,40.0,21.4,0.0
6573416110,DP0008,45.0,24.3,0.0
6573416111,DP0041,45.0,31.7,0.0
6573416112,DP0007,40.0,27.7,0.0
6573416113,DP0048,60.0,54.1,0.0
6573416114,DP0006,50.0,28.9,0.0
6573416115,DP0006,50.0,44.9,0.0
6573416116,DP0027,45.0,29.6,0.0
6573416117,DP0049,55.0,37.6,0.0
6573416118,DP0041,45.0,35.9,0.0
6573416119,DP0008,45.0,31.8,0.0
6573416120,DP0041,55.0,34.3,0.0
6573416121,DP0019,55.0,36.2,0.0
6573416122,DP0028,50.0,62.2,1.0
6573416123,DP0041,70.0,45.9,0.0
6573416124,DP0020,45.0,41.3,0.0
6573416125,DP0023,55.0,34.3,0.0
6573416126,DP0041,70.0,47.3,0.0
6573416127,DP0049,55.0,33.2,0.0
6573416128,DP0043,70.0,60.8,0.0
6573416129,DP0038,50.0,38.1,0.0
6573416130,DP0041,45.0,37.0,0.0
6573416131,DP0041,40.0,17.0,0.0
6573416132,DP0038,50.0,44.4,0.0
6573416133,DP0041,80.0,58.1,0.0
6573416134,DP0041,40.0,16.9,0.0
6573416135,DP0041,40.0,26.2,0.0
6573416136,DP0041,55.0,44.1,0.0
6573416137,DP0041,55.0,55.9,1.0
6573416138,DP0043,50.0,58.8,1.0
6573416139,DP0041,85.0,57.8,0.0
6573416140,DP0041,50.0,34.3,0.0
6573416141,DP0009,40.0,28.8,0.0
6573416142,DP0039,55.0,40.3,0.0
6573416143,DP0017,45.0,44.9,0.0
6573416144,DP0041,45.0,47.2,1.0
6573416145,DP0008,65.0,37.4,0.0
6573416146,DP0005,55.0,33.6,0.0
6573416147,DP0006,40.0,31.9,0.0
6573416148,DP0005,60.0,30.7,0.0
6573416149,DP0028,65.0,48.4,0.0
6573416150,DP0041,55.0,31.3,0.0
6573416151,DP0021,55.0,25.9,0.0
6573416152,DP0021,45.0,30.8,0.0
6573416153,DP0008,40.0,38.6,0.0
6573416154,,,,
6573416155,DP0015,45.0,28.7,0.0
6573416156,DP0005,85.0,77.8,0.0
6573416157,DP0008,50.0,44.4,0.0
6573416158,DP0041,50.0,36.9,0.0
6573416159,DP0043,45.0,25.5,0.0
6573416160,DP0026,45.0,27.0,0.0
6573416161,DP0041,50.0,21.4,0.0
6573416162,DP0043,45.0,36.2,0.0
6573416163,DP0021,45.0,23.8,0.0
6573416164,DP0021,45.0,19.2,0.0
6573416165,DP0044,45.0,25.2,0.0
6573416166,DP0007,55.0,65.1,1.0
6573416167,DP0037,55.0,43.5,0.0
6573416168,DP0041,55.0,46.8,0.0
6573416169,DP0021,50.0,31.8,0.0
6573416170,DP0027,45.0,35.2,0.0
6573416171,DP0041,65.0,40.2,0.0
6573416172,DP0013,40.0,26.8,0.0
6573416173,DP0018,75.0,45.3,0.0
6573416174,DP0048,65.0,72.0,1.0
6573416175,DP0039,50.0,43.0,0.0
6573416176,DP0034,75.0,52.9,0.0
6573416177,DP0020,65.0,46.9,0.0
6573416178,DP0041,55.0,39.9,0.0
6573416179,DP0019,40.0,33.2,0.0
6573416180,DP0041,40.0,20.3,0.0
6573416181,DP0041,50.0,32.7,0.0
6573416182,DP0005,50.0,29.8,0.0
6573416183,DP0041,50.0,42.2,0.0
6573416184,DP0007,50.0,28.8,0.0
6573416185,DP0043,50.0,35.2,0.0
6573416186,DP0043,45.0,25.1,0.0
6573416187,DP0002,50.0,38.1,0.0
6573416188,DP0019,40.0,32.4,0.0
6573416189,DP0005,40.0,20.3,0.0
6573416190,DP0043,40.0,22.3,0.0
6573416191,DP0041,55.0,43.3,0.0
6573416192,DP0045,50.0,35.0,0.0
6573416193,DP0015,45.0,23.5,0.0
6573416194,DP0019,40.0,32.9,0.0
6573416195,DP0041,50.0,37.4,0.0
6573416196,DP0023,50.0,36.7,0.0
6573416197,DP0028,65.0,57.8,0.0
6573416198,DP0043,50.0,28.2,0.0
6573416199,DP0041,65.0,51.4,0.0
6573416200,DP0019,40.0,18.4,0.0
6573416201,DP0041,65.0,39.3,0.0
6573416202,DP0013,65.0,39.0,0.0
6573416203,DP0041,40.0,36.4,0.0
6573416204,DP0041,70.0,49.7,0.0
6573416205,DP0041,40.0,25.8,0.0
6573416206,DP0048,40.0,40.0,0.0
6573416207,DP0028,55.0,34.9,0.0
6573416208,DP0027,85.0,49.2,0.0
6573416209,DP0041,50.0,27.3,0.0
6573416210,DP0041,45.0,39.9,0.0
6573416211,DP0005,40.0,20.6,0.0
6573416212,DP0043,40.0,16.3,0.0
6573416213,DP0043,55.0,42.7,0.0
6573416214,DP0019,40.0,36.5,0.0
6573416215,DP0021,70.0,48.8,0.0
6573416216,DP0042,40.0,19.7,0.0
6573416217,DP0043,45.0,27.0,0.0
6573416218,DP0003,45.0,28.3,0.0
6573416219,DP0008,50.0,34.2,0.0
6573416220,DP0041,45.0,36.2,0.0
6573416221,DP0043,40.0,24.6,0.0
6573416222,DP0009,40.0,21.9,0.0
6573416223,DP0041,75.0,47.5,0.0
6573416224,DP0038,40.0,26.4,0.0
6573416225,DP0005,45.0,31.4,0.0
6573416226,DP0041,40.0,35.4,0.0
6573416227,DP0049,40.0,32.1,0.0
6573416228,DP0041,45.0,23.3,0.0
6573416229,DP0007,45.0,41.9,0.0
6573416230,DP0005,55.0,37.1,0.0
6573416231,DP0041,55.0,36.9,0.0
6573416232,DP0028,40.0,37.5,0.0
6573416233,DP0016,60.0,46.1,0.0
6573416234,DP0041,55.0,51.5,0.0
6573416235,DP0041,55.0,30.1,0.0
6573416236,DP0041,55.0,28.3,0.0
6573416237,DP0041,40.0,33.0,0.0
6573416238,DP0041,40.0,31.1,0.0
6573416239,DP0015,55.0,39.8,0.0
6573416240,DP0039,40.0,56.6,1.0
6573416241,DP0039,50.0,38.9,0.0
6573416242,DP0048,50.0,56.0,1.0
6573416243,DP0041,40.0,36.0,0.0
6573416244,DP0016,50.0,32.8,0.0
6573416245,DP0026,55.0,46.1,0.0
6573416246,DP0004,45.0,47.9,1.0
6573416247,DP0041,45.0,31.6,0.0
6573416248,DP0041,60.0,51.5,0.0
6573416249,DP0041,60.0,48.6,0.0
6573416250,DP0041,80.0,54.6,0.0
6573416251,DP0007,80.0,56.0,0.0
6573416252,DP0050,50.0,42.9,0.0
6573416253,DP0041,40.0,22.5,0.0
6573416254,DP0041,65.0,45.3,0.0
6573416255,DP0034,65.0,30.8,0.0
6573416256,DP0041,55.0,30.4,0.0
6573416257,DP0049,55.0,34.5,0.0
6573416258,DP0008,65.0,39.2,0.0
6573416259,DP0019,50.0,19.4,0.0
6573416260,DP0041,50.0,15.7,0.0
6573416261,DP0028,40.0,38.1,0.0
6573416262,DP0021,40.0,33.1,0.0
6573416263,DP0038,40.0,21.4,0.0
6573416264,DP0017,55.0,39.9,0.0
6573416265,DP0041,45.0,23.7,0.0
6573416266,DP0021,65.0,42.2,0.0
6573416267,DP0008,65.0,36.0,0.0
6573416268,DP0043,100.0,74.9,0.0
6573416269,DP0007,55.0,30.6,0.0
6573416270,DP0050,55.0,62.1,1.0
6573416271,DP0043,55.0,54.3,0.0
6573416272,DP0027,40.0,40.0,0.0
6573416273,DP0007,45.0,28.0,0.0
6573416274,DP0041,45.0,32.8,0.0
6573416275,DP0017,50.0,35.8,0.0
6573416276,DP0015,50.0,29.0,0.0
6573416277,DP0033,50.0,26.6,0.0
6573416278,DP0033,40.0,25.7,0.0
6573416279,DP0043,40.0,21.7,0.0
6573416280,DP0020,50.0,33.0,0.0
6573416281,DP0033,40.0,21.2,0.0
6573416282,DP0013,50.0,27.8,0.0
6573416283,DP0002,50.0,31.3,0.0
6573416284,DP0041,40.0,29.5,0.0
6573416285,DP0002,40.0,24.5,0.0
6573416286,DP0028,50.0,32.2,0.0
6573416287,DP0041,75.0,52.4,0.0
6573416288,DP0015,50.0,35.1,0.0
6573416289,DP0045,60.0,44.0,0.0
6573416290,DP0003,55.0,55.4,1.0
6573416291,DP0037,55.0,52.6,0.0
6573416292,DP0002,45.0,29.3,0.0
6573416293,DP0038,40.0,23.5,0.0
6573416294,DP0041,45.0,42.1,0.0
6573416295,DP0041,60.0,47.1,0.0
6573416296,DP0041,45.0,31.6,0.0
6573416297,DP0041,45.0,32.7,0.0
6573416298,DP0002,45.0,28.5,0.0
6573416299,DP0049,45.0,26.5,0.0
6573416300,DP0011,45.0,58.0,1.0
6573416301,DP0030,50.0,38.4,0.0
6573416302,DP0043,55.0,45.4,0.0
6573416303,,,,
6573416304,DP0012,40.0,23.8,0.0
6573416305,DP0041,70.0,57.4,0.0
6573416306,DP0043,50.0,41.0,0.0
6573416307,DP0041,55.0,45.8,0.0
6573416308,DP0028,55.0,46.1,0.0
6573416309,DP0041,60.0,42.3,0.0
6573416310,DP0043,55.0,50.6,0.0
6573416311,DP0041,55.0,38.7,0.0
6573416312,DP0048,50.0,72.2,1.0
6573416313,DP0029,45.0,27.9,0.0
6573416314,DP0041,60.0,35.9,0.0
6573416315,DP0043,55.0,54.8,0.0
6573416316,DP0005,50.0,31.2,0.0
6573416317,DP0024,50.0,29.9,0.0
6573416318,DP0021,40.0,31.1,0.0
6573416319,DP0041,45.0,28.3,0.0
6573416320,DP0023,60.0,45.4,0.0
6573416321,DP0009,65.0,61.0,0.0
6573416322,DP0005,65.0,58.4,0.0
6573416323,DP0028,55.0,39.7,0.0
6573416324,DP0038,55.0,40.3,0.0
6573416325,DP0041,60.0,37.9,0.0
6573416326,DP0048,60.0,57.1,0.0
6573416327,DP0007,70.0,64.3,0.0
6573416328,DP0041,70.0,62.6,0.0
6573416329,DP0005,55.0,38.2,0.0
6573416330,DP0041,45.0,22.8,0.0
6573416331,DP0008,60.0,45.9,0.0
6573416332,DP0017,55.0,60.0,1.0
6573416333,DP0041,40.0,38.5,0.0
6573416334,DP0041,45.0,29.4,0.0
6573416335,DP0013,45.0,34.6,0.0
6573416336,DP0036,50.0,41.3,0.0
6573416337,DP0041,50.0,36.2,0.0
6573416338,DP0004,50.0,57.5,1.0
6573416339,DP0024,40.0,26.9,0.0
6573416340,DP0041,65.0,58.9,0.0
6573416341,DP0007,65.0,57.5,0.0
6573416342,DP0007,50.0,26.8,0.0
6573416343,DP0007,55.0,52.9,0.0
6573416344,DP0041,50.0,35.9,0.0
6573416345,DP0041,55.0,38.1,0.0
6573416346,DP0041,40.0,26.4,0.0
6573416347,DP0041,50.0,39.8,0.0
6573416348,,,,
6573416349,,,,
6573416350,DP0041,45.0,29.8,0.0
6573416351,DP0041,60.0,41.3,0.0
6573416352,DP0002,45.0,25.5,0.0
6573416353,DP0041,45.0,21.2,0.0
6573416354,DP0033,45.0,42.1,0.0
6573416355,DP0034,45.0,34.5,0.0
6573416356,DP0019,50.0,31.0,0.0
6573416357,DP0018,45.0,37.7,0.0
6573416358,DP0043,50.0,27.8,0.0
6573416359,DP0041,55.0,35.4,0.0
6573416360,DP0041,55.0,34.5,0.0
6573416361,DP0041,50.0,24.7,0.0
6573416362,DP0005,50.0,38.2,0.0
6573416363,DP0048,40.0,33.9,0.0
6573416364,DP0043,55.0,33.3,0.0
6573416365,DP0027,50.0,28.2,0.0
6573416366,DP0043,50.0,29.6,0.0
6573416367,DP0009,45.0,45.4,1.0
6573416368,DP0041,70.0,51.2,0.0
6573416369,DP0041,70.0,43.8,0.0
6573416370,DP0019,40.0,24.1,0.0
6573416371,DP0038,40.0,28.0,0.0
6573416372,DP0012,50.0,27.0,0.0
6573416373,DP0041,50.0,30.6,0.0
6573416374,,,,
6573416375,,,,
6573416376,DP0015,45.0,45.6,1.0
6573416377,DP0041,50.0,27.6,0.0
6573416378,DP0008,50.0,27.2,0.0
6573416379,DP0008,40.0,20.8,0.0
6573416380,DP0013,45.0,36.1,0.0
6573416381,DP0018,65.0,58.5,0.0
6573416382,DP0039,50.0,44.0,0.0
6573416383,DP0005,50.0,34.6,0.0
6573416384,DP0041,45.0,24.0,0.0
6573416385,DP0036,65.0,46.9,0.0
6573416386,DP0041,45.0,39.5,0.0
6573416387,DP0043,45.0,37.3,0.0
6573416388,DP0019,65.0,50.9,0.0
6573416389,DP0019,50.0,40.9,0.0
6573416390,DP0015,50.0,42.8,0.0
6573416391,DP0041,40.0,27.9,0.0
6573416392,DP0041,45.0,44.2,0.0
6573416393,DP0019,60.0,41.1,0.0
6573416394,DP0043,50.0,36.8,0.0
6573416395,DP0041,50.0,39.7,0.0
6573416396,DP0008,55.0,41.2,0.0
6573416397,DP0041,50.0,26.8,0.0
6573416398,DP0041,50.0,28.8,0.0
6573416399,DP0045,45.0,65.4,1.0
6573416400,DP0043,45.0,62.9,1.0
6573416401,DP0005,55.0,51.9,0.0
6573416402,DP0005,45.0,27.2,0.0
6573416403,DP0015,50.0,34.7,0.0
6573416404,DP0041,70.0,49.2,0.0
6573416405,DP0041,50.0,39.0,0.0
6573416406,DP0043,45.0,30.1,0.0
6573416407,DP0041,60.0,36.6,0.0
6573416408,DP0043,40.0,23.0,0.0
6573416409,DP0012,40.0,34.2,0.0
6573416410,DP0039,65.0,48.8,0.0
6573416411,DP0012,40.0,25.4,0.0
6573416412,DP0041,40.0,23.0,0.0
6573416413,DP0003,45.0,31.5,0.0
6573416414,DP0009,45.0,30.4,0.0
6573416415,DP0043,50.0,31.9,0.0
6573416416,DP0021,50.0,27.2,0.0
6573416417,DP0046,50.0,43.2,0.0
6573416418,DP0041,40.0,25.0,0.0
6573416419,DP0041,60.0,50.5,0.0
6573416420,DP0041,60.0,28.4,0.0
6573416421,DP0043,50.0,33.0,0.0
6573416422,DP0048,45.0,50.8,1.0
6573416423,DP0041,45.0,31.4,0.0
6573416424,DP0041,45.0,33.3,0.0
6573416425,DP0043,65.0,41.9,0.0
6573416426,DP0041,55.0,46.4,0.0
6573416427,DP0041,50.0,43.9,0.0
6573416428,DP0005,55.0,33.3,0.0
6573416429,DP0019,55.0,38.1,0.0
6573416430,DP0050,40.0,40.4,1.0
6573416431,DP0019,40.0,21.7,0.0
6573416432,DP0026,40.0,28.6,0.0
6573416433,DP0042,50.0,43.5,0.0
6573416434,DP0048,45.0,45.0,0.0
6573416435,DP0041,45.0,30.5,0.0
6573416436,DP0026,50.0,22.6,0.0
6573416437,DP0041,50.0,21.5,0.0
6573416438,DP0042,50.0,35.0,0.0
6573416439,DP0043,65.0,47.6,0.0
6573416440,DP0025,50.0,31.2,0.0
6573416441,DP0041,50.0,39.3,0.0
6573416442,DP0041,40.0,25.5,0.0
6573416443,DP0039,40.0,26.3,0.0
6573416444,DP0020,40.0,25.3,0.0
6573416445,DP0005,55.0,37.6,0.0
6573416446,DP0049,55.0,35.7,0.0
6573416447,DP0048,40.0,43.4,1.0
6573416448,DP0043,50.0,45.4,0.0
6573416449,DP0049,55.0,43.8,0.0
6573416450,DP0005,40.0,48.9,1.0
6573416451,DP0028,50.0,36.3,0.0
6573416452,DP0029,85.0,70.3,0.0
6573416453,DP0041,60.0,43.5,0.0
6573416454,DP0041,55.0,38.5,0.0
6573416455,DP0029,50.0,75.3,1.0
6573416456,DP0043,45.0,32.6,0.0
6573416457,DP0007,65.0,56.0,0.0
6573416458,DP0008,45.0,34.1,0.0
6573416459,DP0041,40.0,35.3,0.0
6573416460,DP0041,50.0,34.1,0.0
6573416461,DP0027,45.0,32.0,0.0
6573416462,DP0041,40.0,23.6,0.0
6573416463,DP0041,40.0,25.3,0.0
6573416464,DP0041,50.0,38.7,0.0
6573416465,DP0043,50.0,44.9,0.0
6573416466,DP0041,55.0,40.0,0.0
6573416467,DP0043,45.0,21.8,0.0
6573416468,DP0006,50.0,43.2,0.0
6573416469,DP0041,55.0,41.9,0.0
6573416470,DP0041,55.0,54.5,0.0
6573416471,DP0041,50.0,38.8,0.0
6573416472,DP0050,40.0,45.7,1.0
6573416473,DP0003,40.0,27.8,0.0
6573416474,DP0041,45.0,34.1,0.0
6573416475,DP0041,65.0,45.6,0.0
6573416476,DP0041,65.0,47.5,0.0
6573416477,DP0002,65.0,51.1,0.0
6573416478,DP0028,40.0,23.3,0.0
6573416479,DP0041,40.0,28.9,0.0
6573416480,DP0043,40.0,27.4,0.0
6573416481,DP0041,55.0,39.1,0.0
6573416482,DP0019,50.0,29.4,0.0
6573416483,DP0005,50.0,36.6,0.0
6573416484,DP0009,50.0,35.1,0.0
6573416485,DP0043,40.0,36.3,0.0
6573416486,DP0043,40.0,32.3,0.0
6573416487,DP0041,50.0,43.7,0.0
6573416488,DP0041,40.0,24.0,0.0
6573416489,DP0041,60.0,46.8,0.0
6573416490,DP0041,40.0,40.8,1.0
6573416491,DP0041,45.0,28.4,0.0
6573416492,DP0041,55.0,38.8,0.0
6573416493,DP0027,40.0,31.4,0.0
6573416494,DP0041,55.0,41.7,0.0
6573416495,DP0018,50.0,43.1,0.0
6573416496,DP0041,45.0,22.3,0.0
6573416497,DP0041,55.0,44.9,0.0
6573416498,DP0005,45.0,27.6,0.0
6573416499,DP0039,40.0,25.7,0.0
6573416500,DP0041,50.0,32.7,0.0
6573416501,DP0049,70.0,40.7,0.0
6573416502,DP0043,45.0,42.1,0.0
6573416503,DP0008,40.0,22.8,0.0
6573416504,DP0023,55.0,31.5,0.0
6573416505,DP0024,55.0,32.1,0.0
6573416506,DP0008,45.0,31.7,0.0
6573416507,DP0033,55.0,38.6,0.0
6573416508,DP0041,50.0,25.2,0.0
6573416509,DP0047,50.0,41.6,0.0
6573416510,DP0036,45.0,26.2,0.0
6573416511,DP0047,45.0,19.3,0.0
6573416512,DP0041,55.0,30.5,0.0
6573416513,DP0009,50.0,27.2,0.0
6573416514,DP0039,60.0,39.2,0.0
6573416515,DP0047,60.0,42.7,0.0
6573416516,DP0041,65.0,47.4,0.0
6573416517,DP0009,45.0,28.0,0.0
6573416518,DP0027,50.0,50.1,1.0
6573416519,DP0041,50.0,50.6,1.0
6573416520,DP0005,55.0,45.0,0.0
6573416521,DP0008,55.0,47.5,0.0
6573416522,DP0032,45.0,33.9,0.0
6573416523,DP0038,55.0,40.5,0.0
6573416524,DP0041,60.0,40.7,0.0
6573416525,DP0033,55.0,26.6,0.0
6573416526,DP0019,50.0,46.5,0.0
6573416527,DP0048,50.0,56.1,1.0
6573416528,DP0041,55.0,33.7,0.0
6573416529,DP0041,60.0,36.5,0.0
6573416530,DP0005,45.0,22.3,0.0
6573416531,DP0041,55.0,45.0,0.0
6573416532,DP0041,55.0,33.1,0.0
6573416533,DP0041,50.0,26.2,0.0
6573416534,DP0041,50.0,34.8,0.0
6573416535,DP0005,50.0,34.5,0.0
6573416536,DP0007,50.0,30.0,0.0
6573416537,DP0041,50.0,27.3,0.0
6573416538,DP0041,60.0,54.5,0.0
6573416539,DP0043,50.0,25.4,0.0
6573416540,DP0041,50.0,26.8,0.0
6573416541,DP0008,40.0,22.9,0.0
6573416542,DP0041,65.0,40.1,0.0
6573416543,DP0041,55.0,51.8,0.0
6573416544,DP0005,55.0,37.4,0.0
6573416545,DP0026,40.0,34.1,0.0
6573416546,DP0041,65.0,58.0,0.0
6573416547,DP0041,45.0,33.5,0.0
6573416548,DP0041,45.0,52.6,1.0
6573416549,DP0041,50.0,34.8,0.0
6573416550,DP0042,50.0,30.0,0.0
6573416551,DP0019,50.0,31.0,0.0
6573416552,DP0041,50.0,33.0,0.0
6573416553,DP0041,40.0,24.3,0.0
6573416554,DP0041,40.0,26.9,0.0
6573416555,DP0008,55.0,35.6,0.0
6573416556,DP0005,55.0,35.9,0.0
6573416557,DP0041,55.0,35.9,0.0
6573416558,DP0041,50.0,28.5,0.0
6573416559,DP0041,65.0,43.3,0.0
6573416560,DP0017,40.0,30.7,0.0
6573416561,DP0039,55.0,35.0,0.0
6573416562,DP0041,55.0,33.2,0.0
6573416563,DP0026,50.0,49.1,0.0
6573416564,DP0025,45.0,42.2,0.0
6573416565,DP0028,40.0,23.1,0.0
6573416566,DP0041,40.0,21.3,0.0
6573416567,DP0041,55.0,42.9,0.0
6573416568,DP0015,60.0,41.8,0.0
6573416569,DP0039,60.0,37.3,0.0
6573416570,DP0015,50.0,35.9,0.0
6573416571,DP0008,50.0,35.0,0.0
6573416572,DP0005,45.0,28.9,0.0
6573416573,DP0017,60.0,40.5,0.0
6573416574,DP0015,50.0,26.9,0.0
6573416575,DP0004,50.0,45.4,0.0
6573416576,DP0021,40.0,24.3,0.0
6573416577,DP0041,50.0,29.3,0.0
6573416578,DP0041,50.0,29.3,0.0
6573416579,DP0026,55.0,36.4,0.0
6573416580,DP0033,55.0,44.9,0.0
6573416581,DP0026,50.0,21.0,0.0
6573416582,DP0041,50.0,30.8,0.0
6573416583,DP0041,50.0,40.6,0.0
6573416584,DP0041,85.0,56.5,0.0
6573416585,DP0015,40.0,33.1,0.0
6573416586,DP0041,55.0,39.7,0.0
6573416587,DP0005,60.0,48.5,0.0
6573416588,DP0008,45.0,30.1,0.0
6573416589,DP0041,40.0,34.2,0.0
6573416590,DP0023,40.0,33.1,0.0
6573416591,DP0041,40.0,22.4,0.0
6573416592,DP0005,45.0,30.8,0.0
6573416593,DP0027,60.0,48.4,0.0
6573416594,DP0005,65.0,37.9,0.0
6573416595,DP0041,65.0,37.8,0.0
6573416596,DP0041,50.0,32.9,0.0
6573416597,DP0041,50.0,32.9,0.0
6573416598,DP0003,55.0,34.8,0.0
6573416599,DP0041,55.0,34.3,0.0
6573416600,DP0002,45.0,36.3,0.0
6573416601,DP0041,40.0,33.4,0.0
6573416602,DP0009,50.0,39.9,0.0
6573416603,DP0041,55.0,59.6,1.0
6573416604,DP0033,65.0,59.1,0.0
6573416605,DP0043,40.0,26.8,0.0
6573416606,DP0041,65.0,39.1,0.0
6573416607,DP0041,55.0,44.9,0.0
6573416608,DP0041,55.0,29.3,0.0
6573416609,DP0041,55.0,89.7,1.0
6573416610,DP0007,40.0,25.7,0.0
6573416611,DP0041,65.0,59.5,0.0
6573416612,DP0041,90.0,73.5,0.0
6573416613,DP0041,65.0,33.0,0.0
6573416614,DP0041,55.0,37.8,0.0
6573416615,,,,
6573416616,,,,
6573416617,DP0043,40.0,22.2,0.0
6573416618,DP0019,45.0,26.6,0.0
6573416619,DP0041,40.0,29.1,0.0
6573416620,DP0041,40.0,27.8,0.0
6573416621,DP0030,40.0,24.0,0.0
6573416622,DP0019,40.0,36.3,0.0
6573416623,DP0033,40.0,35.6,0.0
6573416624,DP0041,45.0,34.5,0.0
6573416625,DP0043,45.0,18.9,0.0
6573416626,DP0041,40.0,31.5,0.0
6573416627,DP0013,45.0,35.3,0.0
6573416628,DP0009,45.0,34.4,0.0
6573416629,DP0043,45.0,29.3,0.0
6573416630,DP0005,40.0,39.0,0.0
6573416631,DP0002,40.0,38.7,0.0
6573416632,DP0049,45.0,20.4,0.0
6573416633,DP0041,55.0,30.6,0.0
6573416634,DP0041,55.0,35.7,0.0
6573416635,DP0015,40.0,25.0,0.0
6573416636,DP0041,45.0,30.1,0.0
6573416637,DP0026,55.0,31.0,0.0
6573416638,DP0021,55.0,29.7,0.0
6573416639,DP0005,55.0,36.7,0.0
6573416640,DP0005,65.0,46.7,0.0
6573416641,DP0005,45.0,22.2,0.0
6573416642,DP0041,45.0,21.8,0.0
6573416643,DP0041,40.0,26.6,0.0
6573416644,DP0004,55.0,42.8,0.0
6573416645,DP0041,55.0,34.2,0.0
6573416646,DP0003,50.0,32.2,0.0
6573416647,DP0038,50.0,25.7,0.0
6573416648,DP0041,50.0,29.7,0.0
6573416649,DP0015,40.0,30.5,0.0
6573416650,DP0010,55.0,38.2,0.0
6573416651,DP0009,45.0,29.2,0.0
6573416652,DP0041,60.0,43.9,0.0
6573416653,DP0038,60.0,44.4,0.0
6573416654,DP0015,55.0,40.9,0.0
6573416655,DP0034,40.0,25.5,0.0
6573416656,DP0041,55.0,40.8,0.0
6573416657,DP0008,45.0,38.4,0.0
6573416658,DP0028,55.0,39.8,0.0
6573416659,DP0005,40.0,25.0,0.0
6573416660,DP0019,40.0,25.5,0.0
6573416661,DP0041,60.0,44.9,0.0
6573416662,DP0039,50.0,33.2,0.0
6573416663,DP0049,50.0,29.1,0.0
6573416664,DP0019,65.0,44.1,0.0
6573416665,DP0008,50.0,32.2,0.0
6573416666,DP0041,60.0,33.0,0.0
6573416667,DP0041,60.0,42.8,0.0
6573416668,DP0041,50.0,56.7,1.0
6573416669,DP0041,50.0,53.9,1.0
6573416670,DP0002,50.0,33.9,0.0
6573416671,DP0041,55.0,32.7,0.0
6573416672,DP0007,55.0,43.7,0.0
6573416673,,,,
6573416674,DP0014,60.0,35.0,0.0
6573416675,DP0041,50.0,39.4,0.0
6573416676,DP0048,50.0,49.3,0.0
6573416677,DP0015,45.0,41.9,0.0
6573416678,DP0002,55.0,44.1,0.0
6573416679,DP0007,50.0,47.0,0.0
6573416680,DP0030,50.0,47.0,0.0
6573416681,DP0043,45.0,30.7,0.0
6573416682,DP0008,55.0,39.4,0.0
6573416683,DP0041,55.0,39.9,0.0
6573416684,DP0008,55.0,39.6,0.0
6573416685,DP0043,50.0,43.4,0.0
6573416686,DP0041,55.0,41.2,0.0
6573416687,DP0041,45.0,32.7,0.0
6573416688,DP0029,45.0,39.4,0.0
6573416689,DP0041,75.0,48.4,0.0
6573416690,DP0014,45.0,26.4,0.0
6573416691,DP0006,55.0,38.5,0.0
6573416692,DP0003,55.0,37.5,0.0
6573416693,DP0008,40.0,60.5,1.0
6573416694,DP0009,65.0,48.2,0.0
6573416695,DP0016,40.0,34.2,0.0
6573416696,DP0005,40.0,27.3,0.0
6573416697,DP0005,40.0,34.7,0.0
6573416698,DP0008,40.0,23.0,0.0
6573416699,DP0041,50.0,31.1,0.0
6573416700,DP0041,50.0,31.2,0.0
6573416701,DP0041,70.0,50.3,0.0
6573416702,DP0005,50.0,33.1,0.0
6573416703,DP0041,50.0,30.6,0.0
6573416704,DP0041,50.0,26.2,0.0
6573416705,DP0021,45.0,42.3,0.0
6573416706,DP0041,70.0,52.9,0.0
6573416707,DP0041,70.0,51.2,0.0
6573416708,DP0008,55.0,53.4,0.0
6573416709,DP0038,45.0,28.5,0.0
6573416710,DP0041,60.0,36.8,0.0
6573416711,DP0019,45.0,27.4,0.0
6573416712,DP0026,45.0,20.3,0.0
6573416713,DP0041,50.0,38.8,0.0
6573416714,DP0008,65.0,40.4,0.0
6573416715,DP0005,50.0,46.3,0.0
6573416716,DP0008,50.0,66.0,1.0
6573416717,DP0006,40.0,29.2,0.0
6573416718,DP0041,40.0,30.7,0.0
6573416719,DP0005,55.0,40.6,0.0
6573416720,DP0041,45.0,28.5,0.0
6573416721,DP0041,45.0,25.2,0.0
6573416722,DP0041,55.0,32.8,0.0
6573416723,DP0007,50.0,17.8,0.0
6573416724,DP0042,50.0,17.3,0.0
6573416725,DP0008,50.0,40.0,0.0
6573416726,DP0024,55.0,42.7,0.0
6573416727,DP0043,45.0,16.3,0.0
6573416728,DP0041,45.0,17.7,0.0
6573416729,DP0021,50.0,34.4,0.0
6573416730,DP0004,50.0,41.2,0.0
6573416731,DP0048,40.0,51.7,1.0
6573416732,DP0041,40.0,36.9,0.0
6573416733,DP0041,40.0,30.8,0.0
6573416734,DP0006,40.0,22.8,0.0
6573416735,DP0028,45.0,46.0,1.0
6573416736,DP0018,40.0,20.1,0.0
6573416737,DP0023,50.0,44.3,0.0
6573416738,DP0041,50.0,44.8,0.0
6573416739,DP0041,45.0,27.4,0.0
6573416740,DP0041,45.0,33.8,0.0
6573416741,DP0034,90.0,66.7,0.0
6573416742,DP0049,50.0,37.6,0.0
6573416743,DP0041,45.0,48.2,1.0
6573416744,DP0041,40.0,19.3,0.0
6573416745,DP0043,50.0,33.6,0.0
6573416746,DP0041,50.0,30.7,0.0
6573416747,DP0041,55.0,42.4,0.0
6573416748,DP0037,50.0,41.7,0.0
6573416749,DP0041,70.0,55.6,0.0
6573416750,DP0049,70.0,54.1,0.0
6573416751,DP0041,40.0,20.1,0.0
6573416752,DP0038,40.0,26.8,0.0
6573416753,DP0041,40.0,30.7,0.0
6573416754,DP0038,65.0,43.5,0.0
6573416755,DP0041,50.0,26.8,0.0
6573416756,DP0041,65.0,51.9,0.0
6573416757,DP0043,40.0,32.9,0.0
6573416758,DP0041,45.0,21.0,0.0
6573416759,DP0027,45.0,34.1,0.0
6573416760,DP0039,40.0,36.9,0.0
6573416761,DP0027,40.0,24.7,0.0
6573416762,DP0003,60.0,38.4,0.0
6573416763,DP0041,40.0,45.3,1.0
6573416764,DP0041,40.0,31.4,0.0
6573416765,DP0019,40.0,28.1,0.0
6573416766,DP0041,50.0,36.2,0.0
6573416767,DP0043,50.0,43.6,0.0
6573416768,DP0041,50.0,38.7,0.0
6573416769,DP0039,50.0,118.9,1.0
6573416770,DP0041,55.0,42.3,0.0
6573416771,DP0026,55.0,40.2,0.0
6573416772,DP0005,55.0,36.7,0.0
6573416773,DP0008,50.0,35.8,0.0
6573416774,DP0009,60.0,50.2,0.0
6573416775,DP0041,60.0,50.2,0.0
6573416776,DP0005,55.0,29.8,0.0
6573416777,DP0034,40.0,22.7,0.0
6573416778,DP0041,50.0,43.4,0.0
6573416779,DP0048,60.0,51.2,0.0
6573416780,DP0041,55.0,45.6,0.0
6573416781,DP0019,40.0,23.3,0.0
6573416782,DP0041,45.0,49.4,1.0
6573416783,DP0005,55.0,35.7,0.0
6573416784,DP0009,55.0,34.6,0.0
6573416785,DP0028,65.0,51.8,0.0
6573416786,DP0041,50.0,39.5,0.0
6573416787,DP0048,50.0,54.0,1.0
6573416788,DP0015,40.0,41.0,1.0
6573416789,DP0028,40.0,25.7,0.0
6573416790,DP0049,50.0,48.1,0.0
6573416791,DP0041,40.0,29.3,0.0
6573416792,DP0018,85.0,70.4,0.0
6573416793,DP0041,50.0,31.9,0.0
6573416794,DP0041,45.0,25.8,0.0
6573416795,DP0043,65.0,39.4,0.0
6573416796,DP0030,55.0,48.5,0.0
6573416797,DP0041,55.0,47.9,0.0
6573416798,DP0041,50.0,44.4,0.0
6573416799,DP0027,50.0,48.9,0.0
6573416800,DP0026,40.0,24.7,0.0
6573416801,DP0008,45.0,26.7,0.0
6573416802,DP0041,45.0,32.5,0.0
6573416803,DP0041,65.0,45.5,0.0
6573416804,DP0043,40.0,25.5,0.0
6573416805,DP0041,45.0,28.1,0.0
6573416806,DP0041,45.0,26.5,0.0
6573416807,DP0015,55.0,50.5,0.0
6573416808,DP0043,50.0,24.4,0.0
6573416809,DP0005,40.0,25.2,0.0
6573416810,DP0041,40.0,23.2,0.0
6573416811,DP0005,55.0,32.8,0.0
6573416812,DP0015,45.0,26.9,0.0
6573416813,DP0043,50.0,35.7,0.0
6573416814,DP0023,50.0,31.4,0.0
6573416815,DP0048,45.0,42.7,0.0
6573416816,DP0041,45.0,42.8,0.0
6573416817,DP0010,50.0,29.5,0.0
6573416818,DP0041,60.0,35.5,0.0
6573416819,DP0007,50.0,42.1,0.0
6573416820,DP0039,50.0,42.0,0.0
6573416821,DP0043,45.0,17.2,0.0
6573416822,DP0015,50.0,32.1,0.0
6573416823,DP0041,50.0,39.6,0.0
6573416824,DP0041,45.0,50.4,1.0
6573416825,DP0038,40.0,33.9,0.0
6573416826,DP0041,50.0,79.1,1.0
6573416827,DP0043,55.0,39.6,0.0
6573416828,DP0021,55.0,36.1,0.0
6573416829,DP0041,50.0,30.4,0.0
6573416830,DP0041,40.0,26.1,0.0
6573416831,DP0005,40.0,35.9,0.0
6573416832,DP0019,55.0,34.4,0.0
6573416833,DP0041,40.0,38.7,0.0
6573416834,DP0013,65.0,49.2,0.0
6573416835,DP0041,40.0,25.4,0.0
6573416836,DP0008,55.0,37.9,0.0
6573416837,DP0041,55.0,39.6,0.0
6573416838,DP0019,65.0,50.0,0.0
6573416839,DP0041,50.0,36.3,0.0
6573416840,DP0041,60.0,48.0,0.0
6573416841,DP0019,60.0,46.0,0.0
6573416842,DP0049,45.0,37.4,0.0
6573416843,DP0041,45.0,35.9,0.0
6573416844,DP0041,55.0,37.7,0.0
6573416845,DP0041,45.0,43.1,0.0
6573416846,DP0019,50.0,37.1,0.0
6573416847,DP0008,45.0,32.6,0.0
6573416848,DP0041,45.0,29.2,0.0
6573416849,DP0041,45.0,32.1,0.0
6573416850,DP0043,40.0,24.4,0.0
6573416851,DP0008,50.0,63.2,1.0
6573416852,DP0043,50.0,26.6,0.0
6573416853,DP0041,45.0,42.0,0.0
6573416854,DP0043,55.0,42.9,0.0
6573416855,DP0021,55.0,46.7,0.0
6573416856,DP0005,85.0,64.3,0.0
6573416857,DP0031,65.0,52.6,0.0
6573416858,DP0041,50.0,28.4,0.0
6573416859,DP0043,40.0,36.8,0.0
6573416860,DP0041,40.0,27.5,0.0
6573416861,DP0018,55.0,32.0,0.0
6573416862,DP0041,55.0,36.8,0.0
6573416863,DP0041,55.0,34.8,0.0
6573416864,DP0041,60.0,30.4,0.0
6573416865,DP0022,60.0,35.5,0.0
6573416866,DP0041,45.0,39.5,0.0
6573416867,DP0016,50.0,51.3,1.0
6573416868,DP0041,40.0,25.4,0.0
6573416869,DP0041,40.0,30.0,0.0
6573416870,DP0019,55.0,28.7,0.0
6573416871,DP0041,55.0,27.2,0.0
6573416872,DP0041,55.0,30.9,0.0
6573416873,DP0002,55.0,34.1,0.0
6573416874,DP0005,40.0,19.2,0.0
6573416875,DP0039,65.0,44.1,0.0
6573416876,DP0018,55.0,28.6,0.0
6573416877,DP0041,55.0,34.8,0.0
6573416878,DP0041,65.0,54.4,0.0
6573416879,DP0041,65.0,47.9,0.0
6573416880,DP0047,40.0,26.8,0.0
6573416881,DP0005,50.0,28.6,0.0
6573416882,DP0041,65.0,41.5,0.0
6573416883,DP0041,65.0,35.8,0.0
6573416884,DP0012,50.0,45.5,0.0
6573416885,DP0001,65.0,42.7,0.0
6573416886,DP0043,55.0,38.5,0.0
6573416887,DP0043,55.0,34.8,0.0
6573416888,DP0027,40.0,42.8,1.0
6573416889,DP0019,65.0,53.6,0.0
6573416890,DP0049,50.0,69.0,1.0
6573416891,DP0008,55.0,37.2,0.0
6573416892,DP0038,55.0,53.4,0.0
6573416893,,,,
6573416894,DP0043,40.0,36.2,0.0
6573416895,DP0007,40.0,29.8,0.0
6573416896,DP0041,45.0,58.2,1.0
6573416897,DP0041,80.0,59.2,0.0
6573416898,DP0019,50.0,31.8,0.0
6573416899,DP0001,50.0,26.2,0.0
6573416900,DP0015,40.0,39.5,0.0
6573416901,DP0041,50.0,46.7,0.0
6573416902,DP0015,50.0,48.5,0.0
6573416903,DP0042,50.0,36.3,0.0
6573416904,DP0041,85.0,59.6,0.0
6573416905,DP0019,85.0,61.2,0.0
6573416906,DP0006,50.0,33.9,0.0
6573416907,DP0048,50.0,43.3,0.0
6573416908,DP0041,40.0,25.6,0.0
6573416909,DP0041,50.0,24.4,0.0
6573416910,DP0041,50.0,34.3,0.0
6573416911,DP0041,50.0,20.9,0.0
6573416912,DP0040,55.0,36.8,0.0
6573416913,DP0002,55.0,32.2,0.0
6573416914,DP0043,40.0,15.6,0.0
6573416915,DP0041,50.0,32.2,0.0
6573416916,DP0043,45.0,39.4,0.0
6573416917,DP0041,40.0,28.9,0.0
6573416918,DP0019,40.0,31.3,0.0
6573416919,DP0014,75.0,45.7,0.0
6573416920,DP0043,75.0,47.9,0.0
6573416921,DP0041,50.0,29.5,0.0
6573416922,DP0005,50.0,29.2,0.0
6573416923,DP0048,55.0,51.6,0.0
6573416924,DP0019,40.0,20.4,0.0
6573416925,DP0041,45.0,42.6,0.0
6573416926,DP0043,55.0,38.1,0.0
6573416927,DP0021,40.0,25.8,0.0
6573416928,DP0005,55.0,47.9,0.0
6573416929,DP0032,75.0,48.8,0.0
6573416930,DP0041,90.0,61.4,0.0
6573416931,DP0004,90.0,80.5,0.0
6573416932,DP0046,50.0,66.9,1.0
6573416933,DP0017,50.0,37.9,0.0
6573416934,DP0021,40.0,21.1,0.0
6573416935,DP0041,50.0,42.1,0.0
6573416936,DP0041,40.0,22.2,0.0
6573416937,DP0047,45.0,37.1,0.0
6573416938,DP0041,50.0,23.4,0.0
6573416939,DP0043,75.0,41.0,0.0
6573416940,DP0041,50.0,35.3,0.0
6573416941,DP0041,50.0,33.6,0.0
6573416942,DP0018,50.0,27.8,0.0
6573416943,DP0019,55.0,45.8,0.0
6573416944,DP0043,55.0,40.8,0.0
6573416945,DP0041,60.0,30.0,0.0
6573416946,DP0043,60.0,40.1,0.0
6573416947,DP0041,45.0,24.2,0.0
6573416948,DP0019,40.0,25.5,0.0
6573416949,DP0005,45.0,28.1,0.0
6573416950,DP0041,45.0,26.4,0.0
6573416951,DP0041,60.0,51.6,0.0
6573416952,DP0041,55.0,61.8,1.0
6573416953,DP0002,55.0,50.8,0.0
6573416954,DP0015,50.0,25.2,0.0
6573416955,DP0050,50.0,50.8,1.0
6573416956,DP0041,40.0,33.5,0.0
6573416957,DP0008,40.0,33.9,0.0
6573416958,DP0043,65.0,47.6,0.0
6573416959,DP0038,50.0,46.3,0.0
6573416960,DP0024,45.0,19.1,0.0
6573416961,DP0047,40.0,29.2,0.0
6573416962,DP0005,45.0,37.5,0.0
6573416963,DP0041,55.0,43.0,0.0
6573416964,DP0008,65.0,46.4,0.0
6573416965,DP0005,65.0,46.3,0.0
6573416966,DP0008,60.0,46.3,0.0
6573416967,DP0034,50.0,19.5,0.0
6573416968,DP0015,45.0,36.6,0.0
6573416969,DP0041,50.0,31.3,0.0
6573416970,DP0019,50.0,31.3,0.0
6573416971,DP0033,55.0,31.0,0.0
6573416972,DP0041,45.0,32.5,0.0
6573416973,,,,
6573416974,DP0008,55.0,53.1,0.0
6573416975,DP0041,55.0,34.0,0.0
6573416976,DP0049,50.0,52.0,1.0
6573416977,DP0043,55.0,42.5,0.0
6573416978,DP0016,50.0,45.7,0.0
6573416979,DP0017,50.0,39.1,0.0
6573416980,DP0041,50.0,39.7,0.0
6573416981,DP0033,50.0,50.6,1.0
6573416982,DP0019,55.0,48.8,0.0
6573416983,DP0001,55.0,46.3,0.0
6573416984,DP0007,50.0,24.9,0.0
6573416985,DP0043,55.0,68.2,1.0
6573416986,DP0041,55.0,64.6,1.0
6573416987,DP0041,55.0,32.3,0.0
6573416988,DP0049,55.0,28.9,0.0
6573416989,DP0041,45.0,55.0,1.0
6573416990,DP0041,40.0,25.8,0.0
6573416991,DP0043,45.0,23.3,0.0
6573416992,DP0041,55.0,42.6,0.0
6573416993,DP0015,70.0,65.2,0.0
6573416994,DP0041,70.0,65.7,0.0
6573416995,DP0041,50.0,25.9,0.0
6573416996,DP0041,40.0,49.7,1.0
6573416997,DP0043,40.0,24.6,0.0
6573416998,DP0019,50.0,34.8,0.0
6573416999,DP0041,40.0,20.2,0.0
6573417000,DP0003,90.0,57.9,0.0
6573417001,DP0019,55.0,33.0,0.0
6573417002,DP0041,40.0,18.6,0.0
6573417003,DP0041,50.0,33.3,0.0
6573417004,DP0005,60.0,33.9,0.0
6573417005,DP0014,50.0,33.9,0.0
6573417006,DP0043,40.0,39.0,0.0
6573417007,DP0002,60.0,59.1,0.0
6573417008,DP0041,50.0,38.5,0.0
6573417009,DP0041,65.0,47.4,0.0
6573417010,DP0048,45.0,59.2,1.0
6573417011,DP0041,50.0,27.9,0.0
6573417012,DP0041,55.0,36.2,0.0
6573417013,DP0041,55.0,37.1,0.0
6573417014,DP0019,50.0,33.6,0.0
6573417015,DP0027,60.0,40.9,0.0
6573417016,DP0041,55.0,38.2,0.0
6573417017,DP0034,45.0,26.3,0.0
6573417018,DP0050,45.0,39.8,0.0
6573417019,DP0005,45.0,47.1,1.0
6573417020,DP0028,65.0,48.3,0.0
6573417021,DP0008,50.0,28.1,0.0
6573417022,DP0005,50.0,47.0,0.0
6573417023,DP0041,55.0,34.6,0.0
6573417024,DP0020,55.0,34.1,0.0
6573417025,DP0041,60.0,65.0,1.0
6573417026,DP0041,55.0,35.9,0.0
6573417027,DP0015,65.0,43.1,0.0
6573417028,DP0041,65.0,35.4,0.0
6573417029,DP0005,70.0,46.7,0.0
6573417030,DP0002,40.0,42.2,1.0
6573417031,DP0043,55.0,48.4,0.0
6573417032,DP0008,50.0,28.8,0.0
6573417033,DP0041,50.0,29.3,0.0
6573417034,DP0041,50.0,34.0,0.0
6573417035,DP0012,50.0,33.2,0.0
6573417036,DP0041,55.0,31.0,0.0
6573417037,DP0037,65.0,51.7,0.0
6573417038,DP0028,55.0,50.8,0.0
6573417039,DP0041,40.0,22.4,0.0
6573417040,DP0041,40.0,24.6,0.0
6573417041,DP0047,45.0,14.7,0.0
6573417042,DP0034,40.0,30.9,0.0
6573417043,DP0041,55.0,32.8,0.0
6573417044,DP0041,55.0,34.5,0.0
6573417045,DP0023,50.0,33.3,0.0
6573417046,DP0021,65.0,46.0,0.0
6573417047,DP0017,40.0,25.2,0.0
6573417048,DP0008,45.0,37.6,0.0
6573417049,DP0007,55.0,31.5,0.0
6573417050,DP0041,65.0,39.0,0.0
6573417051,DP0041,50.0,33.9,0.0
6573417052,DP0008,65.0,64.6,0.0
6573417053,DP0041,65.0,65.5,1.0
6573417054,DP0029,50.0,34.8,0.0
6573417055,,,,
6573417056,DP0041,65.0,44.9,0.0
6573417057,DP0028,50.0,31.0,0.0
6573417058,DP0041,45.0,23.3,0.0
6573417059,DP0019,45.0,39.8,0.0
6573417060,DP0041,50.0,26.4,0.0
6573417061,DP0049,50.0,32.1,0.0
6573417062,DP0041,45.0,24.1,0.0
6573417063,DP0012,50.0,50.4,1.0
6573417064,DP0041,55.0,50.6,0.0
6573417065,DP0008,45.0,41.8,0.0
6573417066,DP0043,50.0,29.6,0.0
6573417067,DP0032,50.0,30.2,0.0
6573417068,DP0002,45.0,28.0,0.0
6573417069,DP0040,65.0,39.7,0.0
6573417070,DP0029,65.0,39.2,0.0
6573417071,DP0041,40.0,19.5,0.0
6573417072,DP0041,50.0,32.8,0.0
6573417073,DP0041,40.0,25.6,0.0
6573417074,DP0046,55.0,44.3,0.0
6573417075,DP0008,55.0,36.0,0.0
6573417076,DP0026,40.0,33.0,0.0
6573417077,DP0044,50.0,54.9,1.0
6573417078,DP0043,40.0,28.6,0.0
6573417079,DP0041,60.0,41.4,0.0
6573417080,DP0048,50.0,61.5,1.0
6573417081,DP0041,40.0,30.4,0.0
6573417082,DP0041,55.0,43.4,0.0
6573417083,DP0041,55.0,41.0,0.0
6573417084,DP0034,60.0,45.6,0.0
6573417085,DP0005,40.0,36.5,0.0
6573417086,DP0019,40.0,35.7,0.0
6573417087,DP0018,50.0,47.6,0.0
6573417088,DP0029,50.0,43.6,0.0
6573417089,DP0038,45.0,35.7,0.0
6573417090,DP0031,65.0,45.0,0.0
6573417091,DP0013,45.0,27.7,0.0
6573417092,DP0001,40.0,38.4,0.0
6573417093,DP0041,50.0,40.5,0.0
6573417094,DP0008,50.0,42.0,0.0
6573417095,DP0005,65.0,48.4,0.0
6573417096,DP0041,65.0,44.6,0.0
6573417097,DP0041,85.0,79.0,0.0
6573417098,DP0041,50.0,38.9,0.0
6573417099,DP0041,40.0,25.1,0.0
6573417100,DP0008,40.0,26.2,0.0
6573417101,DP0039,60.0,45.3,0.0
6573417102,DP0041,40.0,26.2,0.0
6573417103,DP0029,40.0,21.0,0.0
6573417104,DP0041,45.0,28.5,0.0
6573417105,DP0005,40.0,30.0,0.0
6573417106,DP0043,45.0,29.1,0.0
6573417107,DP0041,50.0,32.9,0.0
6573417108,DP0016,45.0,35.4,0.0
6573417109,DP0043,40.0,59.3,1.0
6573417110,DP0041,50.0,60.3,1.0
6573417111,DP0005,55.0,32.1,0.0
6573417112,DP0041,55.0,31.9,0.0
6573417113,DP0041,55.0,57.5,1.0
6573417114,DP0008,55.0,53.3,0.0
6573417115,DP0041,40.0,29.7,0.0
6573417116,DP0015,55.0,42.5,0.0
6573417117,DP0039,45.0,25.3,0.0
6573417118,DP0010,65.0,58.2,0.0
6573417119,DP0015,55.0,40.4,0.0
6573417120,DP0008,40.0,33.4,0.0
6573417121,DP0048,55.0,47.5,0.0
6573417122,DP0043,55.0,52.1,0.0
6573417123,DP0041,55.0,39.1,0.0
6573417124,DP0003,55.0,33.4,0.0
6573417125,DP0041,55.0,39.1,0.0
6573417126,DP0041,55.0,39.7,0.0
6573417127,DP0043,90.0,59.0,0.0
6573417128,DP0041,65.0,42.1,0.0
6573417129,DP0041,65.0,42.5,0.0
6573417130,DP0041,50.0,28.2,0.0
6573417131,DP0041,50.0,27.8,0.0
6573417132,DP0049,50.0,37.7,0.0
6573417133,DP0009,55.0,42.6,0.0
6573417134,DP0008,40.0,27.2,0.0
6573417135,DP0041,50.0,35.6,0.0
6573417136,DP0041,50.0,35.9,0.0
6573417137,DP0002,50.0,31.9,0.0
6573417138,DP0041,65.0,52.4,0.0
6573417139,DP0019,40.0,20.9,0.0
6573417140,DP0008,40.0,20.7,0.0
6573417141,DP0041,55.0,33.5,0.0
6573417142,DP0015,60.0,36.2,0.0
6573417143,DP0015,50.0,50.1,1.0
6573417144,DP0019,55.0,46.8,0.0
6573417145,DP0026,55.0,54.6,0.0
6573417146,DP0043,45.0,33.9,0.0
6573417147,DP0017,40.0,28.6,0.0
6573417148,DP0043,50.0,34.2,0.0
6573417149,DP0024,55.0,40.1,0.0
6573417150,DP0026,50.0,37.9,0.0
6573417151,DP0041,55.0,43.6,0.0
6573417152,DP0006,45.0,23.2,0.0
6573417153,DP0037,45.0,27.3,0.0
6573417154,DP0041,45.0,29.1,0.0
6573417155,DP0041,50.0,20.3,0.0
6573417156,DP0041,45.0,28.7,0.0
6573417157,DP0043,45.0,35.3,0.0
6573417158,DP0043,40.0,18.4,0.0
6573417159,DP0015,40.0,16.0,0.0
6573417160,DP0008,40.0,28.7,0.0
6573417161,DP0041,50.0,48.9,0.0
6573417162,DP0027,45.0,30.2,0.0
6573417163,DP0041,50.0,26.4,0.0
6573417164,DP0008,50.0,35.3,0.0
6573417165,DP0003,45.0,32.2,0.0
6573417166,DP0041,45.0,21.8,0.0
6573417167,DP0041,45.0,17.2,0.0
6573417168,DP0021,55.0,58.3,1.0
6573417169,DP0041,55.0,53.1,0.0
6573417170,DP0024,55.0,53.5,0.0
6573417171,DP0043,65.0,60.8,0.0
6573417172,DP0041,40.0,29.2,0.0
6573417173,DP0019,40.0,24.4,0.0
6573417174,DP0041,75.0,49.1,0.0
6573417175,DP0041,65.0,42.2,0.0
6573417176,DP0041,45.0,32.2,0.0
6573417177,DP0042,45.0,28.6,0.0
6573417178,DP0041,45.0,54.3,1.0
6573417179,DP0043,45.0,50.2,1.0
6573417180,DP0005,50.0,35.6,0.0
6573417181,DP0042,45.0,17.2,0.0
6573417182,DP0039,50.0,38.9,0.0
6573417183,DP0039,50.0,23.1,0.0
6573417184,DP0005,50.0,21.7,0.0
6573417185,DP0015,50.0,43.8,0.0
6573417186,DP0041,50.0,39.7,0.0
6573417187,DP0041,55.0,40.5,0.0
6573417188,DP0041,55.0,44.9,0.0
6573417189,DP0019,50.0,51.9,1.0
6573417190,DP0034,50.0,39.4,0.0
6573417191,DP0041,75.0,55.8,0.0
6573417192,DP0026,55.0,28.7,0.0
6573417193,DP0041,55.0,33.7,0.0
6573417194,DP0004,55.0,46.8,0.0
6573417195,DP0047,45.0,22.4,0.0
6573417196,DP0043,50.0,38.2,0.0
6573417197,DP0041,50.0,38.8,0.0
6573417198,DP0041,55.0,38.4,0.0
6573417199,DP0049,65.0,42.6,0.0
6573417200,DP0021,45.0,49.5,1.0
6573417201,DP0041,50.0,34.0,0.0
6573417202,DP0041,50.0,38.5,0.0
6573417203,DP0015,40.0,32.9,0.0
6573417204,DP0015,75.0,53.2,0.0
6573417205,DP0038,75.0,57.1,0.0
6573417206,DP0041,40.0,40.0,0.0
6573417207,DP0005,40.0,38.0,0.0
6573417208,DP0021,50.0,26.3,0.0
6573417209,DP0037,40.0,20.6,0.0
6573417210,DP0019,85.0,51.0,0.0
6573417211,DP0041,45.0,20.4,0.0
6573417212,DP0041,50.0,55.9,1.0
6573417213,DP0041,55.0,31.3,0.0
6573417214,DP0039,55.0,64.0,1.0
6573417215,DP0028,55.0,66.2,1.0
6573417216,DP0027,50.0,25.9,0.0
6573417217,DP0023,40.0,35.8,0.0
6573417218,DP0041,65.0,57.4,0.0
6573417219,DP0043,55.0,48.1,0.0
6573417220,DP0003,55.0,43.6,0.0
6573417221,DP0041,50.0,47.8,0.0
6573417222,DP0015,55.0,36.3,0.0
6573417223,DP0043,55.0,36.0,0.0
6573417224,DP0041,55.0,31.8,0.0
6573417225,DP0008,55.0,30.0,0.0
6573417226,DP0041,45.0,47.9,1.0
6573417227,DP0041,50.0,24.5,0.0
6573417228,DP0041,45.0,25.9,0.0
6573417229,DP0043,55.0,42.8,0.0
6573417230,DP0019,55.0,43.4,0.0
6573417231,DP0041,50.0,36.1,0.0
6573417232,DP0028,50.0,31.3,0.0
6573417233,DP0019,40.0,22.0,0.0
6573417234,DP0041,90.0,64.3,0.0
6573417235,DP0023,75.0,45.9,0.0
6573417236,DP0039,60.0,68.2,1.0
6573417237,DP0041,45.0,22.1,0.0
6573417238,DP0041,40.0,35.3,0.0
6573417239,DP0041,50.0,25.3,0.0
6573417240,DP0041,65.0,78.0,1.0
6573417241,DP0005,50.0,31.2,0.0
6573417242,DP0019,50.0,34.0,0.0
6573417243,DP0043,65.0,46.8,0.0
6573417244,DP0008,50.0,37.6,0.0
6573417245,DP0041,55.0,44.6,0.0
6573417246,DP0048,45.0,55.0,1.0
6573417247,DP0041,40.0,16.1,0.0
6573417248,DP0031,75.0,50.4,0.0
6573417249,DP0041,40.0,32.5,0.0
6573417250,DP0041,45.0,51.4,1.0
6573417251,DP0015,55.0,36.6,0.0
6573417252,DP0043,65.0,62.3,0.0
6573417253,DP0005,55.0,58.8,1.0
6573417254,DP0043,60.0,53.3,0.0
6573417255,DP0008,45.0,26.5,0.0
6573417256,DP0041,45.0,27.7,0.0
6573417257,DP0019,55.0,48.0,0.0
6573417258,DP0041,45.0,31.5,0.0
6573417259,DP0041,60.0,35.8,0.0
6573417260,DP0041,60.0,42.9,0.0
6573417261,DP0023,40.0,31.9,0.0
6573417262,DP0012,40.0,36.3,0.0
6573417263,DP0019,50.0,57.3,1.0
6573417264,DP0032,40.0,53.5,1.0
6573417265,DP0048,50.0,51.8,1.0
6573417266,DP0041,50.0,58.3,1.0
6573417267,DP0041,60.0,37.8,0.0
6573417268,DP0019,40.0,23.8,0.0
6573417269,DP0041,55.0,55.1,1.0
6573417270,DP0007,55.0,55.0,1.0
6573417271,DP0041,40.0,21.6,0.0
6573417272,DP0050,40.0,29.1,0.0
6573417273,DP0044,50.0,34.1,0.0
6573417274,DP0041,50.0,25.8,0.0
6573417275,,,,
6573417276,DP0009,40.0,18.7,0.0
6573417277,DP0005,60.0,33.4,0.0
6573417278,DP0041,60.0,38.6,0.0
6573417279,DP0009,50.0,23.3,0.0
6573417280,DP0043,50.0,40.0,0.0
6573417281,DP0041,45.0,26.3,0.0
6573417282,DP0019,45.0,24.3,0.0
6573417283,DP0008,55.0,38.2,0.0
6573417284,DP0039,55.0,42.5,0.0
6573417285,DP0028,55.0,35.8,0.0
6573417286,DP0041,45.0,21.7,0.0
6573417287,DP0008,45.0,24.5,0.0
6573417288,DP0015,55.0,56.8,1.0
6573417289,DP0005,40.0,21.9,0.0
6573417290,DP0041,40.0,23.7,0.0
6573417291,DP0025,55.0,40.1,0.0
6573417292,DP0041,65.0,36.9,0.0
6573417293,DP0019,65.0,39.4,0.0
6573417294,DP0041,45.0,30.1,0.0
6573417295,DP0041,45.0,20.3,0.0
6573417296,DP0034,50.0,39.1,0.0
6573417297,DP0027,65.0,49.5,0.0
6573417298,DP0022,60.0,49.1,0.0
6573417299,DP0028,55.0,37.2,0.0
6573417300,DP0043,55.0,40.5,0.0
6573417301,DP0048,40.0,40.1,1.0
6573417302,DP0001,55.0,27.1,0.0
6573417303,DP0041,50.0,58.0,1.0
6573417304,DP0041,45.0,24.3,0.0
6573417305,DP0041,50.0,23.3,0.0
6573417306,DP0041,55.0,40.2,0.0
6573417307,DP0015,40.0,20.6,0.0
6573417308,DP0041,90.0,76.1,0.0
6573417309,DP0021,90.0,79.1,0.0
6573417310,DP0041,55.0,36.8,0.0
6573417311,DP0019,50.0,28.1,0.0
6573417312,DP0041,50.0,19.8,0.0
6573417313,DP0050,85.0,81.0,0.0
6573417314,DP0029,65.0,45.6,0.0
6573417315,DP0041,55.0,49.7,0.0
6573417316,DP0041,55.0,46.5,0.0
6573417317,DP0043,55.0,38.7,0.0
6573417318,DP0019,45.0,29.6,0.0
6573417319,DP0041,50.0,63.9,1.0
6573417320,DP0021,55.0,43.6,0.0
6573417321,DP0034,45.0,33.6,0.0
6573417322,DP0019,45.0,29.8,0.0
6573417323,DP0026,45.0,28.0,0.0
6573417324,DP0041,55.0,42.4,0.0
6573417325,DP0009,60.0,47.7,0.0
6573417326,DP0006,60.0,47.6,0.0
6573417327,DP0041,55.0,36.0,0.0
6573417328,DP0041,40.0,19.9,0.0
6573417329,DP0005,65.0,45.3,0.0
6573417330,DP0005,50.0,32.1,0.0
6573417331,DP0012,55.0,71.0,1.0
6573417332,DP0041,55.0,27.5,0.0
6573417333,DP0043,40.0,29.0,0.0
6573417334,DP0021,90.0,69.7,0.0
6573417335,DP0041,60.0,35.3,0.0
6573417336,DP0041,60.0,36.9,0.0
6573417337,DP0015,50.0,33.0,0.0
6573417338,DP0041,65.0,46.1,0.0
6573417339,DP0041,55.0,59.2,1.0
6573417340,DP0014,55.0,42.7,0.0
6573417341,DP0041,55.0,41.4,0.0
6573417342,DP0043,40.0,20.3,0.0
6573417343,DP0019,40.0,22.5,0.0
6573417344,DP0034,50.0,33.8,0.0
6573417345,DP0019,55.0,51.8,0.0
6573417346,DP0038,50.0,42.8,0.0
6573417347,DP0027,45.0,41.8,0.0
6573417348,DP0005,40.0,7.7,0.0
6573417349,DP0024,40.0,8.9,0.0
6573417350,DP0019,50.0,57.1,1.0
6573417351,DP0040,55.0,31.7,0.0
6573417352,DP0020,55.0,41.7,0.0
6573417353,DP0047,50.0,29.4,0.0
6573417354,DP0043,40.0,40.4,1.0
6573417355,DP0041,50.0,27.6,0.0
6573417356,DP0043,55.0,39.0,0.0
6573417357,DP0024,70.0,69.8,0.0
6573417358,DP0047,70.0,67.9,0.0
6573417359,DP0041,45.0,32.5,0.0
6573417360,DP0019,50.0,32.5,0.0
6573417361,DP0006,50.0,32.8,0.0
6573417362,DP0041,50.0,31.2,0.0
6573417363,DP0020,40.0,29.9,0.0
6573417364,DP0019,40.0,23.9,0.0
6573417365,DP0002,40.0,23.8,0.0
6573417366,DP0041,65.0,40.7,0.0
6573417367,DP0006,50.0,28.3,0.0
6573417368,DP0035,55.0,35.9,0.0
6573417369,DP0041,50.0,24.7,0.0
6573417370,DP0045,40.0,39.1,0.0
6573417371,DP0041,50.0,36.4,0.0
6573417372,DP0041,50.0,38.2,0.0
6573417373,DP0039,45.0,31.4,0.0
6573417374,DP0039,40.0,28.9,0.0
6573417375,DP0007,45.0,37.8,0.0
6573417376,DP0041,50.0,46.5,0.0
6573417377,DP0041,45.0,39.6,0.0
6573417378,DP0041,65.0,34.5,0.0
6573417379,DP0041,40.0,26.9,0.0
6573417380,DP0043,50.0,33.9,0.0
6573417381,DP0048,40.0,25.4,0.0
6573417382,DP0041,55.0,35.3,0.0
6573417383,DP0021,40.0,38.2,0.0
6573417384,DP0041,55.0,37.1,0.0
6573417385,DP0041,45.0,35.2,0.0
6573417386,DP0041,50.0,29.7,0.0
6573417387,DP0041,50.0,26.8,0.0
6573417388,DP0019,40.0,38.7,0.0
6573417389,DP0041,55.0,43.2,0.0
6573417390,DP0011,40.0,27.5,0.0
6573417391,DP0041,55.0,31.4,0.0
6573417392,DP0041,40.0,25.7,0.0
6573417393,DP0041,40.0,25.6,0.0
6573417394,DP0041,55.0,44.7,0.0
6573417395,DP0041,65.0,43.3,0.0
6573417396,DP0043,40.0,39.2,0.0
6573417397,DP0015,45.0,33.5,0.0
6573417398,DP0041,40.0,27.2,0.0
6573417399,DP0041,40.0,15.8,0.0
6573417400,DP0043,45.0,31.3,0.0
6573417401,DP0041,65.0,44.8,0.0
6573417402,DP0041,55.0,17.5,0.0
6573417403,DP0041,60.0,43.1,0.0
6573417404,DP0041,50.0,34.7,0.0
6573417405,DP0005,55.0,54.2,0.0
6573417406,DP0034,60.0,48.4,0.0
6573417407,DP0005,40.0,27.4,0.0
6573417408,DP0041,50.0,51.7,1.0
6573417409,DP0002,60.0,40.9,0.0
6573417410,DP0043,70.0,46.2,0.0
6573417411,DP0009,55.0,32.6,0.0
6573417412,DP0041,65.0,63.8,0.0
6573417413,DP0041,50.0,34.6,0.0
6573417414,DP0041,55.0,31.1,0.0
6573417415,DP0007,55.0,30.2,0.0
6573417416,DP0041,40.0,34.9,0.0
6573417417,DP0005,40.0,33.1,0.0
6573417418,DP0019,50.0,37.2,0.0
6573417419,DP0005,55.0,37.0,0.0
6573417420,DP0020,65.0,31.7,0.0
6573417421,DP0005,75.0,68.9,0.0
6573417422,DP0013,45.0,25.1,0.0
6573417423,DP0048,50.0,34.5,0.0
6573417424,DP0020,50.0,22.1,0.0
6573417425,DP0008,50.0,35.1,0.0
6573417426,DP0041,50.0,51.6,1.0
6573417427,DP0041,50.0,37.7,0.0
6573417428,DP0043,65.0,37.2,0.0
6573417429,DP0041,40.0,36.0,0.0
6573417430,DP0041,55.0,74.4,1.0
6573417431,DP0041,40.0,36.5,0.0
6573417432,DP0041,45.0,29.0,0.0
6573417433,DP0041,55.0,39.8,0.0
6573417434,DP0039,50.0,33.5,0.0
6573417435,DP0005,50.0,37.9,0.0
6573417436,DP0043,50.0,32.0,0.0
6573417437,DP0044,60.0,45.9,0.0
6573417438,DP0041,40.0,32.4,0.0
6573417439,DP0027,55.0,54.8,0.0
6573417440,DP0043,50.0,35.5,0.0
6573417441,DP0043,40.0,26.8,0.0
6573417442,DP0041,55.0,37.5,0.0
6573417443,DP0019,40.0,26.4,0.0
6573417444,DP0041,40.0,23.3,0.0
6573417445,DP0005,55.0,45.2,0.0
6573417446,DP0043,65.0,38.7,0.0
6573417447,DP0041,60.0,49.3,0.0
6573417448,DP0036,50.0,34.7,0.0
6573417449,DP0041,50.0,32.5,0.0
6573417450,DP0005,50.0,35.1,0.0
6573417451,DP0041,45.0,30.6,0.0
6573417452,DP0015,55.0,56.5,1.0
6573417453,DP0041,50.0,33.4,0.0
6573417454,DP0028,65.0,38.6,0.0
6573417455,DP0041,50.0,32.1,0.0
6573417456,DP0019,50.0,37.2,0.0
6573417457,DP0041,55.0,33.2,0.0
6573417458,DP0033,40.0,29.3,0.0
6573417459,DP0005,50.0,30.9,0.0
6573417460,DP0041,65.0,43.8,0.0
6573417461,DP0028,60.0,46.6,0.0
6573417462,DP0038,55.0,30.6,0.0
6573417463,DP0019,50.0,35.5,0.0
6573417464,DP0048,45.0,70.3,1.0
6573417465,DP0038,50.0,34.3,0.0
6573417466,DP0041,50.0,45.1,0.0
6573417467,DP0015,50.0,41.4,0.0
6573417468,DP0007,40.0,27.3,0.0
6573417469,DP0041,40.0,52.3,1.0
6573417470,DP0039,50.0,38.8,0.0
6573417471,DP0013,70.0,47.7,0.0
6573417472,DP0041,40.0,20.7,0.0
6573417473,DP0019,50.0,26.5,0.0
6573417474,DP0043,40.0,29.1,0.0
6573417475,DP0008,50.0,26.1,0.0
6573417476,DP0041,40.0,29.5,0.0
6573417477,DP0041,55.0,39.2,0.0
6573417478,DP0041,50.0,35.0,0.0
6573417479,DP0026,55.0,34.6,0.0
6573417480,DP0041,55.0,38.7,0.0
6573417481,DP0041,50.0,40.3,0.0
6573417482,DP0043,65.0,39.2,0.0
6573417483,DP0015,60.0,34.6,0.0
6573417484,DP0005,50.0,29.2,0.0
6573417485,DP0041,50.0,21.3,0.0
6573417486,DP0043,40.0,34.8,0.0
6573417487,DP0049,50.0,29.7,0.0
6573417488,DP0041,50.0,43.2,0.0
6573417489,DP0026,50.0,34.8,0.0
6573417490,,,,
6573417491,DP0039,45.0,37.4,0.0
6573417492,DP0041,55.0,55.2,1.0
6573417493,DP0049,40.0,29.7,0.0
6573417494,DP0037,40.0,25.2,0.0
6573417495,DP0038,40.0,30.3,0.0
6573417496,DP0041,50.0,20.4,0.0
6573417497,DP0041,55.0,27.1,0.0
6573417498,DP0019,75.0,67.9,0.0
6573417499,DP0041,95.0,67.8,0.0
6573417500,DP0037,50.0,47.2,0.0
6573417501,DP0019,40.0,29.8,0.0
6573417502,DP0027,40.0,22.8,0.0
6573417503,DP0041,50.0,41.0,0.0
6573417504,DP0041,55.0,28.4,0.0
6573417505,DP0009,50.0,46.1,0.0
6573417506,DP0041,50.0,26.7,0.0
6573417507,DP0049,50.0,32.2,0.0
6573417508,DP0018,40.0,32.7,0.0
6573417509,DP0041,60.0,36.9,0.0
6573417510,DP0041,40.0,29.3,0.0
6573417511,DP0041,45.0,32.5,0.0
6573417512,DP0046,50.0,65.3,1.0
6573417513,DP0009,55.0,30.6,0.0
6573417514,DP0043,55.0,44.9,0.0
6573417515,DP0028,45.0,42.2,0.0
6573417516,DP0020,55.0,28.6,0.0
6573417517,DP0047,40.0,26.7,0.0
6573417518,DP0043,50.0,33.4,0.0
6573417519,DP0041,50.0,38.6,0.0
6573417520,DP0008,50.0,26.0,0.0
6573417521,DP0034,55.0,39.1,0.0
6573417522,DP0041,55.0,37.2,0.0
6573417523,DP0043,40.0,27.6,0.0
6573417524,DP0041,40.0,22.7,0.0
6573417525,DP0043,40.0,35.7,0.0
6573417526,DP0008,85.0,52.4,0.0
6573417527,DP0043,50.0,27.1,0.0
6573417528,DP0041,55.0,34.2,0.0
6573417529,DP0005,45.0,24.6,0.0
6573417530,DP0046,40.0,38.1,0.0
6573417531,DP0041,40.0,25.4,0.0
6573417532,DP0039,55.0,43.3,0.0
6573417533,DP0033,40.0,40.9,1.0
6573417534,DP0041,60.0,42.8,0.0
6573417535,DP0019,65.0,38.3,0.0
6573417536,DP0043,50.0,59.6,1.0
6573417537,DP0041,65.0,48.0,0.0
6573417538,DP0017,70.0,48.2,0.0
6573417539,DP0041,55.0,40.5,0.0
6573417540,DP0043,55.0,37.2,0.0
6573417541,DP0015,45.0,24.4,0.0
6573417542,DP0019,50.0,49.9,0.0
6573417543,DP0032,45.0,28.1,0.0
6573417544,DP0041,45.0,22.1,0.0
6573417545,DP0041,55.0,46.4,0.0
6573417546,DP0041,50.0,40.1,0.0
6573417547,DP0019,55.0,38.1,0.0
6573417548,DP0049,40.0,40.8,1.0
6573417549,DP0041,40.0,58.0,1.0
6573417550,DP0041,65.0,77.7,1.0
6573417551,DP0049,45.0,28.4,0.0
6573417552,DP0038,45.0,42.9,0.0
6573417553,DP0041,55.0,38.3,0.0
6573417554,DP0041,50.0,32.5,0.0
6573417555,DP0043,50.0,29.8,0.0
6573417556,DP0041,45.0,49.4,1.0
6573417557,DP0041,40.0,22.4,0.0
6573417558,DP0005,65.0,45.3,0.0
6573417559,DP0041,90.0,62.8,0.0
6573417560,DP0020,55.0,38.3,0.0
6573417561,DP0021,65.0,53.2,0.0
6573417562,DP0008,45.0,27.1,0.0
6573417563,DP0043,65.0,45.0,0.0
6573417564,DP0041,45.0,37.7,0.0
6573417565,DP0011,45.0,42.3,0.0
6573417566,DP0043,55.0,59.3,1.0
6573417567,DP0041,55.0,35.6,0.0
6573417568,DP0050,45.0,37.4,0.0
6573417569,DP0041,60.0,49.2,0.0
6573417570,DP0043,55.0,43.9,0.0
6573417571,DP0041,50.0,29.9,0.0
6573417572,DP0048,55.0,43.4,0.0
6573417573,DP0037,50.0,46.0,0.0
6573417574,DP0041,40.0,33.6,0.0
6573417575,DP0048,65.0,54.0,0.0
6573417576,DP0015,40.0,26.7,0.0
6573417577,DP0041,45.0,27.0,0.0
6573417578,DP0041,50.0,47.5,0.0
6573417579,DP0015,40.0,29.3,0.0
6573417580,DP0005,40.0,41.3,1.0
6573417581,DP0041,50.0,45.3,0.0
6573417582,DP0041,60.0,39.2,0.0
6573417583,DP0041,55.0,41.9,0.0
6573417584,DP0041,55.0,41.3,0.0
6573417585,DP0047,60.0,41.3,0.0
6573417586,DP0041,65.0,49.3,0.0
6573417587,DP0038,40.0,37.8,0.0
6573417588,DP0041,60.0,36.8,0.0
6573417589,DP0043,40.0,38.3,0.0
6573417590,DP0039,50.0,30.6,0.0
6573417591,DP0039,50.0,35.4,0.0
6573417592,DP0041,75.0,48.6,0.0
6573417593,DP0041,40.0,21.9,0.0
6573417594,DP0008,55.0,40.5,0.0
6573417595,DP0043,70.0,80.7,1.0
6573417596,DP0043,50.0,32.3,0.0
6573417597,DP0005,40.0,31.7,0.0
6573417598,DP0038,40.0,26.0,0.0
6573417599,DP0041,55.0,32.2,0.0
6573417600,DP0041,50.0,33.3,0.0
6573417601,DP0015,60.0,39.6,0.0
6573417602,DP0045,40.0,25.8,0.0
6573417603,DP0041,40.0,27.2,0.0
6573417604,DP0007,40.0,34.4,0.0
6573417605,DP0038,50.0,27.2,0.0
6573417606,DP0015,55.0,56.4,1.0
6573417607,DP0045,45.0,27.4,0.0
6573417608,DP0041,45.0,31.6,0.0
6573417609,DP0028,50.0,35.8,0.0
6573417610,DP0041,65.0,47.2,0.0
6573417611,DP0008,40.0,26.1,0.0
6573417612,DP0049,45.0,30.2,0.0
6573417613,DP0038,50.0,34.2,0.0
6573417614,DP0038,50.0,56.4,1.0
6573417615,DP0018,50.0,21.5,0.0
6573417616,DP0041,65.0,41.2,0.0
6573417617,DP0041,50.0,42.8,0.0
6573417618,DP0008,45.0,34.5,0.0
6573417619,DP0009,50.0,49.6,0.0
6573417620,DP0033,65.0,40.0,0.0
6573417621,DP0002,75.0,50.8,0.0
6573417622,DP0037,45.0,21.3,0.0
6573417623,DP0041,40.0,22.3,0.0
6573417624,DP0043,55.0,50.7,0.0
6573417625,DP0016,45.0,25.1,0.0
6573417626,DP0044,50.0,26.2,0.0
6573417627,DP0035,45.0,25.9,0.0
6573417628,DP0043,45.0,36.7,0.0
6573417629,DP0043,65.0,57.3,0.0
6573417630,DP0006,40.0,27.5,0.0
6573417631,DP0039,50.0,44.1,0.0
6573417632,DP0019,55.0,47.5,0.0
6573417633,DP0041,50.0,34.2,0.0
6573417634,DP0041,40.0,27.0,0.0
6573417635,DP0005,65.0,58.9,0.0
6573417636,DP0018,55.0,36.3,0.0
6573417637,DP0015,50.0,62.7,1.0
6573417638,DP0041,55.0,34.9,0.0
6573417639,DP0043,55.0,49.0,0.0
6573417640,DP0018,55.0,30.0,0.0
6573417641,DP0043,50.0,35.9,0.0
6573417642,DP0041,65.0,41.0,0.0
6573417643,DP0027,50.0,41.8,0.0
6573417644,DP0015,50.0,45.0,0.0
6573417645,DP0027,40.0,17.6,0.0
6573417646,DP0019,65.0,44.6,0.0
6573417647,DP0033,55.0,41.1,0.0
6573417648,DP0041,55.0,37.9,0.0
6573417649,DP0005,65.0,63.2,0.0
6573417650,DP0008,65.0,39.5,0.0
6573417651,DP0005,50.0,34.7,0.0
6573417652,DP0043,60.0,38.0,0.0
6573417653,DP0049,65.0,46.2,0.0
6573417654,DP0043,50.0,37.1,0.0
6573417655,DP0041,60.0,33.6,0.0
6573417656,DP0026,40.0,30.8,0.0
6573417657,DP0026,50.0,33.4,0.0
6573417658,DP0037,55.0,33.2,0.0
6573417659,DP0001,45.0,17.9,0.0
6573417660,DP0041,50.0,48.7,0.0
6573417661,DP0007,55.0,35.4,0.0
6573417662,DP0008,65.0,51.2,0.0
6573417663,DP0041,40.0,38.0,0.0
6573417664,DP0002,40.0,27.0,0.0
6573417665,DP0049,40.0,52.7,1.0
6573417666,DP0041,40.0,27.4,0.0
6573417667,DP0041,55.0,48.8,0.0
6573417668,DP0010,55.0,43.2,0.0
6573417669,DP0041,50.0,34.4,0.0
6573417670,DP0008,50.0,32.8,0.0
6573417671,DP0009,65.0,39.0,0.0
6573417672,DP0008,65.0,36.6,0.0
6573417673,DP0041,45.0,27.5,0.0
6573417674,DP0041,45.0,34.4,0.0
6573417675,DP0041,40.0,31.3,0.0
6573417676,DP0028,55.0,39.4,0.0
6573417677,DP0005,45.0,27.8,0.0
6573417678,DP0041,55.0,33.7,0.0
6573417679,DP0041,50.0,21.6,0.0
6573417680,DP0027,55.0,38.4,0.0
6573417681,DP0020,55.0,50.1,0.0
6573417682,DP0005,45.0,37.0,0.0
6573417683,DP0009,40.0,28.1,0.0
6573417684,DP0041,50.0,64.6,1.0
6573417685,DP0046,50.0,58.2,1.0
6573417686,DP0023,40.0,25.7,0.0
6573417687,DP0041,40.0,20.1,0.0
6573417688,DP0028,45.0,33.2,0.0
6573417689,DP0041,40.0,31.1,0.0
6573417690,DP0005,50.0,45.0,0.0
6573417691,DP0049,55.0,47.7,0.0
6573417692,DP0021,50.0,37.6,0.0
6573417693,DP0003,65.0,44.0,0.0
6573417694,DP0035,50.0,51.3,1.0
6573417695,DP0041,55.0,49.1,0.0
6573417696,DP0039,55.0,27.2,0.0
6573417697,DP0041,40.0,36.6,0.0
6573417698,DP0003,65.0,62.9,0.0
6573417699,DP0021,40.0,20.1,0.0
6573417700,DP0002,50.0,30.8,0.0
6573417701,DP0041,70.0,67.4,0.0
6573417702,DP0015,55.0,37.4,0.0
6573417703,DP0010,50.0,59.1,1.0
6573417704,DP0041,45.0,22.4,0.0
6573417705,DP0044,45.0,22.8,0.0
6573417706,DP0047,50.0,34.5,0.0
6573417707,DP0041,45.0,31.0,0.0
6573417708,DP0041,50.0,21.4,0.0
6573417709,DP0019,60.0,75.6,1.0
6573417710,DP0041,65.0,41.4,0.0
6573417711,DP0015,65.0,46.1,0.0
6573417712,DP0041,55.0,32.6,0.0
6573417713,DP0022,55.0,42.2,0.0
6573417714,DP0041,40.0,29.2,0.0
6573417715,DP0041,45.0,60.0,1.0
6573417716,DP0005,50.0,41.1,0.0
6573417717,DP0041,40.0,21.0,0.0
6573417718,DP0014,60.0,43.0,0.0
6573417719,DP0043,45.0,25.0,0.0
6573417720,DP0032,55.0,40.2,0.0
6573417721,DP0024,50.0,28.9,0.0
6573417722,DP0043,40.0,18.3,0.0
6573417723,DP0012,50.0,30.9,0.0
6573417724,DP0041,95.0,69.7,0.0
6573417725,,,,
6573417726,DP0008,40.0,42.6,1.0
6573417727,DP0019,55.0,36.1,0.0
6573417728,DP0040,50.0,30.0,0.0
6573417729,DP0015,55.0,37.6,0.0
6573417730,DP0005,45.0,62.4,1.0
6573417731,DP0019,45.0,36.1,0.0
6573417732,DP0041,55.0,59.4,1.0
6573417733,DP0019,50.0,48.8,0.0
6573417734,DP0015,55.0,46.5,0.0
6573417735,DP0043,50.0,35.3,0.0
6573417736,DP0041,45.0,28.0,0.0
6573417737,DP0008,50.0,33.2,0.0
6573417738,DP0043,45.0,23.9,0.0
6573417739,DP0009,45.0,30.6,0.0
6573417740,DP0038,60.0,44.1,0.0
6573417741,DP0041,40.0,19.2,0.0
6573417742,DP0016,50.0,33.6,0.0
6573417743,DP0041,55.0,37.1,0.0
6573417744,DP0008,70.0,50.0,0.0
6573417745,DP0041,65.0,46.6,0.0
6573417746,DP0041,50.0,40.1,0.0
6573417747,DP0043,50.0,40.4,0.0
6573417748,DP0019,45.0,27.3,0.0
6573417749,DP0041,50.0,43.8,0.0
6573417750,DP0015,65.0,43.4,0.0
6573417751,DP0050,50.0,39.2,0.0
6573417752,DP0005,55.0,54.8,0.0
6573417753,DP0039,50.0,33.4,0.0
6573417754,DP0043,55.0,39.8,0.0
6573417755,DP0002,40.0,29.3,0.0
6573417756,DP0028,45.0,34.3,0.0
6573417757,DP0043,45.0,25.3,0.0
6573417758,DP0041,40.0,28.8,0.0
6573417759,DP0005,50.0,26.8,0.0
6573417760,DP0043,55.0,28.1,0.0
6573417761,DP0041,75.0,73.9,0.0
6573417762,DP0041,50.0,37.5,0.0
6573417763,DP0019,65.0,47.7,0.0
6573417764,DP0041,60.0,41.5,0.0
6573417765,DP0049,65.0,50.5,0.0
6573417766,DP0041,45.0,25.5,0.0
6573417767,DP0050,40.0,39.0,0.0
6573417768,DP0002,40.0,32.2,0.0
6573417769,DP0041,65.0,38.2,0.0
6573417770,DP0005,50.0,28.0,0.0
6573417771,DP0019,40.0,22.5,0.0
6573417772,DP0041,50.0,23.1,0.0
6573417773,DP0047,45.0,31.7,0.0
6573417774,DP0021,50.0,46.9,0.0
6573417775,DP0041,55.0,32.7,0.0
6573417776,DP0043,45.0,36.0,0.0
6573417777,DP0041,45.0,27.8,0.0
6573417778,DP0008,45.0,40.6,0.0
6573417779,DP0041,45.0,36.6,0.0
6573417780,DP0041,55.0,29.2,0.0
6573417781,DP0005,50.0,33.9,0.0
6573417782,DP0003,45.0,25.2,0.0
6573417783,DP0005,55.0,32.9,0.0
6573417784,DP0009,60.0,40.5,0.0
6573417785,DP0043,75.0,50.3,0.0
6573417786,DP0043,55.0,41.8,0.0
6573417787,DP0006,45.0,26.6,0.0
6573417788,DP0035,55.0,29.6,0.0
6573417789,DP0041,55.0,41.5,0.0
6573417790,DP0041,55.0,26.3,0.0
6573417791,DP0043,40.0,34.4,0.0
6573417792,DP0041,45.0,37.5,0.0
6573417793,DP0043,55.0,46.8,0.0
6573417794,DP0019,45.0,25.4,0.0
6573417795,DP0043,60.0,45.4,0.0
6573417796,DP0019,55.0,36.2,0.0
6573417797,DP0041,45.0,37.3,0.0
6573417798,DP0005,85.0,62.5,0.0
6573417799,DP0043,40.0,25.6,0.0
6573417800,DP0039,65.0,45.1,0.0
6573417801,DP0045,55.0,41.7,0.0
6573417802,DP0043,50.0,50.4,1.0
6573417803,DP0041,45.0,28.6,0.0
6573417804,DP0043,75.0,51.2,0.0
6573417805,DP0041,55.0,42.3,0.0
6573417806,DP0047,55.0,32.8,0.0
6573417807,DP0027,55.0,35.2,0.0
6573417808,DP0041,40.0,29.2,0.0
6573417809,DP0029,50.0,34.8,0.0
6573417810,DP0008,40.0,26.2,0.0
6573417811,DP0048,60.0,67.2,1.0
6573417812,DP0012,50.0,36.7,0.0
6573417813,DP0041,50.0,27.7,0.0
6573417814,DP0049,60.0,48.1,0.0
6573417815,DP0050,55.0,47.4,0.0
6573417816,DP0004,50.0,53.0,1.0
6573417817,DP0041,45.0,22.7,0.0
6573417818,DP0049,40.0,32.7,0.0
6573417819,DP0039,40.0,35.2,0.0
6573417820,DP0008,50.0,27.8,0.0
6573417821,DP0016,40.0,27.9,0.0
6573417822,DP0041,55.0,46.7,0.0
6573417823,DP0005,55.0,52.2,0.0
6573417824,DP0008,55.0,32.4,0.0
6573417825,DP0043,70.0,41.6,0.0
6573417826,DP0048,45.0,46.2,1.0
6573417827,DP0041,65.0,36.4,0.0
6573417828,DP0015,40.0,31.3,0.0
6573417829,DP0041,50.0,33.6,0.0
6573417830,DP0019,50.0,69.2,1.0
6573417831,DP0043,40.0,29.1,0.0
6573417832,DP0041,40.0,24.4,0.0
6573417833,DP0043,40.0,37.8,0.0
6573417834,DP0028,40.0,24.7,0.0
6573417835,DP0034,55.0,41.1,0.0
6573417836,DP0041,55.0,34.5,0.0
6573417837,DP0047,75.0,55.0,0.0
6573417838,DP0043,65.0,72.4,1.0
6573417839,DP0007,40.0,33.6,0.0
6573417840,DP0041,50.0,31.8,0.0
6573417841,DP0014,55.0,41.8,0.0
6573417842,DP0031,40.0,42.6,1.0
6573417843,DP0028,65.0,47.3,0.0
6573417844,DP0038,50.0,42.8,0.0
6573417845,DP0041,40.0,18.9,0.0
6573417846,DP0041,40.0,56.4,1.0
6573417847,DP0001,90.0,67.4,0.0
6573417848,DP0041,40.0,22.6,0.0
6573417849,DP0041,55.0,31.7,0.0
6573417850,DP0024,45.0,21.5,0.0
6573417851,DP0041,45.0,21.4,0.0
6573417852,DP0041,55.0,32.1,0.0
6573417853,DP0012,45.0,31.0,0.0
6573417854,DP0036,80.0,44.8,0.0
6573417855,DP0041,60.0,79.2,1.0
6573417856,DP0043,60.0,39.7,0.0
6573417857,DP0021,55.0,45.7,0.0
6573417858,DP0015,55.0,33.5,0.0
6573417859,DP0041,40.0,28.2,0.0
6573417860,DP0019,70.0,69.2,0.0
6573417861,DP0049,55.0,43.1,0.0
6573417862,DP0013,45.0,25.6,0.0
6573417863,DP0041,55.0,49.8,0.0
6573417864,DP0043,50.0,27.1,0.0
6573417865,DP0041,50.0,19.2,0.0
6573417866,DP0015,65.0,68.6,1.0
6573417867,DP0041,45.0,31.9,0.0
6573417868,DP0005,40.0,19.2,0.0
6573417869,DP0015,55.0,37.1,0.0
6573417870,DP0037,45.0,27.5,0.0
6573417871,DP0038,60.0,34.6,0.0
6573417872,DP0041,55.0,34.2,0.0
6573417873,DP0034,55.0,36.6,0.0
6573417874,DP0023,50.0,48.9,0.0
6573417875,DP0041,50.0,52.8,1.0
6573417876,DP0007,50.0,42.4,0.0
6573417877,,,,
6573417878,DP0041,50.0,30.0,0.0
6573417879,DP0005,40.0,24.3,0.0
6573417880,DP0041,45.0,38.0,0.0
6573417881,DP0015,65.0,39.9,0.0
6573417882,DP0008,85.0,57.8,0.0
6573417883,DP0043,40.0,28.1,0.0
6573417884,DP0043,45.0,30.1,0.0
6573417885,DP0041,65.0,55.5,0.0
6573417886,DP0003,50.0,21.1,0.0
6573417887,DP0038,45.0,22.0,0.0
6573417888,DP0041,45.0,29.0,0.0
6573417889,DP0039,45.0,28.4,0.0
6573417890,DP0031,40.0,29.6,0.0
6573417891,DP0041,40.0,22.3,0.0
6573417892,DP0041,40.0,18.1,0.0
6573417893,DP0041,50.0,28.4,0.0
6573417894,DP0041,40.0,25.0,0.0
6573417895,DP0041,45.0,45.2,1.0
6573417896,DP0014,75.0,56.5,0.0
6573417897,DP0041,45.0,32.3,0.0
6573417898,DP0041,60.0,71.9,1.0
6573417899,DP0043,40.0,45.1,1.0
6573417900,DP0035,50.0,25.7,0.0
6573417901,DP0002,60.0,35.6,0.0
6573417902,DP0009,50.0,32.8,0.0
6573417903,DP0047,65.0,47.3,0.0
6573417904,DP0005,60.0,40.8,0.0
6573417905,DP0028,65.0,43.5,0.0
6573417906,DP0001,40.0,32.5,0.0
6573417907,DP0041,55.0,62.6,1.0
6573417908,DP0031,50.0,30.3,0.0
6573417909,DP0029,50.0,41.8,0.0
6573417910,DP0012,85.0,49.1,0.0
6573417911,DP0046,55.0,72.9,1.0
6573417912,DP0041,45.0,25.7,0.0
6573417913,DP0027,50.0,48.0,0.0
6573417914,DP0041,45.0,32.8,0.0
6573417915,DP0019,50.0,40.1,0.0
6573417916,DP0002,55.0,40.4,0.0
6573417917,DP0041,55.0,27.2,0.0
6573417918,DP0041,45.0,28.6,0.0
6573417919,DP0015,50.0,19.7,0.0
6573417920,DP0005,60.0,43.8,0.0
6573417921,DP0041,40.0,23.0,0.0
6573417922,DP0041,50.0,37.9,0.0
6573417923,DP0041,50.0,33.0,0.0
6573417924,DP0019,55.0,45.7,0.0
6573417925,DP0020,40.0,86.7,1.0
6573417926,DP0041,50.0,29.6,0.0
6573417927,DP0043,50.0,41.0,0.0
6573417928,DP0041,40.0,29.0,0.0
6573417929,DP0021,40.0,23.9,0.0
6573417930,DP0019,45.0,35.8,0.0
6573417931,DP0043,50.0,41.9,0.0
6573417932,DP0015,60.0,43.9,0.0
6573417933,DP0008,50.0,54.2,1.0
6573417934,DP0019,50.0,41.4,0.0
6573417935,DP0041,50.0,39.0,0.0
6573417936,DP0037,50.0,38.1,0.0
6573417937,DP0021,55.0,38.6,0.0
6573417938,DP0033,95.0,65.2,0.0
6573417939,DP0019,50.0,41.8,0.0
6573417940,DP0041,45.0,24.0,0.0
6573417941,DP0041,50.0,24.3,0.0
6573417942,DP0025,75.0,50.7,0.0
6573417943,DP0034,50.0,41.5,0.0
6573417944,DP0043,50.0,23.7,0.0
6573417945,DP0041,55.0,37.1,0.0
6573417946,DP0041,50.0,37.9,0.0
6573417947,DP0002,60.0,37.6,0.0
6573417948,DP0006,60.0,33.5,0.0
6573417949,DP0008,65.0,55.7,0.0
6573417950,DP0041,55.0,41.8,0.0
6573417951,DP0033,60.0,56.9,0.0
6573417952,DP0008,55.0,37.8,0.0
6573417953,DP0048,50.0,43.7,0.0
6573417954,DP0005,60.0,35.2,0.0
6573417955,DP0005,80.0,64.3,0.0
6573417956,DP0005,50.0,34.5,0.0
6573417957,DP0030,45.0,23.6,0.0
6573417958,DP0004,40.0,43.4,1.0
6573417959,DP0041,50.0,27.7,0.0
6573417960,DP0041,55.0,38.0,0.0
6573417961,DP0041,55.0,46.5,0.0
6573417962,DP0043,40.0,28.9,0.0
6573417963,DP0041,60.0,42.7,0.0
6573417964,DP0043,75.0,36.0,0.0
6573417965,DP0047,45.0,44.6,0.0
6573417966,DP0043,65.0,40.8,0.0
6573417967,DP0009,50.0,25.0,0.0
6573417968,DP0038,65.0,64.6,0.0
6573417969,DP0028,45.0,38.8,0.0
6573417970,DP0027,50.0,20.5,0.0
6573417971,DP0007,85.0,53.6,0.0
6573417972,DP0027,50.0,34.1,0.0
6573417973,DP0038,55.0,30.2,0.0
6573417974,DP0008,45.0,35.5,0.0
6573417975,DP0041,55.0,29.9,0.0
6573417976,DP0037,60.0,32.4,0.0
6573417977,DP0008,40.0,20.9,0.0
6573417978,DP0041,45.0,35.0,0.0
6573417979,DP0041,40.0,42.8,1.0
6573417980,DP0043,55.0,39.6,0.0
6573417981,DP0015,75.0,43.0,0.0
6573417982,DP0043,65.0,58.2,0.0
6573417983,DP0006,40.0,24.6,0.0
6573417984,DP0036,50.0,22.0,0.0
6573417985,DP0041,50.0,29.3,0.0
6573417986,DP0006,40.0,30.8,0.0
6573417987,DP0038,70.0,58.2,0.0
6573417988,DP0041,75.0,61.6,0.0
6573417989,DP0028,55.0,38.0,0.0
6573417990,DP0023,40.0,21.8,0.0
6573417991,DP0015,55.0,28.2,0.0
6573417992,DP0008,40.0,24.1,0.0
6573417993,DP0041,70.0,68.3,0.0
6573417994,DP0041,75.0,55.5,0.0
6573417995,DP0043,50.0,31.6,0.0
6573417996,DP0002,50.0,36.5,0.0
6573417997,DP0041,55.0,33.2,0.0
6573417998,DP0043,50.0,42.8,0.0
6573417999,DP0041,50.0,53.8,1.0
6573418000,DP0047,85.0,59.5,0.0
6573418001,DP0041,50.0,25.5,0.0
6573418002,DP0049,55.0,39.9,0.0
6573418003,DP0041,45.0,29.7,0.0
6573418004,DP0043,55.0,35.4,0.0
6573418005,DP0019,55.0,40.0,0.0
6573418006,DP0041,55.0,42.8,0.0
6573418007,DP0038,55.0,42.6,0.0
6573418008,DP0020,45.0,24.3,0.0
6573418009,DP0019,50.0,38.9,0.0
6573418010,DP0005,45.0,21.2,0.0
6573418011,DP0040,40.0,32.1,0.0
6573418012,DP0039,55.0,39.7,0.0
6573418013,DP0016,55.0,39.1,0.0
6573418014,DP0041,50.0,53.4,1.0
6573418015,DP0008,40.0,30.1,0.0
6573418016,DP0041,50.0,56.7,1.0
6573418017,DP0041,65.0,40.1,0.0
6573418018,DP0033,45.0,30.6,0.0
6573418019,DP0006,55.0,30.4,0.0
6573418020,DP0001,40.0,37.2,0.0
6573418021,DP0039,40.0,23.7,0.0
6573418022,DP0006,65.0,42.6,0.0
6573418023,DP0049,55.0,38.5,0.0
6573418024,DP0019,40.0,20.7,0.0
6573418025,DP0041,40.0,14.6,0.0
6573418026,DP0007,75.0,44.5,0.0
6573418027,DP0023,50.0,28.2,0.0
6573418028,DP0041,75.0,56.0,0.0
6573418029,DP0007,55.0,38.5,0.0
6573418030,DP0041,55.0,36.7,0.0
6573418031,DP0043,40.0,25.0,0.0
6573418032,DP0034,50.0,38.8,0.0
6573418033,DP0021,40.0,23.5,0.0
6573418034,DP0041,40.0,26.1,0.0
6573418035,DP0005,45.0,27.1,0.0
6573418036,DP0005,50.0,28.5,0.0
6573418037,DP0021,50.0,25.7,0.0
6573418038,DP0009,50.0,37.7,0.0
6573418039,DP0023,45.0,19.5,0.0
6573418040,DP0041,45.0,26.3,0.0
6573418041,DP0049,40.0,23.0,0.0
6573418042,DP0043,90.0,64.5,0.0
6573418043,DP0041,65.0,54.8,0.0
6573418044,DP0046,50.0,53.2,1.0
6573418045,DP0015,45.0,33.9,0.0
6573418046,DP0005,45.0,35.6,0.0
6573418047,DP0043,65.0,40.3,0.0
6573418048,DP0041,40.0,54.6,1.0
6573418049,DP0041,85.0,70.8,0.0
6573418050,DP0048,65.0,55.5,0.0
6573418051,DP0008,50.0,38.3,0.0
6573418052,DP0019,55.0,37.0,0.0
6573418053,DP0041,55.0,41.4,0.0
6573418054,DP0041,65.0,42.9,0.0
6573418055,DP0021,50.0,62.9,1.0
6573418056,DP0041,55.0,41.1,0.0
6573418057,DP0012,50.0,27.8,0.0
6573418058,DP0043,40.0,21.2,0.0
6573418059,DP0008,55.0,35.7,0.0
6573418060,DP0041,50.0,34.4,0.0
6573418061,DP0019,45.0,29.7,0.0
6573418062,DP0005,45.0,39.7,0.0
6573418063,DP0050,55.0,50.8,0.0
6573418064,DP0015,65.0,52.1,0.0
6573418065,DP0009,45.0,38.8,0.0
6573418066,DP0041,45.0,22.2,0.0
6573418067,DP0041,60.0,47.1,0.0
6573418068,DP0043,50.0,27.4,0.0
6573418069,DP0021,50.0,31.4,0.0
6573418070,DP0009,55.0,38.4,0.0
6573418071,DP0030,75.0,49.6,0.0
6573418072,DP0039,50.0,27.5,0.0
6573418073,DP0050,45.0,48.1,1.0
6573418074,DP0041,60.0,46.6,0.0
6573418075,DP0034,45.0,31.1,0.0
6573418076,DP0038,55.0,46.3,0.0
6573418077,,,,
6573418078,DP0043,50.0,24.1,0.0
6573418079,DP0041,40.0,26.5,0.0
6573418080,DP0028,40.0,37.9,0.0
6573418081,DP0005,65.0,48.2,0.0
6573418082,DP0005,55.0,32.5,0.0
6573418083,DP0043,50.0,21.5,0.0
6573418084,DP0041,50.0,51.5,1.0
6573418085,DP0039,40.0,18.8,0.0
6573418086,DP0003,50.0,26.9,0.0
6573418087,DP0041,50.0,19.1,0.0
6573418088,DP0041,50.0,40.6,0.0
6573418089,DP0041,85.0,59.3,0.0
6573418090,DP0010,55.0,69.7,1.0
6573418091,DP0003,65.0,72.7,1.0
6573418092,DP0049,50.0,34.2,0.0
6573418093,DP0017,65.0,50.0,0.0
6573418094,DP0040,55.0,35.0,0.0
6573418095,DP0041,45.0,13.1,0.0
6573418096,DP0041,40.0,24.2,0.0
6573418097,DP0007,55.0,46.3,0.0
6573418098,DP0041,40.0,25.2,0.0
6573418099,DP0041,55.0,30.3,0.0
6573418100,DP0048,50.0,45.6,0.0
6573418101,DP0041,50.0,22.4,0.0
6573418102,DP0002,45.0,21.7,0.0
6573418103,DP0041,85.0,62.5,0.0
6573418104,DP0043,65.0,53.3,0.0
6573418105,DP0043,50.0,14.7,0.0
6573418106,DP0041,50.0,28.2,0.0
6573418107,DP0041,40.0,19.6,0.0
6573418108,DP0043,65.0,49.9,0.0
6573418109,DP0028,55.0,44.3,0.0
6573418110,DP0044,50.0,38.3,0.0
6573418111,DP0024,50.0,35.9,0.0
6573418112,DP0041,55.0,33.2,0.0
6573418113,DP0043,65.0,58.2,0.0
6573418114,DP0008,50.0,25.7,0.0
6573418115,DP0003,55.0,49.5,0.0
6573418116,DP0015,40.0,29.6,0.0
6573418117,DP0006,50.0,44.2,0.0
6573418118,DP0041,40.0,23.3,0.0
6573418119,DP0008,40.0,26.4,0.0
6573418120,DP0044,50.0,42.5,0.0
6573418121,DP0041,40.0,43.1,1.0
6573418122,DP0044,45.0,29.3,0.0
6573418123,DP0041,50.0,54.0,1.0
6573418124,DP0026,50.0,24.0,0.0
6573418125,DP0042,55.0,44.3,0.0
6573418126,DP0011,55.0,34.6,0.0
6573418127,DP0001,40.0,29.1,0.0
6573418128,DP0041,50.0,45.3,0.0
6573418129,DP0041,70.0,51.8,0.0
6573418130,DP0041,50.0,22.6,0.0
6573418131,DP0007,55.0,44.9,0.0
6573418132,DP0041,50.0,38.9,0.0
6573418133,DP0043,50.0,23.4,0.0
6573418134,DP0041,45.0,26.4,0.0
6573418135,DP0024,40.0,42.0,1.0
6573418136,DP0039,55.0,46.1,0.0
6573418137,DP0023,70.0,35.1,0.0
6573418138,DP0041,70.0,48.3,0.0
6573418139,DP0015,65.0,37.5,0.0
6573418140,DP0041,50.0,41.7,0.0
6573418141,DP0041,55.0,36.0,0.0
6573418142,DP0047,50.0,27.8,0.0
6573418143,DP0008,45.0,23.2,0.0
6573418144,DP0041,50.0,27.7,0.0
6573418145,DP0010,40.0,25.6,0.0
6573418146,DP0034,40.0,26.8,0.0
6573418147,DP0019,55.0,42.5,0.0
6573418148,DP0041,65.0,44.5,0.0
6573418149,DP0038,55.0,41.3,0.0
6573418150,DP0021,50.0,41.4,0.0
6573418151,DP0019,55.0,33.5,0.0
6573418152,DP0045,40.0,28.1,0.0
6573418153,DP0041,45.0,32.6,0.0
6573418154,DP0043,40.0,30.2,0.0
6573418155,DP0002,45.0,28.5,0.0
6573418156,DP0031,40.0,26.2,0.0
6573418157,DP0041,55.0,61.4,1.0
6573418158,DP0005,50.0,30.3,0.0
6573418159,DP0005,50.0,26.6,0.0
6573418160,DP0038,50.0,42.0,0.0
6573418161,DP0033,50.0,39.2,0.0
6573418162,DP0043,40.0,20.8,0.0
6573418163,,,,
6573418164,DP0043,40.0,19.6,0.0
6573418165,DP0043,55.0,48.3,0.0
6573418166,DP0041,50.0,50.3,1.0
6573418167,DP0047,45.0,23.9,0.0
6573418168,DP0005,40.0,26.4,0.0
6573418169,DP0041,75.0,86.1,1.0
6573418170,DP0041,55.0,33.0,0.0
6573418171,DP0041,40.0,30.6,0.0
6573418172,DP0043,75.0,68.8,0.0
6573418173,DP0041,40.0,19.2,0.0
6573418174,DP0041,55.0,36.4,0.0
6573418175,DP0039,50.0,32.0,0.0
6573418176,DP0041,55.0,49.4,0.0
6573418177,DP0041,65.0,38.5,0.0
6573418178,DP0041,55.0,49.7,0.0
6573418179,DP0047,55.0,48.8,0.0
6573418180,DP0041,45.0,33.6,0.0
6573418181,DP0041,50.0,31.4,0.0
6573418182,DP0009,85.0,51.7,0.0
6573418183,DP0048,45.0,60.5,1.0
6573418184,DP0019,40.0,26.0,0.0
6573418185,DP0041,40.0,28.2,0.0
6573418186,DP0043,85.0,60.0,0.0
6573418187,DP0041,55.0,31.4,0.0
6573418188,DP0038,65.0,40.2,0.0
6573418189,DP0041,45.0,38.7,0.0
6573418190,DP0043,45.0,20.9,0.0
6573418191,,,,
6573418192,DP0041,45.0,43.5,0.0
6573418193,DP0018,50.0,37.2,0.0
6573418194,DP0005,50.0,82.0,1.0
6573418195,DP0038,50.0,38.0,0.0
6573418196,DP0043,50.0,32.9,0.0
6573418197,DP0013,45.0,33.9,0.0
6573418198,DP0041,45.0,26.0,0.0
6573418199,DP0041,65.0,45.8,0.0
6573418200,DP0009,60.0,39.9,0.0
6573418201,DP0027,50.0,36.0,0.0
6573418202,DP0041,50.0,30.2,0.0
6573418203,DP0041,40.0,23.0,0.0
6573418204,DP0041,45.0,24.6,0.0
6573418205,DP0041,40.0,42.8,1.0
6573418206,DP0036,45.0,31.1,0.0
6573418207,DP0005,50.0,27.7,0.0
6573418208,DP0028,50.0,48.6,0.0
6573418209,DP0029,55.0,27.5,0.0
6573418210,DP0019,40.0,31.1,0.0
6573418211,DP0019,50.0,46.4,0.0
6573418212,DP0016,40.0,19.0,0.0
6573418213,DP0041,40.0,29.6,0.0
6573418214,DP0026,50.0,46.6,0.0
6573418215,DP0041,40.0,24.5,0.0
6573418216,DP0041,65.0,49.8,0.0
6573418217,DP0043,50.0,34.8,0.0
6573418218,DP0041,55.0,30.9,0.0
6573418219,DP0041,65.0,48.4,0.0
6573418220,DP0041,50.0,35.0,0.0
6573418221,DP0041,65.0,64.8,0.0
6573418222,DP0043,40.0,44.6,1.0
6573418223,DP0015,75.0,45.6,0.0
6573418224,DP0005,55.0,29.8,0.0
6573418225,DP0041,40.0,39.7,0.0
6573418226,DP0020,50.0,30.3,0.0
6573418227,DP0041,50.0,61.1,1.0
6573418228,DP0038,60.0,46.6,0.0
6573418229,DP0041,40.0,21.7,0.0
6573418230,DP0030,50.0,35.2,0.0
6573418231,DP0043,45.0,22.4,0.0
6573418232,DP0041,50.0,30.7,0.0
6573418233,DP0002,55.0,39.5,0.0
6573418234,DP0041,45.0,30.7,0.0
6573418235,DP0015,40.0,26.2,0.0
6573418236,DP0041,40.0,30.5,0.0
6573418237,DP0043,65.0,41.6,0.0
6573418238,DP0041,60.0,36.2,0.0
6573418239,DP0021,50.0,49.6,0.0
6573418240,DP0041,50.0,51.7,1.0
6573418241,DP0041,65.0,77.3,1.0
6573418242,DP0019,45.0,23.6,0.0
6573418243,DP0041,45.0,33.6,0.0
6573418244,DP0041,50.0,38.2,0.0
6573418245,DP0041,50.0,34.9,0.0
6573418246,DP0041,45.0,59.5,1.0
6573418247,DP0005,65.0,58.1,0.0
6573418248,DP0041,40.0,22.2,0.0
6573418249,DP0041,60.0,48.3,0.0
6573418250,DP0043,60.0,43.6,0.0
6573418251,DP0043,45.0,24.8,0.0
6573418252,DP0019,40.0,29.0,0.0
6573418253,DP0041,55.0,33.5,0.0
6573418254,DP0041,60.0,52.4,0.0
6573418255,DP0043,65.0,52.0,0.0
6573418256,DP0043,45.0,37.5,0.0
6573418257,DP0048,45.0,56.1,1.0
6573418258,DP0041,50.0,36.8,0.0
6573418259,DP0002,50.0,41.1,0.0
6573418260,DP0044,45.0,52.9,1.0
6573418261,DP0041,55.0,46.1,0.0
6573418262,DP0043,55.0,46.7,0.0
6573418263,DP0048,70.0,80.9,1.0
6573418264,DP0021,50.0,26.7,0.0
6573418265,DP0043,50.0,26.1,0.0
6573418266,DP0025,55.0,78.1,1.0
6573418267,DP0041,55.0,38.7,0.0
6573418268,DP0039,55.0,36.5,0.0
6573418269,DP0018,40.0,31.9,0.0
6573418270,,,,
6573418271,DP0041,40.0,36.2,0.0
6573418272,DP0028,50.0,38.7,0.0
6573418273,DP0041,50.0,43.4,0.0
6573418274,DP0021,45.0,21.2,0.0
6573418275,DP0041,50.0,50.7,1.0
6573418276,DP0012,50.0,66.2,1.0
6573418277,DP0006,40.0,14.9,0.0
6573418278,DP0041,40.0,32.9,0.0
6573418279,DP0049,65.0,50.5,0.0
6573418280,DP0041,40.0,22.6,0.0
6573418281,DP0043,40.0,17.8,0.0
6573418282,DP0043,50.0,56.4,1.0
6573418283,DP0013,50.0,45.2,0.0
6573418284,DP0041,50.0,58.1,1.0
6573418285,DP0019,55.0,30.6,0.0
6573418286,DP0041,55.0,38.1,0.0
6573418287,DP0005,55.0,45.4,0.0
6573418288,DP0009,40.0,38.7,0.0
6573418289,DP0015,55.0,41.2,0.0
6573418290,DP0006,40.0,22.3,0.0
6573418291,DP0041,50.0,22.8,0.0
6573418292,DP0043,40.0,24.4,0.0
6573418293,DP0028,40.0,27.5,0.0
6573418294,DP0027,50.0,27.9,0.0
6573418295,DP0041,40.0,25.5,0.0
6573418296,DP0006,45.0,45.1,1.0
6573418297,DP0006,65.0,31.4,0.0
6573418298,DP0041,55.0,22.1,0.0
6573418299,DP0043,50.0,40.0,0.0
6573418300,DP0041,60.0,29.3,0.0
6573418301,DP0043,50.0,33.4,0.0
6573418302,DP0033,40.0,27.0,0.0
6573418303,DP0021,75.0,53.9,0.0
6573418304,DP0043,65.0,40.6,0.0
6573418305,DP0034,50.0,46.8,0.0
6573418306,DP0041,45.0,26.4,0.0
6573418307,DP0041,40.0,35.4,0.0
6573418308,DP0041,40.0,34.7,0.0
6573418309,DP0005,80.0,53.9,0.0
6573418310,DP0041,60.0,33.1,0.0
6573418311,DP0028,55.0,33.5,0.0
6573418312,DP0019,50.0,29.9,0.0
6573418313,DP0041,55.0,56.8,1.0
6573418314,DP0041,50.0,41.4,0.0
6573418315,DP0006,50.0,30.6,0.0
6573418316,DP0021,50.0,26.2,0.0
6573418317,DP0036,55.0,46.9,0.0
6573418318,DP0041,55.0,33.8,0.0
6573418319,DP0041,45.0,28.6,0.0
6573418320,DP0010,40.0,21.8,0.0
6573418321,DP0047,40.0,17.6,0.0
6573418322,DP0040,45.0,38.3,0.0
6573418323,DP0033,50.0,34.2,0.0
6573418324,DP0047,55.0,32.6,0.0
6573418325,DP0041,40.0,30.9,0.0
6573418326,DP0043,50.0,51.6,1.0
6573418327,DP0023,50.0,39.8,0.0
6573418328,DP0006,55.0,36.6,0.0
6573418329,DP0015,75.0,49.8,0.0
6573418330,DP0041,50.0,36.8,0.0
6573418331,DP0046,45.0,59.6,1.0
6573418332,DP0043,65.0,52.7,0.0
6573418333,DP0029,65.0,52.8,0.0
6573418334,DP0038,50.0,45.6,0.0
6573418335,DP0049,50.0,27.3,0.0
6573418336,DP0043,55.0,48.3,0.0
6573418337,DP0043,55.0,28.5,0.0
6573418338,DP0041,55.0,37.2,0.0
6573418339,DP0002,65.0,43.7,0.0
6573418340,DP0009,60.0,49.3,0.0
6573418341,DP0044,50.0,38.5,0.0
6573418342,DP0033,50.0,33.6,0.0
6573418343,DP0041,45.0,44.4,0.0
6573418344,DP0039,50.0,18.2,0.0
6573418345,DP0043,55.0,39.7,0.0
6573418346,DP0015,50.0,46.8,0.0
6573418347,DP0041,45.0,26.9,0.0
6573418348,DP0050,40.0,75.0,1.0
6573418349,DP0025,55.0,30.8,0.0
6573418350,DP0041,60.0,44.7,0.0
6573418351,DP0041,50.0,60.2,1.0
6573418352,DP0043,50.0,42.6,0.0
6573418353,DP0002,45.0,36.8,0.0
6573418354,DP0046,45.0,58.1,1.0
6573418355,DP0008,65.0,95.2,1.0
6573418356,DP0041,40.0,45.6,1.0
6573418357,DP0023,40.0,21.0,0.0
6573418358,DP0041,40.0,30.9,0.0
6573418359,DP0041,65.0,55.1,0.0
6573418360,DP0041,55.0,35.7,0.0
6573418361,DP0002,55.0,39.8,0.0
6573418362,DP0008,55.0,64.5,1.0
6573418363,DP0048,45.0,34.1,0.0
6573418364,DP0043,50.0,40.6,0.0
6573418365,DP0043,55.0,41.0,0.0
6573418366,DP0019,45.0,29.8,0.0
6573418367,DP0041,50.0,37.0,0.0
6573418368,DP0041,60.0,41.4,0.0
6573418369,DP0021,40.0,25.3,0.0
6573418370,DP0021,45.0,29.2,0.0
6573418371,DP0039,60.0,43.2,0.0
6573418372,DP0041,45.0,11.3,0.0
6573418373,DP0030,50.0,22.9,0.0
6573418374,DP0008,45.0,42.3,0.0
6573418375,DP0041,70.0,44.6,0.0
6573418376,DP0041,45.0,34.4,0.0
6573418377,DP0043,40.0,31.6,0.0
6573418378,DP0036,45.0,29.2,0.0
6573418379,DP0041,50.0,23.4,0.0
6573418380,DP0041,55.0,39.9,0.0
6573418381,DP0015,45.0,28.0,0.0
6573418382,DP0001,50.0,38.1,0.0
6573418383,DP0043,90.0,72.1,0.0
6573418384,DP0038,60.0,38.3,0.0
6573418385,DP0041,55.0,32.8,0.0
6573418386,DP0005,45.0,26.5,0.0
6573418387,DP0037,50.0,37.4,0.0
6573418388,DP0041,50.0,46.6,0.0
6573418389,DP0043,50.0,32.3,0.0
6573418390,DP0005,50.0,32.3,0.0
6573418391,DP0019,55.0,34.4,0.0
6573418392,DP0043,50.0,27.8,0.0
6573418393,DP0020,45.0,39.9,0.0
6573418394,DP0041,65.0,68.9,1.0
6573418395,DP0029,65.0,30.3,0.0
6573418396,DP0041,55.0,31.9,0.0
6573418397,DP0019,50.0,38.8,0.0
6573418398,DP0041,65.0,61.3,0.0
6573418399,DP0008,40.0,31.9,0.0
6573418400,DP0041,55.0,51.8,0.0
6573418401,DP0041,45.0,38.6,0.0
6573418402,DP0041,60.0,41.0,0.0
6573418403,DP0041,45.0,30.5,0.0
6573418404,DP0043,65.0,41.1,0.0
6573418405,DP0015,55.0,51.1,0.0
6573418406,DP0038,45.0,34.3,0.0
6573418407,DP0041,55.0,35.4,0.0
6573418408,DP0043,40.0,59.1,1.0
6573418409,DP0041,40.0,22.7,0.0
6573418410,DP0030,40.0,32.9,0.0
6573418411,DP0047,45.0,24.4,0.0
6573418412,DP0049,45.0,41.5,0.0
6573418413,DP0005,45.0,37.1,0.0
6573418414,DP0041,50.0,31.5,0.0
6573418415,DP0041,45.0,41.1,0.0
6573418416,DP0041,55.0,36.4,0.0
6573418417,DP0043,55.0,44.4,0.0
6573418418,,,,
6573418419,DP0041,65.0,46.5,0.0
6573418420,DP0041,60.0,38.0,0.0
6573418421,DP0007,40.0,18.6,0.0
6573418422,DP0014,55.0,33.6,0.0
6573418423,DP0048,50.0,54.5,1.0
6573418424,DP0028,55.0,38.5,0.0
6573418425,DP0047,55.0,69.0,1.0
6573418426,DP0014,40.0,22.9,0.0
6573418427,DP0012,40.0,42.9,1.0
6573418428,DP0012,55.0,39.5,0.0
6573418429,DP0019,45.0,30.5,0.0
6573418430,DP0050,50.0,65.6,1.0
6573418431,DP0041,40.0,33.8,0.0
6573418432,DP0041,55.0,44.2,0.0
6573418433,DP0041,50.0,35.6,0.0
6573418434,DP0041,40.0,24.0,0.0
6573418435,DP0043,50.0,47.5,0.0
6573418436,DP0041,55.0,41.4,0.0
6573418437,DP0002,50.0,33.3,0.0
6573418438,DP0009,55.0,35.8,0.0
6573418439,DP0033,90.0,63.8,0.0
6573418440,DP0030,40.0,27.4,0.0
6573418441,DP0040,45.0,23.3,0.0
6573418442,DP0036,55.0,32.2,0.0
6573418443,DP0041,45.0,24.8,0.0
6573418444,DP0049,50.0,56.4,1.0
6573418445,DP0041,55.0,47.3,0.0
6573418446,DP0015,45.0,27.3,0.0
6573418447,DP0008,55.0,45.8,0.0
6573418448,DP0019,65.0,55.4,0.0
6573418449,DP0047,60.0,39.6,0.0
6573418450,DP0041,55.0,33.9,0.0
6573418451,DP0005,65.0,35.7,0.0
6573418452,DP0034,55.0,41.5,0.0
6573418453,DP0008,55.0,55.8,1.0
6573418454,DP0015,45.0,53.4,1.0
6573418455,DP0041,90.0,60.1,0.0
6573418456,DP0049,55.0,47.9,0.0
6573418457,DP0041,65.0,30.0,0.0
6573418458,DP0019,60.0,62.2,1.0
6573418459,DP0008,40.0,21.7,0.0
6573418460,DP0041,55.0,40.8,0.0
6573418461,DP0015,55.0,57.8,1.0
6573418462,DP0041,40.0,23.8,0.0
6573418463,DP0041,80.0,80.0,1.0
6573418464,DP0031,55.0,50.0,0.0
6573418465,DP0041,40.0,16.7,0.0
6573418466,DP0012,55.0,49.3,0.0
6573418467,DP0041,55.0,48.0,0.0
6573418468,DP0041,40.0,38.7,0.0
6573418469,DP0041,50.0,37.9,0.0
6573418470,DP0041,40.0,22.4,0.0
6573418471,DP0031,65.0,43.4,0.0
6573418472,DP0041,60.0,38.3,0.0
6573418473,DP0005,55.0,49.8,0.0
6573418474,DP0041,40.0,22.8,0.0
6573418475,DP0043,45.0,27.8,0.0
6573418476,DP0001,50.0,30.6,0.0
6573418477,DP0041,40.0,38.3,0.0
6573418478,DP0021,50.0,31.9,0.0
6573418479,DP0015,55.0,37.1,0.0
6573418480,DP0005,50.0,31.3,0.0
6573418481,,,,
6573418482,DP0041,50.0,39.5,0.0
6573418483,DP0041,50.0,30.5,0.0
6573418484,DP0005,55.0,32.6,0.0
6573418485,DP0018,55.0,32.4,0.0
6573418486,DP0041,65.0,45.2,0.0
6573418487,DP0041,50.0,26.0,0.0
6573418488,DP0041,45.0,23.9,0.0
6573418489,DP0005,50.0,44.0,0.0
6573418490,DP0015,45.0,25.4,0.0
6573418491,DP0002,50.0,37.8,0.0
6573418492,DP0035,55.0,50.7,0.0
6573418493,DP0028,55.0,30.3,0.0
6573418494,DP0041,65.0,66.6,1.0
6573418495,DP0003,60.0,55.3,0.0
6573418496,DP0023,95.0,72.4,0.0
6573418497,DP0041,40.0,23.1,0.0
6573418498,DP0041,55.0,43.3,0.0
6573418499,DP0026,55.0,39.1,0.0
6573418500,DP0041,40.0,23.2,0.0
6573418501,DP0047,80.0,44.3,0.0
6573418502,DP0041,65.0,44.6,0.0
6573418503,DP0007,45.0,24.6,0.0
6573418504,DP0003,50.0,50.8,1.0
6573418505,DP0043,45.0,26.2,0.0
6573418506,DP0005,55.0,37.9,0.0
6573418507,DP0038,45.0,22.6,0.0
6573418508,DP0008,55.0,40.2,0.0
6573418509,,,,
6573418510,DP0011,45.0,41.2,0.0
6573418511,DP0034,55.0,35.6,0.0
6573418512,DP0008,50.0,74.4,1.0
6573418513,DP0048,50.0,42.3,0.0
6573418514,DP0019,50.0,51.2,1.0
6573418515,DP0041,55.0,51.8,0.0
6573418516,DP0041,45.0,35.9,0.0
6573418517,DP0027,45.0,20.6,0.0
6573418518,DP0041,50.0,21.2,0.0
6573418519,DP0038,40.0,21.1,0.0
6573418520,DP0019,50.0,33.4,0.0
6573418521,DP0007,45.0,23.0,0.0
6573418522,DP0005,40.0,26.5,0.0
6573418523,DP0028,90.0,73.6,0.0
6573418524,DP0032,55.0,41.5,0.0
6573418525,DP0015,50.0,31.8,0.0
6573418526,DP0019,65.0,42.3,0.0
6573418527,DP0025,60.0,43.7,0.0
6573418528,DP0034,40.0,37.1,0.0
6573418529,DP0034,45.0,40.3,0.0
6573418530,DP0043,40.0,22.7,0.0
6573418531,DP0012,65.0,65.3,1.0
6573418532,DP0043,55.0,47.4,0.0
6573418533,DP0031,40.0,32.7,0.0
6573418534,DP0013,45.0,27.9,0.0
6573418535,DP0026,40.0,21.9,0.0
6573418536,DP0021,70.0,45.5,0.0
6573418537,DP0043,40.0,19.7,0.0
6573418538,DP0026,50.0,38.6,0.0
6573418539,DP0042,55.0,71.7,1.0
6573418540,DP0015,55.0,55.5,1.0
6573418541,DP0036,70.0,65.2,0.0
6573418542,DP0008,50.0,24.7,0.0
6573418543,DP0016,55.0,43.3,0.0
6573418544,DP0005,40.0,42.2,1.0
6573418545,DP0011,45.0,32.1,0.0
6573418546,DP0005,40.0,29.0,0.0
6573418547,DP0019,50.0,28.3,0.0
6573418548,DP0008,85.0,68.3,0.0
6573418549,DP0021,50.0,34.6,0.0
6573418550,DP0041,55.0,34.6,0.0
6573418551,DP0041,45.0,49.8,1.0
6573418552,DP0044,50.0,25.5,0.0
6573418553,DP0011,40.0,21.7,0.0
6573418554,DP0009,70.0,52.5,0.0
6573418555,DP0019,40.0,35.8,0.0
6573418556,DP0024,40.0,21.2,0.0
6573418557,DP0012,40.0,17.4,0.0
6573418558,DP0041,55.0,33.6,0.0
6573418559,DP0022,40.0,31.1,0.0
6573418560,DP0041,65.0,49.6,0.0
6573418561,DP0041,60.0,48.2,0.0
6573418562,DP0043,50.0,27.1,0.0
6573418563,DP0041,50.0,23.9,0.0
6573418564,DP0043,60.0,37.7,0.0
6573418565,DP0026,40.0,39.5,0.0
6573418566,DP0008,65.0,52.6,0.0
6573418567,DP0041,65.0,47.7,0.0
6573418568,DP0005,40.0,27.1,0.0
6573418569,DP0041,50.0,25.7,0.0
6573418570,DP0027,70.0,48.8,0.0
6573418571,DP0005,45.0,30.3,0.0
6573418572,DP0037,50.0,54.6,1.0
6573418573,DP0026,55.0,43.0,0.0
6573418574,DP0041,50.0,34.6,0.0
6573418575,DP0041,55.0,48.3,0.0
6573418576,DP0043,45.0,25.4,0.0
6573418577,DP0041,55.0,37.6,0.0
6573418578,DP0041,75.0,50.9,0.0
6573418579,DP0008,55.0,76.9,1.0
6573418580,DP0005,55.0,40.1,0.0
6573418581,DP0016,50.0,29.3,0.0
6573418582,,,,
6573418583,DP0005,40.0,49.0,1.0
6573418584,DP0041,50.0,23.0,0.0
6573418585,DP0015,55.0,35.8,0.0
6573418586,DP0047,55.0,61.8,1.0
6573418587,DP0005,60.0,43.5,0.0
6573418588,DP0047,40.0,25.7,0.0
6573418589,DP0008,45.0,35.0,0.0
6573418590,DP0041,45.0,29.2,0.0
6573418591,DP0041,50.0,27.7,0.0
6573418592,DP0041,50.0,36.0,0.0
6573418593,DP0041,60.0,78.5,1.0
6573418594,DP0038,55.0,38.7,0.0
6573418595,DP0008,40.0,25.7,0.0
6573418596,DP0041,50.0,32.5,0.0
6573418597,DP0041,40.0,30.3,0.0
6573418598,DP0041,55.0,41.2,0.0
6573418599,DP0019,45.0,29.6,0.0
6573418600,DP0026,50.0,31.9,0.0
6573418601,DP0041,40.0,22.4,0.0
6573418602,DP0041,50.0,57.1,1.0
6573418603,DP0041,55.0,42.2,0.0
6573418604,DP0023,45.0,31.5,0.0
6573418605,DP0041,45.0,40.1,0.0
6573418606,DP0005,50.0,48.6,0.0
6573418607,DP0041,75.0,53.3,0.0
6573418608,DP0034,55.0,34.4,0.0
6573418609,DP0002,50.0,55.8,1.0
6573418610,DP0041,40.0,25.0,0.0
6573418611,DP0041,50.0,41.0,0.0
6573418612,DP0041,40.0,25.5,0.0
6573418613,DP0027,50.0,29.1,0.0
6573418614,DP0019,55.0,43.4,0.0
6573418615,DP0008,55.0,39.6,0.0
6573418616,DP0033,50.0,30.7,0.0
6573418617,DP0041,55.0,35.6,0.0
6573418618,DP0006,45.0,46.5,1.0
6573418619,DP0019,55.0,37.4,0.0
6573418620,DP0041,60.0,49.7,0.0
6573418621,DP0041,40.0,22.8,0.0
6573418622,DP0014,55.0,35.6,0.0
6573418623,DP0021,40.0,29.8,0.0
6573418624,DP0041,55.0,54.8,0.0
6573418625,DP0046,40.0,50.5,1.0
6573418626,DP0008,50.0,32.0,0.0
6573418627,DP0041,40.0,25.0,0.0
6573418628,DP0041,45.0,23.3,0.0
6573418629,DP0041,65.0,50.2,0.0
6573418630,DP0019,60.0,45.2,0.0
6573418631,DP0041,55.0,43.7,0.0
6573418632,DP0008,40.0,42.7,1.0
6573418633,DP0041,75.0,47.2,0.0
6573418634,DP0041,50.0,37.8,0.0
6573418635,DP0041,55.0,37.3,0.0
6573418636,DP0041,40.0,17.1,0.0
6573418637,DP0041,40.0,65.3,1.0
6573418638,DP0044,55.0,55.0,1.0
6573418639,DP0041,40.0,32.1,0.0
6573418640,DP0005,50.0,26.7,0.0
6573418641,DP0026,85.0,48.3,0.0
6573418642,DP0033,45.0,27.2,0.0
6573418643,DP0005,40.0,26.0,0.0
6573418644,DP0028,55.0,33.4,0.0
6573418645,DP0041,55.0,33.4,0.0
6573418646,DP0041,45.0,31.1,0.0
6573418647,DP0008,40.0,20.0,0.0
6573418648,DP0041,40.0,30.8,0.0
6573418649,DP0008,50.0,36.1,0.0
6573418650,DP0032,55.0,39.1,0.0
6573418651,DP0034,40.0,43.1,1.0
6573418652,DP0041,65.0,50.0,0.0
6573418653,DP0005,40.0,31.0,0.0
6573418654,DP0019,55.0,30.2,0.0
6573418655,DP0019,40.0,20.5,0.0
6573418656,DP0005,50.0,52.9,1.0
6573418657,DP0003,50.0,45.0,0.0
6573418658,DP0041,40.0,19.6,0.0
6573418659,DP0041,50.0,39.8,0.0
6573418660,DP0039,40.0,40.4,1.0
6573418661,DP0005,70.0,54.3,0.0
6573418662,DP0041,40.0,38.6,0.0
6573418663,DP0023,55.0,36.4,0.0
6573418664,DP0041,90.0,62.1,0.0
6573418665,DP0041,40.0,26.2,0.0
6573418666,DP0005,60.0,46.6,0.0
6573418667,DP0041,55.0,35.2,0.0
6573418668,DP0005,40.0,25.2,0.0
6573418669,DP0019,40.0,33.5,0.0
6573418670,DP0041,50.0,52.2,1.0
6573418671,DP0028,45.0,31.7,0.0
6573418672,DP0041,40.0,33.4,0.0
6573418673,DP0041,40.0,39.0,0.0
6573418674,DP0008,65.0,40.1,0.0
6573418675,DP0041,55.0,39.4,0.0
6573418676,DP0009,50.0,27.5,0.0
6573418677,DP0015,45.0,30.2,0.0
6573418678,DP0009,55.0,52.3,0.0
6573418679,DP0041,50.0,40.1,0.0
6573418680,DP0005,45.0,30.2,0.0
6573418681,DP0041,45.0,33.9,0.0
6573418682,DP0009,60.0,37.2,0.0
6573418683,DP0026,50.0,25.2,0.0
6573418684,DP0041,65.0,60.3,0.0
6573418685,DP0044,50.0,36.3,0.0
6573418686,DP0044,55.0,34.6,0.0
6573418687,DP0041,40.0,25.5,0.0
6573418688,DP0041,40.0,27.3,0.0
6573418689,DP0002,50.0,59.2,1.0
6573418690,DP0041,50.0,34.4,0.0
6573418691,DP0041,45.0,16.4,0.0
6573418692,DP0041,40.0,20.8,0.0
6573418693,DP0038,45.0,42.0,0.0
6573418694,DP0033,55.0,46.6,0.0
6573418695,DP0041,85.0,59.5,0.0
6573418696,DP0009,50.0,52.1,1.0
6573418697,DP0050,50.0,43.1,0.0
6573418698,DP0041,55.0,38.8,0.0
6573418699,DP0043,45.0,34.5,0.0
6573418700,DP0041,40.0,21.7,0.0
6573418701,DP0013,40.0,34.7,0.0
6573418702,DP0008,50.0,56.6,1.0
6573418703,DP0041,40.0,37.1,0.0
6573418704,DP0041,45.0,26.7,0.0
6573418705,DP0043,65.0,39.5,0.0
6573418706,DP0041,60.0,49.4,0.0
6573418707,DP0021,55.0,41.0,0.0
6573418708,DP0041,40.0,31.0,0.0
6573418709,DP0029,40.0,29.2,0.0
6573418710,DP0041,50.0,28.1,0.0
6573418711,DP0019,40.0,22.0,0.0
6573418712,DP0041,50.0,62.3,1.0
6573418713,DP0043,50.0,31.8,0.0
6573418714,DP0041,50.0,39.3,0.0
6573418715,DP0041,45.0,28.9,0.0
6573418716,DP0043,60.0,38.6,0.0
6573418717,DP0041,45.0,23.4,0.0
6573418718,DP0041,45.0,26.1,0.0
6573418719,DP0041,50.0,40.7,0.0
6573418720,DP0041,55.0,37.9,0.0
6573418721,DP0041,40.0,24.0,0.0
6573418722,DP0028,55.0,83.6,1.0
6573418723,DP0041,40.0,19.2,0.0
6573418724,DP0019,50.0,38.2,0.0
6573418725,DP0016,45.0,41.3,0.0
6573418726,DP0041,50.0,25.1,0.0
6573418727,DP0041,50.0,26.9,0.0
6573418728,DP0008,40.0,55.2,1.0
6573418729,DP0041,45.0,43.2,0.0
6573418730,DP0042,50.0,19.2,0.0
6573418731,DP0039,50.0,24.9,0.0
6573418732,DP0043,60.0,38.0,0.0
6573418733,DP0019,50.0,18.5,0.0
6573418734,DP0043,40.0,27.2,0.0
6573418735,DP0041,50.0,48.4,0.0
6573418736,DP0043,55.0,40.0,0.0
6573418737,DP0041,45.0,22.8,0.0
6573418738,DP0041,55.0,37.1,0.0
6573418739,DP0049,40.0,39.5,0.0
6573418740,DP0012,40.0,38.4,0.0
6573418741,DP0041,40.0,70.5,1.0
6573418742,DP0008,45.0,21.5,0.0
6573418743,DP0018,55.0,50.3,0.0
6573418744,DP0039,40.0,40.1,1.0
6573418745,DP0015,40.0,37.2,0.0
6573418746,DP0002,40.0,30.7,0.0
6573418747,DP0005,50.0,27.9,0.0
6573418748,DP0002,50.0,26.9,0.0
6573418749,DP0041,55.0,36.3,0.0
6573418750,DP0009,55.0,35.1,0.0
6573418751,DP0041,65.0,48.6,0.0
6573418752,DP0043,80.0,56.4,0.0
6573418753,DP0043,55.0,35.6,0.0
6573418754,DP0015,50.0,40.5,0.0
6573418755,DP0041,40.0,30.7,0.0
6573418756,DP0041,40.0,32.9,0.0
6573418757,DP0015,55.0,29.4,0.0
6573418758,DP0003,65.0,45.6,0.0
6573418759,DP0008,50.0,38.0,0.0
6573418760,DP0037,50.0,60.7,1.0
6573418761,DP0038,50.0,22.0,0.0
6573418762,DP0033,40.0,20.3,0.0
6573418763,DP0003,45.0,20.5,0.0
6573418764,DP0041,50.0,28.7,0.0
6573418765,DP0041,50.0,29.4,0.0
6573418766,DP0041,40.0,25.0,0.0
6573418767,DP0041,65.0,46.6,0.0
6573418768,DP0041,65.0,51.0,0.0
6573418769,DP0019,60.0,42.1,0.0
6573418770,DP0043,45.0,22.1,0.0
6573418771,DP0041,45.0,37.3,0.0
6573418772,DP0050,55.0,58.5,1.0
6573418773,DP0041,45.0,21.4,0.0
6573418774,DP0041,45.0,28.6,0.0
6573418775,DP0041,65.0,55.0,0.0
6573418776,DP0033,50.0,33.9,0.0
6573418777,DP0041,50.0,34.6,0.0
6573418778,,,,
6573418779,DP0041,40.0,35.4,0.0
6573418780,DP0043,50.0,35.5,0.0
6573418781,DP0041,40.0,27.8,0.0
6573418782,DP0015,55.0,51.0,0.0
6573418783,DP0008,75.0,65.7,0.0
6573418784,DP0017,60.0,33.4,0.0
6573418785,DP0043,40.0,21.2,0.0
6573418786,DP0019,55.0,40.3,0.0
6573418787,DP0041,85.0,54.9,0.0
6573418788,DP0041,45.0,19.7,0.0
6573418789,DP0043,45.0,35.3,0.0
6573418790,DP0043,55.0,45.3,0.0
6573418791,DP0041,50.0,34.3,0.0
6573418792,DP0043,45.0,44.8,0.0
6573418793,DP0044,50.0,35.5,0.0
6573418794,DP0034,55.0,28.1,0.0
6573418795,DP0043,50.0,31.5,0.0
6573418796,DP0009,45.0,42.5,0.0
6573418797,DP0021,40.0,28.2,0.0
6573418798,DP0039,65.0,71.5,1.0
6573418799,DP0041,55.0,37.4,0.0
6573418800,DP0030,55.0,29.0,0.0
6573418801,DP0047,50.0,40.5,0.0
6573418802,DP0008,55.0,47.2,0.0
6573418803,DP0043,45.0,47.0,1.0
6573418804,DP0041,55.0,33.3,0.0
6573418805,DP0041,40.0,24.4,0.0
6573418806,DP0041,60.0,48.8,0.0
6573418807,DP0003,60.0,41.8,0.0
6573418808,DP0041,55.0,40.6,0.0
6573418809,,,,
6573418810,DP0044,55.0,36.6,0.0
6573418811,DP0041,40.0,26.5,0.0
6573418812,DP0043,70.0,52.0,0.0
6573418813,DP0041,65.0,49.4,0.0
6573418814,DP0041,65.0,50.3,0.0
6573418815,DP0011,50.0,31.4,0.0
6573418816,DP0041,50.0,37.4,0.0
6573418817,DP0041,40.0,24.7,0.0
6573418818,DP0041,45.0,27.4,0.0
6573418819,DP0037,45.0,32.9,0.0
6573418820,DP0003,40.0,31.6,0.0
6573418821,DP0046,40.0,31.2,0.0
6573418822,DP0005,60.0,39.4,0.0
6573418823,DP0041,50.0,50.0,0.0
6573418824,DP0043,55.0,51.5,0.0
6573418825,DP0008,45.0,25.1,0.0
6573418826,DP0019,55.0,36.4,0.0
6573418827,DP0043,60.0,42.5,0.0
6573418828,DP0034,45.0,47.0,1.0
6573418829,DP0005,55.0,45.9,0.0
6573418830,DP0050,45.0,44.7,0.0
6573418831,DP0038,50.0,31.5,0.0
6573418832,DP0043,50.0,37.1,0.0
6573418833,DP0041,50.0,28.8,0.0
6573418834,DP0046,45.0,45.4,1.0
6573418835,DP0041,40.0,34.7,0.0
6573418836,DP0041,55.0,36.5,0.0
6573418837,DP0019,40.0,20.8,0.0
6573418838,DP0017,55.0,37.2,0.0
6573418839,DP0015,55.0,39.8,0.0
6573418840,DP0005,55.0,45.2,0.0
6573418841,DP0041,45.0,44.8,0.0
6573418842,DP0019,55.0,34.7,0.0
6573418843,DP0041,45.0,47.9,1.0
6573418844,DP0041,45.0,18.0,0.0
6573418845,DP0043,40.0,29.7,0.0
6573418846,DP0028,45.0,42.2,0.0
6573418847,DP0047,55.0,40.2,0.0
6573418848,DP0041,45.0,31.2,0.0
6573418849,DP0002,75.0,49.6,0.0
6573418850,DP0043,50.0,23.7,0.0
6573418851,DP0041,55.0,42.3,0.0
6573418852,DP0033,50.0,16.0,0.0
6573418853,DP0050,55.0,51.9,0.0
6573418854,DP0015,40.0,28.3,0.0
6573418855,DP0041,50.0,34.9,0.0
6573418856,DP0041,45.0,30.5,0.0
6573418857,DP0041,55.0,56.7,1.0
6573418858,DP0034,50.0,28.1,0.0
6573418859,DP0043,50.0,27.8,0.0
6573418860,DP0008,65.0,56.8,0.0
6573418861,DP0041,50.0,35.8,0.0
6573418862,DP0043,65.0,42.3,0.0
6573418863,DP0005,50.0,28.1,0.0
6573418864,DP0023,50.0,41.3,0.0
6573418865,DP0008,65.0,35.3,0.0
6573418866,DP0041,50.0,30.5,0.0
6573418867,DP0019,55.0,36.3,0.0
6573418868,DP0008,90.0,65.4,0.0
6573418869,DP0039,45.0,29.8,0.0
6573418870,DP0043,65.0,56.2,0.0
6573418871,DP0005,50.0,41.1,0.0
6573418872,DP0048,65.0,81.9,1.0
6573418873,DP0041,55.0,38.3,0.0
6573418874,DP0007,65.0,59.6,0.0
6573418875,DP0003,65.0,53.2,0.0
6573418876,DP0006,50.0,29.9,0.0
6573418877,DP0022,55.0,47.3,0.0
6573418878,DP0015,65.0,53.3,0.0
6573418879,DP0043,45.0,21.3,0.0
6573418880,DP0043,45.0,25.9,0.0
6573418881,DP0043,55.0,35.3,0.0
6573418882,DP0008,50.0,25.0,0.0
6573418883,DP0006,50.0,25.3,0.0
6573418884,DP0019,40.0,33.0,0.0
6573418885,DP0043,55.0,43.0,0.0
6573418886,DP0026,85.0,61.3,0.0
6573418887,,,,
6573418888,DP0037,50.0,34.9,0.0
6573418889,DP0043,45.0,21.0,0.0
6573418890,DP0015,60.0,57.0,0.0
6573418891,DP0032,40.0,29.4,0.0
6573418892,DP0041,40.0,23.1,0.0
6573418893,DP0007,45.0,48.7,1.0
6573418894,DP0041,60.0,52.9,0.0
6573418895,DP0044,55.0,35.4,0.0
6573418896,DP0041,45.0,22.8,0.0
6573418897,DP0041,40.0,32.5,0.0
6573418898,DP0043,50.0,62.6,1.0
6573418899,DP0019,40.0,14.4,0.0
6573418900,DP0029,40.0,20.8,0.0
6573418901,DP0041,45.0,34.5,0.0
6573418902,DP0041,40.0,47.9,1.0
6573418903,DP0008,55.0,49.1,0.0
6573418904,DP0005,50.0,41.6,0.0
6573418905,DP0006,60.0,37.6,0.0
6573418906,DP0041,40.0,21.9,0.0
6573418907,DP0005,55.0,37.7,0.0
6573418908,DP0006,40.0,8.2,0.0
6573418909,DP0044,50.0,32.8,0.0
6573418910,DP0041,40.0,49.7,1.0
6573418911,DP0028,75.0,39.9,0.0
6573418912,DP0019,40.0,32.2,0.0
6573418913,DP0029,40.0,26.7,0.0
6573418914,DP0012,45.0,24.0,0.0
6573418915,DP0041,40.0,42.4,1.0
6573418916,DP0041,55.0,44.6,0.0
6573418917,DP0039,40.0,20.9,0.0
6573418918,DP0008,60.0,44.9,0.0
6573418919,DP0004,50.0,41.5,0.0
6573418920,DP0043,55.0,37.9,0.0
6573418921,DP0009,50.0,25.6,0.0
6573418922,DP0041,55.0,52.6,0.0
6573418923,DP0050,45.0,42.8,0.0
6573418924,DP0041,40.0,15.7,0.0
6573418925,DP0018,55.0,34.9,0.0
6573418926,DP0043,60.0,47.4,0.0
6573418927,DP0041,50.0,39.2,0.0
6573418928,DP0008,55.0,69.6,1.0
6573418929,DP0041,60.0,41.6,0.0
6573418930,DP0034,40.0,20.1,0.0
6573418931,DP0005,55.0,50.5,0.0
6573418932,DP0019,50.0,48.0,0.0
6573418933,DP0005,55.0,29.4,0.0
6573418934,DP0041,40.0,48.0,1.0
6573418935,DP0023,40.0,24.7,0.0
6573418936,DP0041,55.0,41.8,0.0
6573418937,DP0008,45.0,21.2,0.0
6573418938,DP0002,60.0,36.8,0.0
6573418939,DP0041,50.0,37.8,0.0
6573418940,DP0019,50.0,29.0,0.0
6573418941,DP0041,65.0,54.5,0.0
6573418942,DP0041,55.0,29.1,0.0
6573418943,DP0041,50.0,30.3,0.0
6573418944,DP0014,40.0,31.2,0.0
6573418945,DP0041,55.0,50.2,0.0
6573418946,DP0013,50.0,40.0,0.0
6573418947,DP0037,55.0,38.5,0.0
6573418948,DP0041,50.0,39.5,0.0
6573418949,DP0002,65.0,65.0,0.0
6573418950,DP0007,50.0,33.7,0.0
6573418951,DP0041,65.0,75.7,1.0
6573418952,DP0041,50.0,43.6,0.0
6573418953,DP0048,65.0,59.5,0.0
6573418954,DP0041,45.0,39.1,0.0
6573418955,DP0039,45.0,30.1,0.0
6573418956,DP0041,55.0,39.8,0.0
6573418957,DP0041,65.0,34.7,0.0
6573418958,DP0020,60.0,72.7,1.0
6573418959,DP0041,50.0,31.9,0.0
6573418960,DP0041,55.0,50.9,0.0
6573418961,DP0046,75.0,50.5,0.0
6573418962,DP0043,70.0,46.7,0.0
6573418963,DP0026,40.0,26.0,0.0
6573418964,DP0041,40.0,22.5,0.0
6573418965,DP0015,85.0,62.5,0.0
6573418966,DP0041,40.0,26.1,0.0
6573418967,DP0015,65.0,45.1,0.0
6573418968,DP0041,50.0,34.1,0.0
6573418969,DP0003,50.0,24.4,0.0
6573418970,DP0041,50.0,34.3,0.0
6573418971,DP0028,40.0,29.0,0.0
6573418972,DP0041,50.0,26.1,0.0
6573418973,DP0041,65.0,25.3,0.0
6573418974,DP0041,45.0,39.8,0.0
6573418975,DP0041,45.0,36.3,0.0
6573418976,DP0041,55.0,49.1,0.0
6573418977,DP0041,45.0,30.0,0.0
6573418978,DP0017,50.0,38.2,0.0
6573418979,DP0041,60.0,37.8,0.0
6573418980,DP0041,45.0,28.4,0.0
6573418981,DP0041,50.0,27.5,0.0
6573418982,DP0041,50.0,28.2,0.0
6573418983,,,,
6573418984,DP0041,65.0,53.6,0.0
6573418985,DP0041,65.0,50.9,0.0
6573418986,DP0041,55.0,37.2,0.0
6573418987,DP0019,55.0,45.4,0.0
6573418988,DP0026,45.0,30.4,0.0
6573418989,DP0005,40.0,24.2,0.0
6573418990,DP0041,45.0,27.1,0.0
6573418991,DP0024,50.0,26.3,0.0
6573418992,DP0041,45.0,33.0,0.0
6573418993,DP0015,45.0,17.9,0.0
6573418994,DP0028,55.0,36.8,0.0
6573418995,DP0041,50.0,33.9,0.0
6573418996,DP0041,55.0,71.3,1.0
6573418997,DP0043,45.0,28.4,0.0
6573418998,DP0041,50.0,32.5,0.0
6573418999,DP0041,40.0,46.1,1.0
6573419000,DP0012,45.0,20.9,0.0
6573419001,DP0030,55.0,27.7,0.0
6573419002,DP0043,40.0,19.4,0.0
6573419003,DP0037,55.0,39.3,0.0
6573419004,DP0041,45.0,36.9,0.0
6573419005,DP0023,50.0,44.4,0.0
6573419006,DP0041,40.0,31.9,0.0
6573419007,DP0038,50.0,36.2,0.0
6573419008,DP0005,40.0,28.4,0.0
6573419009,DP0041,45.0,25.2,0.0
6573419010,DP0028,50.0,55.1,1.0
6573419011,DP0028,40.0,24.0,0.0
6573419012,DP0041,40.0,40.2,1.0
6573419013,DP0041,50.0,50.5,1.0
6573419014,DP0012,50.0,36.3,0.0
6573419015,DP0041,55.0,46.3,0.0
6573419016,DP0006,40.0,25.0,0.0
6573419017,DP0019,55.0,39.8,0.0
6573419018,DP0041,55.0,39.6,0.0
6573419019,DP0019,60.0,32.6,0.0
6573419020,DP0049,40.0,22.5,0.0
6573419021,DP0041,50.0,21.6,0.0
6573419022,DP0035,45.0,29.7,0.0
6573419023,DP0041,55.0,44.2,0.0
6573419024,DP0041,40.0,27.6,0.0
6573419025,DP0041,55.0,37.4,0.0
6573419026,DP0041,55.0,32.4,0.0
6573419027,DP0019,50.0,27.1,0.0
6573419028,DP0005,65.0,45.7,0.0
6573419029,DP0034,50.0,28.0,0.0
6573419030,DP0048,55.0,61.2,1.0
6573419031,DP0021,50.0,44.1,0.0
6573419032,DP0041,60.0,39.7,0.0
6573419033,DP0019,55.0,41.4,0.0
6573419034,DP0041,40.0,29.3,0.0
6573419035,DP0049,60.0,45.4,0.0
6573419036,DP0024,40.0,30.4,0.0
6573419037,DP0033,55.0,42.1,0.0
6573419038,DP0041,55.0,42.3,0.0
6573419039,DP0043,40.0,27.9,0.0
6573419040,DP0041,55.0,37.6,0.0
6573419041,DP0019,55.0,58.0,1.0
6573419042,DP0041,65.0,41.5,0.0
6573419043,DP0008,55.0,38.4,0.0
6573419044,DP0003,55.0,30.3,0.0
6573419045,DP0041,55.0,36.6,0.0
6573419046,DP0041,40.0,30.3,0.0
6573419047,DP0041,50.0,63.5,1.0
6573419048,DP0048,90.0,85.5,0.0
6573419049,DP0033,50.0,47.0,0.0
6573419050,DP0041,45.0,24.6,0.0
6573419051,DP0041,40.0,48.1,1.0
6573419052,DP0041,50.0,30.0,0.0
6573419053,DP0041,55.0,20.6,0.0
6573419054,DP0021,45.0,26.2,0.0
6573419055,DP0041,65.0,43.7,0.0
6573419056,DP0048,75.0,87.2,1.0
6573419057,DP0015,55.0,38.2,0.0
6573419058,DP0048,55.0,39.6,0.0
6573419059,DP0028,45.0,42.1,0.0
6573419060,DP0041,40.0,18.5,0.0
6573419061,DP0021,60.0,47.5,0.0
6573419062,DP0041,50.0,37.9,0.0
6573419063,DP0039,45.0,19.0,0.0
6573419064,DP0036,50.0,36.8,0.0
6573419065,DP0041,40.0,31.9,0.0
6573419066,DP0018,55.0,37.2,0.0
6573419067,DP0008,55.0,56.5,1.0
6573419068,DP0018,50.0,30.8,0.0
6573419069,DP0041,50.0,34.6,0.0
6573419070,DP0043,50.0,33.1,0.0
6573419071,DP0043,45.0,43.6,0.0
6573419072,DP0026,55.0,33.0,0.0
6573419073,,,,
6573419074,DP0041,45.0,21.5,0.0
6573419075,DP0005,50.0,32.9,0.0
6573419076,DP0041,45.0,27.3,0.0
6573419077,DP0043,40.0,25.3,0.0
6573419078,DP0041,40.0,29.2,0.0
6573419079,DP0041,50.0,45.7,0.0
6573419080,DP0043,50.0,32.1,0.0
6573419081,DP0041,50.0,38.3,0.0
6573419082,DP0041,50.0,32.8,0.0
6573419083,DP0041,50.0,39.6,0.0
6573419084,DP0041,45.0,40.3,0.0
6573419085,DP0041,50.0,48.0,0.0
6573419086,DP0039,40.0,33.5,0.0
6573419087,DP0041,45.0,39.3,0.0
6573419088,DP0039,70.0,44.4,0.0
6573419089,DP0043,40.0,27.8,0.0
6573419090,DP0041,50.0,23.3,0.0
6573419091,DP0028,50.0,39.1,0.0
6573419092,DP0043,45.0,28.1,0.0
6573419093,DP0020,50.0,38.2,0.0
6573419094,DP0035,50.0,37.5,0.0
6573419095,DP0041,45.0,39.0,0.0
6573419096,DP0040,50.0,33.8,0.0
6573419097,DP0035,40.0,28.8,0.0
6573419098,DP0019,40.0,20.8,0.0
6573419099,DP0041,60.0,37.0,0.0
6573419100,DP0005,55.0,47.9,0.0
6573419101,DP0041,40.0,37.8,0.0
6573419102,DP0008,50.0,27.3,0.0
6573419103,DP0043,50.0,32.1,0.0
6573419104,DP0050,45.0,56.9,1.0
6573419105,DP0033,45.0,26.1,0.0
6573419106,DP0039,60.0,57.3,0.0
6573419107,DP0050,40.0,29.7,0.0
6573419108,DP0050,40.0,39.6,0.0
6573419109,DP0034,40.0,19.3,0.0
6573419110,DP0041,45.0,31.9,0.0
6573419111,DP0019,65.0,65.8,1.0
6573419112,DP0006,45.0,34.6,0.0
6573419113,DP0005,55.0,43.5,0.0
6573419114,DP0026,55.0,26.7,0.0
6573419115,DP0041,45.0,30.0,0.0
6573419116,DP0041,50.0,40.0,0.0
6573419117,DP0008,50.0,45.3,0.0
6573419118,DP0041,45.0,36.8,0.0
6573419119,DP0043,40.0,32.4,0.0
6573419120,DP0041,45.0,64.5,1.0
6573419121,DP0041,40.0,22.1,0.0
6573419122,DP0040,50.0,47.2,0.0
6573419123,DP0005,65.0,41.1,0.0
6573419124,DP0018,45.0,25.8,0.0
6573419125,DP0005,55.0,40.7,0.0
6573419126,DP0039,55.0,55.6,1.0
6573419127,DP0019,40.0,47.3,1.0
6573419128,DP0020,55.0,52.0,0.0
6573419129,DP0041,55.0,33.5,0.0
6573419130,DP0041,40.0,21.1,0.0
6573419131,DP0041,55.0,36.5,0.0
6573419132,DP0005,60.0,41.4,0.0
6573419133,DP0041,50.0,35.0,0.0
6573419134,DP0002,50.0,48.7,0.0
6573419135,DP0041,40.0,27.2,0.0
6573419136,DP0015,50.0,39.5,0.0
6573419137,DP0041,65.0,64.2,0.0
6573419138,DP0041,40.0,21.0,0.0
6573419139,DP0041,55.0,40.8,0.0
6573419140,DP0041,50.0,33.2,0.0
6573419141,DP0041,45.0,39.1,0.0
6573419142,DP0041,45.0,42.5,0.0
6573419143,DP0019,55.0,32.7,0.0
6573419144,DP0047,50.0,37.7,0.0
6573419145,DP0041,50.0,46.5,0.0
6573419146,DP0015,50.0,34.5,0.0
6573419147,DP0041,40.0,31.8,0.0
6573419148,DP0041,40.0,23.8,0.0
6573419149,DP0039,60.0,46.3,0.0
6573419150,DP0005,65.0,34.2,0.0
6573419151,DP0041,40.0,21.3,0.0
6573419152,DP0041,45.0,22.4,0.0
6573419153,DP0043,50.0,38.0,0.0
6573419154,DP0041,50.0,80.0,1.0
6573419155,DP0041,55.0,48.3,0.0
6573419156,DP0041,55.0,30.5,0.0
6573419157,DP0041,45.0,32.1,0.0
6573419158,DP0002,40.0,38.2,0.0
6573419159,DP0027,60.0,38.5,0.0
6573419160,DP0020,55.0,37.9,0.0
6573419161,DP0041,50.0,51.9,1.0
6573419162,DP0041,40.0,22.3,0.0
6573419163,DP0048,45.0,60.2,1.0
6573419164,DP0031,45.0,22.2,0.0
6573419165,DP0043,40.0,24.3,0.0
6573419166,DP0004,55.0,46.8,0.0
6573419167,DP0014,45.0,27.6,0.0
6573419168,DP0005,55.0,42.9,0.0
6573419169,DP0028,40.0,40.9,1.0
6573419170,DP0041,55.0,42.0,0.0
6573419171,DP0021,55.0,50.7,0.0
6573419172,DP0006,55.0,40.6,0.0
6573419173,DP0041,50.0,37.5,0.0
6573419174,DP0038,55.0,45.6,0.0
6573419175,DP0041,50.0,40.9,0.0
6573419176,DP0008,65.0,51.8,0.0
6573419177,DP0041,65.0,48.6,0.0
6573419178,DP0012,45.0,32.7,0.0
6573419179,DP0041,40.0,25.0,0.0
6573419180,DP0041,40.0,32.5,0.0
6573419181,DP0002,55.0,40.0,0.0
6573419182,DP0008,40.0,22.4,0.0
6573419183,DP0048,55.0,48.9,0.0
6573419184,DP0005,50.0,59.2,1.0
6573419185,DP0041,75.0,64.6,0.0
6573419186,DP0012,50.0,46.2,0.0
6573419187,DP0010,80.0,55.5,0.0
6573419188,DP0041,60.0,42.8,0.0
6573419189,DP0041,40.0,28.6,0.0
6573419190,DP0026,50.0,42.0,0.0
6573419191,DP0035,40.0,25.2,0.0
6573419192,DP0041,40.0,32.6,0.0
6573419193,DP0009,40.0,24.5,0.0
6573419194,DP0028,50.0,24.0,0.0
6573419195,DP0020,50.0,43.3,0.0
6573419196,DP0041,45.0,25.9,0.0
6573419197,DP0028,55.0,46.2,0.0
6573419198,DP0041,50.0,38.1,0.0
6573419199,DP0048,50.0,47.5,0.0
6573419200,DP0034,55.0,63.8,1.0
6573419201,DP0005,40.0,28.9,0.0
6573419202,DP0019,60.0,51.2,0.0
6573419203,DP0041,55.0,47.8,0.0
6573419204,DP0001,70.0,42.0,0.0
6573419205,DP0039,55.0,39.5,0.0
6573419206,DP0041,50.0,27.3,0.0
6573419207,DP0041,40.0,40.7,1.0
6573419208,DP0043,50.0,49.7,0.0
6573419209,DP0034,50.0,31.0,0.0
6573419210,DP0041,40.0,22.0,0.0
6573419211,DP0029,50.0,21.4,0.0
6573419212,DP0043,55.0,35.2,0.0
6573419213,DP0010,55.0,56.4,1.0
6573419214,DP0041,45.0,25.2,0.0
6573419215,DP0007,55.0,40.7,0.0
6573419216,DP0019,50.0,34.3,0.0
6573419217,DP0041,55.0,42.5,0.0
6573419218,DP0015,50.0,32.4,0.0
6573419219,DP0015,40.0,17.4,0.0
6573419220,DP0010,55.0,30.8,0.0
6573419221,DP0004,50.0,53.8,1.0
6573419222,DP0041,50.0,35.1,0.0
6573419223,DP0041,50.0,41.3,0.0
6573419224,DP0041,55.0,36.6,0.0
6573419225,DP0041,50.0,35.7,0.0
6573419226,DP0041,65.0,52.6,0.0
6573419227,DP0041,55.0,42.0,0.0
6573419228,DP0038,55.0,34.2,0.0
6573419229,DP0041,40.0,17.9,0.0
6573419230,DP0041,50.0,27.9,0.0
6573419231,DP0043,50.0,46.6,0.0
6573419232,DP0041,50.0,46.8,0.0
6573419233,DP0041,50.0,43.5,0.0
6573419234,DP0049,50.0,37.9,0.0
6573419235,,,,
6573419236,DP0041,55.0,40.6,0.0
6573419237,DP0041,40.0,29.7,0.0
6573419238,DP0041,45.0,32.0,0.0
6573419239,DP0041,40.0,27.2,0.0
6573419240,DP0048,50.0,53.0,1.0
6573419241,DP0043,55.0,54.7,0.0
6573419242,DP0041,45.0,51.2,1.0
6573419243,DP0033,65.0,48.8,0.0
6573419244,DP0005,40.0,19.7,0.0
6573419245,DP0034,50.0,28.5,0.0
6573419246,DP0041,50.0,28.3,0.0
6573419247,DP0032,55.0,37.4,0.0
6573419248,DP0041,40.0,31.3,0.0
6573419249,DP0013,65.0,47.4,0.0
6573419250,DP0041,40.0,32.2,0.0
6573419251,DP0041,40.0,31.8,0.0
6573419252,DP0024,45.0,28.4,0.0
6573419253,DP0005,45.0,29.2,0.0
6573419254,DP0041,40.0,22.0,0.0
6573419255,DP0019,50.0,29.6,0.0
6573419256,DP0012,50.0,16.1,0.0
6573419257,DP0041,50.0,44.1,0.0
6573419258,DP0002,45.0,23.2,0.0
6573419259,DP0041,50.0,49.6,0.0
6573419260,DP0033,40.0,25.4,0.0
6573419261,DP0041,45.0,14.8,0.0
6573419262,DP0041,50.0,43.0,0.0
6573419263,DP0041,45.0,17.5,0.0
6573419264,DP0041,55.0,40.5,0.0
6573419265,DP0015,55.0,41.7,0.0
6573419266,DP0008,60.0,52.0,0.0
6573419267,DP0041,45.0,29.6,0.0
6573419268,DP0004,40.0,45.0,1.0
6573419269,DP0041,45.0,26.8,0.0
6573419270,DP0005,65.0,47.5,0.0
6573419271,DP0041,40.0,32.9,0.0
6573419272,DP0041,50.0,44.6,0.0
6573419273,DP0015,45.0,31.5,0.0
6573419274,DP0021,55.0,39.2,0.0
6573419275,DP0019,55.0,40.8,0.0
6573419276,DP0041,50.0,29.9,0.0
6573419277,DP0033,50.0,22.1,0.0
6573419278,DP0041,55.0,84.0,1.0
6573419279,DP0033,50.0,43.4,0.0
6573419280,DP0033,80.0,52.8,0.0
6573419281,DP0041,40.0,25.8,0.0
6573419282,DP0041,60.0,56.0,0.0
6573419283,DP0027,60.0,47.5,0.0
6573419284,DP0033,55.0,43.0,0.0
6573419285,DP0047,50.0,29.7,0.0
6573419286,DP0041,55.0,41.8,0.0
6573419287,DP0014,50.0,28.1,0.0
6573419288,DP0041,80.0,52.4,0.0
6573419289,DP0003,45.0,34.0,0.0
6573419290,DP0008,45.0,25.2,0.0
6573419291,DP0028,55.0,33.8,0.0
6573419292,DP0041,55.0,33.3,0.0
6573419293,DP0041,55.0,75.0,1.0
6573419294,DP0041,55.0,45.5,0.0
6573419295,DP0015,40.0,28.6,0.0
6573419296,DP0043,50.0,31.8,0.0
6573419297,DP0041,55.0,33.7,0.0
6573419298,DP0041,55.0,43.4,0.0
6573419299,DP0047,50.0,31.1,0.0
6573419300,DP0041,45.0,35.9,0.0
6573419301,DP0027,55.0,35.9,0.0
6573419302,DP0041,50.0,40.9,0.0
6573419303,DP0041,50.0,43.1,0.0
6573419304,DP0043,55.0,42.5,0.0
6573419305,DP0041,55.0,31.3,0.0
6573419306,DP0041,55.0,41.0,0.0
6573419307,DP0028,50.0,40.5,0.0
6573419308,DP0019,45.0,27.5,0.0
6573419309,DP0041,45.0,35.3,0.0
6573419310,DP0003,40.0,43.6,1.0
6573419311,DP0041,55.0,63.1,1.0
6573419312,DP0049,50.0,32.8,0.0
6573419313,DP0041,50.0,28.2,0.0
6573419314,DP0043,40.0,38.1,0.0
6573419315,DP0007,50.0,40.8,0.0
6573419316,DP0048,50.0,102.5,1.0
6573419317,DP0041,55.0,37.1,0.0
6573419318,DP0043,65.0,49.4,0.0
6573419319,DP0012,40.0,34.3,0.0
6573419320,DP0041,50.0,54.2,1.0
6573419321,DP0050,65.0,66.1,1.0
6573419322,DP0005,40.0,21.4,0.0
6573419323,DP0041,40.0,24.8,0.0
6573419324,DP0006,45.0,29.3,0.0
6573419325,DP0043,40.0,18.2,0.0
6573419326,DP0041,40.0,19.7,0.0
6573419327,DP0048,40.0,43.6,1.0
6573419328,DP0041,75.0,85.1,1.0
6573419329,DP0016,65.0,46.3,0.0
6573419330,DP0041,50.0,19.0,0.0
6573419331,DP0006,45.0,30.2,0.0
6573419332,DP0041,40.0,21.3,0.0
6573419333,DP0005,40.0,47.7,1.0
6573419334,DP0043,45.0,40.1,0.0
6573419335,DP0005,50.0,49.4,0.0
6573419336,DP0041,50.0,30.6,0.0
6573419337,DP0008,70.0,62.4,0.0
6573419338,DP0008,40.0,28.9,0.0
6573419339,DP0043,45.0,34.4,0.0
6573419340,DP0019,45.0,30.3,0.0
6573419341,DP0009,60.0,40.7,0.0
6573419342,DP0049,40.0,21.6,0.0
6573419343,DP0008,55.0,39.2,0.0
6573419344,DP0041,55.0,30.9,0.0
6573419345,DP0010,40.0,47.3,1.0
6573419346,DP0032,50.0,30.5,0.0
6573419347,DP0041,60.0,58.7,0.0
6573419348,DP0041,55.0,37.5,0.0
6573419349,DP0041,45.0,35.1,0.0
6573419350,DP0014,40.0,24.8,0.0
6573419351,DP0005,50.0,39.8,0.0
6573419352,DP0049,40.0,33.6,0.0
6573419353,DP0041,50.0,33.6,0.0
6573419354,DP0021,85.0,71.7,0.0
6573419355,DP0041,50.0,32.8,0.0
6573419356,DP0041,55.0,38.1,0.0
6573419357,DP0041,55.0,32.5,0.0
6573419358,DP0043,55.0,37.3,0.0
6573419359,DP0041,50.0,28.1,0.0
6573419360,DP0050,55.0,48.4,0.0
6573419361,DP0041,45.0,27.8,0.0
6573419362,DP0005,50.0,36.3,0.0
6573419363,DP0008,40.0,29.3,0.0
6573419364,DP0041,45.0,31.7,0.0
6573419365,DP0041,50.0,32.0,0.0
6573419366,DP0013,40.0,41.8,1.0
6573419367,DP0028,55.0,36.8,0.0
6573419368,DP0015,45.0,27.3,0.0
6573419369,DP0041,65.0,48.9,0.0
6573419370,DP0041,55.0,30.8,0.0
6573419371,DP0041,50.0,29.9,0.0
6573419372,DP0027,50.0,37.7,0.0
6573419373,DP0019,55.0,34.7,0.0
6573419374,DP0019,55.0,40.0,0.0
6573419375,DP0014,40.0,39.6,0.0
6573419376,DP0049,50.0,50.9,1.0
6573419377,DP0005,50.0,28.9,0.0
6573419378,DP0041,55.0,50.8,0.0
6573419379,DP0047,45.0,44.3,0.0
6573419380,DP0043,55.0,33.9,0.0
6573419381,DP0041,50.0,49.8,0.0
6573419382,DP0038,50.0,36.3,0.0
6573419383,DP0003,50.0,44.7,0.0
6573419384,DP0041,40.0,20.9,0.0
6573419385,DP0041,55.0,43.0,0.0
6573419386,DP0041,40.0,22.6,0.0
6573419387,DP0044,55.0,63.8,1.0
6573419388,DP0041,55.0,61.9,1.0
6573419389,DP0043,90.0,90.0,0.0
6573419390,DP0041,70.0,65.9,0.0
6573419391,DP0041,45.0,28.3,0.0
6573419392,DP0021,55.0,54.5,0.0
6573419393,DP0019,60.0,43.7,0.0
6573419394,DP0029,50.0,26.3,0.0
6573419395,DP0007,50.0,39.0,0.0
6573419396,DP0027,55.0,49.0,0.0
6573419397,DP0043,50.0,29.5,0.0
6573419398,DP0021,50.0,32.8,0.0
6573419399,DP0041,55.0,27.2,0.0
6573419400,DP0022,40.0,20.8,0.0
6573419401,DP0008,55.0,66.1,1.0
6573419402,DP0041,40.0,21.4,0.0
6573419403,DP0041,50.0,30.5,0.0
6573419404,DP0041,85.0,62.8,0.0
6573419405,DP0015,40.0,46.5,1.0
6573419406,DP0041,55.0,38.4,0.0
6573419407,DP0049,65.0,54.8,0.0
6573419408,DP0041,50.0,29.6,0.0
6573419409,DP0049,45.0,35.1,0.0
6573419410,DP0023,50.0,56.2,1.0
6573419411,DP0043,50.0,29.8,0.0
6573419412,DP0041,50.0,41.9,0.0
6573419413,DP0046,45.0,41.9,0.0
6573419414,DP0049,65.0,44.0,0.0
6573419415,DP0041,50.0,24.9,0.0
6573419416,DP0041,45.0,28.0,0.0
6573419417,DP0047,55.0,42.5,0.0
6573419418,DP0041,50.0,32.2,0.0
6573419419,DP0008,50.0,28.1,0.0
6573419420,DP0041,40.0,15.9,0.0
6573419421,DP0014,45.0,30.2,0.0
6573419422,DP0041,55.0,41.3,0.0
6573419423,DP0041,55.0,41.3,0.0
6573419424,DP0041,50.0,47.0,0.0
6573419425,DP0014,60.0,48.1,0.0
6573419426,DP0041,50.0,46.6,0.0
6573419427,DP0043,45.0,28.5,0.0
6573419428,DP0022,55.0,25.2,0.0
6573419429,DP0050,45.0,77.4,1.0
6573419430,DP0008,50.0,27.4,0.0
6573419431,DP0041,50.0,34.6,0.0
6573419432,DP0041,40.0,16.1,0.0
6573419433,DP0048,40.0,35.8,0.0
6573419434,DP0043,50.0,39.5,0.0
6573419435,DP0041,50.0,44.7,0.0
6573419436,DP0018,50.0,29.7,0.0
6573419437,DP0019,55.0,47.2,0.0
6573419438,DP0018,45.0,38.4,0.0
6573419439,DP0008,45.0,36.5,0.0
6573419440,DP0019,55.0,41.2,0.0
6573419441,DP0043,40.0,25.0,0.0
6573419442,DP0041,50.0,39.2,0.0
6573419443,DP0005,55.0,34.5,0.0
6573419444,DP0040,50.0,35.3,0.0
6573419445,DP0030,45.0,25.9,0.0
6573419446,DP0041,45.0,31.0,0.0
6573419447,,,,
6573419448,DP0005,50.0,32.0,0.0
6573419449,DP0041,55.0,36.7,0.0
6573419450,DP0015,45.0,30.1,0.0
6573419451,DP0027,45.0,25.6,0.0
6573419452,DP0041,50.0,27.3,0.0
6573419453,DP0041,65.0,53.5,0.0
6573419454,DP0019,60.0,42.5,0.0
6573419455,DP0034,55.0,30.9,0.0
6573419456,DP0005,45.0,29.8,0.0
6573419457,DP0041,50.0,26.7,0.0
6573419458,DP0039,75.0,49.8,0.0
6573419459,DP0015,50.0,37.2,0.0
6573419460,DP0012,75.0,55.6,0.0
6573419461,DP0006,55.0,52.4,0.0
6573419462,DP0041,45.0,25.7,0.0
6573419463,DP0041,50.0,36.4,0.0
6573419464,DP0043,50.0,36.5,0.0
6573419465,DP0016,40.0,24.1,0.0
6573419466,DP0015,45.0,26.0,0.0
6573419467,DP0041,85.0,59.6,0.0
6573419468,DP0043,50.0,35.1,0.0
6573419469,DP0005,60.0,37.2,0.0
6573419470,DP0038,75.0,51.6,0.0
6573419471,DP0041,50.0,30.1,0.0
6573419472,DP0041,50.0,37.2,0.0
6573419473,DP0041,50.0,25.6,0.0
6573419474,DP0044,45.0,44.7,0.0
6573419475,DP0041,50.0,25.0,0.0
6573419476,DP0041,50.0,38.1,0.0
6573419477,DP0009,45.0,29.5,0.0
6573419478,DP0041,40.0,20.5,0.0
6573419479,DP0005,55.0,40.3,0.0
6573419480,DP0019,40.0,25.5,0.0
6573419481,DP0004,60.0,51.6,0.0
6573419482,DP0043,50.0,36.0,0.0
6573419483,DP0008,50.0,24.2,0.0
6573419484,DP0041,40.0,48.9,1.0
6573419485,DP0049,45.0,28.2,0.0
6573419486,DP0015,55.0,40.2,0.0
6573419487,DP0008,60.0,39.0,0.0
6573419488,DP0005,55.0,50.9,0.0
6573419489,DP0041,75.0,46.8,0.0
6573419490,DP0041,40.0,26.0,0.0
6573419491,DP0005,40.0,34.1,0.0
6573419492,DP0041,50.0,28.7,0.0
6573419493,DP0041,40.0,30.8,0.0
